{
  "total_experiments": 9,
  "parameter_grid": {
    "learning_rates": [
      0.001,
      0.01,
      0.1
    ],
    "weight_decays": [
      0.0001,
      0.001,
      0.01
    ]
  },
  "successful_experiments": 0,
  "success_rate": 0.0,
  "best_accuracy": {
    "accuracy": 0.7009384036064148,
    "learning_rate": 0.001,
    "weight_decay": 0.0001,
    "val_loss": null,
    "test_precision": 0.7016427516937256,
    "test_recall": 0.7009384036064148,
    "test_f1_score": 0.700659453868866,
    "test_roc_auc": 0.7710442543029785
  }
}