{
  "total_experiments": 9,
  "parameter_grid": {
    "learning_rates": [
      0.001,
      0.01,
      0.1
    ],
    "weight_decays": [
      0.0001,
      0.001,
      0.01
    ]
  },
  "successful_experiments": 0,
  "success_rate": 0.0,
  "best_accuracy": {
    "accuracy": 0.6834965348243713,
    "learning_rate": 0.01,
    "weight_decay": 0.0001,
    "val_loss": null,
    "test_precision": 0.6839204430580139,
    "test_recall": 0.6834965348243713,
    "test_f1_score": 0.6824084520339966,
    "test_roc_auc": 0.7469347715377808
  }
}