========================================================================
Multi-GPU Training Test (2x H100)
========================================================================
Job ID: 14669
Node: smallslurm-a38msp-0
Date: Wed Nov 12 15:49:39 UTC 2025
GPUs Requested: 2
========================================================================
Hermit environment /home/aminmohamadi_squareup_com/projects activated
Available GPUs:
GPU 0: NVIDIA H100 80GB HBM3 (UUID: GPU-ad1de790-2739-9261-ed11-427725d9325a)
GPU 1: NVIDIA H100 80GB HBM3 (UUID: GPU-2f63759e-98aa-05be-d059-07e52cf3e54d)

Wed Nov 12 15:49:40 2025       
+-----------------------------------------------------------------------------------------+
| NVIDIA-SMI 550.90.12              Driver Version: 550.90.12      CUDA Version: 12.4     |
|-----------------------------------------+------------------------+----------------------+
| GPU  Name                 Persistence-M | Bus-Id          Disp.A | Volatile Uncorr. ECC |
| Fan  Temp   Perf          Pwr:Usage/Cap |           Memory-Usage | GPU-Util  Compute M. |
|                                         |                        |               MIG M. |
|=========================================+========================+======================|
|   0  NVIDIA H100 80GB HBM3          On  |   00000000:0C:00.0 Off |                    0 |
| N/A   30C    P0             70W /  700W |       1MiB /  81559MiB |      0%      Default |
|                                         |                        |             Disabled |
+-----------------------------------------+------------------------+----------------------+
|   1  NVIDIA H100 80GB HBM3          On  |   00000000:8C:00.0 Off |                    0 |
| N/A   35C    P0            116W /  700W |       1MiB /  81559MiB |      0%      Default |
|                                         |                        |             Disabled |
+-----------------------------------------+------------------------+----------------------+
                                                                                         
+-----------------------------------------------------------------------------------------+
| Processes:                                                                              |
|  GPU   GI   CI        PID   Type   Process name                              GPU Memory |
|        ID   ID                                                               Usage      |
|=========================================================================================|
|  No running processes found                                                             |
+-----------------------------------------------------------------------------------------+

========================================================================
SLURM Environment:
========================================================================
SLURM_GPUS: 2
SLURM_JOB_GPUS: 3,7
SLURM_STEP_GPUS: 
SLURM_GPUS_ON_NODE: 2
========================================================================

========================================================================
Starting 2-GPU T-JEPA training (10 epochs, no linear probe)...
========================================================================
W1112 15:49:44.356000 27265 torch/distributed/run.py:803] 
W1112 15:49:44.356000 27265 torch/distributed/run.py:803] *****************************************
W1112 15:49:44.356000 27265 torch/distributed/run.py:803] Setting OMP_NUM_THREADS environment variable for each process to be 1 in default, to avoid your system being overloaded, please further tune the variable for optimal performance in your application as needed. 
W1112 15:49:44.356000 27265 torch/distributed/run.py:803] *****************************************
[idr_torch] rank=0 local_rank=0 size=2 | MASTER_ADDR=smallslurm-a38msp-0.c.sq-cash-ml-slurm-prod.internal MASTER_PORT=34781
[idr_torch] rank=1 local_rank=1 size=2 | MASTER_ADDR=smallslurm-a38msp-0.c.sq-cash-ml-slurm-prod.internal MASTER_PORT=34781
2025/11/12 15:50:02 INFO mlflow.tracking.fluent: Experiment with name '/groups/block-aird-team/multi_gpu_test' does not exist. Creating a new experiment.
2025/11/12 15:50:02 INFO mlflow.tracking.fluent: Experiment with name '/groups/block-aird-team/multi_gpu_test' does not exist. Creating a new experiment.
✓ MLflow logging configured for project: multi_gpu_test
[Distributed pre-init] RANK=1 WORLD_SIZE=2 LOCAL_RANK=1 MASTER_ADDR=smallslurm-a38msp-0.c.sq-cash-ml-slurm-prod.internal MASTER_PORT=34781
✓ MLflow logging configured for project: multi_gpu_test
[Distributed pre-init] RANK=0 WORLD_SIZE=2 LOCAL_RANK=0 MASTER_ADDR=smallslurm-a38msp-0.c.sq-cash-ml-slurm-prod.internal MASTER_PORT=34781
[Debug] idr_torch.world_size=2
[Debug] idr_torch.rank=1
[Debug] idr_torch.local_rank=1
[Debug] idr_torch.gpu_ids=['3', '7']
[Debug] idr_torch.cpus_per_task=32
[Distributed post-init] rank 1 / 2 | backend=nccl | current_device=1
[Debug] torch.cuda.set_device(1) called on PID 27352
[Debug] distributed_args={'world_size': 2, 'rank': 1, 'gpu': 1}
[Debug] Using parquet dataset from LocalFilesDataset
[Debug] idr_torch.world_size=2
[Debug] idr_torch.rank=0
[Debug] idr_torch.local_rank=0
[Debug] idr_torch.gpu_ids=['3', '7']
[Debug] idr_torch.cpus_per_task=32
[Distributed post-init] rank 0 / 2 | backend=nccl | current_device=0
[Debug] torch.cuda.set_device(0) called on PID 27351
[Debug] distributed_args={'world_size': 2, 'rank': 0, 'gpu': 0}
[Debug] Using parquet dataset from LocalFilesDataset
[Debug] Parquet dataset created: N=300000, D=30
╒═══════════════════════════════╤═══════════════════════════════════════════════════════════════════════════════════════════════════════════════════════╕
│ mock                          │ False                                                                                                                 │
├───────────────────────────────┼───────────────────────────────────────────────────────────────────────────────────────────────────────────────────────┤
│ res_dir                       │ ./                                                                                                                    │
├───────────────────────────────┼───────────────────────────────────────────────────────────────────────────────────────────────────────────────────────┤
│ data_path                     │ data                                                                                                                  │
├───────────────────────────────┼───────────────────────────────────────────────────────────────────────────────────────────────────────────────────────┤
│ data_set                      │ parquet_dataset                                                                                                       │
├───────────────────────────────┼───────────────────────────────────────────────────────────────────────────────────────────────────────────────────────┤
│ test_size_ratio               │ 0.0                                                                                                                   │
├───────────────────────────────┼───────────────────────────────────────────────────────────────────────────────────────────────────────────────────────┤
│ val_size_ratio                │ 0.0                                                                                                                   │
├───────────────────────────────┼───────────────────────────────────────────────────────────────────────────────────────────────────────────────────────┤
│ random_state                  │ 42                                                                                                                    │
├───────────────────────────────┼───────────────────────────────────────────────────────────────────────────────────────────────────────────────────────┤
│ full_dataset_cuda             │ False                                                                                                                 │
├───────────────────────────────┼───────────────────────────────────────────────────────────────────────────────────────────────────────────────────────┤
│ verbose                       │ False                                                                                                                 │
├───────────────────────────────┼───────────────────────────────────────────────────────────────────────────────────────────────────────────────────────┤
│ use_parquet_dataset           │ True                                                                                                                  │
├───────────────────────────────┼───────────────────────────────────────────────────────────────────────────────────────────────────────────────────────┤
│ parquet_data_dir              │ /projects/risk-tabular/general_chargebacks/202207-202407-all-positives-negative-ratio-1.0-v0/train                    │
├───────────────────────────────┼───────────────────────────────────────────────────────────────────────────────────────────────────────────────────────┤
│ parquet_data_files            │ chunk_10.parquet                                                                                                      │
├───────────────────────────────┼───────────────────────────────────────────────────────────────────────────────────────────────────────────────────────┤
│ parquet_scaling_stats_file    │ /projects/risk-tabular/general_chargebacks/202207-202407-all-positives-negative-ratio-1.0-v0/train/stats_bootstrap.pq │
├───────────────────────────────┼───────────────────────────────────────────────────────────────────────────────────────────────────────────────────────┤
│ parquet_feature_names_file    │ /projects/risk-tabular/general_chargebacks/20240724_feature_selection/xgboost_importances_seed_1_sample_0.5.csv       │
├───────────────────────────────┼───────────────────────────────────────────────────────────────────────────────────────────────────────────────────────┤
│ parquet_num_features          │ 30                                                                                                                    │
├───────────────────────────────┼───────────────────────────────────────────────────────────────────────────────────────────────────────────────────────┤
│ parquet_target_col            │ target                                                                                                                │
├───────────────────────────────┼───────────────────────────────────────────────────────────────────────────────────────────────────────────────────────┤
│ parquet_task_type             │ binary_class                                                                                                          │
├───────────────────────────────┼───────────────────────────────────────────────────────────────────────────────────────────────────────────────────────┤
│ parquet_id_col                │ ID                                                                                                                    │
├───────────────────────────────┼───────────────────────────────────────────────────────────────────────────────────────────────────────────────────────┤
│ parquet_preload_data          │ True                                                                                                                  │
├───────────────────────────────┼───────────────────────────────────────────────────────────────────────────────────────────────────────────────────────┤
│ parquet_shuffle               │ True                                                                                                                  │
├───────────────────────────────┼───────────────────────────────────────────────────────────────────────────────────────────────────────────────────────┤
│ parquet_scaling_method        │ mean_std                                                                                                              │
├───────────────────────────────┼───────────────────────────────────────────────────────────────────────────────────────────────────────────────────────┤
│ parquet_infill_value          │ zero                                                                                                                  │
├───────────────────────────────┼───────────────────────────────────────────────────────────────────────────────────────────────────────────────────────┤
│ parquet_transform             │                                                                                                                       │
├───────────────────────────────┼───────────────────────────────────────────────────────────────────────────────────────────────────────────────────────┤
│ parquet_categorize_nan        │ False                                                                                                                 │
├───────────────────────────────┼───────────────────────────────────────────────────────────────────────────────────────────────────────────────────────┤
│ parquet_clip_min              │                                                                                                                       │
├───────────────────────────────┼───────────────────────────────────────────────────────────────────────────────────────────────────────────────────────┤
│ parquet_clip_max              │                                                                                                                       │
├───────────────────────────────┼───────────────────────────────────────────────────────────────────────────────────────────────────────────────────────┤
│ tag                           │                                                                                                                       │
├───────────────────────────────┼───────────────────────────────────────────────────────────────────────────────────────────────────────────────────────┤
│ project_name                  │ multi_gpu_test                                                                                                        │
├───────────────────────────────┼───────────────────────────────────────────────────────────────────────────────────────────────────────────────────────┤
│ test                          │ False                                                                                                                 │
├───────────────────────────────┼───────────────────────────────────────────────────────────────────────────────────────────────────────────────────────┤
│ exp_n_runs                    │ 1                                                                                                                     │
├───────────────────────────────┼───────────────────────────────────────────────────────────────────────────────────────────────────────────────────────┤
│ exp_device                    │                                                                                                                       │
├───────────────────────────────┼───────────────────────────────────────────────────────────────────────────────────────────────────────────────────────┤
│ np_seed                       │ 42                                                                                                                    │
├───────────────────────────────┼───────────────────────────────────────────────────────────────────────────────────────────────────────────────────────┤
│ torch_seed                    │ 42                                                                                                                    │
├───────────────────────────────┼───────────────────────────────────────────────────────────────────────────────────────────────────────────────────────┤
│ random                        │ False                                                                                                                 │
├───────────────────────────────┼───────────────────────────────────────────────────────────────────────────────────────────────────────────────────────┤
│ batch_size                    │ 512                                                                                                                   │
├───────────────────────────────┼───────────────────────────────────────────────────────────────────────────────────────────────────────────────────────┤
│ val_batch_size                │ -1                                                                                                                    │
├───────────────────────────────┼───────────────────────────────────────────────────────────────────────────────────────────────────────────────────────┤
│ exp_train_total_epochs        │ 10                                                                                                                    │
├───────────────────────────────┼───────────────────────────────────────────────────────────────────────────────────────────────────────────────────────┤
│ exp_patience                  │ 10                                                                                                                    │
├───────────────────────────────┼───────────────────────────────────────────────────────────────────────────────────────────────────────────────────────┤
│ log_tensorboard               │ False                                                                                                                 │
├───────────────────────────────┼───────────────────────────────────────────────────────────────────────────────────────────────────────────────────────┤
│ exp_cadence_type              │ improvement                                                                                                           │
├───────────────────────────────┼───────────────────────────────────────────────────────────────────────────────────────────────────────────────────────┤
│ exp_cache_cadence             │ 1                                                                                                                     │
├───────────────────────────────┼───────────────────────────────────────────────────────────────────────────────────────────────────────────────────────┤
│ exp_val_cache_cadence         │ 1                                                                                                                     │
├───────────────────────────────┼───────────────────────────────────────────────────────────────────────────────────────────────────────────────────────┤
│ init_type                     │ kaiming                                                                                                               │
├───────────────────────────────┼───────────────────────────────────────────────────────────────────────────────────────────────────────────────────────┤
│ exp_scheduler                 │ True                                                                                                                  │
├───────────────────────────────┼───────────────────────────────────────────────────────────────────────────────────────────────────────────────────────┤
│ exp_weight_decay_scheduler    │ True                                                                                                                  │
├───────────────────────────────┼───────────────────────────────────────────────────────────────────────────────────────────────────────────────────────┤
│ exp_start_lr                  │ 0.001                                                                                                                 │
├───────────────────────────────┼───────────────────────────────────────────────────────────────────────────────────────────────────────────────────────┤
│ exp_lr                        │ 0.0001                                                                                                                │
├───────────────────────────────┼───────────────────────────────────────────────────────────────────────────────────────────────────────────────────────┤
│ exp_final_lr                  │ 0                                                                                                                     │
├───────────────────────────────┼───────────────────────────────────────────────────────────────────────────────────────────────────────────────────────┤
│ exp_warmup                    │ 0.05                                                                                                                  │
├───────────────────────────────┼───────────────────────────────────────────────────────────────────────────────────────────────────────────────────────┤
│ exp_weight_decay              │ 1e-05                                                                                                                 │
├───────────────────────────────┼───────────────────────────────────────────────────────────────────────────────────────────────────────────────────────┤
│ exp_final_weight_decay        │ 0.01                                                                                                                  │
├───────────────────────────────┼───────────────────────────────────────────────────────────────────────────────────────────────────────────────────────┤
│ exp_ipe_scale                 │ 1.0                                                                                                                   │
├───────────────────────────────┼───────────────────────────────────────────────────────────────────────────────────────────────────────────────────────┤
│ exp_gradient_clipping         │ 1.0                                                                                                                   │
├───────────────────────────────┼───────────────────────────────────────────────────────────────────────────────────────────────────────────────────────┤
│ mp_distributed                │ True                                                                                                                  │
├───────────────────────────────┼───────────────────────────────────────────────────────────────────────────────────────────────────────────────────────┤
│ mp_nodes                      │ 1                                                                                                                     │
├───────────────────────────────┼───────────────────────────────────────────────────────────────────────────────────────────────────────────────────────┤
│ mp_gpus                       │ 2                                                                                                                     │
├───────────────────────────────┼───────────────────────────────────────────────────────────────────────────────────────────────────────────────────────┤
│ mp_nr                         │ 0                                                                                                                     │
├───────────────────────────────┼───────────────────────────────────────────────────────────────────────────────────────────────────────────────────────┤
│ pin_memory                    │ True                                                                                                                  │
├───────────────────────────────┼───────────────────────────────────────────────────────────────────────────────────────────────────────────────────────┤
│ using_embedding               │ False                                                                                                                 │
├───────────────────────────────┼───────────────────────────────────────────────────────────────────────────────────────────────────────────────────────┤
│ model_dtype                   │ float32                                                                                                               │
├───────────────────────────────┼───────────────────────────────────────────────────────────────────────────────────────────────────────────────────────┤
│ data_loader_nprocs            │ 0                                                                                                                     │
├───────────────────────────────┼───────────────────────────────────────────────────────────────────────────────────────────────────────────────────────┤
│ load_from_checkpoint          │ False                                                                                                                 │
├───────────────────────────────┼───────────────────────────────────────────────────────────────────────────────────────────────────────────────────────┤
│ load_path                     │                                                                                                                       │
├───────────────────────────────┼───────────────────────────────────────────────────────────────────────────────────────────────────────────────────────┤
│ model_amp                     │ False                                                                                                                 │
├───────────────────────────────┼───────────────────────────────────────────────────────────────────────────────────────────────────────────────────────┤
│ model_feature_type_embedding  │ True                                                                                                                  │
├───────────────────────────────┼───────────────────────────────────────────────────────────────────────────────────────────────────────────────────────┤
│ model_feature_index_embedding │ True                                                                                                                  │
├───────────────────────────────┼───────────────────────────────────────────────────────────────────────────────────────────────────────────────────────┤
│ model_dropout_prob            │ 0.1                                                                                                                   │
├───────────────────────────────┼───────────────────────────────────────────────────────────────────────────────────────────────────────────────────────┤
│ model_layer_norm_eps          │ 1e-05                                                                                                                 │
├───────────────────────────────┼───────────────────────────────────────────────────────────────────────────────────────────────────────────────────────┤
│ model_dim_hidden              │ 64                                                                                                                    │
├───────────────────────────────┼───────────────────────────────────────────────────────────────────────────────────────────────────────────────────────┤
│ model_dim_feedforward         │ 256                                                                                                                   │
├───────────────────────────────┼───────────────────────────────────────────────────────────────────────────────────────────────────────────────────────┤
│ model_num_heads               │ 4                                                                                                                     │
├───────────────────────────────┼───────────────────────────────────────────────────────────────────────────────────────────────────────────────────────┤
│ model_num_layers              │ 4                                                                                                                     │
├───────────────────────────────┼───────────────────────────────────────────────────────────────────────────────────────────────────────────────────────┤
│ model_ema_end                 │ 1                                                                                                                     │
├───────────────────────────────┼───────────────────────────────────────────────────────────────────────────────────────────────────────────────────────┤
│ model_ema_start               │ 0.996                                                                                                                 │
├───────────────────────────────┼───────────────────────────────────────────────────────────────────────────────────────────────────────────────────────┤
│ model_act_func                │ relu                                                                                                                  │
├───────────────────────────────┼───────────────────────────────────────────────────────────────────────────────────────────────────────────────────────┤
│ probe_cadence                 │ 0                                                                                                                     │
├───────────────────────────────┼───────────────────────────────────────────────────────────────────────────────────────────────────────────────────────┤
│ probe_model                   │ mlp                                                                                                                   │
├───────────────────────────────┼───────────────────────────────────────────────────────────────────────────────────────────────────────────────────────┤
│ n_cls_tokens                  │ 1                                                                                                                     │
├───────────────────────────────┼───────────────────────────────────────────────────────────────────────────────────────────────────────────────────────┤
│ n_reg_tokens                  │ 1                                                                                                                     │
├───────────────────────────────┼───────────────────────────────────────────────────────────────────────────────────────────────────────────────────────┤
│ pred_type                     │ transformer                                                                                                           │
├───────────────────────────────┼───────────────────────────────────────────────────────────────────────────────────────────────────────────────────────┤
│ pred_num_layers               │ 2                                                                                                                     │
├───────────────────────────────┼───────────────────────────────────────────────────────────────────────────────────────────────────────────────────────┤
│ pred_embed_dim                │ 64                                                                                                                    │
├───────────────────────────────┼───────────────────────────────────────────────────────────────────────────────────────────────────────────────────────┤
│ pred_num_heads                │ 4                                                                                                                     │
├───────────────────────────────┼───────────────────────────────────────────────────────────────────────────────────────────────────────────────────────┤
│ pred_p_dropout                │ 0.1                                                                                                                   │
├───────────────────────────────┼───────────────────────────────────────────────────────────────────────────────────────────────────────────────────────┤
│ pred_layer_norm_eps           │ 1e-05                                                                                                                 │
├───────────────────────────────┼───────────────────────────────────────────────────────────────────────────────────────────────────────────────────────┤
│ pred_activation               │ relu                                                                                                                  │
├───────────────────────────────┼───────────────────────────────────────────────────────────────────────────────────────────────────────────────────────┤
│ pred_dim_feedforward          │ 256                                                                                                                   │
├───────────────────────────────┼───────────────────────────────────────────────────────────────────────────────────────────────────────────────────────┤
│ mask_allow_overlap            │ False                                                                                                                 │
├───────────────────────────────┼───────────────────────────────────────────────────────────────────────────────────────────────────────────────────────┤
│ mask_min_ctx_share            │ 0.2                                                                                                                   │
├───────────────────────────────┼───────────────────────────────────────────────────────────────────────────────────────────────────────────────────────┤
│ mask_max_ctx_share            │ 0.4                                                                                                                   │
├───────────────────────────────┼───────────────────────────────────────────────────────────────────────────────────────────────────────────────────────┤
│ mask_min_trgt_share           │ 0.2                                                                                                                   │
├───────────────────────────────┼───────────────────────────────────────────────────────────────────────────────────────────────────────────────────────┤
│ mask_max_trgt_share           │ 0.4                                                                                                                   │
├───────────────────────────────┼───────────────────────────────────────────────────────────────────────────────────────────────────────────────────────┤
│ mask_num_preds                │ 4                                                                                                                     │
├───────────────────────────────┼───────────────────────────────────────────────────────────────────────────────────────────────────────────────────────┤
│ mask_num_encs                 │ 1                                                                                                                     │
├───────────────────────────────┼───────────────────────────────────────────────────────────────────────────────────────────────────────────────────────┤
│ optuna_study_name             │                                                                                                                       │
├───────────────────────────────┼───────────────────────────────────────────────────────────────────────────────────────────────────────────────────────┤
│ optuna_trial_number           │                                                                                                                       │
├───────────────────────────────┼───────────────────────────────────────────────────────────────────────────────────────────────────────────────────────┤
│ optuna_output_dir             │                                                                                                                       │
├───────────────────────────────┼───────────────────────────────────────────────────────────────────────────────────────────────────────────────────────┤
│ is_batchlearning              │ True                                                                                                                  │
├───────────────────────────────┼───────────────────────────────────────────────────────────────────────────────────────────────────────────────────────┤
│ iteration                     │ 0                                                                                                                     │
╘═══════════════════════════════╧═══════════════════════════════════════════════════════════════════════════════════════════════════════════════════════╛
[Debug] Loading dataset …
[Debug] Parquet dataset ready (preprocessing handled by LocalFilesDataset)
Encoder Module parameters:
+-------------------+----------------------------------------------------------------------------------------------------------------+
|     Parameter     |                                                     Value                                                      |
+-------------------+----------------------------------------------------------------------------------------------------------------+
|    hidden_dim     |                                                       64                                                       |
| idx_num_features  | [0, 1, 2, 3, 4, 5, 6, 7, 8, 9, 10, 11, 12, 13, 14, 15, 16, 17, 18, 19, 20, 21, 22, 23, 24, 25, 26, 27, 28, 29] |
| idx_cat_features  |                                                       []                                                       |
|   cardinalities   |                                                       []                                                       |
| n_input_features  |                                                       30                                                       |
|      device       |                                                     cuda:0                                                     |
|    num_layers     |                                                       4                                                        |
|     num_heads     |                                                       4                                                        |
|     p_dropout     |                                                      0.1                                                       |
|  layer_norm_eps   |                                                     1e-05                                                      |
| gradient_clipping |                                                      1.0                                                       |
|  dim_feedforward  |                                                      256                                                       |
+-------------------+----------------------------------------------------------------------------------------------------------------+
[Debug] Parquet dataset created: N=300000, D=30
Using feature index embedding (unique embedding for each column).
/home/aminmohamadi_squareup_com/projects/t-jepa-parquet-scaling/src/tjepa_transformer.py:172: UserWarning: enable_nested_tensor is True, but self.use_nested_tensor is False because encoder_layer was not TransformerEncoderLayer
  warnings.warn(
╒═══════════════════════════════╤═══════════════════════════════════════════════════════════════════════════════════════════════════════════════════════╕
│ mock                          │ False                                                                                                                 │
├───────────────────────────────┼───────────────────────────────────────────────────────────────────────────────────────────────────────────────────────┤
│ res_dir                       │ ./                                                                                                                    │
├───────────────────────────────┼───────────────────────────────────────────────────────────────────────────────────────────────────────────────────────┤
│ data_path                     │ data                                                                                                                  │
├───────────────────────────────┼───────────────────────────────────────────────────────────────────────────────────────────────────────────────────────┤
│ data_set                      │ parquet_dataset                                                                                                       │
├───────────────────────────────┼───────────────────────────────────────────────────────────────────────────────────────────────────────────────────────┤
│ test_size_ratio               │ 0.0                                                                                                                   │
├───────────────────────────────┼───────────────────────────────────────────────────────────────────────────────────────────────────────────────────────┤
│ val_size_ratio                │ 0.0                                                                                                                   │
├───────────────────────────────┼───────────────────────────────────────────────────────────────────────────────────────────────────────────────────────┤
│ random_state                  │ 42                                                                                                                    │
├───────────────────────────────┼───────────────────────────────────────────────────────────────────────────────────────────────────────────────────────┤
│ full_dataset_cuda             │ False                                                                                                                 │
├───────────────────────────────┼───────────────────────────────────────────────────────────────────────────────────────────────────────────────────────┤
│ verbose                       │ False                                                                                                                 │
├───────────────────────────────┼───────────────────────────────────────────────────────────────────────────────────────────────────────────────────────┤
│ use_parquet_dataset           │ True                                                                                                                  │
├───────────────────────────────┼───────────────────────────────────────────────────────────────────────────────────────────────────────────────────────┤
│ parquet_data_dir              │ /projects/risk-tabular/general_chargebacks/202207-202407-all-positives-negative-ratio-1.0-v0/train                    │
├───────────────────────────────┼───────────────────────────────────────────────────────────────────────────────────────────────────────────────────────┤
│ parquet_data_files            │ chunk_10.parquet                                                                                                      │
├───────────────────────────────┼───────────────────────────────────────────────────────────────────────────────────────────────────────────────────────┤
│ parquet_scaling_stats_file    │ /projects/risk-tabular/general_chargebacks/202207-202407-all-positives-negative-ratio-1.0-v0/train/stats_bootstrap.pq │
├───────────────────────────────┼───────────────────────────────────────────────────────────────────────────────────────────────────────────────────────┤
│ parquet_feature_names_file    │ /projects/risk-tabular/general_chargebacks/20240724_feature_selection/xgboost_importances_seed_1_sample_0.5.csv       │
├───────────────────────────────┼───────────────────────────────────────────────────────────────────────────────────────────────────────────────────────┤
│ parquet_num_features          │ 30                                                                                                                    │
├───────────────────────────────┼───────────────────────────────────────────────────────────────────────────────────────────────────────────────────────┤
│ parquet_target_col            │ target                                                                                                                │
├───────────────────────────────┼───────────────────────────────────────────────────────────────────────────────────────────────────────────────────────┤
│ parquet_task_type             │ binary_class                                                                                                          │
├───────────────────────────────┼───────────────────────────────────────────────────────────────────────────────────────────────────────────────────────┤
│ parquet_id_col                │ ID                                                                                                                    │
├───────────────────────────────┼───────────────────────────────────────────────────────────────────────────────────────────────────────────────────────┤
│ parquet_preload_data          │ True                                                                                                                  │
├───────────────────────────────┼───────────────────────────────────────────────────────────────────────────────────────────────────────────────────────┤
│ parquet_shuffle               │ True                                                                                                                  │
├───────────────────────────────┼───────────────────────────────────────────────────────────────────────────────────────────────────────────────────────┤
│ parquet_scaling_method        │ mean_std                                                                                                              │
├───────────────────────────────┼───────────────────────────────────────────────────────────────────────────────────────────────────────────────────────┤
│ parquet_infill_value          │ zero                                                                                                                  │
├───────────────────────────────┼───────────────────────────────────────────────────────────────────────────────────────────────────────────────────────┤
│ parquet_transform             │                                                                                                                       │
├───────────────────────────────┼───────────────────────────────────────────────────────────────────────────────────────────────────────────────────────┤
│ parquet_categorize_nan        │ False                                                                                                                 │
├───────────────────────────────┼───────────────────────────────────────────────────────────────────────────────────────────────────────────────────────┤
│ parquet_clip_min              │                                                                                                                       │
├───────────────────────────────┼───────────────────────────────────────────────────────────────────────────────────────────────────────────────────────┤
│ parquet_clip_max              │                                                                                                                       │
├───────────────────────────────┼───────────────────────────────────────────────────────────────────────────────────────────────────────────────────────┤
│ tag                           │                                                                                                                       │
├───────────────────────────────┼───────────────────────────────────────────────────────────────────────────────────────────────────────────────────────┤
│ project_name                  │ multi_gpu_test                                                                                                        │
├───────────────────────────────┼───────────────────────────────────────────────────────────────────────────────────────────────────────────────────────┤
│ test                          │ False                                                                                                                 │
├───────────────────────────────┼───────────────────────────────────────────────────────────────────────────────────────────────────────────────────────┤
│ exp_n_runs                    │ 1                                                                                                                     │
├───────────────────────────────┼───────────────────────────────────────────────────────────────────────────────────────────────────────────────────────┤
│ exp_device                    │                                                                                                                       │
├───────────────────────────────┼───────────────────────────────────────────────────────────────────────────────────────────────────────────────────────┤
│ np_seed                       │ 42                                                                                                                    │
├───────────────────────────────┼───────────────────────────────────────────────────────────────────────────────────────────────────────────────────────┤
│ torch_seed                    │ 42                                                                                                                    │
├───────────────────────────────┼───────────────────────────────────────────────────────────────────────────────────────────────────────────────────────┤
│ random                        │ False                                                                                                                 │
├───────────────────────────────┼───────────────────────────────────────────────────────────────────────────────────────────────────────────────────────┤
│ batch_size                    │ 512                                                                                                                   │
├───────────────────────────────┼───────────────────────────────────────────────────────────────────────────────────────────────────────────────────────┤
│ val_batch_size                │ -1                                                                                                                    │
├───────────────────────────────┼───────────────────────────────────────────────────────────────────────────────────────────────────────────────────────┤
│ exp_train_total_epochs        │ 10                                                                                                                    │
├───────────────────────────────┼───────────────────────────────────────────────────────────────────────────────────────────────────────────────────────┤
│ exp_patience                  │ 10                                                                                                                    │
├───────────────────────────────┼───────────────────────────────────────────────────────────────────────────────────────────────────────────────────────┤
│ log_tensorboard               │ False                                                                                                                 │
├───────────────────────────────┼───────────────────────────────────────────────────────────────────────────────────────────────────────────────────────┤
│ exp_cadence_type              │ improvement                                                                                                           │
├───────────────────────────────┼───────────────────────────────────────────────────────────────────────────────────────────────────────────────────────┤
│ exp_cache_cadence             │ 1                                                                                                                     │
├───────────────────────────────┼───────────────────────────────────────────────────────────────────────────────────────────────────────────────────────┤
│ exp_val_cache_cadence         │ 1                                                                                                                     │
├───────────────────────────────┼───────────────────────────────────────────────────────────────────────────────────────────────────────────────────────┤
│ init_type                     │ kaiming                                                                                                               │
├───────────────────────────────┼───────────────────────────────────────────────────────────────────────────────────────────────────────────────────────┤
│ exp_scheduler                 │ True                                                                                                                  │
├───────────────────────────────┼───────────────────────────────────────────────────────────────────────────────────────────────────────────────────────┤
│ exp_weight_decay_scheduler    │ True                                                                                                                  │
├───────────────────────────────┼───────────────────────────────────────────────────────────────────────────────────────────────────────────────────────┤
│ exp_start_lr                  │ 0.001                                                                                                                 │
├───────────────────────────────┼───────────────────────────────────────────────────────────────────────────────────────────────────────────────────────┤
│ exp_lr                        │ 0.0001                                                                                                                │
├───────────────────────────────┼───────────────────────────────────────────────────────────────────────────────────────────────────────────────────────┤
│ exp_final_lr                  │ 0                                                                                                                     │
├───────────────────────────────┼───────────────────────────────────────────────────────────────────────────────────────────────────────────────────────┤
│ exp_warmup                    │ 0.05                                                                                                                  │
├───────────────────────────────┼───────────────────────────────────────────────────────────────────────────────────────────────────────────────────────┤
│ exp_weight_decay              │ 1e-05                                                                                                                 │
├───────────────────────────────┼───────────────────────────────────────────────────────────────────────────────────────────────────────────────────────┤
│ exp_final_weight_decay        │ 0.01                                                                                                                  │
├───────────────────────────────┼───────────────────────────────────────────────────────────────────────────────────────────────────────────────────────┤
│ exp_ipe_scale                 │ 1.0                                                                                                                   │
├───────────────────────────────┼───────────────────────────────────────────────────────────────────────────────────────────────────────────────────────┤
│ exp_gradient_clipping         │ 1.0                                                                                                                   │
├───────────────────────────────┼───────────────────────────────────────────────────────────────────────────────────────────────────────────────────────┤
│ mp_distributed                │ True                                                                                                                  │
├───────────────────────────────┼───────────────────────────────────────────────────────────────────────────────────────────────────────────────────────┤
│ mp_nodes                      │ 1                                                                                                                     │
├───────────────────────────────┼───────────────────────────────────────────────────────────────────────────────────────────────────────────────────────┤
│ mp_gpus                       │ 2                                                                                                                     │
├───────────────────────────────┼───────────────────────────────────────────────────────────────────────────────────────────────────────────────────────┤
│ mp_nr                         │ 0                                                                                                                     │
├───────────────────────────────┼───────────────────────────────────────────────────────────────────────────────────────────────────────────────────────┤
│ pin_memory                    │ True                                                                                                                  │
├───────────────────────────────┼───────────────────────────────────────────────────────────────────────────────────────────────────────────────────────┤
│ using_embedding               │ False                                                                                                                 │
├───────────────────────────────┼───────────────────────────────────────────────────────────────────────────────────────────────────────────────────────┤
│ model_dtype                   │ float32                                                                                                               │
├───────────────────────────────┼───────────────────────────────────────────────────────────────────────────────────────────────────────────────────────┤
│ data_loader_nprocs            │ 0                                                                                                                     │
├───────────────────────────────┼───────────────────────────────────────────────────────────────────────────────────────────────────────────────────────┤
│ load_from_checkpoint          │ False                                                                                                                 │
├───────────────────────────────┼───────────────────────────────────────────────────────────────────────────────────────────────────────────────────────┤
│ load_path                     │                                                                                                                       │
├───────────────────────────────┼───────────────────────────────────────────────────────────────────────────────────────────────────────────────────────┤
│ model_amp                     │ False                                                                                                                 │
├───────────────────────────────┼───────────────────────────────────────────────────────────────────────────────────────────────────────────────────────┤
│ model_feature_type_embedding  │ True                                                                                                                  │
├───────────────────────────────┼───────────────────────────────────────────────────────────────────────────────────────────────────────────────────────┤
│ model_feature_index_embedding │ True                                                                                                                  │
├───────────────────────────────┼───────────────────────────────────────────────────────────────────────────────────────────────────────────────────────┤
│ model_dropout_prob            │ 0.1                                                                                                                   │
├───────────────────────────────┼───────────────────────────────────────────────────────────────────────────────────────────────────────────────────────┤
│ model_layer_norm_eps          │ 1e-05                                                                                                                 │
├───────────────────────────────┼───────────────────────────────────────────────────────────────────────────────────────────────────────────────────────┤
│ model_dim_hidden              │ 64                                                                                                                    │
├───────────────────────────────┼───────────────────────────────────────────────────────────────────────────────────────────────────────────────────────┤
│ model_dim_feedforward         │ 256                                                                                                                   │
├───────────────────────────────┼───────────────────────────────────────────────────────────────────────────────────────────────────────────────────────┤
│ model_num_heads               │ 4                                                                                                                     │
├───────────────────────────────┼───────────────────────────────────────────────────────────────────────────────────────────────────────────────────────┤
│ model_num_layers              │ 4                                                                                                                     │
├───────────────────────────────┼───────────────────────────────────────────────────────────────────────────────────────────────────────────────────────┤
│ model_ema_end                 │ 1                                                                                                                     │
├───────────────────────────────┼───────────────────────────────────────────────────────────────────────────────────────────────────────────────────────┤
│ model_ema_start               │ 0.996                                                                                                                 │
├───────────────────────────────┼───────────────────────────────────────────────────────────────────────────────────────────────────────────────────────┤
│ model_act_func                │ relu                                                                                                                  │
├───────────────────────────────┼───────────────────────────────────────────────────────────────────────────────────────────────────────────────────────┤
│ probe_cadence                 │ 0                                                                                                                     │
├───────────────────────────────┼───────────────────────────────────────────────────────────────────────────────────────────────────────────────────────┤
│ probe_model                   │ mlp                                                                                                                   │
├───────────────────────────────┼───────────────────────────────────────────────────────────────────────────────────────────────────────────────────────┤
│ n_cls_tokens                  │ 1                                                                                                                     │
├───────────────────────────────┼───────────────────────────────────────────────────────────────────────────────────────────────────────────────────────┤
│ n_reg_tokens                  │ 1                                                                                                                     │
├───────────────────────────────┼───────────────────────────────────────────────────────────────────────────────────────────────────────────────────────┤
│ pred_type                     │ transformer                                                                                                           │
├───────────────────────────────┼───────────────────────────────────────────────────────────────────────────────────────────────────────────────────────┤
│ pred_num_layers               │ 2                                                                                                                     │
├───────────────────────────────┼───────────────────────────────────────────────────────────────────────────────────────────────────────────────────────┤
│ pred_embed_dim                │ 64                                                                                                                    │
├───────────────────────────────┼───────────────────────────────────────────────────────────────────────────────────────────────────────────────────────┤
│ pred_num_heads                │ 4                                                                                                                     │
├───────────────────────────────┼───────────────────────────────────────────────────────────────────────────────────────────────────────────────────────┤
│ pred_p_dropout                │ 0.1                                                                                                                   │
├───────────────────────────────┼───────────────────────────────────────────────────────────────────────────────────────────────────────────────────────┤
│ pred_layer_norm_eps           │ 1e-05                                                                                                                 │
├───────────────────────────────┼───────────────────────────────────────────────────────────────────────────────────────────────────────────────────────┤
│ pred_activation               │ relu                                                                                                                  │
├───────────────────────────────┼───────────────────────────────────────────────────────────────────────────────────────────────────────────────────────┤
│ pred_dim_feedforward          │ 256                                                                                                                   │
├───────────────────────────────┼───────────────────────────────────────────────────────────────────────────────────────────────────────────────────────┤
│ mask_allow_overlap            │ False                                                                                                                 │
├───────────────────────────────┼───────────────────────────────────────────────────────────────────────────────────────────────────────────────────────┤
│ mask_min_ctx_share            │ 0.2                                                                                                                   │
├───────────────────────────────┼───────────────────────────────────────────────────────────────────────────────────────────────────────────────────────┤
│ mask_max_ctx_share            │ 0.4                                                                                                                   │
├───────────────────────────────┼───────────────────────────────────────────────────────────────────────────────────────────────────────────────────────┤
│ mask_min_trgt_share           │ 0.2                                                                                                                   │
├───────────────────────────────┼───────────────────────────────────────────────────────────────────────────────────────────────────────────────────────┤
│ mask_max_trgt_share           │ 0.4                                                                                                                   │
├───────────────────────────────┼───────────────────────────────────────────────────────────────────────────────────────────────────────────────────────┤
│ mask_num_preds                │ 4                                                                                                                     │
├───────────────────────────────┼───────────────────────────────────────────────────────────────────────────────────────────────────────────────────────┤
│ mask_num_encs                 │ 1                                                                                                                     │
├───────────────────────────────┼───────────────────────────────────────────────────────────────────────────────────────────────────────────────────────┤
│ optuna_study_name             │                                                                                                                       │
├───────────────────────────────┼───────────────────────────────────────────────────────────────────────────────────────────────────────────────────────┤
│ optuna_trial_number           │                                                                                                                       │
├───────────────────────────────┼───────────────────────────────────────────────────────────────────────────────────────────────────────────────────────┤
│ optuna_output_dir             │                                                                                                                       │
├───────────────────────────────┼───────────────────────────────────────────────────────────────────────────────────────────────────────────────────────┤
│ is_batchlearning              │ True                                                                                                                  │
├───────────────────────────────┼───────────────────────────────────────────────────────────────────────────────────────────────────────────────────────┤
│ iteration                     │ 0                                                                                                                     │
╘═══════════════════════════════╧═══════════════════════════════════════════════════════════════════════════════════════════════════════════════════════╛
[Debug] Loading dataset …
[Debug] Parquet dataset ready (preprocessing handled by LocalFilesDataset)
Encoder Module parameters:
+-------------------+----------------------------------------------------------------------------------------------------------------+
|     Parameter     |                                                     Value                                                      |
+-------------------+----------------------------------------------------------------------------------------------------------------+
|    hidden_dim     |                                                       64                                                       |
| idx_num_features  | [0, 1, 2, 3, 4, 5, 6, 7, 8, 9, 10, 11, 12, 13, 14, 15, 16, 17, 18, 19, 20, 21, 22, 23, 24, 25, 26, 27, 28, 29] |
| idx_cat_features  |                                                       []                                                       |
|   cardinalities   |                                                       []                                                       |
| n_input_features  |                                                       30                                                       |
|      device       |                                                     cuda:1                                                     |
|    num_layers     |                                                       4                                                        |
|     num_heads     |                                                       4                                                        |
|     p_dropout     |                                                      0.1                                                       |
|  layer_norm_eps   |                                                     1e-05                                                      |
| gradient_clipping |                                                      1.0                                                       |
|  dim_feedforward  |                                                      256                                                       |
+-------------------+----------------------------------------------------------------------------------------------------------------+
Clipping gradients to value 1.0.
Using feature index embedding (unique embedding for each column).
/home/aminmohamadi_squareup_com/projects/t-jepa-parquet-scaling/src/tjepa_transformer.py:172: UserWarning: enable_nested_tensor is True, but self.use_nested_tensor is False because encoder_layer was not TransformerEncoderLayer
  warnings.warn(
Predictors Module parameters:
+-----------------+--------+
|    Parameter    | Value  |
+-----------------+--------+
|   hidden_dim    |   64   |
|  num_features   |   30   |
|   num_layers    |   2    |
|    num_heads    |   4    |
|    p_dropout    |  0.1   |
| layer_norm_eps  | 1e-05  |
|   activation    |  relu  |
| pred_embed_dim  |   64   |
|     device      | cuda:0 |
|  cardinalities  |   []   |
| dim_feedforward |  256   |
+-----------------+--------+
Clipping gradients to value 1.0.
Predictors Module parameters:
+-----------------+--------+
|    Parameter    | Value  |
+-----------------+--------+
|   hidden_dim    |   64   |
|  num_features   |   30   |
|   num_layers    |   2    |
|    num_heads    |   4    |
|    p_dropout    |  0.1   |
| layer_norm_eps  | 1e-05  |
|   activation    |  relu  |
| pred_embed_dim  |   64   |
|     device      | cuda:1 |
|  cardinalities  |   []   |
| dim_feedforward |  256   |
+-----------------+--------+
[Debug] Wrapped models in DistributedDataParallel
[Debug] Wrapped models in DistributedDataParallel
/home/aminmohamadi_squareup_com/projects/t-jepa-parquet-scaling/run.py:232: FutureWarning: `torch.cuda.amp.GradScaler(args...)` is deprecated. Please use `torch.amp.GradScaler('cuda', args...)` instead.
  scaler = GradScaler(enabled=args.model_amp)
/home/aminmohamadi_squareup_com/projects/t-jepa-parquet-scaling/run.py:232: FutureWarning: `torch.cuda.amp.GradScaler(args...)` is deprecated. Please use `torch.amp.GradScaler('cuda', args...)` instead.
  scaler = GradScaler(enabled=args.model_amp)
MaskCollator params:
-----------------  -----
Allow overlap      False
Min context share  0.2
Max context share  0.4
Min target share   0.2
Max target share   0.4
Min context        6
Max context        12
Min target         6
Max target         12
Num preds          4
Num encs           1
Num features       30
Cardinalities      []
-----------------  -----
[Debug] Building DataLoader …
[Debug] Parquet DataLoader created (pre-batched, batch_size=512)
[Debug] DataLoader built
[Debug] ipe (iterations per epoch) = 585
MaskCollator params:
-----------------  -----
Allow overlap      False
Min context share  0.2
Max context share  0.4
Min target share   0.2
Max target share   0.4
Min context        6
Max context        12
Min target         6
Max target         12
Num preds          4
Num encs           1
Num features       30
Cardinalities      []
-----------------  -----
[Debug] Building DataLoader …
[Debug] Parquet DataLoader created (pre-batched, batch_size=512)
[Debug] DataLoader built
[Debug] ipe (iterations per epoch) = 585
[Debug] Instantiating Trainer
[Debug] is_main_process=False
[Debug] Trainer instantiated
Starting training…
[Debug] Instantiating Trainer
[Debug] is_main_process=True
[Debug] Trainer instantiated
Starting training…
  0%|          | 0/585 [00:00<?, ?it/s]/home/aminmohamadi_squareup_com/projects/t-jepa-parquet-scaling/src/train.py:426: UserWarning: The use of `x.T` on tensors of dimension other than 2 to reverse their shape is deprecated and it will throw an error in a future release. Consider `x.mT` to transpose batches of matrices or `x.permute(*torch.arange(x.ndim - 1, -1, -1))` to reverse the dimensions of a tensor. (Triggered internally at /pytorch/aten/src/ATen/native/TensorShape.cpp:4416.)
  _debug_values(batch[0].T, "batch[0]")
2025/11/12 15:50:05 INFO mlflow.system_metrics.system_metrics_monitor: Skip logging GPU metrics. Set logger level to DEBUG for more details.
2025/11/12 15:50:05 INFO mlflow.system_metrics.system_metrics_monitor: Started monitoring system metrics.
##############################Training epoch: 1/10##############################
  0%|          | 0/585 [00:00<?, ?it/s]/home/aminmohamadi_squareup_com/projects/t-jepa-parquet-scaling/src/train.py:426: UserWarning: The use of `x.T` on tensors of dimension other than 2 to reverse their shape is deprecated and it will throw an error in a future release. Consider `x.mT` to transpose batches of matrices or `x.permute(*torch.arange(x.ndim - 1, -1, -1))` to reverse the dimensions of a tensor. (Triggered internally at /pytorch/aten/src/ATen/native/TensorShape.cpp:4416.)
  _debug_values(batch[0].T, "batch[0]")
  0%|          | 1/585 [00:01<10:37,  1.09s/it]  0%|          | 1/585 [00:03<31:17,  3.21s/it]  0%|          | 2/585 [00:04<21:27,  2.21s/it]  1%|          | 4/585 [00:03<06:12,  1.56it/s]  1%|          | 5/585 [00:04<06:20,  1.53it/s]  1%|          | 7/585 [00:03<03:03,  3.15it/s]  1%|▏         | 8/585 [00:04<03:18,  2.91it/s]  2%|▏         | 10/585 [00:03<01:53,  5.07it/s]  2%|▏         | 11/585 [00:04<02:04,  4.62it/s]  2%|▏         | 13/585 [00:03<01:18,  7.32it/s]  2%|▏         | 14/585 [00:04<01:25,  6.69it/s]  3%|▎         | 16/585 [00:03<00:57,  9.84it/s]  3%|▎         | 17/585 [00:04<01:02,  9.04it/s]  3%|▎         | 19/585 [00:03<00:45, 12.46it/s]  3%|▎         | 20/585 [00:04<00:49, 11.50it/s]  4%|▍         | 22/585 [00:04<00:37, 14.91it/s]  4%|▍         | 23/585 [00:04<00:40, 14.04it/s]  4%|▍         | 25/585 [00:04<00:32, 17.28it/s]  4%|▍         | 26/585 [00:05<00:33, 16.45it/s]  5%|▍         | 28/585 [00:04<00:28, 19.25it/s]  5%|▍         | 29/585 [00:05<00:29, 18.53it/s]  5%|▌         | 31/585 [00:04<00:26, 20.87it/s]  5%|▌         | 32/585 [00:05<00:27, 20.25it/s]  6%|▌         | 34/585 [00:04<00:24, 22.07it/s]  6%|▌         | 35/585 [00:05<00:25, 21.58it/s]  6%|▋         | 37/585 [00:04<00:23, 23.09it/s]  6%|▋         | 38/585 [00:05<00:24, 22.77it/s]  7%|▋         | 40/585 [00:04<00:22, 23.94it/s]  7%|▋         | 41/585 [00:05<00:22, 23.70it/s]  7%|▋         | 43/585 [00:04<00:22, 24.53it/s]  8%|▊         | 44/585 [00:05<00:22, 24.36it/s]  8%|▊         | 46/585 [00:04<00:21, 25.08it/s]  8%|▊         | 47/585 [00:05<00:21, 24.96it/s]  8%|▊         | 49/585 [00:05<00:21, 25.41it/s]  9%|▊         | 50/585 [00:05<00:21, 25.26it/s]  9%|▉         | 52/585 [00:05<00:20, 25.49it/s]  9%|▉         | 53/585 [00:06<00:20, 25.42it/s]  9%|▉         | 55/585 [00:05<00:20, 25.55it/s] 10%|▉         | 56/585 [00:06<00:20, 25.42it/s] 10%|▉         | 58/585 [00:05<00:20, 25.64it/s] 10%|█         | 59/585 [00:06<00:20, 25.62it/s] 10%|█         | 61/585 [00:05<00:20, 25.75it/s] 11%|█         | 62/585 [00:06<00:20, 25.75it/s] 11%|█         | 64/585 [00:05<00:20, 25.89it/s] 11%|█         | 65/585 [00:06<00:20, 25.92it/s] 11%|█▏        | 67/585 [00:05<00:19, 26.00it/s] 12%|█▏        | 68/585 [00:06<00:19, 25.98it/s] 12%|█▏        | 70/585 [00:05<00:19, 26.03it/s] 12%|█▏        | 71/585 [00:06<00:19, 26.01it/s] 12%|█▏        | 73/585 [00:06<00:19, 25.75it/s] 13%|█▎        | 74/585 [00:06<00:19, 25.75it/s] 13%|█▎        | 76/585 [00:06<00:19, 25.76it/s] 13%|█▎        | 77/585 [00:06<00:19, 25.68it/s] 14%|█▎        | 79/585 [00:06<00:19, 25.68it/s] 14%|█▎        | 80/585 [00:07<00:19, 25.69it/s] 14%|█▍        | 82/585 [00:06<00:19, 25.79it/s] 14%|█▍        | 83/585 [00:07<00:19, 25.87it/s] 15%|█▍        | 85/585 [00:06<00:19, 25.94it/s] 15%|█▍        | 86/585 [00:07<00:19, 25.94it/s] 15%|█▌        | 88/585 [00:06<00:19, 26.05it/s] 15%|█▌        | 89/585 [00:07<00:19, 26.05it/s] 16%|█▌        | 91/585 [00:06<00:18, 26.08it/s] 16%|█▌        | 92/585 [00:07<00:18, 26.10it/s] 16%|█▌        | 94/585 [00:06<00:18, 26.13it/s] 16%|█▌        | 95/585 [00:07<00:18, 26.11it/s] 17%|█▋        | 97/585 [00:06<00:18, 25.89it/s] 17%|█▋        | 98/585 [00:07<00:18, 25.77it/s] 17%|█▋        | 100/585 [00:07<00:18, 25.79it/s] 17%|█▋        | 101/585 [00:07<00:18, 25.58it/s] 18%|█▊        | 103/585 [00:07<00:18, 25.56it/s] 18%|█▊        | 104/585 [00:08<00:18, 25.66it/s] 18%|█▊        | 106/585 [00:07<00:18, 25.77it/s] 18%|█▊        | 107/585 [00:08<00:18, 25.88it/s] 19%|█▊        | 109/585 [00:07<00:18, 25.98it/s] 19%|█▉        | 110/585 [00:08<00:18, 26.05it/s] 19%|█▉        | 112/585 [00:07<00:18, 25.80it/s] 19%|█▉        | 113/585 [00:08<00:18, 25.73it/s] 20%|█▉        | 115/585 [00:07<00:18, 25.57it/s] 20%|█▉        | 116/585 [00:08<00:18, 25.65it/s] 20%|██        | 118/585 [00:07<00:18, 25.84it/s] 20%|██        | 119/585 [00:08<00:18, 25.87it/s] 21%|██        | 121/585 [00:07<00:17, 25.96it/s] 21%|██        | 122/585 [00:08<00:17, 25.99it/s] 21%|██        | 124/585 [00:07<00:18, 25.42it/s] 21%|██▏       | 125/585 [00:08<00:18, 25.22it/s] 22%|██▏       | 127/585 [00:08<00:18, 25.24it/s] 22%|██▏       | 128/585 [00:08<00:18, 25.30it/s] 22%|██▏       | 130/585 [00:08<00:17, 25.51it/s] 22%|██▏       | 131/585 [00:09<00:17, 25.59it/s] 23%|██▎       | 133/585 [00:08<00:17, 25.81it/s] 23%|██▎       | 134/585 [00:09<00:17, 25.87it/s] 23%|██▎       | 136/585 [00:08<00:17, 25.98it/s] 23%|██▎       | 137/585 [00:09<00:17, 26.03it/s] 24%|██▍       | 139/585 [00:08<00:17, 26.14it/s] 24%|██▍       | 140/585 [00:09<00:17, 26.16it/s] 24%|██▍       | 142/585 [00:08<00:16, 26.19it/s] 24%|██▍       | 143/585 [00:09<00:16, 26.20it/s] 25%|██▍       | 145/585 [00:08<00:16, 26.24it/s] 25%|██▍       | 146/585 [00:09<00:16, 26.25it/s] 25%|██▌       | 148/585 [00:08<00:16, 26.29it/s] 25%|██▌       | 149/585 [00:09<00:16, 26.27it/s] 26%|██▌       | 151/585 [00:09<00:16, 26.29it/s] 26%|██▌       | 152/585 [00:09<00:16, 26.23it/s] 26%|██▋       | 154/585 [00:09<00:16, 26.21it/s] 26%|██▋       | 155/585 [00:09<00:16, 26.27it/s] 27%|██▋       | 157/585 [00:09<00:16, 26.28it/s] 27%|██▋       | 158/585 [00:10<00:16, 26.29it/s] 27%|██▋       | 160/585 [00:09<00:16, 26.12it/s] 28%|██▊       | 161/585 [00:10<00:16, 26.03it/s] 28%|██▊       | 163/585 [00:09<00:16, 25.62it/s] 28%|██▊       | 164/585 [00:10<00:16, 25.58it/s] 28%|██▊       | 166/585 [00:09<00:16, 25.74it/s] 29%|██▊       | 167/585 [00:10<00:16, 25.69it/s] 29%|██▉       | 169/585 [00:09<00:16, 25.45it/s] 29%|██▉       | 170/585 [00:10<00:16, 25.51it/s] 29%|██▉       | 172/585 [00:09<00:16, 25.36it/s] 30%|██▉       | 173/585 [00:10<00:16, 25.31it/s] 30%|██▉       | 175/585 [00:09<00:16, 25.30it/s] 30%|███       | 176/585 [00:10<00:16, 25.36it/s] 30%|███       | 178/585 [00:10<00:15, 25.58it/s] 31%|███       | 179/585 [00:10<00:15, 25.63it/s] 31%|███       | 181/585 [00:10<00:15, 25.87it/s] 31%|███       | 182/585 [00:11<00:15, 25.92it/s] 31%|███▏      | 184/585 [00:10<00:15, 26.10it/s] 32%|███▏      | 185/585 [00:11<00:15, 26.13it/s] 32%|███▏      | 187/585 [00:10<00:15, 26.22it/s] 32%|███▏      | 188/585 [00:11<00:15, 26.21it/s] 32%|███▏      | 190/585 [00:10<00:14, 26.34it/s] 33%|███▎      | 191/585 [00:11<00:14, 26.36it/s] 33%|███▎      | 193/585 [00:10<00:14, 26.37it/s] 33%|███▎      | 194/585 [00:11<00:14, 26.38it/s] 34%|███▎      | 196/585 [00:10<00:14, 26.38it/s] 34%|███▎      | 197/585 [00:11<00:14, 26.39it/s] 34%|███▍      | 199/585 [00:10<00:14, 26.37it/s] 34%|███▍      | 200/585 [00:11<00:14, 26.16it/s] 35%|███▍      | 202/585 [00:10<00:14, 26.18it/s] 35%|███▍      | 203/585 [00:11<00:14, 26.24it/s] 35%|███▌      | 205/585 [00:11<00:14, 26.27it/s] 35%|███▌      | 206/585 [00:11<00:14, 26.33it/s] 36%|███▌      | 208/585 [00:11<00:14, 26.30it/s] 36%|███▌      | 209/585 [00:12<00:14, 26.30it/s] 36%|███▌      | 211/585 [00:11<00:14, 26.23it/s] 36%|███▌      | 212/585 [00:12<00:14, 26.23it/s] 37%|███▋      | 214/585 [00:11<00:14, 26.20it/s] 37%|███▋      | 215/585 [00:12<00:14, 26.15it/s] 37%|███▋      | 217/585 [00:11<00:14, 25.84it/s] 37%|███▋      | 218/585 [00:12<00:14, 25.84it/s] 38%|███▊      | 220/585 [00:11<00:14, 25.89it/s] 38%|███▊      | 221/585 [00:12<00:14, 25.83it/s] 38%|███▊      | 223/585 [00:11<00:13, 25.86it/s] 38%|███▊      | 224/585 [00:12<00:13, 25.93it/s] 39%|███▊      | 226/585 [00:11<00:13, 25.98it/s] 39%|███▉      | 227/585 [00:12<00:13, 25.93it/s] 39%|███▉      | 229/585 [00:12<00:13, 25.97it/s] 39%|███▉      | 230/585 [00:12<00:13, 25.96it/s] 40%|███▉      | 232/585 [00:12<00:13, 25.88it/s] 40%|███▉      | 233/585 [00:12<00:13, 25.93it/s] 40%|████      | 235/585 [00:12<00:13, 26.01it/s] 40%|████      | 236/585 [00:13<00:13, 26.03it/s] 41%|████      | 238/585 [00:12<00:13, 26.10it/s] 41%|████      | 239/585 [00:13<00:13, 26.11it/s] 41%|████      | 241/585 [00:12<00:13, 26.19it/s] 41%|████▏     | 242/585 [00:13<00:13, 26.18it/s] 42%|████▏     | 244/585 [00:12<00:13, 26.15it/s] 42%|████▏     | 245/585 [00:13<00:12, 26.18it/s] 42%|████▏     | 247/585 [00:12<00:12, 26.22it/s] 42%|████▏     | 248/585 [00:13<00:12, 26.23it/s] 43%|████▎     | 250/585 [00:12<00:12, 26.23it/s] 43%|████▎     | 251/585 [00:13<00:12, 26.22it/s] 43%|████▎     | 253/585 [00:12<00:12, 26.26it/s] 43%|████▎     | 254/585 [00:13<00:12, 26.25it/s] 44%|████▍     | 256/585 [00:13<00:12, 26.26it/s] 44%|████▍     | 257/585 [00:13<00:12, 26.27it/s] 44%|████▍     | 259/585 [00:13<00:12, 26.02it/s] 44%|████▍     | 260/585 [00:14<00:12, 25.89it/s] 45%|████▍     | 262/585 [00:13<00:12, 25.78it/s] 45%|████▍     | 263/585 [00:14<00:12, 25.65it/s] 45%|████▌     | 265/585 [00:13<00:12, 25.60it/s] 45%|████▌     | 266/585 [00:14<00:12, 25.52it/s] 46%|████▌     | 268/585 [00:13<00:12, 25.55it/s] 46%|████▌     | 269/585 [00:14<00:12, 25.56it/s] 46%|████▋     | 271/585 [00:13<00:12, 25.62it/s] 46%|████▋     | 272/585 [00:14<00:12, 25.69it/s] 47%|████▋     | 274/585 [00:13<00:12, 25.65it/s] 47%|████▋     | 275/585 [00:14<00:12, 25.50it/s] 47%|████▋     | 277/585 [00:13<00:12, 25.16it/s] 48%|████▊     | 278/585 [00:14<00:12, 25.03it/s] 48%|████▊     | 280/585 [00:13<00:12, 24.90it/s] 48%|████▊     | 281/585 [00:14<00:12, 25.06it/s] 48%|████▊     | 283/585 [00:14<00:11, 25.27it/s] 49%|████▊     | 284/585 [00:14<00:11, 25.35it/s] 49%|████▉     | 286/585 [00:14<00:11, 25.52it/s] 49%|████▉     | 287/585 [00:15<00:11, 25.62it/s] 49%|████▉     | 289/585 [00:14<00:11, 25.78it/s] 50%|████▉     | 290/585 [00:15<00:11, 25.87it/s] 50%|████▉     | 292/585 [00:14<00:11, 26.05it/s] 50%|█████     | 293/585 [00:15<00:11, 26.02it/s] 50%|█████     | 295/585 [00:14<00:11, 26.06it/s] 51%|█████     | 296/585 [00:15<00:11, 26.11it/s] 51%|█████     | 298/585 [00:14<00:11, 26.06it/s] 51%|█████     | 299/585 [00:15<00:10, 26.10it/s] 51%|█████▏    | 301/585 [00:14<00:10, 26.07it/s] 52%|█████▏    | 302/585 [00:15<00:10, 26.06it/s] 52%|█████▏    | 304/585 [00:14<00:10, 26.05it/s] 52%|█████▏    | 305/585 [00:15<00:10, 26.08it/s] 52%|█████▏    | 307/585 [00:15<00:10, 26.24it/s] 53%|█████▎    | 308/585 [00:15<00:10, 26.24it/s] 53%|█████▎    | 310/585 [00:15<00:10, 26.23it/s] 53%|█████▎    | 311/585 [00:16<00:16, 16.26it/s] 54%|█████▎    | 313/585 [00:15<00:16, 16.23it/s] 54%|█████▎    | 314/585 [00:16<00:14, 18.32it/s] 54%|█████▍    | 316/585 [00:15<00:14, 18.33it/s] 54%|█████▍    | 317/585 [00:16<00:13, 20.15it/s] 55%|█████▍    | 319/585 [00:15<00:13, 20.17it/s] 55%|█████▍    | 320/585 [00:16<00:12, 21.67it/s] 55%|█████▌    | 322/585 [00:15<00:12, 21.65it/s] 55%|█████▌    | 323/585 [00:16<00:11, 22.83it/s] 56%|█████▌    | 325/585 [00:16<00:17, 15.04it/s] 56%|█████▌    | 326/585 [00:17<00:16, 15.42it/s] 56%|█████▌    | 328/585 [00:16<00:14, 17.23it/s] 56%|█████▌    | 329/585 [00:17<00:14, 17.60it/s] 57%|█████▋    | 331/585 [00:16<00:13, 19.20it/s] 57%|█████▋    | 332/585 [00:17<00:12, 19.50it/s] 57%|█████▋    | 334/585 [00:16<00:11, 20.92it/s] 57%|█████▋    | 335/585 [00:17<00:11, 21.14it/s] 58%|█████▊    | 337/585 [00:16<00:11, 22.23it/s] 58%|█████▊    | 338/585 [00:17<00:11, 22.43it/s] 58%|█████▊    | 340/585 [00:16<00:10, 23.25it/s] 58%|█████▊    | 341/585 [00:17<00:10, 23.42it/s] 59%|█████▊    | 343/585 [00:16<00:10, 24.04it/s] 59%|█████▉    | 344/585 [00:17<00:09, 24.16it/s] 59%|█████▉    | 346/585 [00:16<00:09, 24.69it/s] 59%|█████▉    | 347/585 [00:17<00:09, 24.79it/s] 60%|█████▉    | 349/585 [00:17<00:09, 25.12it/s] 60%|█████▉    | 350/585 [00:17<00:09, 25.18it/s] 60%|██████    | 352/585 [00:17<00:09, 25.27it/s] 60%|██████    | 353/585 [00:18<00:09, 25.34it/s] 61%|██████    | 355/585 [00:17<00:09, 25.55it/s] 61%|██████    | 356/585 [00:18<00:08, 25.61it/s] 61%|██████    | 358/585 [00:17<00:08, 25.79it/s] 61%|██████▏   | 359/585 [00:18<00:08, 25.81it/s] 62%|██████▏   | 361/585 [00:17<00:08, 25.93it/s] 62%|██████▏   | 362/585 [00:18<00:08, 25.96it/s] 62%|██████▏   | 364/585 [00:17<00:08, 26.02it/s] 62%|██████▏   | 365/585 [00:18<00:08, 26.02it/s] 63%|██████▎   | 367/585 [00:17<00:08, 26.05it/s] 63%|██████▎   | 368/585 [00:18<00:08, 26.06it/s] 63%|██████▎   | 370/585 [00:17<00:08, 26.12it/s] 63%|██████▎   | 371/585 [00:18<00:08, 26.09it/s] 64%|██████▍   | 373/585 [00:18<00:08, 26.16it/s] 64%|██████▍   | 374/585 [00:18<00:08, 26.19it/s] 64%|██████▍   | 376/585 [00:18<00:07, 26.24it/s] 64%|██████▍   | 377/585 [00:18<00:07, 26.27it/s] 65%|██████▍   | 379/585 [00:18<00:07, 26.14it/s] 65%|██████▍   | 380/585 [00:19<00:07, 26.12it/s] 65%|██████▌   | 382/585 [00:18<00:07, 26.14it/s] 65%|██████▌   | 383/585 [00:19<00:07, 26.14it/s] 66%|██████▌   | 385/585 [00:18<00:07, 26.23it/s] 66%|██████▌   | 386/585 [00:19<00:07, 26.26it/s] 66%|██████▋   | 388/585 [00:18<00:07, 26.29it/s] 66%|██████▋   | 389/585 [00:19<00:07, 26.29it/s] 67%|██████▋   | 391/585 [00:18<00:07, 26.32it/s] 67%|██████▋   | 392/585 [00:19<00:07, 26.36it/s] 67%|██████▋   | 394/585 [00:18<00:07, 26.37it/s] 68%|██████▊   | 395/585 [00:19<00:07, 26.31it/s] 68%|██████▊   | 397/585 [00:18<00:07, 26.15it/s] 68%|██████▊   | 398/585 [00:19<00:07, 26.15it/s] 68%|██████▊   | 400/585 [00:19<00:07, 26.21it/s] 69%|██████▊   | 401/585 [00:19<00:07, 26.24it/s] 69%|██████▉   | 403/585 [00:19<00:06, 26.21it/s] 69%|██████▉   | 404/585 [00:20<00:06, 26.16it/s] 69%|██████▉   | 406/585 [00:19<00:06, 26.08it/s] 70%|██████▉   | 407/585 [00:20<00:06, 26.09it/s] 70%|██████▉   | 409/585 [00:19<00:06, 26.05it/s] 70%|███████   | 410/585 [00:20<00:06, 26.05it/s] 70%|███████   | 412/585 [00:19<00:06, 26.09it/s] 71%|███████   | 413/585 [00:20<00:06, 26.03it/s] 71%|███████   | 415/585 [00:19<00:06, 26.02it/s] 71%|███████   | 416/585 [00:20<00:06, 26.04it/s] 71%|███████▏  | 418/585 [00:19<00:06, 26.04it/s] 72%|███████▏  | 419/585 [00:20<00:06, 26.07it/s] 72%|███████▏  | 421/585 [00:19<00:06, 26.17it/s] 72%|███████▏  | 422/585 [00:20<00:06, 26.20it/s] 72%|███████▏  | 424/585 [00:19<00:06, 25.96it/s] 73%|███████▎  | 425/585 [00:20<00:06, 25.97it/s] 73%|███████▎  | 427/585 [00:20<00:06, 25.80it/s] 73%|███████▎  | 428/585 [00:20<00:06, 25.80it/s] 74%|███████▎  | 430/585 [00:20<00:05, 25.93it/s] 74%|███████▎  | 431/585 [00:21<00:05, 25.92it/s] 74%|███████▍  | 433/585 [00:20<00:05, 26.03it/s] 74%|███████▍  | 434/585 [00:21<00:05, 26.05it/s] 75%|███████▍  | 436/585 [00:20<00:05, 26.11it/s] 75%|███████▍  | 437/585 [00:21<00:05, 26.11it/s] 75%|███████▌  | 439/585 [00:20<00:05, 26.18it/s] 75%|███████▌  | 440/585 [00:21<00:05, 26.20it/s] 76%|███████▌  | 442/585 [00:20<00:05, 26.21it/s] 76%|███████▌  | 443/585 [00:21<00:05, 26.24it/s] 76%|███████▌  | 445/585 [00:20<00:05, 26.24it/s] 76%|███████▌  | 446/585 [00:21<00:05, 26.21it/s] 77%|███████▋  | 448/585 [00:20<00:05, 26.26it/s] 77%|███████▋  | 449/585 [00:21<00:05, 26.29it/s] 77%|███████▋  | 451/585 [00:20<00:05, 26.38it/s] 77%|███████▋  | 452/585 [00:21<00:05, 26.37it/s] 78%|███████▊  | 454/585 [00:21<00:04, 26.43it/s] 78%|███████▊  | 455/585 [00:21<00:04, 26.43it/s] 78%|███████▊  | 457/585 [00:21<00:04, 26.40it/s] 78%|███████▊  | 458/585 [00:22<00:04, 26.36it/s] 79%|███████▊  | 460/585 [00:21<00:04, 26.34it/s] 79%|███████▉  | 461/585 [00:22<00:04, 26.34it/s] 79%|███████▉  | 463/585 [00:21<00:04, 26.31it/s] 79%|███████▉  | 464/585 [00:22<00:04, 26.31it/s] 80%|███████▉  | 466/585 [00:21<00:04, 26.26it/s] 80%|███████▉  | 467/585 [00:22<00:04, 26.23it/s] 80%|████████  | 469/585 [00:21<00:04, 26.27it/s] 80%|████████  | 470/585 [00:22<00:04, 26.29it/s] 81%|████████  | 472/585 [00:21<00:04, 26.29it/s] 81%|████████  | 473/585 [00:22<00:04, 26.30it/s] 81%|████████  | 475/585 [00:21<00:04, 26.32it/s] 81%|████████▏ | 476/585 [00:22<00:04, 26.21it/s] 82%|████████▏ | 478/585 [00:22<00:04, 25.98it/s] 82%|████████▏ | 479/585 [00:22<00:04, 26.00it/s] 82%|████████▏ | 481/585 [00:22<00:03, 26.06it/s] 82%|████████▏ | 482/585 [00:22<00:03, 26.06it/s] 83%|████████▎ | 484/585 [00:22<00:03, 26.10it/s] 83%|████████▎ | 485/585 [00:23<00:03, 26.10it/s] 83%|████████▎ | 487/585 [00:22<00:03, 26.12it/s] 83%|████████▎ | 488/585 [00:23<00:03, 26.12it/s] 84%|████████▍ | 490/585 [00:22<00:03, 26.14it/s] 84%|████████▍ | 491/585 [00:23<00:03, 26.16it/s] 84%|████████▍ | 493/585 [00:22<00:03, 26.22it/s] 84%|████████▍ | 494/585 [00:23<00:03, 26.25it/s] 85%|████████▍ | 496/585 [00:22<00:03, 26.29it/s] 85%|████████▍ | 497/585 [00:23<00:03, 26.27it/s] 85%|████████▌ | 499/585 [00:22<00:03, 26.27it/s] 85%|████████▌ | 500/585 [00:23<00:03, 26.24it/s] 86%|████████▌ | 502/585 [00:22<00:03, 26.12it/s] 86%|████████▌ | 503/585 [00:23<00:03, 26.14it/s] 86%|████████▋ | 505/585 [00:23<00:03, 26.23it/s] 86%|████████▋ | 506/585 [00:23<00:03, 26.23it/s] 87%|████████▋ | 508/585 [00:23<00:02, 26.27it/s] 87%|████████▋ | 509/585 [00:24<00:02, 26.28it/s] 87%|████████▋ | 511/585 [00:23<00:02, 26.36it/s] 88%|████████▊ | 512/585 [00:24<00:02, 26.34it/s] 88%|████████▊ | 514/585 [00:23<00:02, 26.27it/s] 88%|████████▊ | 515/585 [00:24<00:02, 26.29it/s] 88%|████████▊ | 517/585 [00:23<00:02, 26.28it/s] 89%|████████▊ | 518/585 [00:24<00:02, 26.15it/s] 89%|████████▉ | 520/585 [00:23<00:02, 25.86it/s] 89%|████████▉ | 521/585 [00:24<00:02, 25.85it/s] 89%|████████▉ | 523/585 [00:23<00:02, 25.96it/s] 90%|████████▉ | 524/585 [00:24<00:02, 26.02it/s] 90%|████████▉ | 526/585 [00:23<00:02, 26.06it/s] 90%|█████████ | 527/585 [00:24<00:02, 26.10it/s] 90%|█████████ | 529/585 [00:23<00:02, 25.91it/s] 91%|█████████ | 530/585 [00:24<00:02, 25.69it/s] 91%|█████████ | 532/585 [00:24<00:02, 25.38it/s] 91%|█████████ | 533/585 [00:24<00:02, 25.25it/s] 91%|█████████▏| 535/585 [00:24<00:01, 25.00it/s] 92%|█████████▏| 536/585 [00:25<00:01, 25.05it/s] 92%|█████████▏| 538/585 [00:24<00:01, 25.33it/s] 92%|█████████▏| 539/585 [00:25<00:01, 25.31it/s] 92%|█████████▏| 541/585 [00:24<00:01, 25.58it/s] 93%|█████████▎| 542/585 [00:25<00:01, 25.72it/s] 93%|█████████▎| 544/585 [00:24<00:01, 25.90it/s] 93%|█████████▎| 545/585 [00:25<00:01, 25.96it/s] 94%|█████████▎| 547/585 [00:24<00:01, 26.05it/s] 94%|█████████▎| 548/585 [00:25<00:01, 26.14it/s] 94%|█████████▍| 550/585 [00:24<00:01, 26.16it/s] 94%|█████████▍| 551/585 [00:25<00:01, 26.21it/s] 95%|█████████▍| 553/585 [00:24<00:01, 26.29it/s] 95%|█████████▍| 554/585 [00:25<00:01, 26.32it/s] 95%|█████████▌| 556/585 [00:25<00:01, 26.42it/s] 95%|█████████▌| 557/585 [00:25<00:01, 26.46it/s] 96%|█████████▌| 559/585 [00:25<00:00, 26.46it/s] 96%|█████████▌| 560/585 [00:25<00:00, 26.49it/s] 96%|█████████▌| 562/585 [00:25<00:00, 26.46it/s] 96%|█████████▌| 563/585 [00:26<00:00, 26.48it/s] 97%|█████████▋| 565/585 [00:25<00:00, 26.48it/s] 97%|█████████▋| 566/585 [00:26<00:00, 26.48it/s] 97%|█████████▋| 568/585 [00:25<00:00, 26.53it/s] 97%|█████████▋| 569/585 [00:26<00:00, 26.54it/s] 98%|█████████▊| 571/585 [00:25<00:00, 26.53it/s] 98%|█████████▊| 572/585 [00:26<00:00, 26.53it/s] 98%|█████████▊| 574/585 [00:25<00:00, 26.51it/s] 98%|█████████▊| 575/585 [00:26<00:00, 26.52it/s] 99%|█████████▊| 577/585 [00:25<00:00, 26.53it/s] 99%|█████████▉| 578/585 [00:26<00:00, 26.53it/s] 99%|█████████▉| 580/585 [00:25<00:00, 26.49it/s] 99%|█████████▉| 581/585 [00:26<00:00, 26.48it/s]100%|█████████▉| 583/585 [00:26<00:00, 26.47it/s]100%|█████████▉| 584/585 [00:26<00:00, 26.43it/s]100%|██████████| 585/585 [00:26<00:00, 22.41it/s]
100%|██████████| 585/585 [00:26<00:00, 21.72it/s]
Model checkpointing attempts: 0.
Stored epoch 0 model checkpoint to ./checkpoints/parquet_dataset/parquet_dataset__model_nlyrs_4_nheads_4_hdim_64__pred_ovrlap_F_npreds_4__nlyrs_2_activ_relunenc_1__lr_0.0001_start_0.001_final_0_20251112_155003/epoch_0.pth.
Training loss has improved 1 times since last caching the model. Caching now.
/home/aminmohamadi_squareup_com/projects/.hermit/python/lib/python3.11/site-packages/torch/distributed/distributed_c10d.py:4876: UserWarning: barrier(): using the device under current context. You can specify `device_id` in `init_process_group` to mute this warning.
  warnings.warn(  # warn only once
##############################Training epoch: 2/10##############################
  0%|          | 0/585 [00:00<?, ?it/s]  0%|          | 0/585 [00:00<?, ?it/s]  0%|          | 1/585 [00:01<19:19,  1.99s/it]  0%|          | 2/585 [00:02<09:50,  1.01s/it]  1%|          | 4/585 [00:02<03:56,  2.45it/s]  1%|          | 5/585 [00:02<03:22,  2.87it/s]  1%|          | 7/585 [00:02<02:00,  4.78it/s]  1%|▏         | 8/585 [00:02<01:52,  5.12it/s]  2%|▏         | 10/585 [00:02<01:17,  7.42it/s]  2%|▏         | 11/585 [00:02<01:14,  7.68it/s]  2%|▏         | 13/585 [00:02<00:55, 10.22it/s]  2%|▏         | 14/585 [00:02<00:54, 10.43it/s]  3%|▎         | 16/585 [00:02<00:43, 13.05it/s]  3%|▎         | 17/585 [00:02<00:43, 13.19it/s]  3%|▎         | 19/585 [00:02<00:35, 15.74it/s]  3%|▎         | 20/585 [00:02<00:35, 15.84it/s]  4%|▍         | 22/585 [00:02<00:31, 18.15it/s]  4%|▍         | 23/585 [00:02<00:30, 18.21it/s]  4%|▍         | 25/585 [00:02<00:27, 20.20it/s]  4%|▍         | 26/585 [00:02<00:27, 20.23it/s]  5%|▍         | 28/585 [00:03<00:25, 21.86it/s]  5%|▍         | 29/585 [00:03<00:25, 21.89it/s]  5%|▌         | 31/585 [00:03<00:23, 23.12it/s]  5%|▌         | 32/585 [00:03<00:23, 23.13it/s]  6%|▌         | 34/585 [00:03<00:22, 24.05it/s]  6%|▌         | 35/585 [00:03<00:22, 23.99it/s]  6%|▋         | 37/585 [00:03<00:22, 24.60it/s]  6%|▋         | 38/585 [00:03<00:22, 24.64it/s]  7%|▋         | 40/585 [00:03<00:21, 25.21it/s]  7%|▋         | 41/585 [00:03<00:21, 25.21it/s]  7%|▋         | 43/585 [00:03<00:21, 25.56it/s]  8%|▊         | 44/585 [00:03<00:21, 25.56it/s]  8%|▊         | 46/585 [00:03<00:20, 25.81it/s]  8%|▊         | 47/585 [00:03<00:20, 25.82it/s]  8%|▊         | 49/585 [00:03<00:20, 25.98it/s]  9%|▊         | 50/585 [00:03<00:20, 25.94it/s]  9%|▉         | 52/585 [00:03<00:20, 25.53it/s]  9%|▉         | 53/585 [00:03<00:20, 25.43it/s]  9%|▉         | 55/585 [00:04<00:21, 25.19it/s] 10%|▉         | 56/585 [00:04<00:20, 25.20it/s] 10%|▉         | 58/585 [00:04<00:20, 25.48it/s] 10%|█         | 59/585 [00:04<00:20, 25.50it/s] 10%|█         | 61/585 [00:04<00:20, 25.72it/s] 11%|█         | 62/585 [00:04<00:20, 25.73it/s] 11%|█         | 64/585 [00:04<00:20, 25.69it/s] 11%|█         | 65/585 [00:04<00:20, 25.58it/s] 11%|█▏        | 67/585 [00:04<00:20, 25.54it/s] 12%|█▏        | 68/585 [00:04<00:20, 25.46it/s] 12%|█▏        | 70/585 [00:04<00:20, 25.50it/s] 12%|█▏        | 71/585 [00:04<00:20, 25.49it/s] 12%|█▏        | 73/585 [00:04<00:20, 25.42it/s] 13%|█▎        | 74/585 [00:04<00:20, 25.40it/s] 13%|█▎        | 76/585 [00:04<00:19, 25.56it/s] 13%|█▎        | 77/585 [00:04<00:19, 25.66it/s] 14%|█▎        | 79/585 [00:04<00:19, 25.78it/s] 14%|█▎        | 80/585 [00:05<00:19, 25.85it/s] 14%|█▍        | 82/585 [00:05<00:19, 25.94it/s] 14%|█▍        | 83/585 [00:05<00:19, 25.91it/s] 15%|█▍        | 85/585 [00:05<00:19, 25.83it/s] 15%|█▍        | 86/585 [00:05<00:19, 25.84it/s] 15%|█▌        | 88/585 [00:05<00:19, 25.94it/s] 15%|█▌        | 89/585 [00:05<00:19, 25.86it/s] 16%|█▌        | 91/585 [00:05<00:19, 25.74it/s] 16%|█▌        | 92/585 [00:05<00:19, 25.76it/s] 16%|█▌        | 94/585 [00:05<00:18, 25.84it/s] 16%|█▌        | 95/585 [00:05<00:28, 16.92it/s] 17%|█▋        | 97/585 [00:05<00:29, 16.62it/s] 17%|█▋        | 98/585 [00:05<00:26, 18.26it/s] 17%|█▋        | 100/585 [00:06<00:26, 18.12it/s] 17%|█▋        | 101/585 [00:06<00:24, 19.56it/s] 18%|█▊        | 103/585 [00:06<00:24, 19.41it/s] 18%|█▊        | 104/585 [00:06<00:23, 20.70it/s] 18%|█▊        | 106/585 [00:06<00:22, 20.89it/s] 18%|█▊        | 107/585 [00:06<00:21, 21.77it/s] 19%|█▊        | 109/585 [00:06<00:21, 21.70it/s] 19%|█▉        | 110/585 [00:06<00:21, 22.53it/s] 19%|█▉        | 112/585 [00:06<00:20, 22.75it/s] 19%|█▉        | 113/585 [00:06<00:20, 23.46it/s] 20%|█▉        | 115/585 [00:06<00:19, 23.68it/s] 20%|█▉        | 116/585 [00:06<00:19, 24.17it/s] 20%|██        | 118/585 [00:06<00:19, 24.38it/s] 20%|██        | 119/585 [00:06<00:18, 24.77it/s] 21%|██        | 121/585 [00:06<00:18, 24.98it/s] 21%|██        | 122/585 [00:06<00:18, 25.26it/s] 21%|██        | 124/585 [00:06<00:18, 25.40it/s] 21%|██▏       | 125/585 [00:07<00:18, 25.55it/s] 22%|██▏       | 127/585 [00:07<00:17, 25.62it/s] 22%|██▏       | 128/585 [00:07<00:17, 25.80it/s] 22%|██▏       | 130/585 [00:07<00:17, 25.83it/s] 22%|██▏       | 131/585 [00:07<00:17, 25.94it/s] 23%|██▎       | 133/585 [00:07<00:17, 25.79it/s] 23%|██▎       | 134/585 [00:07<00:17, 25.85it/s] 23%|██▎       | 136/585 [00:07<00:17, 25.87it/s] 23%|██▎       | 137/585 [00:07<00:17, 25.82it/s] 24%|██▍       | 139/585 [00:07<00:17, 25.63it/s] 24%|██▍       | 140/585 [00:07<00:17, 25.68it/s] 24%|██▍       | 142/585 [00:07<00:17, 25.75it/s] 24%|██▍       | 143/585 [00:07<00:17, 25.80it/s] 25%|██▍       | 145/585 [00:07<00:17, 25.87it/s] 25%|██▍       | 146/585 [00:07<00:16, 25.89it/s] 25%|██▌       | 148/585 [00:07<00:16, 25.86it/s] 25%|██▌       | 149/585 [00:07<00:16, 25.79it/s] 26%|██▌       | 151/585 [00:08<00:16, 25.63it/s] 26%|██▌       | 152/585 [00:08<00:16, 25.51it/s] 26%|██▋       | 154/585 [00:08<00:17, 24.91it/s] 26%|██▋       | 155/585 [00:08<00:17, 24.74it/s] 27%|██▋       | 157/585 [00:08<00:17, 24.59it/s] 27%|██▋       | 158/585 [00:08<00:17, 24.43it/s] 27%|██▋       | 160/585 [00:08<00:17, 24.22it/s] 28%|██▊       | 161/585 [00:08<00:17, 24.20it/s] 28%|██▊       | 163/585 [00:08<00:17, 24.44it/s] 28%|██▊       | 164/585 [00:08<00:17, 24.53it/s] 28%|██▊       | 166/585 [00:08<00:16, 24.76it/s] 29%|██▊       | 167/585 [00:08<00:16, 24.87it/s] 29%|██▉       | 169/585 [00:08<00:16, 25.11it/s] 29%|██▉       | 170/585 [00:08<00:16, 25.23it/s] 29%|██▉       | 172/585 [00:08<00:16, 25.46it/s] 30%|██▉       | 173/585 [00:08<00:16, 25.55it/s] 30%|██▉       | 175/585 [00:08<00:16, 25.58it/s] 30%|███       | 176/585 [00:09<00:15, 25.65it/s] 30%|███       | 178/585 [00:09<00:15, 25.51it/s] 31%|███       | 179/585 [00:09<00:15, 25.55it/s] 31%|███       | 181/585 [00:09<00:15, 25.74it/s] 31%|███       | 182/585 [00:09<00:15, 25.83it/s] 31%|███▏      | 184/585 [00:09<00:22, 18.10it/s] 32%|███▏      | 185/585 [00:09<00:22, 18.12it/s] 32%|███▏      | 187/585 [00:09<00:19, 20.01it/s] 32%|███▏      | 188/585 [00:09<00:19, 20.04it/s] 32%|███▏      | 190/585 [00:09<00:18, 21.59it/s] 33%|███▎      | 191/585 [00:09<00:18, 21.59it/s] 33%|███▎      | 193/585 [00:09<00:17, 22.84it/s] 33%|███▎      | 194/585 [00:09<00:17, 22.81it/s] 34%|███▎      | 196/585 [00:09<00:16, 23.61it/s] 34%|███▎      | 197/585 [00:09<00:16, 23.61it/s] 34%|███▍      | 199/585 [00:10<00:15, 24.39it/s] 34%|███▍      | 200/585 [00:10<00:15, 24.24it/s] 35%|███▍      | 202/585 [00:10<00:15, 24.52it/s] 35%|███▍      | 203/585 [00:10<00:15, 24.57it/s] 35%|███▌      | 205/585 [00:10<00:15, 25.05it/s] 35%|███▌      | 206/585 [00:10<00:15, 25.11it/s] 36%|███▌      | 208/585 [00:10<00:14, 25.50it/s] 36%|███▌      | 209/585 [00:10<00:14, 25.56it/s] 36%|███▌      | 211/585 [00:10<00:14, 25.79it/s] 36%|███▌      | 212/585 [00:10<00:14, 25.80it/s] 37%|███▋      | 214/585 [00:10<00:14, 25.97it/s] 37%|███▋      | 215/585 [00:10<00:14, 25.95it/s] 37%|███▋      | 217/585 [00:10<00:14, 26.06it/s] 37%|███▋      | 218/585 [00:10<00:14, 26.10it/s] 38%|███▊      | 220/585 [00:10<00:13, 26.24it/s] 38%|███▊      | 221/585 [00:10<00:13, 26.28it/s] 38%|███▊      | 223/585 [00:10<00:13, 26.39it/s] 38%|███▊      | 224/585 [00:11<00:13, 26.41it/s] 39%|███▊      | 226/585 [00:11<00:13, 26.35it/s] 39%|███▉      | 227/585 [00:11<00:13, 26.24it/s] 39%|███▉      | 229/585 [00:11<00:13, 26.24it/s] 39%|███▉      | 230/585 [00:11<00:13, 26.22it/s] 40%|███▉      | 232/585 [00:11<00:13, 26.22it/s] 40%|███▉      | 233/585 [00:11<00:13, 26.25it/s] 40%|████      | 235/585 [00:11<00:13, 26.34it/s] 40%|████      | 236/585 [00:11<00:13, 26.34it/s] 41%|████      | 238/585 [00:11<00:13, 26.34it/s] 41%|████      | 239/585 [00:11<00:13, 26.30it/s] 41%|████      | 241/585 [00:11<00:13, 26.36it/s] 41%|████▏     | 242/585 [00:11<00:12, 26.41it/s] 42%|████▏     | 244/585 [00:11<00:12, 26.44it/s] 42%|████▏     | 245/585 [00:11<00:12, 26.48it/s] 42%|████▏     | 247/585 [00:11<00:12, 26.52it/s] 42%|████▏     | 248/585 [00:11<00:12, 26.56it/s] 43%|████▎     | 250/585 [00:11<00:12, 26.54it/s] 43%|████▎     | 251/585 [00:12<00:12, 26.51it/s] 43%|████▎     | 253/585 [00:12<00:12, 26.48it/s] 43%|████▎     | 254/585 [00:12<00:12, 26.33it/s] 44%|████▍     | 256/585 [00:12<00:12, 26.20it/s] 44%|████▍     | 257/585 [00:12<00:12, 26.22it/s] 44%|████▍     | 259/585 [00:12<00:12, 25.97it/s] 44%|████▍     | 260/585 [00:12<00:12, 25.67it/s] 45%|████▍     | 262/585 [00:12<00:13, 24.73it/s] 45%|████▍     | 263/585 [00:12<00:13, 24.63it/s] 45%|████▌     | 265/585 [00:12<00:12, 24.88it/s] 45%|████▌     | 266/585 [00:12<00:12, 24.98it/s] 46%|████▌     | 268/585 [00:12<00:12, 25.21it/s] 46%|████▌     | 269/585 [00:12<00:12, 25.36it/s] 46%|████▋     | 271/585 [00:12<00:12, 25.62it/s] 46%|████▋     | 272/585 [00:12<00:12, 25.70it/s] 47%|████▋     | 274/585 [00:12<00:12, 25.25it/s] 47%|████▋     | 275/585 [00:12<00:12, 25.31it/s] 47%|████▋     | 277/585 [00:13<00:12, 25.58it/s] 48%|████▊     | 278/585 [00:13<00:11, 25.62it/s] 48%|████▊     | 280/585 [00:13<00:11, 25.74it/s] 48%|████▊     | 281/585 [00:13<00:11, 25.77it/s] 48%|████▊     | 283/585 [00:13<00:11, 25.99it/s] 49%|████▊     | 284/585 [00:13<00:11, 25.89it/s] 49%|████▉     | 286/585 [00:13<00:11, 25.82it/s] 49%|████▉     | 287/585 [00:13<00:11, 25.85it/s] 49%|████▉     | 289/585 [00:13<00:11, 25.97it/s] 50%|████▉     | 290/585 [00:13<00:11, 26.03it/s] 50%|████▉     | 292/585 [00:13<00:11, 26.16it/s] 50%|█████     | 293/585 [00:13<00:11, 26.21it/s] 50%|█████     | 295/585 [00:13<00:11, 26.30it/s] 51%|█████     | 296/585 [00:13<00:10, 26.32it/s] 51%|█████     | 298/585 [00:13<00:10, 26.42it/s] 51%|█████     | 299/585 [00:13<00:10, 26.44it/s] 51%|█████▏    | 301/585 [00:13<00:10, 26.44it/s] 52%|█████▏    | 302/585 [00:14<00:10, 26.46it/s] 52%|█████▏    | 304/585 [00:14<00:10, 26.52it/s] 52%|█████▏    | 305/585 [00:14<00:10, 26.54it/s] 52%|█████▏    | 307/585 [00:14<00:10, 26.47it/s] 53%|█████▎    | 308/585 [00:14<00:10, 26.47it/s] 53%|█████▎    | 310/585 [00:14<00:10, 26.47it/s] 53%|█████▎    | 311/585 [00:14<00:10, 26.47it/s] 54%|█████▎    | 313/585 [00:14<00:10, 26.53it/s] 54%|█████▎    | 314/585 [00:14<00:10, 26.56it/s] 54%|█████▍    | 316/585 [00:14<00:10, 26.54it/s] 54%|█████▍    | 317/585 [00:14<00:10, 26.52it/s] 55%|█████▍    | 319/585 [00:14<00:10, 26.49it/s] 55%|█████▍    | 320/585 [00:14<00:10, 26.48it/s] 55%|█████▌    | 322/585 [00:14<00:09, 26.53it/s] 55%|█████▌    | 323/585 [00:14<00:09, 26.51it/s] 56%|█████▌    | 325/585 [00:14<00:09, 26.57it/s] 56%|█████▌    | 326/585 [00:14<00:09, 26.54it/s] 56%|█████▌    | 328/585 [00:14<00:09, 26.51it/s] 56%|█████▌    | 329/585 [00:15<00:09, 26.55it/s] 57%|█████▋    | 331/585 [00:15<00:09, 26.54it/s] 57%|█████▋    | 332/585 [00:15<00:09, 26.57it/s] 57%|█████▋    | 334/585 [00:15<00:09, 26.33it/s] 57%|█████▋    | 335/585 [00:15<00:09, 26.22it/s] 58%|█████▊    | 337/585 [00:15<00:09, 26.07it/s] 58%|█████▊    | 338/585 [00:15<00:09, 26.10it/s] 58%|█████▊    | 340/585 [00:15<00:09, 26.14it/s] 58%|█████▊    | 341/585 [00:15<00:09, 26.09it/s] 59%|█████▊    | 343/585 [00:15<00:09, 26.08it/s] 59%|█████▉    | 344/585 [00:15<00:09, 26.01it/s] 59%|█████▉    | 346/585 [00:15<00:09, 26.02it/s] 59%|█████▉    | 347/585 [00:15<00:09, 25.98it/s] 60%|█████▉    | 349/585 [00:15<00:09, 25.99it/s] 60%|█████▉    | 350/585 [00:15<00:09, 26.03it/s] 60%|██████    | 352/585 [00:15<00:09, 25.66it/s] 60%|██████    | 353/585 [00:15<00:09, 25.54it/s] 61%|██████    | 355/585 [00:16<00:09, 25.34it/s] 61%|██████    | 356/585 [00:16<00:09, 25.39it/s] 61%|██████    | 358/585 [00:16<00:08, 25.57it/s] 61%|██████▏   | 359/585 [00:16<00:08, 25.64it/s] 62%|██████▏   | 361/585 [00:16<00:08, 25.63it/s] 62%|██████▏   | 362/585 [00:16<00:08, 25.62it/s] 62%|██████▏   | 364/585 [00:16<00:08, 25.66it/s] 62%|██████▏   | 365/585 [00:16<00:08, 25.56it/s] 63%|██████▎   | 367/585 [00:16<00:08, 25.62it/s] 63%|██████▎   | 368/585 [00:16<00:08, 25.67it/s] 63%|██████▎   | 370/585 [00:16<00:08, 25.71it/s] 63%|██████▎   | 371/585 [00:16<00:08, 25.79it/s] 64%|██████▍   | 373/585 [00:16<00:08, 25.94it/s] 64%|██████▍   | 374/585 [00:16<00:08, 25.97it/s] 64%|██████▍   | 376/585 [00:16<00:08, 26.07it/s] 64%|██████▍   | 377/585 [00:16<00:07, 26.09it/s] 65%|██████▍   | 379/585 [00:16<00:07, 26.25it/s] 65%|██████▍   | 380/585 [00:17<00:07, 26.27it/s] 65%|██████▌   | 382/585 [00:17<00:07, 26.27it/s] 65%|██████▌   | 383/585 [00:17<00:07, 26.27it/s] 66%|██████▌   | 385/585 [00:17<00:07, 26.29it/s] 66%|██████▌   | 386/585 [00:17<00:07, 26.33it/s] 66%|██████▋   | 388/585 [00:17<00:07, 26.19it/s] 66%|██████▋   | 389/585 [00:17<00:07, 26.20it/s] 67%|██████▋   | 391/585 [00:17<00:07, 26.30it/s] 67%|██████▋   | 392/585 [00:17<00:07, 26.30it/s] 67%|██████▋   | 394/585 [00:17<00:07, 26.24it/s] 68%|██████▊   | 395/585 [00:17<00:07, 26.22it/s] 68%|██████▊   | 397/585 [00:17<00:07, 26.21it/s] 68%|██████▊   | 398/585 [00:17<00:07, 26.18it/s] 68%|██████▊   | 400/585 [00:17<00:07, 25.71it/s] 69%|██████▊   | 401/585 [00:17<00:07, 25.72it/s] 69%|██████▉   | 403/585 [00:17<00:07, 25.73it/s] 69%|██████▉   | 404/585 [00:17<00:07, 25.47it/s] 69%|██████▉   | 406/585 [00:18<00:07, 25.21it/s] 70%|██████▉   | 407/585 [00:18<00:07, 25.09it/s] 70%|██████▉   | 409/585 [00:18<00:06, 25.28it/s] 70%|███████   | 410/585 [00:18<00:06, 25.40it/s] 70%|███████   | 412/585 [00:18<00:06, 25.55it/s] 71%|███████   | 413/585 [00:18<00:06, 25.52it/s] 71%|███████   | 415/585 [00:18<00:06, 25.74it/s] 71%|███████   | 416/585 [00:18<00:06, 25.64it/s] 71%|███████▏  | 418/585 [00:18<00:06, 25.66it/s] 72%|███████▏  | 419/585 [00:18<00:06, 25.77it/s] 72%|███████▏  | 421/585 [00:18<00:06, 25.43it/s] 72%|███████▏  | 422/585 [00:18<00:06, 25.52it/s] 72%|███████▏  | 424/585 [00:18<00:06, 25.65it/s] 73%|███████▎  | 425/585 [00:18<00:06, 25.75it/s] 73%|███████▎  | 427/585 [00:18<00:06, 25.87it/s] 73%|███████▎  | 428/585 [00:18<00:06, 25.94it/s] 74%|███████▎  | 430/585 [00:18<00:05, 26.07it/s] 74%|███████▎  | 431/585 [00:18<00:05, 26.12it/s] 74%|███████▍  | 433/585 [00:19<00:05, 26.20it/s] 74%|███████▍  | 434/585 [00:19<00:05, 26.24it/s] 75%|███████▍  | 436/585 [00:19<00:05, 26.17it/s] 75%|███████▍  | 437/585 [00:19<00:05, 26.19it/s] 75%|███████▌  | 439/585 [00:19<00:05, 26.23it/s] 75%|███████▌  | 440/585 [00:19<00:05, 26.20it/s] 76%|███████▌  | 442/585 [00:19<00:07, 18.33it/s] 76%|███████▌  | 443/585 [00:19<00:07, 18.31it/s] 76%|███████▌  | 445/585 [00:19<00:06, 20.18it/s] 76%|███████▌  | 446/585 [00:19<00:06, 20.19it/s] 77%|███████▋  | 448/585 [00:19<00:06, 21.72it/s] 77%|███████▋  | 449/585 [00:19<00:06, 21.73it/s] 77%|███████▋  | 451/585 [00:19<00:05, 22.94it/s] 77%|███████▋  | 452/585 [00:19<00:05, 22.93it/s] 78%|███████▊  | 454/585 [00:20<00:05, 23.81it/s] 78%|███████▊  | 455/585 [00:20<00:05, 23.81it/s] 78%|███████▊  | 457/585 [00:20<00:05, 24.59it/s] 78%|███████▊  | 458/585 [00:20<00:05, 24.66it/s] 79%|███████▊  | 460/585 [00:20<00:04, 25.17it/s] 79%|███████▉  | 461/585 [00:20<00:04, 25.18it/s] 79%|███████▉  | 463/585 [00:20<00:04, 25.59it/s] 79%|███████▉  | 464/585 [00:20<00:04, 25.58it/s] 80%|███████▉  | 466/585 [00:20<00:04, 25.90it/s] 80%|███████▉  | 467/585 [00:20<00:04, 25.92it/s] 80%|████████  | 469/585 [00:20<00:04, 26.14it/s] 80%|████████  | 470/585 [00:20<00:04, 26.14it/s] 81%|████████  | 472/585 [00:20<00:04, 26.19it/s] 81%|████████  | 473/585 [00:20<00:04, 26.18it/s] 81%|████████  | 475/585 [00:20<00:04, 26.18it/s] 81%|████████▏ | 476/585 [00:20<00:04, 26.14it/s] 82%|████████▏ | 478/585 [00:20<00:04, 26.27it/s] 82%|████████▏ | 479/585 [00:20<00:04, 26.28it/s] 82%|████████▏ | 481/585 [00:21<00:03, 26.29it/s] 82%|████████▏ | 482/585 [00:21<00:03, 26.30it/s] 83%|████████▎ | 484/585 [00:21<00:03, 26.38it/s] 83%|████████▎ | 485/585 [00:21<00:03, 26.44it/s] 83%|████████▎ | 487/585 [00:21<00:03, 26.48it/s] 83%|████████▎ | 488/585 [00:21<00:03, 26.50it/s] 84%|████████▍ | 490/585 [00:21<00:03, 26.55it/s] 84%|████████▍ | 491/585 [00:21<00:03, 26.53it/s] 84%|████████▍ | 493/585 [00:21<00:03, 26.55it/s] 84%|████████▍ | 494/585 [00:21<00:03, 26.52it/s] 85%|████████▍ | 496/585 [00:21<00:03, 26.42it/s] 85%|████████▍ | 497/585 [00:21<00:03, 26.32it/s] 85%|████████▌ | 499/585 [00:21<00:03, 26.17it/s] 85%|████████▌ | 500/585 [00:21<00:03, 25.92it/s] 86%|████████▌ | 502/585 [00:21<00:03, 25.53it/s] 86%|████████▌ | 503/585 [00:21<00:03, 25.37it/s] 86%|████████▋ | 505/585 [00:21<00:03, 25.25it/s] 86%|████████▋ | 506/585 [00:21<00:03, 25.37it/s] 87%|████████▋ | 508/585 [00:22<00:03, 25.56it/s] 87%|████████▋ | 509/585 [00:22<00:02, 25.63it/s] 87%|████████▋ | 511/585 [00:22<00:02, 25.77it/s] 88%|████████▊ | 512/585 [00:22<00:02, 25.83it/s] 88%|████████▊ | 514/585 [00:22<00:02, 25.94it/s] 88%|████████▊ | 515/585 [00:22<00:02, 25.87it/s] 88%|████████▊ | 517/585 [00:22<00:02, 25.61it/s] 89%|████████▊ | 518/585 [00:22<00:02, 25.58it/s] 89%|████████▉ | 520/585 [00:22<00:02, 25.46it/s] 89%|████████▉ | 521/585 [00:22<00:02, 25.35it/s] 89%|████████▉ | 523/585 [00:22<00:02, 25.29it/s] 90%|████████▉ | 524/585 [00:22<00:02, 25.28it/s] 90%|████████▉ | 526/585 [00:22<00:02, 25.29it/s] 90%|█████████ | 527/585 [00:22<00:02, 25.40it/s] 90%|█████████ | 529/585 [00:22<00:02, 25.66it/s] 91%|█████████ | 530/585 [00:22<00:02, 25.76it/s] 91%|█████████ | 532/585 [00:23<00:02, 25.89it/s] 91%|█████████ | 533/585 [00:23<00:02, 25.97it/s] 91%|█████████▏| 535/585 [00:23<00:01, 26.09it/s] 92%|█████████▏| 536/585 [00:23<00:01, 25.86it/s] 92%|█████████▏| 538/585 [00:23<00:01, 25.77it/s] 92%|█████████▏| 539/585 [00:23<00:01, 25.81it/s] 92%|█████████▏| 541/585 [00:23<00:01, 25.98it/s] 93%|█████████▎| 542/585 [00:23<00:01, 25.99it/s] 93%|█████████▎| 544/585 [00:23<00:01, 26.09it/s] 93%|█████████▎| 545/585 [00:23<00:01, 26.19it/s] 94%|█████████▎| 547/585 [00:23<00:01, 26.26it/s] 94%|█████████▎| 548/585 [00:23<00:01, 26.05it/s] 94%|█████████▍| 550/585 [00:23<00:01, 25.93it/s] 94%|█████████▍| 551/585 [00:23<00:01, 25.97it/s] 95%|█████████▍| 553/585 [00:23<00:01, 26.04it/s] 95%|█████████▍| 554/585 [00:23<00:01, 26.16it/s] 95%|█████████▌| 556/585 [00:23<00:01, 26.17it/s] 95%|█████████▌| 557/585 [00:23<00:01, 26.25it/s] 96%|█████████▌| 559/585 [00:24<00:00, 26.16it/s] 96%|█████████▌| 560/585 [00:24<00:00, 26.19it/s] 96%|█████████▌| 562/585 [00:24<00:00, 26.07it/s] 96%|█████████▌| 563/585 [00:24<00:00, 26.04it/s] 97%|█████████▋| 565/585 [00:24<00:00, 25.98it/s] 97%|█████████▋| 566/585 [00:24<00:00, 25.99it/s] 97%|█████████▋| 568/585 [00:24<00:00, 26.07it/s] 97%|█████████▋| 569/585 [00:24<00:00, 25.99it/s] 98%|█████████▊| 571/585 [00:24<00:00, 26.08it/s] 98%|█████████▊| 572/585 [00:24<00:00, 26.16it/s] 98%|█████████▊| 574/585 [00:24<00:00, 26.16it/s] 98%|█████████▊| 575/585 [00:24<00:00, 26.17it/s] 99%|█████████▊| 577/585 [00:24<00:00, 26.14it/s] 99%|█████████▉| 578/585 [00:24<00:00, 26.10it/s] 99%|█████████▉| 580/585 [00:24<00:00, 26.10it/s] 99%|█████████▉| 581/585 [00:24<00:00, 26.16it/s]100%|█████████▉| 583/585 [00:24<00:00, 26.24it/s]100%|█████████▉| 584/585 [00:24<00:00, 26.28it/s]100%|██████████| 585/585 [00:25<00:00, 23.37it/s]
100%|██████████| 585/585 [00:25<00:00, 23.37it/s]
Model checkpointing attempts: 0.
Stored epoch 1 model checkpoint to ./checkpoints/parquet_dataset/parquet_dataset__model_nlyrs_4_nheads_4_hdim_64__pred_ovrlap_F_npreds_4__nlyrs_2_activ_relunenc_1__lr_0.0001_start_0.001_final_0_20251112_155003/epoch_1.pth.
Training loss has improved 1 times since last caching the model. Caching now.
/home/aminmohamadi_squareup_com/projects/.hermit/python/lib/python3.11/site-packages/torch/distributed/distributed_c10d.py:4876: UserWarning: barrier(): using the device under current context. You can specify `device_id` in `init_process_group` to mute this warning.
  warnings.warn(  # warn only once
##############################Training epoch: 3/10##############################
  0%|          | 0/585 [00:00<?, ?it/s]  0%|          | 0/585 [00:00<?, ?it/s]  0%|          | 1/585 [00:01<12:21,  1.27s/it]  0%|          | 2/585 [00:01<06:22,  1.53it/s]  1%|          | 4/585 [00:01<02:38,  3.67it/s]  1%|          | 5/585 [00:01<02:16,  4.24it/s]  1%|          | 7/585 [00:01<01:25,  6.76it/s]  1%|▏         | 8/585 [00:01<01:20,  7.19it/s]  2%|▏         | 10/585 [00:01<00:57,  9.94it/s]  2%|▏         | 11/585 [00:01<00:55, 10.26it/s]  2%|▏         | 13/585 [00:01<00:43, 13.02it/s]  2%|▏         | 14/585 [00:01<00:43, 13.24it/s]  3%|▎         | 16/585 [00:01<00:35, 15.81it/s]  3%|▎         | 17/585 [00:01<00:35, 15.95it/s]  3%|▎         | 19/585 [00:01<00:31, 18.21it/s]  3%|▎         | 20/585 [00:02<00:30, 18.26it/s]  4%|▍         | 22/585 [00:02<00:28, 20.04it/s]  4%|▍         | 23/585 [00:02<00:28, 20.04it/s]  4%|▍         | 25/585 [00:02<00:26, 21.54it/s]  4%|▍         | 26/585 [00:02<00:25, 21.62it/s]  5%|▍         | 28/585 [00:02<00:24, 22.81it/s]  5%|▍         | 29/585 [00:02<00:24, 22.68it/s]  5%|▌         | 31/585 [00:02<00:23, 23.43it/s]  5%|▌         | 32/585 [00:02<00:23, 23.52it/s]  6%|▌         | 34/585 [00:02<00:22, 24.28it/s]  6%|▌         | 35/585 [00:02<00:22, 24.35it/s]  6%|▋         | 37/585 [00:02<00:22, 24.62it/s]  6%|▋         | 38/585 [00:02<00:22, 24.61it/s]  7%|▋         | 40/585 [00:02<00:22, 24.70it/s]  7%|▋         | 41/585 [00:02<00:22, 24.60it/s]  7%|▋         | 43/585 [00:03<00:33, 16.29it/s]  8%|▊         | 44/585 [00:03<00:33, 16.24it/s]  8%|▊         | 46/585 [00:03<00:29, 18.00it/s]  8%|▊         | 47/585 [00:03<00:29, 18.00it/s]  8%|▊         | 49/585 [00:03<00:27, 19.69it/s]  9%|▊         | 50/585 [00:03<00:27, 19.76it/s]  9%|▉         | 52/585 [00:03<00:25, 21.16it/s]  9%|▉         | 53/585 [00:03<00:25, 21.15it/s]  9%|▉         | 55/585 [00:03<00:23, 22.32it/s] 10%|▉         | 56/585 [00:03<00:23, 22.39it/s] 10%|▉         | 58/585 [00:03<00:22, 23.36it/s] 10%|█         | 59/585 [00:03<00:22, 23.42it/s] 10%|█         | 61/585 [00:03<00:21, 24.09it/s] 11%|█         | 62/585 [00:03<00:21, 24.05it/s] 11%|█         | 64/585 [00:03<00:21, 24.50it/s] 11%|█         | 65/585 [00:03<00:21, 24.43it/s] 11%|█▏        | 67/585 [00:04<00:21, 24.64it/s] 12%|█▏        | 68/585 [00:04<00:21, 24.56it/s] 12%|█▏        | 70/585 [00:04<00:20, 24.85it/s] 12%|█▏        | 71/585 [00:04<00:20, 24.91it/s] 12%|█▏        | 73/585 [00:04<00:20, 25.11it/s] 13%|█▎        | 74/585 [00:04<00:20, 25.20it/s] 13%|█▎        | 76/585 [00:04<00:19, 25.48it/s] 13%|█▎        | 77/585 [00:04<00:19, 25.53it/s] 14%|█▎        | 79/585 [00:04<00:19, 25.77it/s] 14%|█▎        | 80/585 [00:04<00:19, 25.82it/s] 14%|█▍        | 82/585 [00:04<00:19, 25.92it/s] 14%|█▍        | 83/585 [00:04<00:19, 25.89it/s] 15%|█▍        | 85/585 [00:04<00:19, 25.82it/s] 15%|█▍        | 86/585 [00:04<00:19, 25.74it/s] 15%|█▌        | 88/585 [00:04<00:19, 25.60it/s] 15%|█▌        | 89/585 [00:04<00:19, 25.51it/s] 16%|█▌        | 91/585 [00:05<00:19, 25.50it/s] 16%|█▌        | 92/585 [00:05<00:19, 25.57it/s] 16%|█▌        | 94/585 [00:05<00:19, 25.62it/s] 16%|█▌        | 95/585 [00:05<00:19, 25.47it/s] 17%|█▋        | 97/585 [00:05<00:19, 25.59it/s] 17%|█▋        | 98/585 [00:05<00:18, 25.69it/s] 17%|█▋        | 100/585 [00:05<00:18, 25.59it/s] 17%|█▋        | 101/585 [00:05<00:18, 25.58it/s] 18%|█▊        | 103/585 [00:05<00:18, 25.49it/s] 18%|█▊        | 104/585 [00:05<00:18, 25.57it/s] 18%|█▊        | 106/585 [00:05<00:18, 25.70it/s] 18%|█▊        | 107/585 [00:05<00:18, 25.70it/s] 19%|█▊        | 109/585 [00:05<00:18, 25.41it/s] 19%|█▉        | 110/585 [00:05<00:18, 25.06it/s] 19%|█▉        | 112/585 [00:05<00:19, 24.74it/s] 19%|█▉        | 113/585 [00:05<00:19, 24.81it/s] 20%|█▉        | 115/585 [00:05<00:18, 24.96it/s] 20%|█▉        | 116/585 [00:05<00:18, 25.11it/s] 20%|██        | 118/585 [00:06<00:18, 25.39it/s] 20%|██        | 119/585 [00:06<00:18, 25.50it/s] 21%|██        | 121/585 [00:06<00:18, 25.71it/s] 21%|██        | 122/585 [00:06<00:17, 25.77it/s] 21%|██        | 124/585 [00:06<00:18, 25.45it/s] 21%|██▏       | 125/585 [00:06<00:18, 25.44it/s] 22%|██▏       | 127/585 [00:06<00:18, 25.37it/s] 22%|██▏       | 128/585 [00:06<00:17, 25.43it/s] 22%|██▏       | 130/585 [00:06<00:17, 25.28it/s] 22%|██▏       | 131/585 [00:06<00:17, 25.30it/s] 23%|██▎       | 133/585 [00:06<00:17, 25.55it/s] 23%|██▎       | 134/585 [00:06<00:17, 25.53it/s] 23%|██▎       | 136/585 [00:06<00:17, 25.46it/s] 23%|██▎       | 137/585 [00:06<00:17, 25.42it/s] 24%|██▍       | 139/585 [00:06<00:17, 25.49it/s] 24%|██▍       | 140/585 [00:06<00:17, 25.54it/s] 24%|██▍       | 142/585 [00:07<00:17, 25.81it/s] 24%|██▍       | 143/585 [00:07<00:17, 25.82it/s] 25%|██▍       | 145/585 [00:07<00:16, 25.97it/s] 25%|██▍       | 146/585 [00:07<00:16, 25.96it/s] 25%|██▌       | 148/585 [00:07<00:16, 25.82it/s] 25%|██▌       | 149/585 [00:07<00:16, 25.79it/s] 26%|██▌       | 151/585 [00:07<00:16, 25.61it/s] 26%|██▌       | 152/585 [00:07<00:16, 25.50it/s] 26%|██▋       | 154/585 [00:07<00:16, 25.45it/s] 26%|██▋       | 155/585 [00:07<00:16, 25.40it/s] 27%|██▋       | 157/585 [00:07<00:16, 25.44it/s] 27%|██▋       | 158/585 [00:07<00:16, 25.50it/s] 27%|██▋       | 160/585 [00:07<00:16, 25.52it/s] 28%|██▊       | 161/585 [00:07<00:16, 25.52it/s] 28%|██▊       | 163/585 [00:07<00:16, 25.57it/s] 28%|██▊       | 164/585 [00:07<00:16, 25.65it/s] 28%|██▊       | 166/585 [00:07<00:16, 25.69it/s] 29%|██▊       | 167/585 [00:07<00:16, 25.71it/s] 29%|██▉       | 169/585 [00:08<00:16, 25.71it/s] 29%|██▉       | 170/585 [00:08<00:16, 25.69it/s] 29%|██▉       | 172/585 [00:08<00:16, 25.70it/s] 30%|██▉       | 173/585 [00:08<00:16, 25.67it/s] 30%|██▉       | 175/585 [00:08<00:16, 25.51it/s] 30%|███       | 176/585 [00:08<00:16, 25.48it/s] 30%|███       | 178/585 [00:08<00:15, 25.53it/s] 31%|███       | 179/585 [00:08<00:15, 25.58it/s] 31%|███       | 181/585 [00:08<00:15, 25.76it/s] 31%|███       | 182/585 [00:08<00:15, 25.83it/s] 31%|███▏      | 184/585 [00:08<00:15, 25.96it/s] 32%|███▏      | 185/585 [00:08<00:15, 25.97it/s] 32%|███▏      | 187/585 [00:08<00:15, 25.97it/s] 32%|███▏      | 188/585 [00:08<00:15, 25.98it/s] 32%|███▏      | 190/585 [00:08<00:15, 25.98it/s] 33%|███▎      | 191/585 [00:08<00:15, 25.96it/s] 33%|███▎      | 193/585 [00:08<00:15, 25.84it/s] 33%|███▎      | 194/585 [00:09<00:15, 25.79it/s] 34%|███▎      | 196/585 [00:09<00:15, 25.65it/s] 34%|███▎      | 197/585 [00:09<00:15, 25.61it/s] 34%|███▍      | 199/585 [00:09<00:15, 25.62it/s] 34%|███▍      | 200/585 [00:09<00:15, 25.65it/s] 35%|███▍      | 202/585 [00:09<00:14, 25.65it/s] 35%|███▍      | 203/585 [00:09<00:14, 25.68it/s] 35%|███▌      | 205/585 [00:09<00:14, 25.51it/s] 35%|███▌      | 206/585 [00:09<00:14, 25.55it/s] 36%|███▌      | 208/585 [00:09<00:14, 25.75it/s] 36%|███▌      | 209/585 [00:09<00:14, 25.80it/s] 36%|███▌      | 211/585 [00:09<00:14, 25.95it/s] 36%|███▌      | 212/585 [00:09<00:14, 25.88it/s] 37%|███▋      | 214/585 [00:09<00:14, 25.87it/s] 37%|███▋      | 215/585 [00:09<00:14, 25.83it/s] 37%|███▋      | 217/585 [00:09<00:14, 25.73it/s] 37%|███▋      | 218/585 [00:09<00:14, 25.52it/s] 38%|███▊      | 220/585 [00:10<00:14, 25.46it/s] 38%|███▊      | 221/585 [00:10<00:14, 25.56it/s] 38%|███▊      | 223/585 [00:10<00:14, 25.74it/s] 38%|███▊      | 224/585 [00:10<00:13, 25.82it/s] 39%|███▊      | 226/585 [00:10<00:13, 25.90it/s] 39%|███▉      | 227/585 [00:10<00:13, 25.97it/s] 39%|███▉      | 229/585 [00:10<00:13, 25.99it/s] 39%|███▉      | 230/585 [00:10<00:13, 25.68it/s] 40%|███▉      | 232/585 [00:10<00:13, 25.57it/s] 40%|███▉      | 233/585 [00:10<00:13, 25.71it/s] 40%|████      | 235/585 [00:10<00:13, 25.80it/s] 40%|████      | 236/585 [00:10<00:13, 25.87it/s] 41%|████      | 238/585 [00:10<00:13, 25.81it/s] 41%|████      | 239/585 [00:10<00:13, 25.79it/s] 41%|████      | 241/585 [00:10<00:13, 25.47it/s] 41%|████▏     | 242/585 [00:10<00:13, 25.27it/s] 42%|████▏     | 244/585 [00:10<00:13, 25.12it/s] 42%|████▏     | 245/585 [00:11<00:13, 25.17it/s] 42%|████▏     | 247/585 [00:11<00:13, 25.44it/s] 42%|████▏     | 248/585 [00:11<00:13, 25.57it/s] 43%|████▎     | 250/585 [00:11<00:13, 25.71it/s] 43%|████▎     | 251/585 [00:11<00:12, 25.77it/s] 43%|████▎     | 253/585 [00:11<00:12, 25.88it/s] 43%|████▎     | 254/585 [00:11<00:12, 25.94it/s] 44%|████▍     | 256/585 [00:11<00:12, 26.02it/s] 44%|████▍     | 257/585 [00:11<00:12, 26.08it/s] 44%|████▍     | 259/585 [00:11<00:12, 26.23it/s] 44%|████▍     | 260/585 [00:11<00:12, 26.29it/s] 45%|████▍     | 262/585 [00:11<00:17, 18.11it/s] 45%|████▍     | 263/585 [00:11<00:17, 18.09it/s] 45%|████▌     | 265/585 [00:11<00:16, 19.98it/s] 45%|████▌     | 266/585 [00:11<00:15, 20.02it/s] 46%|████▌     | 268/585 [00:12<00:14, 21.61it/s] 46%|████▌     | 269/585 [00:12<00:14, 21.62it/s] 46%|████▋     | 271/585 [00:12<00:13, 22.91it/s] 46%|████▋     | 272/585 [00:12<00:13, 22.91it/s] 47%|████▋     | 274/585 [00:12<00:13, 23.81it/s] 47%|████▋     | 275/585 [00:12<00:13, 23.81it/s] 47%|████▋     | 277/585 [00:12<00:12, 24.51it/s] 48%|████▊     | 278/585 [00:12<00:12, 24.51it/s] 48%|████▊     | 280/585 [00:12<00:12, 25.14it/s] 48%|████▊     | 281/585 [00:12<00:12, 25.15it/s] 48%|████▊     | 283/585 [00:12<00:11, 25.48it/s] 49%|████▊     | 284/585 [00:12<00:11, 25.50it/s] 49%|████▉     | 286/585 [00:12<00:11, 25.56it/s] 49%|████▉     | 287/585 [00:12<00:11, 25.57it/s] 49%|████▉     | 289/585 [00:12<00:11, 25.84it/s] 50%|████▉     | 290/585 [00:12<00:11, 25.83it/s] 50%|████▉     | 292/585 [00:12<00:11, 26.04it/s] 50%|█████     | 293/585 [00:13<00:11, 25.96it/s] 50%|█████     | 295/585 [00:13<00:11, 25.66it/s] 51%|█████     | 296/585 [00:13<00:11, 25.65it/s] 51%|█████     | 298/585 [00:13<00:11, 25.77it/s] 51%|█████     | 299/585 [00:13<00:11, 25.78it/s] 51%|█████▏    | 301/585 [00:13<00:10, 25.93it/s] 52%|█████▏    | 302/585 [00:13<00:10, 25.85it/s] 52%|█████▏    | 304/585 [00:13<00:11, 25.30it/s] 52%|█████▏    | 305/585 [00:13<00:11, 25.16it/s] 52%|█████▏    | 307/585 [00:13<00:11, 25.12it/s] 53%|█████▎    | 308/585 [00:13<00:11, 25.09it/s] 53%|█████▎    | 310/585 [00:13<00:10, 25.11it/s] 53%|█████▎    | 311/585 [00:13<00:10, 25.20it/s] 54%|█████▎    | 313/585 [00:13<00:10, 25.51it/s] 54%|█████▎    | 314/585 [00:13<00:10, 25.60it/s] 54%|█████▍    | 316/585 [00:13<00:10, 25.86it/s] 54%|█████▍    | 317/585 [00:13<00:10, 25.87it/s] 55%|█████▍    | 319/585 [00:14<00:10, 26.01it/s] 55%|█████▍    | 320/585 [00:14<00:10, 26.02it/s] 55%|█████▌    | 322/585 [00:14<00:10, 26.17it/s] 55%|█████▌    | 323/585 [00:14<00:09, 26.21it/s] 56%|█████▌    | 325/585 [00:14<00:09, 26.24it/s] 56%|█████▌    | 326/585 [00:14<00:09, 26.23it/s] 56%|█████▌    | 328/585 [00:14<00:09, 26.31it/s] 56%|█████▌    | 329/585 [00:14<00:09, 26.38it/s] 57%|█████▋    | 331/585 [00:14<00:09, 26.47it/s] 57%|█████▋    | 332/585 [00:14<00:09, 26.46it/s] 57%|█████▋    | 334/585 [00:14<00:09, 26.49it/s] 57%|█████▋    | 335/585 [00:14<00:09, 26.53it/s] 58%|█████▊    | 337/585 [00:14<00:09, 26.47it/s] 58%|█████▊    | 338/585 [00:14<00:09, 26.50it/s] 58%|█████▊    | 340/585 [00:14<00:09, 26.54it/s] 58%|█████▊    | 341/585 [00:14<00:09, 26.52it/s] 59%|█████▊    | 343/585 [00:14<00:09, 26.52it/s] 59%|█████▉    | 344/585 [00:14<00:09, 26.49it/s] 59%|█████▉    | 346/585 [00:15<00:09, 26.51it/s] 59%|█████▉    | 347/585 [00:15<00:08, 26.52it/s] 60%|█████▉    | 349/585 [00:15<00:08, 26.52it/s] 60%|█████▉    | 350/585 [00:15<00:08, 26.46it/s] 60%|██████    | 352/585 [00:15<00:08, 26.36it/s] 60%|██████    | 353/585 [00:15<00:08, 26.37it/s] 61%|██████    | 355/585 [00:15<00:08, 26.38it/s] 61%|██████    | 356/585 [00:15<00:08, 26.38it/s] 61%|██████    | 358/585 [00:15<00:08, 26.38it/s] 61%|██████▏   | 359/585 [00:15<00:08, 26.32it/s] 62%|██████▏   | 361/585 [00:15<00:08, 26.19it/s] 62%|██████▏   | 362/585 [00:15<00:08, 26.19it/s] 62%|██████▏   | 364/585 [00:15<00:08, 26.11it/s] 62%|██████▏   | 365/585 [00:15<00:08, 26.10it/s] 63%|██████▎   | 367/585 [00:15<00:08, 26.20it/s] 63%|██████▎   | 368/585 [00:15<00:08, 26.22it/s] 63%|██████▎   | 370/585 [00:15<00:08, 26.26it/s] 63%|██████▎   | 371/585 [00:15<00:08, 26.32it/s] 64%|██████▍   | 373/585 [00:16<00:08, 26.30it/s] 64%|██████▍   | 374/585 [00:16<00:08, 26.28it/s] 64%|██████▍   | 376/585 [00:16<00:07, 26.31it/s] 64%|██████▍   | 377/585 [00:16<00:07, 26.38it/s] 65%|██████▍   | 379/585 [00:16<00:07, 26.40it/s] 65%|██████▍   | 380/585 [00:16<00:07, 26.38it/s] 65%|██████▌   | 382/585 [00:16<00:07, 26.35it/s] 65%|██████▌   | 383/585 [00:16<00:07, 26.28it/s] 66%|██████▌   | 385/585 [00:16<00:07, 26.16it/s] 66%|██████▌   | 386/585 [00:16<00:07, 26.12it/s] 66%|██████▋   | 388/585 [00:16<00:07, 26.10it/s] 66%|██████▋   | 389/585 [00:16<00:07, 26.15it/s] 67%|██████▋   | 391/585 [00:16<00:07, 26.25it/s] 67%|██████▋   | 392/585 [00:16<00:07, 26.27it/s] 67%|██████▋   | 394/585 [00:16<00:07, 26.36it/s] 68%|██████▊   | 395/585 [00:16<00:07, 26.37it/s] 68%|██████▊   | 397/585 [00:16<00:07, 26.37it/s] 68%|██████▊   | 398/585 [00:17<00:07, 26.37it/s] 68%|██████▊   | 400/585 [00:17<00:07, 26.30it/s] 69%|██████▊   | 401/585 [00:17<00:06, 26.33it/s] 69%|██████▉   | 403/585 [00:17<00:06, 26.33it/s] 69%|██████▉   | 404/585 [00:17<00:06, 26.29it/s] 69%|██████▉   | 406/585 [00:17<00:06, 26.24it/s] 70%|██████▉   | 407/585 [00:17<00:06, 26.24it/s] 70%|██████▉   | 409/585 [00:17<00:06, 26.09it/s] 70%|███████   | 410/585 [00:17<00:06, 26.09it/s] 70%|███████   | 412/585 [00:17<00:06, 26.18it/s] 71%|███████   | 413/585 [00:17<00:06, 26.22it/s] 71%|███████   | 415/585 [00:17<00:06, 26.25it/s] 71%|███████   | 416/585 [00:17<00:06, 26.24it/s] 71%|███████▏  | 418/585 [00:17<00:06, 26.32it/s] 72%|███████▏  | 419/585 [00:17<00:06, 26.36it/s] 72%|███████▏  | 421/585 [00:17<00:06, 26.45it/s] 72%|███████▏  | 422/585 [00:17<00:06, 26.45it/s] 72%|███████▏  | 424/585 [00:18<00:06, 26.43it/s] 73%|███████▎  | 425/585 [00:18<00:06, 26.26it/s] 73%|███████▎  | 427/585 [00:18<00:06, 26.26it/s] 73%|███████▎  | 428/585 [00:18<00:05, 26.31it/s] 74%|███████▎  | 430/585 [00:18<00:05, 26.30it/s] 74%|███████▎  | 431/585 [00:18<00:05, 26.32it/s] 74%|███████▍  | 433/585 [00:18<00:05, 26.28it/s] 74%|███████▍  | 434/585 [00:18<00:05, 26.32it/s] 75%|███████▍  | 436/585 [00:18<00:05, 26.39it/s] 75%|███████▍  | 437/585 [00:18<00:05, 26.37it/s] 75%|███████▌  | 439/585 [00:18<00:05, 26.49it/s] 75%|███████▌  | 440/585 [00:18<00:05, 26.53it/s] 76%|███████▌  | 442/585 [00:18<00:05, 26.51it/s] 76%|███████▌  | 443/585 [00:18<00:05, 26.51it/s] 76%|███████▌  | 445/585 [00:18<00:05, 26.44it/s] 76%|███████▌  | 446/585 [00:18<00:05, 26.42it/s] 77%|███████▋  | 448/585 [00:18<00:05, 26.35it/s] 77%|███████▋  | 449/585 [00:18<00:05, 26.29it/s] 77%|███████▋  | 451/585 [00:19<00:05, 26.24it/s] 77%|███████▋  | 452/585 [00:19<00:05, 26.25it/s] 78%|███████▊  | 454/585 [00:19<00:04, 26.23it/s] 78%|███████▊  | 455/585 [00:19<00:04, 26.23it/s] 78%|███████▊  | 457/585 [00:19<00:04, 26.13it/s] 78%|███████▊  | 458/585 [00:19<00:04, 26.14it/s] 79%|███████▊  | 460/585 [00:19<00:04, 25.97it/s] 79%|███████▉  | 461/585 [00:19<00:04, 25.92it/s] 79%|███████▉  | 463/585 [00:19<00:04, 25.89it/s] 79%|███████▉  | 464/585 [00:19<00:04, 25.74it/s] 80%|███████▉  | 466/585 [00:19<00:04, 25.57it/s] 80%|███████▉  | 467/585 [00:19<00:04, 25.57it/s] 80%|████████  | 469/585 [00:19<00:04, 25.21it/s] 80%|████████  | 470/585 [00:19<00:04, 25.21it/s] 81%|████████  | 472/585 [00:19<00:04, 25.35it/s] 81%|████████  | 473/585 [00:19<00:04, 25.40it/s] 81%|████████  | 475/585 [00:19<00:04, 25.54it/s] 81%|████████▏ | 476/585 [00:20<00:04, 25.48it/s] 82%|████████▏ | 478/585 [00:20<00:04, 25.46it/s] 82%|████████▏ | 479/585 [00:20<00:04, 25.33it/s] 82%|████████▏ | 481/585 [00:20<00:04, 25.07it/s] 82%|████████▏ | 482/585 [00:20<00:04, 25.14it/s] 83%|████████▎ | 484/585 [00:20<00:03, 25.34it/s] 83%|████████▎ | 485/585 [00:20<00:03, 25.38it/s] 83%|████████▎ | 487/585 [00:20<00:05, 16.76it/s] 83%|████████▎ | 488/585 [00:20<00:05, 16.69it/s] 84%|████████▍ | 490/585 [00:20<00:05, 18.54it/s] 84%|████████▍ | 491/585 [00:20<00:05, 18.58it/s] 84%|████████▍ | 493/585 [00:20<00:04, 20.21it/s] 84%|████████▍ | 494/585 [00:20<00:04, 20.23it/s] 85%|████████▍ | 496/585 [00:21<00:04, 21.62it/s] 85%|████████▍ | 497/585 [00:21<00:04, 21.64it/s] 85%|████████▌ | 499/585 [00:21<00:03, 22.73it/s] 85%|████████▌ | 500/585 [00:21<00:03, 22.76it/s] 86%|████████▌ | 502/585 [00:21<00:03, 23.40it/s] 86%|████████▌ | 503/585 [00:21<00:03, 23.19it/s] 86%|████████▋ | 505/585 [00:21<00:03, 23.57it/s] 86%|████████▋ | 506/585 [00:21<00:03, 23.62it/s] 87%|████████▋ | 508/585 [00:21<00:03, 23.92it/s] 87%|████████▋ | 509/585 [00:21<00:03, 24.00it/s] 87%|████████▋ | 511/585 [00:21<00:03, 24.21it/s] 88%|████████▊ | 512/585 [00:21<00:03, 24.16it/s] 88%|████████▊ | 514/585 [00:21<00:02, 24.42it/s] 88%|████████▊ | 515/585 [00:21<00:02, 24.51it/s] 88%|████████▊ | 517/585 [00:21<00:02, 24.96it/s] 89%|████████▊ | 518/585 [00:21<00:02, 25.09it/s] 89%|████████▉ | 520/585 [00:21<00:02, 25.01it/s] 89%|████████▉ | 521/585 [00:22<00:02, 24.98it/s] 89%|████████▉ | 523/585 [00:22<00:02, 25.09it/s] 90%|████████▉ | 524/585 [00:22<00:02, 25.16it/s] 90%|████████▉ | 526/585 [00:22<00:02, 25.29it/s] 90%|█████████ | 527/585 [00:22<00:02, 25.16it/s] 90%|█████████ | 529/585 [00:22<00:02, 25.37it/s] 91%|█████████ | 530/585 [00:22<00:02, 25.44it/s] 91%|█████████ | 532/585 [00:22<00:02, 25.57it/s] 91%|█████████ | 533/585 [00:22<00:02, 25.57it/s] 91%|█████████▏| 535/585 [00:22<00:01, 25.61it/s] 92%|█████████▏| 536/585 [00:22<00:01, 25.48it/s] 92%|█████████▏| 538/585 [00:22<00:01, 25.42it/s] 92%|█████████▏| 539/585 [00:22<00:01, 25.50it/s] 92%|█████████▏| 541/585 [00:22<00:01, 25.59it/s] 93%|█████████▎| 542/585 [00:22<00:01, 25.65it/s] 93%|█████████▎| 544/585 [00:22<00:01, 25.76it/s] 93%|█████████▎| 545/585 [00:22<00:01, 25.74it/s] 94%|█████████▎| 547/585 [00:23<00:01, 25.77it/s] 94%|█████████▎| 548/585 [00:23<00:01, 25.86it/s] 94%|█████████▍| 550/585 [00:23<00:01, 25.95it/s] 94%|█████████▍| 551/585 [00:23<00:01, 25.97it/s] 95%|█████████▍| 553/585 [00:23<00:01, 25.98it/s] 95%|█████████▍| 554/585 [00:23<00:01, 25.95it/s] 95%|█████████▌| 556/585 [00:23<00:01, 25.96it/s] 95%|█████████▌| 557/585 [00:23<00:01, 26.01it/s] 96%|█████████▌| 559/585 [00:23<00:00, 26.09it/s] 96%|█████████▌| 560/585 [00:23<00:00, 26.15it/s] 96%|█████████▌| 562/585 [00:23<00:00, 26.14it/s] 96%|█████████▌| 563/585 [00:23<00:00, 25.80it/s] 97%|█████████▋| 565/585 [00:23<00:00, 25.37it/s] 97%|█████████▋| 566/585 [00:23<00:00, 25.26it/s] 97%|█████████▋| 568/585 [00:23<00:00, 25.19it/s] 97%|█████████▋| 569/585 [00:23<00:00, 25.22it/s] 98%|█████████▊| 571/585 [00:23<00:00, 25.37it/s] 98%|█████████▊| 572/585 [00:23<00:00, 25.49it/s] 98%|█████████▊| 574/585 [00:24<00:00, 25.67it/s] 98%|█████████▊| 575/585 [00:24<00:00, 25.79it/s] 99%|█████████▊| 577/585 [00:24<00:00, 25.92it/s] 99%|█████████▉| 578/585 [00:24<00:00, 25.98it/s] 99%|█████████▉| 580/585 [00:24<00:00, 26.00it/s] 99%|█████████▉| 581/585 [00:24<00:00, 26.06it/s]100%|█████████▉| 583/585 [00:24<00:00, 26.17it/s]100%|█████████▉| 584/585 [00:24<00:00, 26.20it/s]100%|██████████| 585/585 [00:24<00:00, 23.89it/s]
100%|██████████| 585/585 [00:24<00:00, 23.89it/s]
Model checkpointing attempts: 0.
Stored epoch 2 model checkpoint to ./checkpoints/parquet_dataset/parquet_dataset__model_nlyrs_4_nheads_4_hdim_64__pred_ovrlap_F_npreds_4__nlyrs_2_activ_relunenc_1__lr_0.0001_start_0.001_final_0_20251112_155003/epoch_2.pth.
Training loss has improved 1 times since last caching the model. Caching now.
/home/aminmohamadi_squareup_com/projects/.hermit/python/lib/python3.11/site-packages/torch/distributed/distributed_c10d.py:4876: UserWarning: barrier(): using the device under current context. You can specify `device_id` in `init_process_group` to mute this warning.
  warnings.warn(  # warn only once
##############################Training epoch: 4/10##############################
  0%|          | 0/585 [00:00<?, ?it/s]  0%|          | 0/585 [00:00<?, ?it/s]  0%|          | 1/585 [00:03<37:06,  3.81s/it]  0%|          | 2/585 [00:03<18:44,  1.93s/it]  1%|          | 4/585 [00:03<07:18,  1.33it/s]  1%|          | 5/585 [00:03<06:11,  1.56it/s]  1%|          | 7/585 [00:04<03:34,  2.70it/s]  1%|▏         | 8/585 [00:04<03:18,  2.91it/s]  2%|▏         | 10/585 [00:04<02:10,  4.41it/s]  2%|▏         | 11/585 [00:04<02:05,  4.59it/s]  2%|▏         | 13/585 [00:04<01:28,  6.46it/s]  2%|▏         | 14/585 [00:04<01:26,  6.61it/s]  3%|▎         | 16/585 [00:04<01:04,  8.80it/s]  3%|▎         | 17/585 [00:04<01:03,  8.92it/s]  3%|▎         | 19/585 [00:04<00:49, 11.33it/s]  3%|▎         | 20/585 [00:04<00:49, 11.41it/s]  4%|▍         | 22/585 [00:04<00:40, 13.85it/s]  4%|▍         | 23/585 [00:04<00:40, 13.91it/s]  4%|▍         | 25/585 [00:04<00:34, 16.24it/s]  4%|▍         | 26/585 [00:04<00:34, 16.28it/s]  5%|▍         | 28/585 [00:04<00:30, 18.08it/s]  5%|▍         | 29/585 [00:04<00:30, 18.06it/s]  5%|▌         | 31/585 [00:04<00:28, 19.78it/s]  5%|▌         | 32/585 [00:05<00:27, 19.82it/s]  6%|▌         | 34/585 [00:05<00:25, 21.39it/s]  6%|▌         | 35/585 [00:05<00:25, 21.43it/s]  6%|▋         | 37/585 [00:05<00:24, 22.68it/s]  6%|▋         | 38/585 [00:05<00:24, 22.70it/s]  7%|▋         | 40/585 [00:05<00:23, 23.31it/s]  7%|▋         | 41/585 [00:05<00:23, 23.28it/s]  7%|▋         | 43/585 [00:05<00:22, 23.87it/s]  8%|▊         | 44/585 [00:05<00:22, 23.90it/s]  8%|▊         | 46/585 [00:05<00:22, 24.44it/s]  8%|▊         | 47/585 [00:05<00:21, 24.46it/s]  8%|▊         | 49/585 [00:05<00:21, 24.90it/s]  9%|▊         | 50/585 [00:05<00:21, 24.92it/s]  9%|▉         | 52/585 [00:05<00:21, 24.87it/s]  9%|▉         | 53/585 [00:05<00:21, 24.78it/s]  9%|▉         | 55/585 [00:05<00:21, 24.96it/s] 10%|▉         | 56/585 [00:05<00:21, 24.97it/s] 10%|▉         | 58/585 [00:06<00:20, 25.25it/s] 10%|█         | 59/585 [00:06<00:20, 25.30it/s] 10%|█         | 61/585 [00:06<00:20, 25.57it/s] 11%|█         | 62/585 [00:06<00:20, 25.57it/s] 11%|█         | 64/585 [00:06<00:30, 17.09it/s] 11%|█         | 65/585 [00:06<00:30, 17.07it/s] 11%|█▏        | 67/585 [00:06<00:27, 19.05it/s] 12%|█▏        | 68/585 [00:06<00:27, 19.08it/s] 12%|█▏        | 70/585 [00:06<00:24, 20.80it/s] 12%|█▏        | 71/585 [00:06<00:24, 20.81it/s] 12%|█▏        | 73/585 [00:06<00:23, 22.04it/s] 13%|█▎        | 74/585 [00:06<00:23, 22.06it/s] 13%|█▎        | 76/585 [00:06<00:22, 23.03it/s] 13%|█▎        | 77/585 [00:06<00:22, 23.01it/s] 14%|█▎        | 79/585 [00:07<00:21, 23.82it/s] 14%|█▎        | 80/585 [00:07<00:21, 23.84it/s] 14%|█▍        | 82/585 [00:07<00:20, 24.46it/s] 14%|█▍        | 83/585 [00:07<00:20, 24.50it/s] 15%|█▍        | 85/585 [00:07<00:20, 24.97it/s] 15%|█▍        | 86/585 [00:07<00:19, 24.96it/s] 15%|█▌        | 88/585 [00:07<00:19, 25.30it/s] 15%|█▌        | 89/585 [00:07<00:19, 25.28it/s] 16%|█▌        | 91/585 [00:07<00:19, 25.54it/s] 16%|█▌        | 92/585 [00:07<00:19, 25.54it/s] 16%|█▌        | 94/585 [00:07<00:19, 25.74it/s] 16%|█▌        | 95/585 [00:07<00:19, 25.78it/s] 17%|█▋        | 97/585 [00:07<00:18, 25.94it/s] 17%|█▋        | 98/585 [00:07<00:18, 25.95it/s] 17%|█▋        | 100/585 [00:07<00:18, 26.03it/s] 17%|█▋        | 101/585 [00:07<00:18, 26.04it/s] 18%|█▊        | 103/585 [00:07<00:18, 25.98it/s] 18%|█▊        | 104/585 [00:08<00:18, 25.97it/s] 18%|█▊        | 106/585 [00:08<00:18, 26.14it/s] 18%|█▊        | 107/585 [00:08<00:18, 26.13it/s] 19%|█▊        | 109/585 [00:08<00:18, 26.18it/s] 19%|█▉        | 110/585 [00:08<00:18, 26.14it/s] 19%|█▉        | 112/585 [00:08<00:18, 26.11it/s] 19%|█▉        | 113/585 [00:08<00:18, 26.15it/s] 20%|█▉        | 115/585 [00:08<00:17, 26.23it/s] 20%|█▉        | 116/585 [00:08<00:17, 26.27it/s] 20%|██        | 118/585 [00:08<00:17, 26.28it/s] 20%|██        | 119/585 [00:08<00:17, 26.25it/s] 21%|██        | 121/585 [00:08<00:17, 26.18it/s] 21%|██        | 122/585 [00:08<00:17, 26.12it/s] 21%|██        | 124/585 [00:08<00:17, 26.06it/s] 21%|██▏       | 125/585 [00:08<00:17, 26.08it/s] 22%|██▏       | 127/585 [00:08<00:17, 26.16it/s] 22%|██▏       | 128/585 [00:08<00:17, 26.18it/s] 22%|██▏       | 130/585 [00:08<00:17, 26.19it/s] 22%|██▏       | 131/585 [00:09<00:17, 26.16it/s] 23%|██▎       | 133/585 [00:09<00:17, 26.16it/s] 23%|██▎       | 134/585 [00:09<00:17, 26.14it/s] 23%|██▎       | 136/585 [00:09<00:17, 26.13it/s] 23%|██▎       | 137/585 [00:09<00:17, 26.10it/s] 24%|██▍       | 139/585 [00:09<00:17, 26.07it/s] 24%|██▍       | 140/585 [00:09<00:17, 26.07it/s] 24%|██▍       | 142/585 [00:09<00:16, 26.10it/s] 24%|██▍       | 143/585 [00:09<00:16, 26.10it/s] 25%|██▍       | 145/585 [00:09<00:16, 26.10it/s] 25%|██▍       | 146/585 [00:09<00:16, 26.09it/s] 25%|██▌       | 148/585 [00:09<00:16, 26.03it/s] 25%|██▌       | 149/585 [00:09<00:16, 26.04it/s] 26%|██▌       | 151/585 [00:09<00:16, 26.03it/s] 26%|██▌       | 152/585 [00:09<00:16, 26.06it/s] 26%|██▋       | 154/585 [00:09<00:16, 26.15it/s] 26%|██▋       | 155/585 [00:09<00:16, 26.17it/s] 27%|██▋       | 157/585 [00:10<00:16, 26.09it/s] 27%|██▋       | 158/585 [00:10<00:16, 26.11it/s] 27%|██▋       | 160/585 [00:10<00:16, 26.21it/s] 28%|██▊       | 161/585 [00:10<00:16, 26.22it/s] 28%|██▊       | 163/585 [00:10<00:16, 26.24it/s] 28%|██▊       | 164/585 [00:10<00:16, 26.26it/s] 28%|██▊       | 166/585 [00:10<00:15, 26.36it/s] 29%|██▊       | 167/585 [00:10<00:15, 26.34it/s] 29%|██▉       | 169/585 [00:10<00:15, 26.38it/s] 29%|██▉       | 170/585 [00:10<00:15, 26.38it/s] 29%|██▉       | 172/585 [00:10<00:15, 26.32it/s] 30%|██▉       | 173/585 [00:10<00:15, 26.27it/s] 30%|██▉       | 175/585 [00:10<00:15, 26.31it/s] 30%|███       | 176/585 [00:10<00:15, 26.24it/s] 30%|███       | 178/585 [00:10<00:15, 25.91it/s] 31%|███       | 179/585 [00:10<00:15, 25.75it/s] 31%|███       | 181/585 [00:10<00:15, 25.68it/s] 31%|███       | 182/585 [00:10<00:15, 25.70it/s] 31%|███▏      | 184/585 [00:11<00:15, 25.64it/s] 32%|███▏      | 185/585 [00:11<00:15, 25.66it/s] 32%|███▏      | 187/585 [00:11<00:15, 25.76it/s] 32%|███▏      | 188/585 [00:11<00:15, 25.82it/s] 32%|███▏      | 190/585 [00:11<00:15, 26.01it/s] 33%|███▎      | 191/585 [00:11<00:15, 26.07it/s] 33%|███▎      | 193/585 [00:11<00:14, 26.17it/s] 33%|███▎      | 194/585 [00:11<00:14, 26.20it/s] 34%|███▎      | 196/585 [00:11<00:14, 26.26it/s] 34%|███▎      | 197/585 [00:11<00:14, 26.28it/s] 34%|███▍      | 199/585 [00:11<00:14, 26.22it/s] 34%|███▍      | 200/585 [00:11<00:14, 26.24it/s] 35%|███▍      | 202/585 [00:11<00:14, 26.23it/s] 35%|███▍      | 203/585 [00:11<00:14, 26.24it/s] 35%|███▌      | 205/585 [00:11<00:14, 26.27it/s] 35%|███▌      | 206/585 [00:11<00:14, 26.30it/s] 36%|███▌      | 208/585 [00:11<00:14, 26.34it/s] 36%|███▌      | 209/585 [00:12<00:14, 26.33it/s] 36%|███▌      | 211/585 [00:12<00:14, 26.15it/s] 36%|███▌      | 212/585 [00:12<00:14, 26.13it/s] 37%|███▋      | 214/585 [00:12<00:14, 26.24it/s] 37%|███▋      | 215/585 [00:12<00:14, 26.24it/s] 37%|███▋      | 217/585 [00:12<00:14, 26.27it/s] 37%|███▋      | 218/585 [00:12<00:13, 26.28it/s] 38%|███▊      | 220/585 [00:12<00:13, 26.31it/s] 38%|███▊      | 221/585 [00:12<00:13, 26.28it/s] 38%|███▊      | 223/585 [00:12<00:13, 26.07it/s] 38%|███▊      | 224/585 [00:12<00:13, 26.06it/s] 39%|███▊      | 226/585 [00:12<00:13, 26.12it/s] 39%|███▉      | 227/585 [00:12<00:13, 26.08it/s] 39%|███▉      | 229/585 [00:12<00:13, 26.09it/s] 39%|███▉      | 230/585 [00:12<00:13, 26.11it/s] 40%|███▉      | 232/585 [00:12<00:13, 26.10it/s] 40%|███▉      | 233/585 [00:12<00:13, 26.12it/s] 40%|████      | 235/585 [00:13<00:13, 26.10it/s] 40%|████      | 236/585 [00:13<00:13, 26.00it/s] 41%|████      | 238/585 [00:13<00:13, 25.95it/s] 41%|████      | 239/585 [00:13<00:13, 25.98it/s] 41%|████      | 241/585 [00:13<00:13, 26.03it/s] 41%|████▏     | 242/585 [00:13<00:13, 26.06it/s] 42%|████▏     | 244/585 [00:13<00:13, 26.05it/s] 42%|████▏     | 245/585 [00:13<00:13, 25.88it/s] 42%|████▏     | 247/585 [00:13<00:13, 25.70it/s] 42%|████▏     | 248/585 [00:13<00:13, 25.76it/s] 43%|████▎     | 250/585 [00:13<00:12, 25.81it/s] 43%|████▎     | 251/585 [00:13<00:12, 25.84it/s] 43%|████▎     | 253/585 [00:13<00:12, 25.92it/s] 43%|████▎     | 254/585 [00:13<00:12, 25.97it/s] 44%|████▍     | 256/585 [00:13<00:12, 26.08it/s] 44%|████▍     | 257/585 [00:13<00:12, 25.81it/s] 44%|████▍     | 259/585 [00:13<00:12, 25.66it/s] 44%|████▍     | 260/585 [00:13<00:12, 25.83it/s] 45%|████▍     | 262/585 [00:14<00:12, 25.92it/s] 45%|████▍     | 263/585 [00:14<00:12, 25.95it/s] 45%|████▌     | 265/585 [00:14<00:12, 26.00it/s] 45%|████▌     | 266/585 [00:14<00:12, 26.05it/s] 46%|████▌     | 268/585 [00:14<00:12, 25.95it/s] 46%|████▌     | 269/585 [00:14<00:12, 25.72it/s] 46%|████▋     | 271/585 [00:14<00:12, 25.63it/s] 46%|████▋     | 272/585 [00:14<00:12, 25.58it/s] 47%|████▋     | 274/585 [00:14<00:12, 25.63it/s] 47%|████▋     | 275/585 [00:14<00:12, 25.74it/s] 47%|████▋     | 277/585 [00:14<00:11, 25.68it/s] 48%|████▊     | 278/585 [00:14<00:11, 25.68it/s] 48%|████▊     | 280/585 [00:14<00:11, 25.55it/s] 48%|████▊     | 281/585 [00:14<00:11, 25.43it/s] 48%|████▊     | 283/585 [00:14<00:11, 25.58it/s] 49%|████▊     | 284/585 [00:14<00:11, 25.72it/s] 49%|████▉     | 286/585 [00:15<00:11, 25.49it/s] 49%|████▉     | 287/585 [00:15<00:11, 25.58it/s] 49%|████▉     | 289/585 [00:15<00:11, 25.32it/s] 50%|████▉     | 290/585 [00:15<00:11, 25.35it/s] 50%|████▉     | 292/585 [00:15<00:11, 25.55it/s] 50%|█████     | 293/585 [00:15<00:11, 25.58it/s] 50%|█████     | 295/585 [00:15<00:11, 25.71it/s] 51%|█████     | 296/585 [00:15<00:11, 25.76it/s] 51%|█████     | 298/585 [00:15<00:11, 25.99it/s] 51%|█████     | 299/585 [00:15<00:10, 26.02it/s] 51%|█████▏    | 301/585 [00:15<00:10, 26.05it/s] 52%|█████▏    | 302/585 [00:15<00:10, 26.06it/s] 52%|█████▏    | 304/585 [00:15<00:10, 26.14it/s] 52%|█████▏    | 305/585 [00:15<00:10, 26.14it/s] 52%|█████▏    | 307/585 [00:15<00:10, 26.19it/s] 53%|█████▎    | 308/585 [00:15<00:10, 26.21it/s] 53%|█████▎    | 310/585 [00:15<00:10, 26.28it/s] 53%|█████▎    | 311/585 [00:15<00:10, 26.28it/s] 54%|█████▎    | 313/585 [00:16<00:10, 26.18it/s] 54%|█████▎    | 314/585 [00:16<00:10, 26.16it/s] 54%|█████▍    | 316/585 [00:16<00:10, 26.15it/s] 54%|█████▍    | 317/585 [00:16<00:10, 26.15it/s] 55%|█████▍    | 319/585 [00:16<00:10, 26.18it/s] 55%|█████▍    | 320/585 [00:16<00:10, 26.18it/s] 55%|█████▌    | 322/585 [00:16<00:10, 26.18it/s] 55%|█████▌    | 323/585 [00:16<00:09, 26.20it/s] 56%|█████▌    | 325/585 [00:16<00:09, 26.23it/s] 56%|█████▌    | 326/585 [00:16<00:09, 26.23it/s] 56%|█████▌    | 328/585 [00:16<00:09, 26.15it/s] 56%|█████▌    | 329/585 [00:16<00:09, 25.97it/s] 57%|█████▋    | 331/585 [00:16<00:09, 25.85it/s] 57%|█████▋    | 332/585 [00:16<00:09, 25.83it/s] 57%|█████▋    | 334/585 [00:16<00:09, 25.80it/s] 57%|█████▋    | 335/585 [00:16<00:09, 25.71it/s] 58%|█████▊    | 337/585 [00:16<00:09, 25.72it/s] 58%|█████▊    | 338/585 [00:16<00:09, 25.80it/s] 58%|█████▊    | 340/585 [00:17<00:09, 25.86it/s] 58%|█████▊    | 341/585 [00:17<00:09, 25.90it/s] 59%|█████▊    | 343/585 [00:17<00:09, 25.98it/s] 59%|█████▉    | 344/585 [00:17<00:09, 26.04it/s] 59%|█████▉    | 346/585 [00:17<00:13, 17.15it/s] 59%|█████▉    | 347/585 [00:17<00:13, 17.15it/s] 60%|█████▉    | 349/585 [00:17<00:12, 19.11it/s] 60%|█████▉    | 350/585 [00:17<00:12, 19.12it/s] 60%|██████    | 352/585 [00:17<00:11, 20.79it/s] 60%|██████    | 353/585 [00:17<00:11, 20.83it/s] 61%|██████    | 355/585 [00:17<00:10, 22.28it/s] 61%|██████    | 356/585 [00:17<00:10, 22.29it/s] 61%|██████    | 358/585 [00:17<00:09, 23.41it/s] 61%|██████▏   | 359/585 [00:17<00:09, 23.40it/s] 62%|██████▏   | 361/585 [00:18<00:09, 24.19it/s] 62%|██████▏   | 362/585 [00:18<00:09, 24.17it/s] 62%|██████▏   | 364/585 [00:18<00:08, 24.63it/s] 62%|██████▏   | 365/585 [00:18<00:08, 24.65it/s] 63%|██████▎   | 367/585 [00:18<00:08, 24.97it/s] 63%|██████▎   | 368/585 [00:18<00:08, 24.90it/s] 63%|██████▎   | 370/585 [00:18<00:08, 25.16it/s] 63%|██████▎   | 371/585 [00:18<00:08, 25.19it/s] 64%|██████▍   | 373/585 [00:18<00:08, 25.51it/s] 64%|██████▍   | 374/585 [00:18<00:08, 25.46it/s] 64%|██████▍   | 376/585 [00:18<00:08, 25.53it/s] 64%|██████▍   | 377/585 [00:18<00:08, 25.47it/s] 65%|██████▍   | 379/585 [00:18<00:08, 25.18it/s] 65%|██████▍   | 380/585 [00:18<00:08, 24.93it/s] 65%|██████▌   | 382/585 [00:18<00:08, 24.75it/s] 65%|██████▌   | 383/585 [00:18<00:08, 24.79it/s] 66%|██████▌   | 385/585 [00:19<00:07, 25.03it/s] 66%|██████▌   | 386/585 [00:19<00:07, 25.12it/s] 66%|██████▋   | 388/585 [00:19<00:12, 16.34it/s] 66%|██████▋   | 389/585 [00:19<00:11, 16.34it/s] 67%|██████▋   | 391/585 [00:19<00:10, 18.40it/s] 67%|██████▋   | 392/585 [00:19<00:10, 18.41it/s] 67%|██████▋   | 394/585 [00:19<00:09, 20.20it/s] 68%|██████▊   | 395/585 [00:19<00:09, 20.24it/s] 68%|██████▊   | 397/585 [00:19<00:08, 21.72it/s] 68%|██████▊   | 398/585 [00:19<00:08, 21.76it/s] 68%|██████▊   | 400/585 [00:19<00:08, 23.00it/s] 69%|██████▊   | 401/585 [00:19<00:07, 23.05it/s] 69%|██████▉   | 403/585 [00:19<00:07, 24.04it/s] 69%|██████▉   | 404/585 [00:19<00:07, 24.07it/s] 69%|██████▉   | 406/585 [00:20<00:07, 24.69it/s] 70%|██████▉   | 407/585 [00:20<00:07, 24.70it/s] 70%|██████▉   | 409/585 [00:20<00:06, 25.20it/s] 70%|███████   | 410/585 [00:20<00:06, 25.20it/s] 70%|███████   | 412/585 [00:20<00:06, 25.46it/s] 71%|███████   | 413/585 [00:20<00:06, 25.34it/s] 71%|███████   | 415/585 [00:20<00:06, 25.47it/s] 71%|███████   | 416/585 [00:20<00:06, 25.44it/s] 71%|███████▏  | 418/585 [00:20<00:06, 25.62it/s] 72%|███████▏  | 419/585 [00:20<00:06, 25.62it/s] 72%|███████▏  | 421/585 [00:20<00:06, 25.79it/s] 72%|███████▏  | 422/585 [00:20<00:06, 25.84it/s] 72%|███████▏  | 424/585 [00:20<00:06, 25.93it/s] 73%|███████▎  | 425/585 [00:20<00:06, 25.98it/s] 73%|███████▎  | 427/585 [00:20<00:06, 26.07it/s] 73%|███████▎  | 428/585 [00:20<00:06, 26.06it/s] 74%|███████▎  | 430/585 [00:20<00:05, 26.05it/s] 74%|███████▎  | 431/585 [00:20<00:05, 26.04it/s] 74%|███████▍  | 433/585 [00:21<00:05, 26.08it/s] 74%|███████▍  | 434/585 [00:21<00:05, 26.11it/s] 75%|███████▍  | 436/585 [00:21<00:05, 26.22it/s] 75%|███████▍  | 437/585 [00:21<00:05, 26.25it/s] 75%|███████▌  | 439/585 [00:21<00:05, 26.29it/s] 75%|███████▌  | 440/585 [00:21<00:05, 26.29it/s] 76%|███████▌  | 442/585 [00:21<00:05, 26.32it/s] 76%|███████▌  | 443/585 [00:21<00:05, 26.34it/s] 76%|███████▌  | 445/585 [00:21<00:05, 26.37it/s] 76%|███████▌  | 446/585 [00:21<00:05, 26.37it/s] 77%|███████▋  | 448/585 [00:21<00:05, 26.37it/s] 77%|███████▋  | 449/585 [00:21<00:05, 26.39it/s] 77%|███████▋  | 451/585 [00:21<00:05, 26.40it/s] 77%|███████▋  | 452/585 [00:21<00:05, 26.40it/s] 78%|███████▊  | 454/585 [00:21<00:04, 26.49it/s] 78%|███████▊  | 455/585 [00:21<00:04, 26.49it/s] 78%|███████▊  | 457/585 [00:21<00:04, 26.54it/s] 78%|███████▊  | 458/585 [00:22<00:04, 26.55it/s] 79%|███████▊  | 460/585 [00:22<00:04, 26.57it/s] 79%|███████▉  | 461/585 [00:22<00:04, 26.56it/s] 79%|███████▉  | 463/585 [00:22<00:04, 26.56it/s] 79%|███████▉  | 464/585 [00:22<00:04, 26.54it/s] 80%|███████▉  | 466/585 [00:22<00:04, 26.38it/s] 80%|███████▉  | 467/585 [00:22<00:04, 26.39it/s] 80%|████████  | 469/585 [00:22<00:04, 26.41it/s] 80%|████████  | 470/585 [00:22<00:04, 26.43it/s] 81%|████████  | 472/585 [00:22<00:04, 26.44it/s] 81%|████████  | 473/585 [00:22<00:04, 26.44it/s] 81%|████████  | 475/585 [00:22<00:04, 26.46it/s] 81%|████████▏ | 476/585 [00:22<00:04, 26.45it/s] 82%|████████▏ | 478/585 [00:22<00:04, 26.36it/s] 82%|████████▏ | 479/585 [00:22<00:04, 26.23it/s] 82%|████████▏ | 481/585 [00:22<00:03, 26.31it/s] 82%|████████▏ | 482/585 [00:22<00:03, 26.39it/s] 83%|████████▎ | 484/585 [00:22<00:03, 26.44it/s] 83%|████████▎ | 485/585 [00:23<00:03, 26.46it/s] 83%|████████▎ | 487/585 [00:23<00:03, 26.15it/s] 83%|████████▎ | 488/585 [00:23<00:03, 26.16it/s] 84%|████████▍ | 490/585 [00:23<00:03, 26.18it/s] 84%|████████▍ | 491/585 [00:23<00:03, 26.18it/s] 84%|████████▍ | 493/585 [00:23<00:03, 25.81it/s] 84%|████████▍ | 494/585 [00:23<00:03, 25.57it/s] 85%|████████▍ | 496/585 [00:23<00:03, 25.72it/s] 85%|████████▍ | 497/585 [00:23<00:03, 25.80it/s] 85%|████████▌ | 499/585 [00:23<00:03, 25.88it/s] 85%|████████▌ | 500/585 [00:23<00:03, 25.91it/s] 86%|████████▌ | 502/585 [00:23<00:03, 25.97it/s] 86%|████████▌ | 503/585 [00:23<00:03, 26.01it/s] 86%|████████▋ | 505/585 [00:23<00:03, 26.00it/s] 86%|████████▋ | 506/585 [00:23<00:03, 26.06it/s] 87%|████████▋ | 508/585 [00:23<00:02, 26.21it/s] 87%|████████▋ | 509/585 [00:23<00:02, 26.27it/s] 87%|████████▋ | 511/585 [00:24<00:02, 26.28it/s] 88%|████████▊ | 512/585 [00:24<00:02, 26.32it/s] 88%|████████▊ | 514/585 [00:24<00:02, 26.36it/s] 88%|████████▊ | 515/585 [00:24<00:02, 26.34it/s] 88%|████████▊ | 517/585 [00:24<00:02, 26.34it/s] 89%|████████▊ | 518/585 [00:24<00:02, 26.31it/s] 89%|████████▉ | 520/585 [00:24<00:02, 26.13it/s] 89%|████████▉ | 521/585 [00:24<00:02, 26.11it/s] 89%|████████▉ | 523/585 [00:24<00:02, 26.16it/s] 90%|████████▉ | 524/585 [00:24<00:02, 26.13it/s] 90%|████████▉ | 526/585 [00:24<00:02, 26.12it/s] 90%|█████████ | 527/585 [00:24<00:02, 26.11it/s] 90%|█████████ | 529/585 [00:24<00:02, 26.12it/s] 91%|█████████ | 530/585 [00:24<00:02, 26.05it/s] 91%|█████████ | 532/585 [00:24<00:02, 26.01it/s] 91%|█████████ | 533/585 [00:24<00:01, 26.09it/s] 91%|█████████▏| 535/585 [00:24<00:01, 26.11it/s] 92%|█████████▏| 536/585 [00:24<00:01, 26.11it/s] 92%|█████████▏| 538/585 [00:25<00:01, 26.17it/s] 92%|█████████▏| 539/585 [00:25<00:01, 26.06it/s] 92%|█████████▏| 541/585 [00:25<00:01, 26.09it/s] 93%|█████████▎| 542/585 [00:25<00:01, 25.97it/s] 93%|█████████▎| 544/585 [00:25<00:01, 26.00it/s] 93%|█████████▎| 545/585 [00:25<00:01, 26.08it/s] 94%|█████████▎| 547/585 [00:25<00:01, 26.17it/s] 94%|█████████▎| 548/585 [00:25<00:01, 26.28it/s] 94%|█████████▍| 550/585 [00:25<00:01, 26.24it/s] 94%|█████████▍| 551/585 [00:25<00:01, 26.27it/s] 95%|█████████▍| 553/585 [00:25<00:01, 26.24it/s] 95%|█████████▍| 554/585 [00:25<00:01, 26.29it/s] 95%|█████████▌| 556/585 [00:25<00:01, 26.26it/s] 95%|█████████▌| 557/585 [00:25<00:01, 26.25it/s] 96%|█████████▌| 559/585 [00:25<00:00, 26.35it/s] 96%|█████████▌| 560/585 [00:25<00:00, 26.27it/s] 96%|█████████▌| 562/585 [00:25<00:00, 26.30it/s] 96%|█████████▌| 563/585 [00:26<00:00, 26.33it/s] 97%|█████████▋| 565/585 [00:26<00:00, 26.29it/s] 97%|█████████▋| 566/585 [00:26<00:00, 26.31it/s] 97%|█████████▋| 568/585 [00:26<00:00, 26.31it/s] 97%|█████████▋| 569/585 [00:26<00:00, 26.32it/s] 98%|█████████▊| 571/585 [00:26<00:00, 26.32it/s] 98%|█████████▊| 572/585 [00:26<00:00, 26.35it/s] 98%|█████████▊| 574/585 [00:26<00:00, 26.39it/s] 98%|█████████▊| 575/585 [00:26<00:00, 26.40it/s] 99%|█████████▊| 577/585 [00:26<00:00, 26.39it/s] 99%|█████████▉| 578/585 [00:26<00:00, 26.40it/s] 99%|█████████▉| 580/585 [00:26<00:00, 26.40it/s] 99%|█████████▉| 581/585 [00:26<00:00, 26.42it/s]100%|█████████▉| 583/585 [00:26<00:00, 26.37it/s]100%|█████████▉| 584/585 [00:26<00:00, 26.36it/s]100%|██████████| 585/585 [00:26<00:00, 21.79it/s]
100%|██████████| 585/585 [00:26<00:00, 21.78it/s]
Model checkpointing attempts: 0.
Stored epoch 3 model checkpoint to ./checkpoints/parquet_dataset/parquet_dataset__model_nlyrs_4_nheads_4_hdim_64__pred_ovrlap_F_npreds_4__nlyrs_2_activ_relunenc_1__lr_0.0001_start_0.001_final_0_20251112_155003/epoch_3.pth.
Training loss has improved 1 times since last caching the model. Caching now.
/home/aminmohamadi_squareup_com/projects/.hermit/python/lib/python3.11/site-packages/torch/distributed/distributed_c10d.py:4876: UserWarning: barrier(): using the device under current context. You can specify `device_id` in `init_process_group` to mute this warning.
  warnings.warn(  # warn only once
##############################Training epoch: 5/10##############################
  0%|          | 0/585 [00:00<?, ?it/s]  0%|          | 0/585 [00:00<?, ?it/s]  0%|          | 1/585 [00:01<15:22,  1.58s/it]  0%|          | 2/585 [00:01<07:52,  1.23it/s]  1%|          | 4/585 [00:01<03:12,  3.02it/s]  1%|          | 5/585 [00:01<02:44,  3.52it/s]  1%|          | 7/585 [00:01<01:40,  5.75it/s]  1%|▏         | 8/585 [00:01<01:34,  6.12it/s]  2%|▏         | 10/585 [00:01<01:06,  8.64it/s]  2%|▏         | 11/585 [00:01<01:04,  8.92it/s]  2%|▏         | 13/585 [00:02<00:49, 11.56it/s]  2%|▏         | 14/585 [00:02<00:48, 11.77it/s]  3%|▎         | 16/585 [00:02<00:39, 14.39it/s]  3%|▎         | 17/585 [00:02<00:38, 14.57it/s]  3%|▎         | 19/585 [00:02<00:33, 17.01it/s]  3%|▎         | 20/585 [00:02<00:32, 17.14it/s]  4%|▍         | 22/585 [00:02<00:29, 19.25it/s]  4%|▍         | 23/585 [00:02<00:29, 19.33it/s]  4%|▍         | 25/585 [00:02<00:26, 21.09it/s]  4%|▍         | 26/585 [00:02<00:26, 21.14it/s]  5%|▍         | 28/585 [00:02<00:24, 22.53it/s]  5%|▍         | 29/585 [00:02<00:24, 22.58it/s]  5%|▌         | 31/585 [00:02<00:23, 23.64it/s]  5%|▌         | 32/585 [00:02<00:23, 23.66it/s]  6%|▌         | 34/585 [00:02<00:22, 24.50it/s]  6%|▌         | 35/585 [00:02<00:22, 24.53it/s]  6%|▋         | 37/585 [00:02<00:21, 25.01it/s]  6%|▋         | 38/585 [00:02<00:21, 25.00it/s]  7%|▋         | 40/585 [00:03<00:21, 25.43it/s]  7%|▋         | 41/585 [00:03<00:21, 25.44it/s]  7%|▋         | 43/585 [00:03<00:21, 25.79it/s]  8%|▊         | 44/585 [00:03<00:20, 25.82it/s]  8%|▊         | 46/585 [00:03<00:20, 26.05it/s]  8%|▊         | 47/585 [00:03<00:20, 26.05it/s]  8%|▊         | 49/585 [00:03<00:20, 26.20it/s]  9%|▊         | 50/585 [00:03<00:20, 26.16it/s]  9%|▉         | 52/585 [00:03<00:20, 26.26it/s]  9%|▉         | 53/585 [00:03<00:20, 26.26it/s]  9%|▉         | 55/585 [00:03<00:20, 26.29it/s] 10%|▉         | 56/585 [00:03<00:20, 26.30it/s] 10%|▉         | 58/585 [00:03<00:20, 26.18it/s] 10%|█         | 59/585 [00:03<00:20, 26.16it/s] 10%|█         | 61/585 [00:03<00:19, 26.28it/s] 11%|█         | 62/585 [00:03<00:19, 26.32it/s] 11%|█         | 64/585 [00:03<00:19, 26.41it/s] 11%|█         | 65/585 [00:04<00:19, 26.39it/s] 11%|█▏        | 67/585 [00:04<00:19, 26.45it/s] 12%|█▏        | 68/585 [00:04<00:19, 26.43it/s] 12%|█▏        | 70/585 [00:04<00:19, 26.41it/s] 12%|█▏        | 71/585 [00:04<00:19, 26.39it/s] 12%|█▏        | 73/585 [00:04<00:19, 26.49it/s] 13%|█▎        | 74/585 [00:04<00:19, 26.49it/s] 13%|█▎        | 76/585 [00:04<00:19, 26.57it/s] 13%|█▎        | 77/585 [00:04<00:19, 26.40it/s] 14%|█▎        | 79/585 [00:04<00:19, 26.37it/s] 14%|█▎        | 80/585 [00:04<00:19, 26.42it/s] 14%|█▍        | 82/585 [00:04<00:19, 26.43it/s] 14%|█▍        | 83/585 [00:04<00:18, 26.47it/s] 15%|█▍        | 85/585 [00:04<00:18, 26.53it/s] 15%|█▍        | 86/585 [00:04<00:18, 26.54it/s] 15%|█▌        | 88/585 [00:04<00:18, 26.57it/s] 15%|█▌        | 89/585 [00:04<00:18, 26.60it/s] 16%|█▌        | 91/585 [00:04<00:18, 26.61it/s] 16%|█▌        | 92/585 [00:05<00:18, 26.61it/s] 16%|█▌        | 94/585 [00:05<00:18, 26.51it/s] 16%|█▌        | 95/585 [00:05<00:18, 26.54it/s] 17%|█▋        | 97/585 [00:05<00:18, 26.59it/s] 17%|█▋        | 98/585 [00:05<00:18, 26.59it/s] 17%|█▋        | 100/585 [00:05<00:18, 26.47it/s] 17%|█▋        | 101/585 [00:05<00:18, 26.23it/s] 18%|█▊        | 103/585 [00:05<00:18, 25.69it/s] 18%|█▊        | 104/585 [00:05<00:18, 25.44it/s] 18%|█▊        | 106/585 [00:05<00:19, 25.07it/s] 18%|█▊        | 107/585 [00:05<00:19, 24.97it/s] 19%|█▊        | 109/585 [00:05<00:19, 24.84it/s] 19%|█▉        | 110/585 [00:05<00:19, 25.00it/s] 19%|█▉        | 112/585 [00:05<00:18, 25.34it/s] 19%|█▉        | 113/585 [00:05<00:18, 25.45it/s] 20%|█▉        | 115/585 [00:05<00:18, 25.72it/s] 20%|█▉        | 116/585 [00:05<00:18, 25.81it/s] 20%|██        | 118/585 [00:06<00:17, 25.97it/s] 20%|██        | 119/585 [00:06<00:17, 26.04it/s] 21%|██        | 121/585 [00:06<00:17, 26.18it/s] 21%|██        | 122/585 [00:06<00:17, 26.24it/s] 21%|██        | 124/585 [00:06<00:17, 26.32it/s] 21%|██▏       | 125/585 [00:06<00:17, 26.35it/s] 22%|██▏       | 127/585 [00:06<00:17, 26.41it/s] 22%|██▏       | 128/585 [00:06<00:17, 26.46it/s] 22%|██▏       | 130/585 [00:06<00:17, 26.35it/s] 22%|██▏       | 131/585 [00:06<00:17, 26.29it/s] 23%|██▎       | 133/585 [00:06<00:17, 26.26it/s] 23%|██▎       | 134/585 [00:06<00:17, 26.29it/s] 23%|██▎       | 136/585 [00:06<00:17, 26.39it/s] 23%|██▎       | 137/585 [00:06<00:16, 26.42it/s] 24%|██▍       | 139/585 [00:06<00:16, 26.53it/s] 24%|██▍       | 140/585 [00:06<00:16, 26.57it/s] 24%|██▍       | 142/585 [00:06<00:16, 26.61it/s] 24%|██▍       | 143/585 [00:06<00:16, 26.61it/s] 25%|██▍       | 145/585 [00:07<00:16, 26.66it/s] 25%|██▍       | 146/585 [00:07<00:16, 26.67it/s] 25%|██▌       | 148/585 [00:07<00:16, 26.63it/s] 25%|██▌       | 149/585 [00:07<00:16, 26.65it/s] 26%|██▌       | 151/585 [00:07<00:16, 26.64it/s] 26%|██▌       | 152/585 [00:07<00:16, 26.62it/s] 26%|██▋       | 154/585 [00:07<00:16, 26.64it/s] 26%|██▋       | 155/585 [00:07<00:16, 26.66it/s] 27%|██▋       | 157/585 [00:07<00:16, 26.65it/s] 27%|██▋       | 158/585 [00:07<00:16, 26.53it/s] 27%|██▋       | 160/585 [00:07<00:16, 26.46it/s] 28%|██▊       | 161/585 [00:07<00:16, 26.39it/s] 28%|██▊       | 163/585 [00:07<00:16, 26.01it/s] 28%|██▊       | 164/585 [00:07<00:16, 26.02it/s] 28%|██▊       | 166/585 [00:07<00:16, 26.06it/s] 29%|██▊       | 167/585 [00:07<00:15, 26.13it/s] 29%|██▉       | 169/585 [00:07<00:15, 26.15it/s] 29%|██▉       | 170/585 [00:08<00:16, 25.92it/s] 29%|██▉       | 172/585 [00:08<00:15, 25.87it/s] 30%|██▉       | 173/585 [00:08<00:15, 25.97it/s] 30%|██▉       | 175/585 [00:08<00:15, 25.82it/s] 30%|███       | 176/585 [00:08<00:15, 25.86it/s] 30%|███       | 178/585 [00:08<00:15, 25.74it/s] 31%|███       | 179/585 [00:08<00:15, 25.73it/s] 31%|███       | 181/585 [00:08<00:15, 25.93it/s] 31%|███       | 182/585 [00:08<00:15, 25.82it/s] 31%|███▏      | 184/585 [00:08<00:15, 25.95it/s] 32%|███▏      | 185/585 [00:08<00:15, 26.04it/s] 32%|███▏      | 187/585 [00:08<00:15, 26.09it/s] 32%|███▏      | 188/585 [00:08<00:15, 26.15it/s] 32%|███▏      | 190/585 [00:08<00:22, 17.77it/s] 33%|███▎      | 191/585 [00:09<00:22, 17.72it/s] 33%|███▎      | 193/585 [00:09<00:19, 19.64it/s] 33%|███▎      | 194/585 [00:09<00:19, 19.69it/s] 34%|███▎      | 196/585 [00:09<00:18, 21.28it/s] 34%|███▎      | 197/585 [00:09<00:18, 21.31it/s] 34%|███▍      | 199/585 [00:09<00:17, 22.60it/s] 34%|███▍      | 200/585 [00:09<00:17, 22.61it/s] 35%|███▍      | 202/585 [00:09<00:16, 23.67it/s] 35%|███▍      | 203/585 [00:09<00:16, 23.70it/s] 35%|███▌      | 205/585 [00:09<00:21, 17.28it/s] 35%|███▌      | 206/585 [00:09<00:21, 17.27it/s] 36%|███▌      | 208/585 [00:09<00:19, 19.30it/s] 36%|███▌      | 209/585 [00:09<00:19, 19.34it/s] 36%|███▌      | 211/585 [00:09<00:17, 21.04it/s] 36%|███▌      | 212/585 [00:09<00:17, 21.02it/s] 37%|███▋      | 214/585 [00:10<00:16, 22.44it/s] 37%|███▋      | 215/585 [00:10<00:16, 22.46it/s] 37%|███▋      | 217/585 [00:10<00:15, 23.50it/s] 37%|███▋      | 218/585 [00:10<00:15, 23.50it/s] 38%|███▊      | 220/585 [00:10<00:15, 24.29it/s] 38%|███▊      | 221/585 [00:10<00:15, 24.13it/s] 38%|███▊      | 223/585 [00:10<00:14, 24.62it/s] 38%|███▊      | 224/585 [00:10<00:14, 24.71it/s] 39%|███▊      | 226/585 [00:10<00:14, 25.21it/s] 39%|███▉      | 227/585 [00:10<00:14, 25.24it/s] 39%|███▉      | 229/585 [00:10<00:14, 25.31it/s] 39%|███▉      | 230/585 [00:10<00:14, 25.23it/s] 40%|███▉      | 232/585 [00:10<00:13, 25.22it/s] 40%|███▉      | 233/585 [00:10<00:13, 25.26it/s] 40%|████      | 235/585 [00:10<00:13, 25.64it/s] 40%|████      | 236/585 [00:10<00:13, 25.67it/s] 41%|████      | 238/585 [00:10<00:13, 25.96it/s] 41%|████      | 239/585 [00:11<00:13, 25.99it/s] 41%|████      | 241/585 [00:11<00:13, 25.95it/s] 41%|████▏     | 242/585 [00:11<00:13, 25.91it/s] 42%|████▏     | 244/585 [00:11<00:13, 25.96it/s] 42%|████▏     | 245/585 [00:11<00:13, 26.00it/s] 42%|████▏     | 247/585 [00:11<00:12, 26.15it/s] 42%|████▏     | 248/585 [00:11<00:12, 26.18it/s] 43%|████▎     | 250/585 [00:11<00:12, 26.33it/s] 43%|████▎     | 251/585 [00:11<00:12, 26.36it/s] 43%|████▎     | 253/585 [00:11<00:12, 26.44it/s] 43%|████▎     | 254/585 [00:11<00:12, 26.44it/s] 44%|████▍     | 256/585 [00:11<00:12, 26.46it/s] 44%|████▍     | 257/585 [00:11<00:12, 26.38it/s] 44%|████▍     | 259/585 [00:11<00:12, 26.14it/s] 44%|████▍     | 260/585 [00:11<00:12, 26.14it/s] 45%|████▍     | 262/585 [00:11<00:12, 26.27it/s] 45%|████▍     | 263/585 [00:11<00:12, 26.32it/s] 45%|████▌     | 265/585 [00:11<00:12, 26.33it/s] 45%|████▌     | 266/585 [00:12<00:12, 26.35it/s] 46%|████▌     | 268/585 [00:12<00:12, 26.31it/s] 46%|████▌     | 269/585 [00:12<00:12, 26.30it/s] 46%|████▋     | 271/585 [00:12<00:11, 26.24it/s] 46%|████▋     | 272/585 [00:12<00:11, 26.23it/s] 47%|████▋     | 274/585 [00:12<00:11, 26.32it/s] 47%|████▋     | 275/585 [00:12<00:11, 26.29it/s] 47%|████▋     | 277/585 [00:12<00:11, 26.39it/s] 48%|████▊     | 278/585 [00:12<00:11, 26.45it/s] 48%|████▊     | 280/585 [00:12<00:11, 26.50it/s] 48%|████▊     | 281/585 [00:12<00:11, 26.50it/s] 48%|████▊     | 283/585 [00:12<00:11, 26.45it/s] 49%|████▊     | 284/585 [00:12<00:11, 26.46it/s] 49%|████▉     | 286/585 [00:12<00:11, 26.48it/s] 49%|████▉     | 287/585 [00:12<00:11, 26.50it/s] 49%|████▉     | 289/585 [00:12<00:11, 26.58it/s] 50%|████▉     | 290/585 [00:12<00:11, 26.59it/s] 50%|████▉     | 292/585 [00:13<00:11, 26.53it/s] 50%|█████     | 293/585 [00:13<00:11, 26.53it/s] 50%|█████     | 295/585 [00:13<00:10, 26.48it/s] 51%|█████     | 296/585 [00:13<00:10, 26.42it/s] 51%|█████     | 298/585 [00:13<00:10, 26.43it/s] 51%|█████     | 299/585 [00:13<00:10, 26.45it/s] 51%|█████▏    | 301/585 [00:13<00:10, 26.52it/s] 52%|█████▏    | 302/585 [00:13<00:10, 26.56it/s] 52%|█████▏    | 304/585 [00:13<00:10, 26.56it/s] 52%|█████▏    | 305/585 [00:13<00:10, 26.56it/s] 52%|█████▏    | 307/585 [00:13<00:10, 26.55it/s] 53%|█████▎    | 308/585 [00:13<00:10, 26.54it/s] 53%|█████▎    | 310/585 [00:13<00:10, 26.36it/s] 53%|█████▎    | 311/585 [00:13<00:10, 26.37it/s] 54%|█████▎    | 313/585 [00:13<00:10, 26.46it/s] 54%|█████▎    | 314/585 [00:13<00:10, 26.48it/s] 54%|█████▍    | 316/585 [00:13<00:10, 26.58it/s] 54%|█████▍    | 317/585 [00:13<00:10, 26.55it/s] 55%|█████▍    | 319/585 [00:14<00:10, 26.57it/s] 55%|█████▍    | 320/585 [00:14<00:09, 26.56it/s] 55%|█████▌    | 322/585 [00:14<00:09, 26.47it/s] 55%|█████▌    | 323/585 [00:14<00:09, 26.40it/s] 56%|█████▌    | 325/585 [00:14<00:09, 26.48it/s] 56%|█████▌    | 326/585 [00:14<00:09, 26.51it/s] 56%|█████▌    | 328/585 [00:14<00:09, 26.53it/s] 56%|█████▌    | 329/585 [00:14<00:09, 26.57it/s] 57%|█████▋    | 331/585 [00:14<00:09, 26.58it/s] 57%|█████▋    | 332/585 [00:14<00:09, 26.60it/s] 57%|█████▋    | 334/585 [00:14<00:09, 26.57it/s] 57%|█████▋    | 335/585 [00:14<00:09, 26.58it/s] 58%|█████▊    | 337/585 [00:14<00:09, 26.61it/s] 58%|█████▊    | 338/585 [00:14<00:09, 26.64it/s] 58%|█████▊    | 340/585 [00:14<00:09, 26.66it/s] 58%|█████▊    | 341/585 [00:14<00:09, 26.69it/s] 59%|█████▊    | 343/585 [00:14<00:09, 26.69it/s] 59%|█████▉    | 344/585 [00:14<00:09, 26.67it/s] 59%|█████▉    | 346/585 [00:15<00:09, 26.22it/s] 59%|█████▉    | 347/585 [00:15<00:09, 26.07it/s] 60%|█████▉    | 349/585 [00:15<00:09, 26.18it/s] 60%|█████▉    | 350/585 [00:15<00:08, 26.14it/s] 60%|██████    | 352/585 [00:15<00:08, 26.10it/s] 60%|██████    | 353/585 [00:15<00:08, 26.08it/s] 61%|██████    | 355/585 [00:15<00:08, 25.97it/s] 61%|██████    | 356/585 [00:15<00:08, 26.02it/s] 61%|██████    | 358/585 [00:15<00:08, 26.07it/s] 61%|██████▏   | 359/585 [00:15<00:08, 26.06it/s] 62%|██████▏   | 361/585 [00:15<00:08, 26.05it/s] 62%|██████▏   | 362/585 [00:15<00:08, 26.05it/s] 62%|██████▏   | 364/585 [00:15<00:08, 25.68it/s] 62%|██████▏   | 365/585 [00:15<00:08, 25.69it/s] 63%|██████▎   | 367/585 [00:15<00:08, 25.78it/s] 63%|██████▎   | 368/585 [00:15<00:08, 25.79it/s] 63%|██████▎   | 370/585 [00:15<00:08, 25.87it/s] 63%|██████▎   | 371/585 [00:16<00:08, 25.71it/s] 64%|██████▍   | 373/585 [00:16<00:08, 25.67it/s] 64%|██████▍   | 374/585 [00:16<00:08, 25.75it/s] 64%|██████▍   | 376/585 [00:16<00:08, 25.86it/s] 64%|██████▍   | 377/585 [00:16<00:08, 25.92it/s] 65%|██████▍   | 379/585 [00:16<00:07, 26.04it/s] 65%|██████▍   | 380/585 [00:16<00:07, 26.11it/s] 65%|██████▌   | 382/585 [00:16<00:07, 26.24it/s] 65%|██████▌   | 383/585 [00:16<00:07, 26.25it/s] 66%|██████▌   | 385/585 [00:16<00:07, 26.13it/s] 66%|██████▌   | 386/585 [00:16<00:07, 26.08it/s] 66%|██████▋   | 388/585 [00:16<00:07, 26.14it/s] 66%|██████▋   | 389/585 [00:16<00:07, 26.17it/s] 67%|██████▋   | 391/585 [00:16<00:07, 26.01it/s] 67%|██████▋   | 392/585 [00:16<00:07, 26.05it/s] 67%|██████▋   | 394/585 [00:16<00:07, 26.19it/s] 68%|██████▊   | 395/585 [00:16<00:07, 26.18it/s] 68%|██████▊   | 397/585 [00:17<00:07, 26.22it/s] 68%|██████▊   | 398/585 [00:17<00:07, 26.25it/s] 68%|██████▊   | 400/585 [00:17<00:07, 26.28it/s] 69%|██████▊   | 401/585 [00:17<00:06, 26.30it/s] 69%|██████▉   | 403/585 [00:17<00:06, 26.36it/s] 69%|██████▉   | 404/585 [00:17<00:06, 26.35it/s] 69%|██████▉   | 406/585 [00:17<00:06, 26.40it/s] 70%|██████▉   | 407/585 [00:17<00:06, 26.34it/s] 70%|██████▉   | 409/585 [00:17<00:06, 26.36it/s] 70%|███████   | 410/585 [00:17<00:06, 26.36it/s] 70%|███████   | 412/585 [00:17<00:06, 26.12it/s] 71%|███████   | 413/585 [00:17<00:06, 26.11it/s] 71%|███████   | 415/585 [00:17<00:06, 26.24it/s] 71%|███████   | 416/585 [00:17<00:06, 26.22it/s] 71%|███████▏  | 418/585 [00:17<00:06, 26.06it/s] 72%|███████▏  | 419/585 [00:17<00:06, 26.09it/s] 72%|███████▏  | 421/585 [00:17<00:06, 26.01it/s] 72%|███████▏  | 422/585 [00:17<00:06, 25.99it/s] 72%|███████▏  | 424/585 [00:18<00:06, 26.09it/s] 73%|███████▎  | 425/585 [00:18<00:06, 26.10it/s] 73%|███████▎  | 427/585 [00:18<00:06, 26.22it/s] 73%|███████▎  | 428/585 [00:18<00:05, 26.23it/s] 74%|███████▎  | 430/585 [00:18<00:05, 26.32it/s] 74%|███████▎  | 431/585 [00:18<00:05, 26.08it/s] 74%|███████▍  | 433/585 [00:18<00:05, 26.00it/s] 74%|███████▍  | 434/585 [00:18<00:05, 26.09it/s] 75%|███████▍  | 436/585 [00:18<00:05, 26.19it/s] 75%|███████▍  | 437/585 [00:18<00:05, 26.26it/s] 75%|███████▌  | 439/585 [00:18<00:05, 26.32it/s] 75%|███████▌  | 440/585 [00:18<00:05, 26.35it/s] 76%|███████▌  | 442/585 [00:18<00:05, 26.40it/s] 76%|███████▌  | 443/585 [00:18<00:05, 26.45it/s] 76%|███████▌  | 445/585 [00:18<00:05, 26.41it/s] 76%|███████▌  | 446/585 [00:18<00:05, 26.43it/s] 77%|███████▋  | 448/585 [00:18<00:05, 26.46it/s] 77%|███████▋  | 449/585 [00:18<00:05, 26.48it/s] 77%|███████▋  | 451/585 [00:19<00:05, 26.50it/s] 77%|███████▋  | 452/585 [00:19<00:05, 26.53it/s] 78%|███████▊  | 454/585 [00:19<00:04, 26.58it/s] 78%|███████▊  | 455/585 [00:19<00:04, 26.57it/s] 78%|███████▊  | 457/585 [00:19<00:04, 26.56it/s] 78%|███████▊  | 458/585 [00:19<00:04, 26.41it/s] 79%|███████▊  | 460/585 [00:19<00:04, 26.25it/s] 79%|███████▉  | 461/585 [00:19<00:04, 26.31it/s] 79%|███████▉  | 463/585 [00:19<00:04, 26.31it/s] 79%|███████▉  | 464/585 [00:19<00:04, 26.32it/s] 80%|███████▉  | 466/585 [00:19<00:04, 26.32it/s] 80%|███████▉  | 467/585 [00:19<00:04, 26.26it/s] 80%|████████  | 469/585 [00:19<00:04, 25.77it/s] 80%|████████  | 470/585 [00:19<00:04, 25.53it/s] 81%|████████  | 472/585 [00:19<00:04, 25.07it/s] 81%|████████  | 473/585 [00:19<00:04, 24.96it/s] 81%|████████  | 475/585 [00:20<00:04, 24.82it/s] 81%|████████▏ | 476/585 [00:20<00:04, 24.94it/s] 82%|████████▏ | 478/585 [00:20<00:04, 25.19it/s] 82%|████████▏ | 479/585 [00:20<00:04, 25.26it/s] 82%|████████▏ | 481/585 [00:20<00:04, 25.53it/s] 82%|████████▏ | 482/585 [00:20<00:04, 25.63it/s] 83%|████████▎ | 484/585 [00:20<00:03, 25.88it/s] 83%|████████▎ | 485/585 [00:20<00:03, 25.95it/s] 83%|████████▎ | 487/585 [00:20<00:03, 26.07it/s] 83%|████████▎ | 488/585 [00:20<00:03, 26.10it/s] 84%|████████▍ | 490/585 [00:20<00:03, 26.18it/s] 84%|████████▍ | 491/585 [00:20<00:03, 26.22it/s] 84%|████████▍ | 493/585 [00:20<00:03, 26.30it/s] 84%|████████▍ | 494/585 [00:20<00:03, 26.35it/s] 85%|████████▍ | 496/585 [00:20<00:03, 26.41it/s] 85%|████████▍ | 497/585 [00:20<00:03, 26.41it/s] 85%|████████▌ | 499/585 [00:20<00:03, 26.48it/s] 85%|████████▌ | 500/585 [00:20<00:03, 26.50it/s] 86%|████████▌ | 502/585 [00:21<00:03, 26.54it/s] 86%|████████▌ | 503/585 [00:21<00:03, 26.55it/s] 86%|████████▋ | 505/585 [00:21<00:03, 26.61it/s] 86%|████████▋ | 506/585 [00:21<00:02, 26.57it/s] 87%|████████▋ | 508/585 [00:21<00:02, 26.55it/s] 87%|████████▋ | 509/585 [00:21<00:02, 26.58it/s] 87%|████████▋ | 511/585 [00:21<00:02, 26.52it/s] 88%|████████▊ | 512/585 [00:21<00:02, 26.48it/s] 88%|████████▊ | 514/585 [00:21<00:04, 17.47it/s] 88%|████████▊ | 515/585 [00:21<00:04, 17.34it/s] 88%|████████▊ | 517/585 [00:21<00:03, 19.19it/s] 89%|████████▊ | 518/585 [00:21<00:03, 19.20it/s] 89%|████████▉ | 520/585 [00:21<00:03, 20.83it/s] 89%|████████▉ | 521/585 [00:21<00:03, 20.89it/s] 89%|████████▉ | 523/585 [00:22<00:02, 22.30it/s] 90%|████████▉ | 524/585 [00:22<00:02, 22.34it/s] 90%|████████▉ | 526/585 [00:22<00:02, 23.44it/s] 90%|█████████ | 527/585 [00:22<00:02, 23.47it/s] 90%|█████████ | 529/585 [00:22<00:02, 24.28it/s] 91%|█████████ | 530/585 [00:22<00:02, 24.32it/s] 91%|█████████ | 532/585 [00:22<00:02, 24.98it/s] 91%|█████████ | 533/585 [00:22<00:02, 25.01it/s] 91%|█████████▏| 535/585 [00:22<00:01, 25.49it/s] 92%|█████████▏| 536/585 [00:22<00:01, 25.48it/s] 92%|█████████▏| 538/585 [00:22<00:01, 25.80it/s] 92%|█████████▏| 539/585 [00:22<00:01, 25.82it/s] 92%|█████████▏| 541/585 [00:22<00:01, 26.11it/s] 93%|█████████▎| 542/585 [00:22<00:01, 26.12it/s] 93%|█████████▎| 544/585 [00:22<00:01, 26.27it/s] 93%|█████████▎| 545/585 [00:22<00:01, 26.29it/s] 94%|█████████▎| 547/585 [00:22<00:01, 26.43it/s] 94%|█████████▎| 548/585 [00:22<00:01, 26.42it/s] 94%|█████████▍| 550/585 [00:23<00:01, 26.46it/s] 94%|█████████▍| 551/585 [00:23<00:01, 26.40it/s] 95%|█████████▍| 553/585 [00:23<00:01, 26.30it/s] 95%|█████████▍| 554/585 [00:23<00:01, 25.97it/s] 95%|█████████▌| 556/585 [00:23<00:01, 25.50it/s] 95%|█████████▌| 557/585 [00:23<00:01, 25.45it/s] 96%|█████████▌| 559/585 [00:23<00:01, 25.23it/s] 96%|█████████▌| 560/585 [00:23<00:00, 25.24it/s] 96%|█████████▌| 562/585 [00:23<00:00, 25.48it/s] 96%|█████████▌| 563/585 [00:23<00:00, 25.58it/s] 97%|█████████▋| 565/585 [00:23<00:00, 25.83it/s] 97%|█████████▋| 566/585 [00:23<00:00, 25.94it/s] 97%|█████████▋| 568/585 [00:23<00:00, 25.88it/s] 97%|█████████▋| 569/585 [00:23<00:00, 25.90it/s] 98%|█████████▊| 571/585 [00:23<00:00, 26.04it/s] 98%|█████████▊| 572/585 [00:23<00:00, 26.00it/s] 98%|█████████▊| 574/585 [00:23<00:00, 25.93it/s] 98%|█████████▊| 575/585 [00:24<00:00, 25.98it/s] 99%|█████████▊| 577/585 [00:24<00:00, 26.13it/s] 99%|█████████▉| 578/585 [00:24<00:00, 26.21it/s] 99%|█████████▉| 580/585 [00:24<00:00, 26.28it/s] 99%|█████████▉| 581/585 [00:24<00:00, 26.30it/s]100%|█████████▉| 583/585 [00:24<00:00, 26.40it/s]100%|█████████▉| 584/585 [00:24<00:00, 26.42it/s]100%|██████████| 585/585 [00:24<00:00, 23.99it/s]
100%|██████████| 585/585 [00:24<00:00, 23.99it/s]
/home/aminmohamadi_squareup_com/projects/.hermit/python/lib/python3.11/site-packages/torch/distributed/distributed_c10d.py:4876: UserWarning: barrier(): using the device under current context. You can specify `device_id` in `init_process_group` to mute this warning.
  warnings.warn(  # warn only once
##############################Training epoch: 6/10##############################
  0%|          | 0/585 [00:00<?, ?it/s]  0%|          | 0/585 [00:00<?, ?it/s]  0%|          | 1/585 [00:00<01:29,  6.52it/s]  0%|          | 2/585 [00:00<00:55, 10.42it/s]  1%|          | 4/585 [00:00<00:34, 16.71it/s]  1%|          | 5/585 [00:00<00:32, 17.81it/s]  1%|          | 7/585 [00:00<00:27, 20.84it/s]  1%|▏         | 8/585 [00:00<00:27, 21.14it/s]  2%|▏         | 10/585 [00:00<00:25, 22.85it/s]  2%|▏         | 11/585 [00:00<00:24, 23.02it/s]  2%|▏         | 13/585 [00:00<00:23, 24.10it/s]  2%|▏         | 14/585 [00:00<00:23, 24.21it/s]  3%|▎         | 16/585 [00:00<00:22, 24.97it/s]  3%|▎         | 17/585 [00:00<00:22, 25.00it/s]  3%|▎         | 19/585 [00:00<00:22, 25.54it/s]  3%|▎         | 20/585 [00:00<00:22, 25.58it/s]  4%|▍         | 22/585 [00:00<00:21, 25.90it/s]  4%|▍         | 23/585 [00:00<00:21, 25.87it/s]  4%|▍         | 25/585 [00:01<00:21, 26.07it/s]  4%|▍         | 26/585 [00:01<00:21, 25.98it/s]  5%|▍         | 28/585 [00:01<00:21, 25.88it/s]  5%|▍         | 29/585 [00:01<00:21, 25.71it/s]  5%|▌         | 31/585 [00:01<00:21, 25.68it/s]  5%|▌         | 32/585 [00:01<00:21, 25.70it/s]  6%|▌         | 34/585 [00:01<00:21, 25.94it/s]  6%|▌         | 35/585 [00:01<00:21, 25.98it/s]  6%|▋         | 37/585 [00:01<00:21, 26.08it/s]  6%|▋         | 38/585 [00:01<00:20, 26.16it/s]  7%|▋         | 40/585 [00:01<00:20, 26.26it/s]  7%|▋         | 41/585 [00:01<00:20, 26.32it/s]  7%|▋         | 43/585 [00:01<00:20, 26.36it/s]  8%|▊         | 44/585 [00:01<00:20, 26.38it/s]  8%|▊         | 46/585 [00:01<00:20, 26.46it/s]  8%|▊         | 47/585 [00:01<00:20, 26.46it/s]  8%|▊         | 49/585 [00:01<00:20, 26.51it/s]  9%|▊         | 50/585 [00:02<00:20, 26.54it/s]  9%|▉         | 52/585 [00:02<00:20, 26.56it/s]  9%|▉         | 53/585 [00:02<00:20, 26.56it/s]  9%|▉         | 55/585 [00:02<00:19, 26.58it/s] 10%|▉         | 56/585 [00:02<00:19, 26.64it/s] 10%|▉         | 58/585 [00:02<00:19, 26.68it/s] 10%|█         | 59/585 [00:02<00:19, 26.69it/s] 10%|█         | 61/585 [00:02<00:19, 26.67it/s] 11%|█         | 62/585 [00:02<00:19, 26.60it/s] 11%|█         | 64/585 [00:02<00:28, 18.57it/s] 11%|█         | 65/585 [00:02<00:28, 18.57it/s] 11%|█▏        | 67/585 [00:02<00:25, 20.35it/s] 12%|█▏        | 68/585 [00:02<00:25, 20.32it/s] 12%|█▏        | 70/585 [00:02<00:23, 21.74it/s] 12%|█▏        | 71/585 [00:02<00:23, 21.72it/s] 12%|█▏        | 73/585 [00:03<00:22, 22.64it/s] 13%|█▎        | 74/585 [00:03<00:22, 22.63it/s] 13%|█▎        | 76/585 [00:03<00:21, 23.57it/s] 13%|█▎        | 77/585 [00:03<00:21, 23.54it/s] 14%|█▎        | 79/585 [00:03<00:21, 24.01it/s] 14%|█▎        | 80/585 [00:03<00:21, 24.01it/s] 14%|█▍        | 82/585 [00:03<00:20, 24.66it/s] 14%|█▍        | 83/585 [00:03<00:20, 24.71it/s] 15%|█▍        | 85/585 [00:03<00:19, 25.19it/s] 15%|█▍        | 86/585 [00:03<00:19, 25.24it/s] 15%|█▌        | 88/585 [00:03<00:19, 25.60it/s] 15%|█▌        | 89/585 [00:03<00:19, 25.66it/s] 16%|█▌        | 91/585 [00:03<00:19, 25.98it/s] 16%|█▌        | 92/585 [00:03<00:18, 25.99it/s] 16%|█▌        | 94/585 [00:03<00:18, 26.22it/s] 16%|█▌        | 95/585 [00:03<00:18, 26.01it/s] 17%|█▋        | 97/585 [00:03<00:18, 26.14it/s] 17%|█▋        | 98/585 [00:04<00:18, 25.75it/s] 17%|█▋        | 100/585 [00:04<00:18, 25.80it/s] 17%|█▋        | 101/585 [00:04<00:18, 25.86it/s] 18%|█▊        | 103/585 [00:04<00:18, 25.92it/s] 18%|█▊        | 104/585 [00:04<00:18, 26.09it/s] 18%|█▊        | 106/585 [00:04<00:18, 26.16it/s] 18%|█▊        | 107/585 [00:04<00:18, 26.29it/s] 19%|█▊        | 109/585 [00:04<00:18, 26.30it/s] 19%|█▉        | 110/585 [00:04<00:18, 26.38it/s] 19%|█▉        | 112/585 [00:04<00:17, 26.37it/s] 19%|█▉        | 113/585 [00:04<00:17, 26.43it/s] 20%|█▉        | 115/585 [00:04<00:17, 26.42it/s] 20%|█▉        | 116/585 [00:04<00:17, 26.46it/s] 20%|██        | 118/585 [00:04<00:17, 26.48it/s] 20%|██        | 119/585 [00:04<00:17, 26.51it/s] 21%|██        | 121/585 [00:04<00:17, 26.58it/s] 21%|██        | 122/585 [00:04<00:17, 26.60it/s] 21%|██        | 124/585 [00:04<00:17, 26.62it/s] 21%|██▏       | 125/585 [00:05<00:17, 26.61it/s] 22%|██▏       | 127/585 [00:05<00:17, 26.51it/s] 22%|██▏       | 128/585 [00:05<00:17, 26.52it/s] 22%|██▏       | 130/585 [00:05<00:17, 26.57it/s] 22%|██▏       | 131/585 [00:05<00:17, 26.58it/s] 23%|██▎       | 133/585 [00:05<00:16, 26.59it/s] 23%|██▎       | 134/585 [00:05<00:16, 26.59it/s] 23%|██▎       | 136/585 [00:05<00:16, 26.58it/s] 23%|██▎       | 137/585 [00:05<00:16, 26.58it/s] 24%|██▍       | 139/585 [00:05<00:16, 26.47it/s] 24%|██▍       | 140/585 [00:05<00:16, 26.47it/s] 24%|██▍       | 142/585 [00:05<00:16, 26.51it/s] 24%|██▍       | 143/585 [00:05<00:16, 26.50it/s] 25%|██▍       | 145/585 [00:05<00:16, 26.56it/s] 25%|██▍       | 146/585 [00:05<00:16, 26.60it/s] 25%|██▌       | 148/585 [00:05<00:16, 26.62it/s] 25%|██▌       | 149/585 [00:05<00:16, 26.63it/s] 26%|██▌       | 151/585 [00:06<00:16, 26.61it/s] 26%|██▌       | 152/585 [00:06<00:16, 26.61it/s] 26%|██▋       | 154/585 [00:06<00:16, 26.61it/s] 26%|██▋       | 155/585 [00:06<00:16, 26.61it/s] 27%|██▋       | 157/585 [00:06<00:16, 26.47it/s] 27%|██▋       | 158/585 [00:06<00:16, 26.45it/s] 27%|██▋       | 160/585 [00:06<00:16, 26.47it/s] 28%|██▊       | 161/585 [00:06<00:16, 26.33it/s] 28%|██▊       | 163/585 [00:06<00:16, 26.31it/s] 28%|██▊       | 164/585 [00:06<00:15, 26.34it/s] 28%|██▊       | 166/585 [00:06<00:15, 26.31it/s] 29%|██▊       | 167/585 [00:06<00:15, 26.37it/s] 29%|██▉       | 169/585 [00:06<00:15, 26.35it/s] 29%|██▉       | 170/585 [00:06<00:15, 26.21it/s] 29%|██▉       | 172/585 [00:06<00:15, 25.91it/s] 30%|██▉       | 173/585 [00:06<00:16, 25.72it/s] 30%|██▉       | 175/585 [00:06<00:16, 25.54it/s] 30%|███       | 176/585 [00:06<00:15, 25.63it/s] 30%|███       | 178/585 [00:07<00:15, 25.81it/s] 31%|███       | 179/585 [00:07<00:15, 25.85it/s] 31%|███       | 181/585 [00:07<00:15, 26.01it/s] 31%|███       | 182/585 [00:07<00:15, 25.86it/s] 31%|███▏      | 184/585 [00:07<00:15, 25.12it/s] 32%|███▏      | 185/585 [00:07<00:16, 24.72it/s] 32%|███▏      | 187/585 [00:07<00:16, 24.36it/s] 32%|███▏      | 188/585 [00:07<00:16, 24.47it/s] 32%|███▏      | 190/585 [00:07<00:15, 24.70it/s] 33%|███▎      | 191/585 [00:07<00:15, 24.86it/s] 33%|███▎      | 193/585 [00:07<00:15, 25.18it/s] 33%|███▎      | 194/585 [00:07<00:15, 25.33it/s] 34%|███▎      | 196/585 [00:07<00:15, 25.60it/s] 34%|███▎      | 197/585 [00:07<00:15, 25.72it/s] 34%|███▍      | 199/585 [00:07<00:14, 25.96it/s] 34%|███▍      | 200/585 [00:07<00:14, 26.04it/s] 35%|███▍      | 202/585 [00:07<00:14, 26.18it/s] 35%|███▍      | 203/585 [00:08<00:14, 26.22it/s] 35%|███▌      | 205/585 [00:08<00:14, 26.29it/s] 35%|███▌      | 206/585 [00:08<00:14, 26.33it/s] 36%|███▌      | 208/585 [00:08<00:14, 26.44it/s] 36%|███▌      | 209/585 [00:08<00:14, 26.46it/s] 36%|███▌      | 211/585 [00:08<00:14, 26.50it/s] 36%|███▌      | 212/585 [00:08<00:14, 26.54it/s] 37%|███▋      | 214/585 [00:08<00:13, 26.55it/s] 37%|███▋      | 215/585 [00:08<00:13, 26.55it/s] 37%|███▋      | 217/585 [00:08<00:13, 26.57it/s] 37%|███▋      | 218/585 [00:08<00:13, 26.56it/s] 38%|███▊      | 220/585 [00:08<00:13, 26.57it/s] 38%|███▊      | 221/585 [00:08<00:13, 26.59it/s] 38%|███▊      | 223/585 [00:08<00:13, 26.66it/s] 38%|███▊      | 224/585 [00:08<00:13, 26.69it/s] 39%|███▊      | 226/585 [00:08<00:13, 26.68it/s] 39%|███▉      | 227/585 [00:08<00:13, 26.66it/s] 39%|███▉      | 229/585 [00:08<00:13, 26.61it/s] 39%|███▉      | 230/585 [00:09<00:13, 26.61it/s] 40%|███▉      | 232/585 [00:09<00:13, 26.54it/s] 40%|███▉      | 233/585 [00:09<00:13, 26.30it/s] 40%|████      | 235/585 [00:09<00:13, 25.90it/s] 40%|████      | 236/585 [00:09<00:13, 25.96it/s] 41%|████      | 238/585 [00:09<00:13, 25.98it/s] 41%|████      | 239/585 [00:09<00:13, 25.92it/s] 41%|████      | 241/585 [00:09<00:13, 26.04it/s] 41%|████▏     | 242/585 [00:09<00:13, 26.09it/s] 42%|████▏     | 244/585 [00:09<00:13, 26.20it/s] 42%|████▏     | 245/585 [00:09<00:12, 26.25it/s] 42%|████▏     | 247/585 [00:09<00:12, 26.19it/s] 42%|████▏     | 248/585 [00:09<00:12, 26.21it/s] 43%|████▎     | 250/585 [00:09<00:12, 26.30it/s] 43%|████▎     | 251/585 [00:09<00:12, 26.34it/s] 43%|████▎     | 253/585 [00:09<00:12, 26.43it/s] 43%|████▎     | 254/585 [00:09<00:12, 26.48it/s] 44%|████▍     | 256/585 [00:10<00:12, 26.51it/s] 44%|████▍     | 257/585 [00:10<00:12, 26.51it/s] 44%|████▍     | 259/585 [00:10<00:12, 26.54it/s] 44%|████▍     | 260/585 [00:10<00:12, 26.48it/s] 45%|████▍     | 262/585 [00:10<00:12, 26.49it/s] 45%|████▍     | 263/585 [00:10<00:12, 26.52it/s] 45%|████▌     | 265/585 [00:10<00:12, 26.59it/s] 45%|████▌     | 266/585 [00:10<00:11, 26.61it/s] 46%|████▌     | 268/585 [00:10<00:11, 26.60it/s] 46%|████▌     | 269/585 [00:10<00:11, 26.61it/s] 46%|████▋     | 271/585 [00:10<00:11, 26.56it/s] 46%|████▋     | 272/585 [00:10<00:11, 26.57it/s] 47%|████▋     | 274/585 [00:10<00:11, 26.44it/s] 47%|████▋     | 275/585 [00:10<00:11, 26.40it/s] 47%|████▋     | 277/585 [00:10<00:11, 26.47it/s] 48%|████▊     | 278/585 [00:10<00:11, 26.49it/s] 48%|████▊     | 280/585 [00:10<00:11, 26.57it/s] 48%|████▊     | 281/585 [00:10<00:11, 26.57it/s] 48%|████▊     | 283/585 [00:11<00:11, 26.53it/s] 49%|████▊     | 284/585 [00:11<00:11, 26.50it/s] 49%|████▉     | 286/585 [00:11<00:11, 26.47it/s] 49%|████▉     | 287/585 [00:11<00:11, 26.34it/s] 49%|████▉     | 289/585 [00:11<00:11, 25.98it/s] 50%|████▉     | 290/585 [00:11<00:11, 25.97it/s] 50%|████▉     | 292/585 [00:11<00:11, 25.99it/s] 50%|█████     | 293/585 [00:11<00:11, 26.01it/s] 50%|█████     | 295/585 [00:11<00:11, 26.08it/s] 51%|█████     | 296/585 [00:11<00:11, 26.12it/s] 51%|█████     | 298/585 [00:11<00:10, 26.24it/s] 51%|█████     | 299/585 [00:11<00:10, 26.28it/s] 51%|█████▏    | 301/585 [00:11<00:10, 26.28it/s] 52%|█████▏    | 302/585 [00:11<00:10, 26.29it/s] 52%|█████▏    | 304/585 [00:11<00:10, 26.39it/s] 52%|█████▏    | 305/585 [00:11<00:10, 26.43it/s] 52%|█████▏    | 307/585 [00:11<00:10, 26.44it/s] 53%|█████▎    | 308/585 [00:11<00:10, 26.46it/s] 53%|█████▎    | 310/585 [00:12<00:10, 26.48it/s] 53%|█████▎    | 311/585 [00:12<00:10, 26.47it/s] 54%|█████▎    | 313/585 [00:12<00:10, 26.50it/s] 54%|█████▎    | 314/585 [00:12<00:10, 26.49it/s] 54%|█████▍    | 316/585 [00:12<00:10, 26.55it/s] 54%|█████▍    | 317/585 [00:12<00:10, 26.57it/s] 55%|█████▍    | 319/585 [00:12<00:09, 26.62it/s] 55%|█████▍    | 320/585 [00:12<00:09, 26.62it/s] 55%|█████▌    | 322/585 [00:12<00:09, 26.65it/s] 55%|█████▌    | 323/585 [00:12<00:09, 26.65it/s] 56%|█████▌    | 325/585 [00:12<00:09, 26.59it/s] 56%|█████▌    | 326/585 [00:12<00:09, 26.53it/s] 56%|█████▌    | 328/585 [00:12<00:09, 26.09it/s] 56%|█████▌    | 329/585 [00:12<00:09, 25.93it/s] 57%|█████▋    | 331/585 [00:12<00:09, 25.74it/s] 57%|█████▋    | 332/585 [00:12<00:09, 25.81it/s] 57%|█████▋    | 334/585 [00:12<00:09, 25.95it/s] 57%|█████▋    | 335/585 [00:13<00:09, 25.96it/s] 58%|█████▊    | 337/585 [00:13<00:09, 25.98it/s] 58%|█████▊    | 338/585 [00:13<00:09, 25.99it/s] 58%|█████▊    | 340/585 [00:13<00:09, 26.12it/s] 58%|█████▊    | 341/585 [00:13<00:09, 26.12it/s] 59%|█████▊    | 343/585 [00:13<00:09, 25.97it/s] 59%|█████▉    | 344/585 [00:13<00:09, 26.00it/s] 59%|█████▉    | 346/585 [00:13<00:09, 26.12it/s] 59%|█████▉    | 347/585 [00:13<00:09, 26.12it/s] 60%|█████▉    | 349/585 [00:13<00:13, 17.60it/s] 60%|█████▉    | 350/585 [00:13<00:13, 17.62it/s] 60%|██████    | 352/585 [00:13<00:11, 19.57it/s] 60%|██████    | 353/585 [00:13<00:11, 19.60it/s] 61%|██████    | 355/585 [00:13<00:10, 21.28it/s] 61%|██████    | 356/585 [00:14<00:10, 21.27it/s] 61%|██████    | 358/585 [00:14<00:10, 22.61it/s] 61%|██████▏   | 359/585 [00:14<00:10, 22.39it/s] 62%|██████▏   | 361/585 [00:14<00:09, 23.45it/s] 62%|██████▏   | 362/585 [00:14<00:09, 23.27it/s] 62%|██████▏   | 364/585 [00:14<00:09, 24.05it/s] 62%|██████▏   | 365/585 [00:14<00:09, 24.14it/s] 63%|██████▎   | 367/585 [00:14<00:08, 24.65it/s] 63%|██████▎   | 368/585 [00:14<00:08, 24.75it/s] 63%|██████▎   | 370/585 [00:14<00:08, 25.16it/s] 63%|██████▎   | 371/585 [00:14<00:08, 25.24it/s] 64%|██████▍   | 373/585 [00:14<00:08, 25.50it/s] 64%|██████▍   | 374/585 [00:14<00:08, 25.51it/s] 64%|██████▍   | 376/585 [00:14<00:08, 25.72it/s] 64%|██████▍   | 377/585 [00:14<00:08, 25.79it/s] 65%|██████▍   | 379/585 [00:14<00:07, 25.79it/s] 65%|██████▍   | 380/585 [00:14<00:07, 25.78it/s] 65%|██████▌   | 382/585 [00:15<00:07, 25.88it/s] 65%|██████▌   | 383/585 [00:15<00:07, 25.91it/s] 66%|██████▌   | 385/585 [00:15<00:07, 25.96it/s] 66%|██████▌   | 386/585 [00:15<00:07, 25.94it/s] 66%|██████▋   | 388/585 [00:15<00:07, 25.68it/s] 66%|██████▋   | 389/585 [00:15<00:07, 25.66it/s] 67%|██████▋   | 391/585 [00:15<00:07, 25.72it/s] 67%|██████▋   | 392/585 [00:15<00:07, 25.79it/s] 67%|██████▋   | 394/585 [00:15<00:07, 25.97it/s] 68%|██████▊   | 395/585 [00:15<00:07, 26.01it/s] 68%|██████▊   | 397/585 [00:15<00:07, 26.15it/s] 68%|██████▊   | 398/585 [00:15<00:07, 26.16it/s] 68%|██████▊   | 400/585 [00:15<00:07, 26.27it/s] 69%|██████▊   | 401/585 [00:15<00:07, 26.26it/s] 69%|██████▉   | 403/585 [00:15<00:06, 26.34it/s] 69%|██████▉   | 404/585 [00:15<00:06, 26.30it/s] 69%|██████▉   | 406/585 [00:15<00:06, 26.33it/s] 70%|██████▉   | 407/585 [00:15<00:06, 26.32it/s] 70%|██████▉   | 409/585 [00:16<00:06, 26.37it/s] 70%|███████   | 410/585 [00:16<00:06, 26.41it/s] 70%|███████   | 412/585 [00:16<00:06, 26.40it/s] 71%|███████   | 413/585 [00:16<00:06, 26.44it/s] 71%|███████   | 415/585 [00:16<00:06, 26.46it/s] 71%|███████   | 416/585 [00:16<00:06, 26.40it/s] 71%|███████▏  | 418/585 [00:16<00:06, 26.40it/s] 72%|███████▏  | 419/585 [00:16<00:06, 26.40it/s] 72%|███████▏  | 421/585 [00:16<00:06, 26.41it/s] 72%|███████▏  | 422/585 [00:16<00:06, 26.43it/s] 72%|███████▏  | 424/585 [00:16<00:06, 26.37it/s] 73%|███████▎  | 425/585 [00:16<00:06, 26.37it/s] 73%|███████▎  | 427/585 [00:16<00:05, 26.38it/s] 73%|███████▎  | 428/585 [00:16<00:05, 26.38it/s] 74%|███████▎  | 430/585 [00:16<00:05, 26.28it/s] 74%|███████▎  | 431/585 [00:16<00:05, 26.25it/s] 74%|███████▍  | 433/585 [00:16<00:05, 26.28it/s] 74%|███████▍  | 434/585 [00:16<00:05, 26.22it/s] 75%|███████▍  | 436/585 [00:17<00:05, 25.90it/s] 75%|███████▍  | 437/585 [00:17<00:05, 25.77it/s] 75%|███████▌  | 439/585 [00:17<00:05, 25.33it/s] 75%|███████▌  | 440/585 [00:17<00:05, 25.15it/s] 76%|███████▌  | 442/585 [00:17<00:05, 25.05it/s] 76%|███████▌  | 443/585 [00:17<00:05, 25.08it/s] 76%|███████▌  | 445/585 [00:17<00:05, 25.40it/s] 76%|███████▌  | 446/585 [00:17<00:05, 25.52it/s] 77%|███████▋  | 448/585 [00:17<00:05, 25.76it/s] 77%|███████▋  | 449/585 [00:17<00:05, 25.82it/s] 77%|███████▋  | 451/585 [00:17<00:05, 25.97it/s] 77%|███████▋  | 452/585 [00:17<00:05, 26.05it/s] 78%|███████▊  | 454/585 [00:17<00:05, 26.12it/s] 78%|███████▊  | 455/585 [00:17<00:04, 26.20it/s] 78%|███████▊  | 457/585 [00:17<00:04, 26.22it/s] 78%|███████▊  | 458/585 [00:17<00:04, 26.24it/s] 79%|███████▊  | 460/585 [00:17<00:04, 26.33it/s] 79%|███████▉  | 461/585 [00:18<00:04, 26.36it/s] 79%|███████▉  | 463/585 [00:18<00:04, 26.40it/s] 79%|███████▉  | 464/585 [00:18<00:04, 26.40it/s] 80%|███████▉  | 466/585 [00:18<00:04, 26.39it/s] 80%|███████▉  | 467/585 [00:18<00:04, 26.41it/s] 80%|████████  | 469/585 [00:18<00:04, 26.46it/s] 80%|████████  | 470/585 [00:18<00:04, 26.50it/s] 81%|████████  | 472/585 [00:18<00:04, 26.56it/s] 81%|████████  | 473/585 [00:18<00:04, 26.54it/s] 81%|████████  | 475/585 [00:18<00:04, 26.52it/s] 81%|████████▏ | 476/585 [00:18<00:04, 26.52it/s] 82%|████████▏ | 478/585 [00:18<00:04, 26.52it/s] 82%|████████▏ | 479/585 [00:18<00:03, 26.51it/s] 82%|████████▏ | 481/585 [00:18<00:03, 26.51it/s] 82%|████████▏ | 482/585 [00:18<00:03, 26.50it/s] 83%|████████▎ | 484/585 [00:18<00:03, 26.34it/s] 83%|████████▎ | 485/585 [00:18<00:03, 26.35it/s] 83%|████████▎ | 487/585 [00:19<00:03, 26.28it/s] 83%|████████▎ | 488/585 [00:19<00:03, 26.28it/s] 84%|████████▍ | 490/585 [00:19<00:03, 26.33it/s] 84%|████████▍ | 491/585 [00:19<00:03, 26.32it/s] 84%|████████▍ | 493/585 [00:19<00:03, 25.98it/s] 84%|████████▍ | 494/585 [00:19<00:03, 25.92it/s] 85%|████████▍ | 496/585 [00:19<00:03, 25.74it/s] 85%|████████▍ | 497/585 [00:19<00:03, 25.75it/s] 85%|████████▌ | 499/585 [00:19<00:03, 25.80it/s] 85%|████████▌ | 500/585 [00:19<00:03, 25.78it/s] 86%|████████▌ | 502/585 [00:19<00:03, 25.82it/s] 86%|████████▌ | 503/585 [00:19<00:03, 25.82it/s] 86%|████████▋ | 505/585 [00:19<00:03, 25.86it/s] 86%|████████▋ | 506/585 [00:19<00:03, 25.88it/s] 87%|████████▋ | 508/585 [00:20<00:04, 17.82it/s] 87%|████████▋ | 509/585 [00:20<00:04, 17.81it/s] 87%|████████▋ | 511/585 [00:20<00:03, 19.69it/s] 88%|████████▊ | 512/585 [00:20<00:03, 19.70it/s] 88%|████████▊ | 514/585 [00:20<00:03, 21.33it/s] 88%|████████▊ | 515/585 [00:20<00:03, 21.36it/s] 88%|████████▊ | 517/585 [00:20<00:02, 22.70it/s] 89%|████████▊ | 518/585 [00:20<00:02, 22.69it/s] 89%|████████▉ | 520/585 [00:20<00:02, 23.61it/s] 89%|████████▉ | 521/585 [00:20<00:02, 23.60it/s] 89%|████████▉ | 523/585 [00:20<00:02, 24.30it/s] 90%|████████▉ | 524/585 [00:20<00:02, 24.32it/s] 90%|████████▉ | 526/585 [00:20<00:02, 24.83it/s] 90%|█████████ | 527/585 [00:20<00:02, 24.66it/s] 90%|█████████ | 529/585 [00:20<00:02, 25.11it/s] 91%|█████████ | 530/585 [00:20<00:02, 25.01it/s] 91%|█████████ | 532/585 [00:20<00:02, 25.01it/s] 91%|█████████ | 533/585 [00:20<00:02, 25.07it/s] 91%|█████████▏| 535/585 [00:21<00:01, 25.34it/s] 92%|█████████▏| 536/585 [00:21<00:01, 25.37it/s] 92%|█████████▏| 538/585 [00:21<00:01, 25.63it/s] 92%|█████████▏| 539/585 [00:21<00:01, 25.69it/s] 92%|█████████▏| 541/585 [00:21<00:01, 25.93it/s] 93%|█████████▎| 542/585 [00:21<00:01, 26.02it/s] 93%|█████████▎| 544/585 [00:21<00:01, 25.83it/s] 93%|█████████▎| 545/585 [00:21<00:01, 25.55it/s] 94%|█████████▎| 547/585 [00:21<00:01, 25.27it/s] 94%|█████████▎| 548/585 [00:21<00:01, 25.22it/s] 94%|█████████▍| 550/585 [00:21<00:01, 25.38it/s] 94%|█████████▍| 551/585 [00:21<00:01, 25.43it/s] 95%|█████████▍| 553/585 [00:21<00:01, 25.55it/s] 95%|█████████▍| 554/585 [00:21<00:01, 25.63it/s] 95%|█████████▌| 556/585 [00:21<00:01, 25.82it/s] 95%|█████████▌| 557/585 [00:21<00:01, 25.92it/s] 96%|█████████▌| 559/585 [00:21<00:00, 26.01it/s] 96%|█████████▌| 560/585 [00:22<00:00, 26.06it/s] 96%|█████████▌| 562/585 [00:22<00:00, 26.18it/s] 96%|█████████▌| 563/585 [00:22<00:00, 26.22it/s] 97%|█████████▋| 565/585 [00:22<00:00, 26.27it/s] 97%|█████████▋| 566/585 [00:22<00:00, 26.33it/s] 97%|█████████▋| 568/585 [00:22<00:00, 26.42it/s] 97%|█████████▋| 569/585 [00:22<00:00, 26.44it/s] 98%|█████████▊| 571/585 [00:22<00:00, 26.50it/s] 98%|█████████▊| 572/585 [00:22<00:00, 26.32it/s] 98%|█████████▊| 574/585 [00:22<00:00, 26.24it/s] 98%|█████████▊| 575/585 [00:22<00:00, 26.25it/s] 99%|█████████▊| 577/585 [00:22<00:00, 26.31it/s] 99%|█████████▉| 578/585 [00:22<00:00, 26.39it/s] 99%|█████████▉| 580/585 [00:22<00:00, 26.42it/s] 99%|█████████▉| 581/585 [00:22<00:00, 26.48it/s]100%|█████████▉| 583/585 [00:22<00:00, 26.52it/s]100%|█████████▉| 584/585 [00:22<00:00, 26.50it/s]100%|██████████| 585/585 [00:22<00:00, 25.49it/s]
100%|██████████| 585/585 [00:22<00:00, 25.49it/s]
/home/aminmohamadi_squareup_com/projects/.hermit/python/lib/python3.11/site-packages/torch/distributed/distributed_c10d.py:4876: UserWarning: barrier(): using the device under current context. You can specify `device_id` in `init_process_group` to mute this warning.
  warnings.warn(  # warn only once
##############################Training epoch: 7/10##############################
  0%|          | 0/585 [00:00<?, ?it/s]  0%|          | 0/585 [00:00<?, ?it/s]  0%|          | 1/585 [00:03<35:04,  3.60s/it]  0%|          | 2/585 [00:03<17:42,  1.82s/it]  1%|          | 4/585 [00:03<06:54,  1.40it/s]  1%|          | 5/585 [00:03<05:51,  1.65it/s]  1%|          | 7/585 [00:03<03:22,  2.85it/s]  1%|▏         | 8/585 [00:03<03:07,  3.07it/s]  2%|▏         | 10/585 [00:03<02:03,  4.65it/s]  2%|▏         | 11/585 [00:03<01:58,  4.84it/s]  2%|▏         | 13/585 [00:04<01:24,  6.80it/s]  2%|▏         | 14/585 [00:04<01:22,  6.96it/s]  3%|▎         | 16/585 [00:04<01:01,  9.23it/s]  3%|▎         | 17/585 [00:04<01:00,  9.35it/s]  3%|▎         | 19/585 [00:04<00:47, 11.80it/s]  3%|▎         | 20/585 [00:04<00:47, 11.89it/s]  4%|▍         | 22/585 [00:04<00:39, 14.41it/s]  4%|▍         | 23/585 [00:04<00:38, 14.47it/s]  4%|▍         | 25/585 [00:04<00:33, 16.87it/s]  4%|▍         | 26/585 [00:04<00:33, 16.90it/s]  5%|▍         | 28/585 [00:04<00:29, 19.06it/s]  5%|▍         | 29/585 [00:04<00:29, 19.09it/s]  5%|▌         | 31/585 [00:04<00:26, 20.90it/s]  5%|▌         | 32/585 [00:04<00:26, 20.90it/s]  6%|▌         | 34/585 [00:04<00:24, 22.24it/s]  6%|▌         | 35/585 [00:04<00:24, 22.27it/s]  6%|▋         | 37/585 [00:04<00:23, 23.41it/s]  6%|▋         | 38/585 [00:05<00:23, 23.40it/s]  7%|▋         | 40/585 [00:05<00:22, 23.81it/s]  7%|▋         | 41/585 [00:05<00:23, 23.62it/s]  7%|▋         | 43/585 [00:05<00:22, 23.98it/s]  8%|▊         | 44/585 [00:05<00:22, 23.82it/s]  8%|▊         | 46/585 [00:05<00:22, 24.41it/s]  8%|▊         | 47/585 [00:05<00:21, 24.52it/s]  8%|▊         | 49/585 [00:05<00:21, 25.07it/s]  9%|▊         | 50/585 [00:05<00:21, 25.14it/s]  9%|▉         | 52/585 [00:05<00:20, 25.53it/s]  9%|▉         | 53/585 [00:05<00:20, 25.60it/s]  9%|▉         | 55/585 [00:05<00:20, 25.86it/s] 10%|▉         | 56/585 [00:05<00:20, 25.86it/s] 10%|▉         | 58/585 [00:05<00:20, 26.05it/s] 10%|█         | 59/585 [00:05<00:20, 26.03it/s] 10%|█         | 61/585 [00:05<00:20, 26.11it/s] 11%|█         | 62/585 [00:05<00:20, 26.04it/s] 11%|█         | 64/585 [00:06<00:19, 26.06it/s] 11%|█         | 65/585 [00:06<00:19, 26.12it/s] 11%|█▏        | 67/585 [00:06<00:19, 26.14it/s] 12%|█▏        | 68/585 [00:06<00:19, 26.19it/s] 12%|█▏        | 70/585 [00:06<00:19, 26.28it/s] 12%|█▏        | 71/585 [00:06<00:19, 26.32it/s] 12%|█▏        | 73/585 [00:06<00:19, 26.38it/s] 13%|█▎        | 74/585 [00:06<00:19, 26.41it/s] 13%|█▎        | 76/585 [00:06<00:19, 26.47it/s] 13%|█▎        | 77/585 [00:06<00:19, 26.50it/s] 14%|█▎        | 79/585 [00:06<00:19, 26.51it/s] 14%|█▎        | 80/585 [00:06<00:19, 26.53it/s] 14%|█▍        | 82/585 [00:06<00:19, 26.36it/s] 14%|█▍        | 83/585 [00:06<00:19, 26.35it/s] 15%|█▍        | 85/585 [00:06<00:19, 26.29it/s] 15%|█▍        | 86/585 [00:06<00:19, 26.20it/s] 15%|█▌        | 88/585 [00:06<00:19, 26.15it/s] 15%|█▌        | 89/585 [00:06<00:19, 25.86it/s] 16%|█▌        | 91/585 [00:07<00:19, 25.92it/s] 16%|█▌        | 92/585 [00:07<00:27, 17.96it/s] 16%|█▌        | 94/585 [00:07<00:27, 17.95it/s] 16%|█▌        | 95/585 [00:07<00:24, 19.82it/s] 17%|█▋        | 97/585 [00:07<00:24, 19.89it/s] 17%|█▋        | 98/585 [00:07<00:22, 21.47it/s] 17%|█▋        | 100/585 [00:07<00:22, 21.52it/s] 17%|█▋        | 101/585 [00:07<00:21, 22.81it/s] 18%|█▊        | 103/585 [00:07<00:21, 22.82it/s] 18%|█▊        | 104/585 [00:07<00:20, 23.81it/s] 18%|█▊        | 106/585 [00:07<00:20, 23.83it/s] 18%|█▊        | 107/585 [00:07<00:19, 24.58it/s] 19%|█▊        | 109/585 [00:07<00:19, 24.43it/s] 19%|█▉        | 110/585 [00:07<00:19, 24.93it/s] 19%|█▉        | 112/585 [00:08<00:18, 25.04it/s] 19%|█▉        | 113/585 [00:08<00:18, 25.50it/s] 20%|█▉        | 115/585 [00:08<00:18, 25.59it/s] 20%|█▉        | 116/585 [00:08<00:18, 25.84it/s] 20%|██        | 118/585 [00:08<00:18, 25.86it/s] 20%|██        | 119/585 [00:08<00:17, 26.06it/s] 21%|██        | 121/585 [00:08<00:17, 26.04it/s] 21%|██        | 122/585 [00:08<00:17, 26.13it/s] 21%|██        | 124/585 [00:08<00:17, 26.17it/s] 21%|██▏       | 125/585 [00:08<00:17, 26.32it/s] 22%|██▏       | 127/585 [00:08<00:17, 26.28it/s] 22%|██▏       | 128/585 [00:08<00:17, 26.36it/s] 22%|██▏       | 130/585 [00:08<00:17, 26.36it/s] 22%|██▏       | 131/585 [00:08<00:17, 26.42it/s] 23%|██▎       | 133/585 [00:08<00:17, 26.42it/s] 23%|██▎       | 134/585 [00:08<00:17, 26.34it/s] 23%|██▎       | 136/585 [00:08<00:17, 26.02it/s] 23%|██▎       | 137/585 [00:08<00:17, 25.98it/s] 24%|██▍       | 139/585 [00:09<00:17, 25.78it/s] 24%|██▍       | 140/585 [00:09<00:17, 25.72it/s] 24%|██▍       | 142/585 [00:09<00:17, 25.79it/s] 24%|██▍       | 143/585 [00:09<00:17, 25.84it/s] 25%|██▍       | 145/585 [00:09<00:16, 25.96it/s] 25%|██▍       | 146/585 [00:09<00:16, 26.04it/s] 25%|██▌       | 148/585 [00:09<00:16, 26.16it/s] 25%|██▌       | 149/585 [00:09<00:16, 26.12it/s] 26%|██▌       | 151/585 [00:09<00:16, 26.17it/s] 26%|██▌       | 152/585 [00:09<00:16, 26.24it/s] 26%|██▋       | 154/585 [00:09<00:16, 26.32it/s] 26%|██▋       | 155/585 [00:09<00:16, 26.37it/s] 27%|██▋       | 157/585 [00:09<00:16, 26.38it/s] 27%|██▋       | 158/585 [00:09<00:16, 26.42it/s] 27%|██▋       | 160/585 [00:09<00:16, 26.47it/s] 28%|██▊       | 161/585 [00:09<00:16, 26.44it/s] 28%|██▊       | 163/585 [00:09<00:15, 26.49it/s] 28%|██▊       | 164/585 [00:09<00:15, 26.53it/s] 28%|██▊       | 166/585 [00:10<00:15, 26.54it/s] 29%|██▊       | 167/585 [00:10<00:15, 26.43it/s] 29%|██▉       | 169/585 [00:10<00:16, 25.80it/s] 29%|██▉       | 170/585 [00:10<00:16, 25.71it/s] 29%|██▉       | 172/585 [00:10<00:16, 25.32it/s] 30%|██▉       | 173/585 [00:10<00:16, 24.95it/s] 30%|██▉       | 175/585 [00:10<00:16, 25.01it/s] 30%|███       | 176/585 [00:10<00:16, 25.20it/s] 30%|███       | 178/585 [00:10<00:16, 25.24it/s] 31%|███       | 179/585 [00:10<00:16, 25.35it/s] 31%|███       | 181/585 [00:10<00:15, 25.38it/s] 31%|███       | 182/585 [00:10<00:15, 25.47it/s] 31%|███▏      | 184/585 [00:10<00:15, 25.64it/s] 32%|███▏      | 185/585 [00:10<00:15, 25.69it/s] 32%|███▏      | 187/585 [00:10<00:15, 25.89it/s] 32%|███▏      | 188/585 [00:10<00:15, 25.89it/s] 32%|███▏      | 190/585 [00:11<00:15, 25.68it/s] 33%|███▎      | 191/585 [00:11<00:15, 25.70it/s] 33%|███▎      | 193/585 [00:11<00:15, 25.82it/s] 33%|███▎      | 194/585 [00:11<00:15, 25.84it/s] 34%|███▎      | 196/585 [00:11<00:15, 25.93it/s] 34%|███▎      | 197/585 [00:11<00:14, 25.95it/s] 34%|███▍      | 199/585 [00:11<00:14, 26.05it/s] 34%|███▍      | 200/585 [00:11<00:14, 26.09it/s] 35%|███▍      | 202/585 [00:11<00:14, 26.25it/s] 35%|███▍      | 203/585 [00:11<00:14, 26.23it/s] 35%|███▌      | 205/585 [00:11<00:14, 26.35it/s] 35%|███▌      | 206/585 [00:11<00:14, 26.38it/s] 36%|███▌      | 208/585 [00:11<00:14, 26.10it/s] 36%|███▌      | 209/585 [00:11<00:14, 26.11it/s] 36%|███▌      | 211/585 [00:11<00:14, 26.21it/s] 36%|███▌      | 212/585 [00:11<00:14, 26.23it/s] 37%|███▋      | 214/585 [00:11<00:14, 26.32it/s] 37%|███▋      | 215/585 [00:11<00:14, 26.33it/s] 37%|███▋      | 217/585 [00:12<00:13, 26.38it/s] 37%|███▋      | 218/585 [00:12<00:13, 26.37it/s] 38%|███▊      | 220/585 [00:12<00:13, 26.38it/s] 38%|███▊      | 221/585 [00:12<00:13, 26.38it/s] 38%|███▊      | 223/585 [00:12<00:13, 26.42it/s] 38%|███▊      | 224/585 [00:12<00:13, 26.43it/s] 39%|███▊      | 226/585 [00:12<00:13, 26.45it/s] 39%|███▉      | 227/585 [00:12<00:13, 26.45it/s] 39%|███▉      | 229/585 [00:12<00:13, 26.48it/s] 39%|███▉      | 230/585 [00:12<00:13, 26.46it/s] 40%|███▉      | 232/585 [00:12<00:13, 26.49it/s] 40%|███▉      | 233/585 [00:12<00:13, 26.48it/s] 40%|████      | 235/585 [00:12<00:13, 26.38it/s] 40%|████      | 236/585 [00:12<00:13, 26.20it/s] 41%|████      | 238/585 [00:12<00:13, 25.97it/s] 41%|████      | 239/585 [00:12<00:13, 25.98it/s] 41%|████      | 241/585 [00:12<00:13, 25.63it/s] 41%|████▏     | 242/585 [00:12<00:13, 25.43it/s] 42%|████▏     | 244/585 [00:13<00:13, 25.47it/s] 42%|████▏     | 245/585 [00:13<00:13, 25.59it/s] 42%|████▏     | 247/585 [00:13<00:13, 25.69it/s] 42%|████▏     | 248/585 [00:13<00:13, 25.74it/s] 43%|████▎     | 250/585 [00:13<00:12, 25.83it/s] 43%|████▎     | 251/585 [00:13<00:12, 25.90it/s] 43%|████▎     | 253/585 [00:13<00:12, 26.04it/s] 43%|████▎     | 254/585 [00:13<00:12, 26.09it/s] 44%|████▍     | 256/585 [00:13<00:12, 26.18it/s] 44%|████▍     | 257/585 [00:13<00:12, 26.20it/s] 44%|████▍     | 259/585 [00:13<00:12, 26.30it/s] 44%|████▍     | 260/585 [00:13<00:12, 26.33it/s] 45%|████▍     | 262/585 [00:13<00:12, 26.41it/s] 45%|████▍     | 263/585 [00:13<00:12, 26.40it/s] 45%|████▌     | 265/585 [00:13<00:12, 26.43it/s] 45%|████▌     | 266/585 [00:13<00:12, 26.48it/s] 46%|████▌     | 268/585 [00:13<00:11, 26.49it/s] 46%|████▌     | 269/585 [00:14<00:11, 26.46it/s] 46%|████▋     | 271/585 [00:14<00:11, 26.49it/s] 46%|████▋     | 272/585 [00:14<00:11, 26.46it/s] 47%|████▋     | 274/585 [00:14<00:11, 26.41it/s] 47%|████▋     | 275/585 [00:14<00:11, 26.44it/s] 47%|████▋     | 277/585 [00:14<00:11, 26.47it/s] 48%|████▊     | 278/585 [00:14<00:11, 26.51it/s] 48%|████▊     | 280/585 [00:14<00:11, 26.48it/s] 48%|████▊     | 281/585 [00:14<00:11, 26.50it/s] 48%|████▊     | 283/585 [00:14<00:11, 26.45it/s] 49%|████▊     | 284/585 [00:14<00:11, 26.47it/s] 49%|████▉     | 286/585 [00:14<00:11, 26.52it/s] 49%|████▉     | 287/585 [00:14<00:11, 26.49it/s] 49%|████▉     | 289/585 [00:14<00:11, 26.47it/s] 50%|████▉     | 290/585 [00:14<00:11, 26.46it/s] 50%|████▉     | 292/585 [00:14<00:11, 26.36it/s] 50%|█████     | 293/585 [00:14<00:11, 26.27it/s] 50%|█████     | 295/585 [00:14<00:11, 26.09it/s] 51%|█████     | 296/585 [00:15<00:11, 26.08it/s] 51%|█████     | 298/585 [00:15<00:10, 26.15it/s] 51%|█████     | 299/585 [00:15<00:10, 26.17it/s] 51%|█████▏    | 301/585 [00:15<00:10, 26.09it/s] 52%|█████▏    | 302/585 [00:15<00:10, 26.06it/s] 52%|█████▏    | 304/585 [00:15<00:10, 26.12it/s] 52%|█████▏    | 305/585 [00:15<00:10, 26.09it/s] 52%|█████▏    | 307/585 [00:15<00:10, 26.14it/s] 53%|█████▎    | 308/585 [00:15<00:10, 26.18it/s] 53%|█████▎    | 310/585 [00:15<00:10, 26.25it/s] 53%|█████▎    | 311/585 [00:15<00:10, 26.29it/s] 54%|█████▎    | 313/585 [00:15<00:10, 26.34it/s] 54%|█████▎    | 314/585 [00:15<00:10, 26.34it/s] 54%|█████▍    | 316/585 [00:15<00:10, 26.37it/s] 54%|█████▍    | 317/585 [00:15<00:10, 26.39it/s] 55%|█████▍    | 319/585 [00:15<00:10, 26.40it/s] 55%|█████▍    | 320/585 [00:15<00:10, 26.42it/s] 55%|█████▌    | 322/585 [00:16<00:09, 26.44it/s] 55%|█████▌    | 323/585 [00:16<00:09, 26.42it/s] 56%|█████▌    | 325/585 [00:16<00:09, 26.43it/s] 56%|█████▌    | 326/585 [00:16<00:09, 26.44it/s] 56%|█████▌    | 328/585 [00:16<00:09, 26.50it/s] 56%|█████▌    | 329/585 [00:16<00:09, 26.51it/s] 57%|█████▋    | 331/585 [00:16<00:09, 26.45it/s] 57%|█████▋    | 332/585 [00:16<00:09, 26.42it/s] 57%|█████▋    | 334/585 [00:16<00:09, 26.41it/s] 57%|█████▋    | 335/585 [00:16<00:09, 26.43it/s] 58%|█████▊    | 337/585 [00:16<00:09, 26.49it/s] 58%|█████▊    | 338/585 [00:16<00:09, 26.51it/s] 58%|█████▊    | 340/585 [00:16<00:09, 26.52it/s] 58%|█████▊    | 341/585 [00:16<00:09, 26.50it/s] 59%|█████▊    | 343/585 [00:16<00:09, 26.47it/s] 59%|█████▉    | 344/585 [00:16<00:09, 26.49it/s] 59%|█████▉    | 346/585 [00:16<00:09, 26.51it/s] 59%|█████▉    | 347/585 [00:16<00:08, 26.54it/s] 60%|█████▉    | 349/585 [00:17<00:08, 26.59it/s] 60%|█████▉    | 350/585 [00:17<00:08, 26.59it/s] 60%|██████    | 352/585 [00:17<00:08, 26.64it/s] 60%|██████    | 353/585 [00:17<00:08, 26.65it/s] 61%|██████    | 355/585 [00:17<00:08, 26.65it/s] 61%|██████    | 356/585 [00:17<00:08, 26.63it/s] 61%|██████    | 358/585 [00:17<00:08, 26.58it/s] 61%|██████▏   | 359/585 [00:17<00:08, 26.57it/s] 62%|██████▏   | 361/585 [00:17<00:08, 26.54it/s] 62%|██████▏   | 362/585 [00:17<00:08, 26.53it/s] 62%|██████▏   | 364/585 [00:17<00:08, 26.56it/s] 62%|██████▏   | 365/585 [00:17<00:08, 26.57it/s] 63%|██████▎   | 367/585 [00:17<00:11, 18.42it/s] 63%|██████▎   | 368/585 [00:17<00:11, 18.41it/s] 63%|██████▎   | 370/585 [00:18<00:10, 20.25it/s] 63%|██████▎   | 371/585 [00:18<00:10, 20.27it/s] 64%|██████▍   | 373/585 [00:18<00:09, 21.80it/s] 64%|██████▍   | 374/585 [00:18<00:09, 21.80it/s] 64%|██████▍   | 376/585 [00:18<00:09, 23.02it/s] 64%|██████▍   | 377/585 [00:18<00:09, 23.02it/s] 65%|██████▍   | 379/585 [00:18<00:08, 23.97it/s] 65%|██████▍   | 380/585 [00:18<00:08, 23.98it/s] 65%|██████▌   | 382/585 [00:18<00:08, 24.74it/s] 65%|██████▌   | 383/585 [00:18<00:08, 24.75it/s] 66%|██████▌   | 385/585 [00:18<00:07, 25.30it/s] 66%|██████▌   | 386/585 [00:18<00:07, 25.30it/s] 66%|██████▋   | 388/585 [00:18<00:07, 25.64it/s] 66%|██████▋   | 389/585 [00:18<00:07, 25.63it/s] 67%|██████▋   | 391/585 [00:18<00:07, 25.88it/s] 67%|██████▋   | 392/585 [00:18<00:07, 25.87it/s] 67%|██████▋   | 394/585 [00:18<00:07, 26.03it/s] 68%|██████▊   | 395/585 [00:18<00:07, 25.86it/s] 68%|██████▊   | 397/585 [00:19<00:07, 26.00it/s] 68%|██████▊   | 398/585 [00:19<00:07, 25.99it/s] 68%|██████▊   | 400/585 [00:19<00:07, 26.02it/s] 69%|██████▊   | 401/585 [00:19<00:07, 25.92it/s] 69%|██████▉   | 403/585 [00:19<00:07, 25.73it/s] 69%|██████▉   | 404/585 [00:19<00:07, 25.81it/s] 69%|██████▉   | 406/585 [00:19<00:06, 25.95it/s] 70%|██████▉   | 407/585 [00:19<00:06, 26.00it/s] 70%|██████▉   | 409/585 [00:19<00:06, 26.10it/s] 70%|███████   | 410/585 [00:19<00:06, 26.15it/s] 70%|███████   | 412/585 [00:19<00:06, 26.28it/s] 71%|███████   | 413/585 [00:19<00:06, 26.32it/s] 71%|███████   | 415/585 [00:19<00:06, 26.38it/s] 71%|███████   | 416/585 [00:19<00:06, 26.40it/s] 71%|███████▏  | 418/585 [00:19<00:06, 26.38it/s] 72%|███████▏  | 419/585 [00:19<00:06, 26.39it/s] 72%|███████▏  | 421/585 [00:19<00:06, 26.45it/s] 72%|███████▏  | 422/585 [00:19<00:06, 26.44it/s] 72%|███████▏  | 424/585 [00:20<00:06, 26.49it/s] 73%|███████▎  | 425/585 [00:20<00:06, 26.48it/s] 73%|███████▎  | 427/585 [00:20<00:05, 26.35it/s] 73%|███████▎  | 428/585 [00:20<00:05, 26.31it/s] 74%|███████▎  | 430/585 [00:20<00:05, 26.39it/s] 74%|███████▎  | 431/585 [00:20<00:05, 26.42it/s] 74%|███████▍  | 433/585 [00:20<00:05, 26.41it/s] 74%|███████▍  | 434/585 [00:20<00:05, 26.41it/s] 75%|███████▍  | 436/585 [00:20<00:05, 26.47it/s] 75%|███████▍  | 437/585 [00:20<00:05, 26.49it/s] 75%|███████▌  | 439/585 [00:20<00:05, 26.56it/s] 75%|███████▌  | 440/585 [00:20<00:05, 26.57it/s] 76%|███████▌  | 442/585 [00:20<00:05, 26.10it/s] 76%|███████▌  | 443/585 [00:20<00:05, 26.07it/s] 76%|███████▌  | 445/585 [00:20<00:05, 25.93it/s] 76%|███████▌  | 446/585 [00:20<00:05, 25.91it/s] 77%|███████▋  | 448/585 [00:20<00:05, 26.08it/s] 77%|███████▋  | 449/585 [00:21<00:05, 26.02it/s] 77%|███████▋  | 451/585 [00:21<00:05, 26.13it/s] 77%|███████▋  | 452/585 [00:21<00:05, 26.18it/s] 78%|███████▊  | 454/585 [00:21<00:04, 26.23it/s] 78%|███████▊  | 455/585 [00:21<00:04, 26.23it/s] 78%|███████▊  | 457/585 [00:21<00:04, 26.21it/s] 78%|███████▊  | 458/585 [00:21<00:04, 26.20it/s] 79%|███████▊  | 460/585 [00:21<00:04, 26.25it/s] 79%|███████▉  | 461/585 [00:21<00:04, 26.25it/s] 79%|███████▉  | 463/585 [00:21<00:04, 26.31it/s] 79%|███████▉  | 464/585 [00:21<00:04, 26.33it/s] 80%|███████▉  | 466/585 [00:21<00:04, 26.41it/s] 80%|███████▉  | 467/585 [00:21<00:04, 26.42it/s] 80%|████████  | 469/585 [00:21<00:04, 26.44it/s] 80%|████████  | 470/585 [00:21<00:04, 26.45it/s] 81%|████████  | 472/585 [00:21<00:04, 26.49it/s] 81%|████████  | 473/585 [00:21<00:04, 26.56it/s] 81%|████████  | 475/585 [00:21<00:04, 26.50it/s] 81%|████████▏ | 476/585 [00:22<00:04, 26.48it/s] 82%|████████▏ | 478/585 [00:22<00:04, 26.48it/s] 82%|████████▏ | 479/585 [00:22<00:04, 26.50it/s] 82%|████████▏ | 481/585 [00:22<00:03, 26.46it/s] 82%|████████▏ | 482/585 [00:22<00:03, 26.26it/s] 83%|████████▎ | 484/585 [00:22<00:03, 26.22it/s] 83%|████████▎ | 485/585 [00:22<00:03, 26.26it/s] 83%|████████▎ | 487/585 [00:22<00:03, 26.23it/s] 83%|████████▎ | 488/585 [00:22<00:03, 26.25it/s] 84%|████████▍ | 490/585 [00:22<00:03, 26.32it/s] 84%|████████▍ | 491/585 [00:22<00:03, 26.34it/s] 84%|████████▍ | 493/585 [00:22<00:03, 26.40it/s] 84%|████████▍ | 494/585 [00:22<00:03, 26.42it/s] 85%|████████▍ | 496/585 [00:22<00:03, 26.42it/s] 85%|████████▍ | 497/585 [00:22<00:03, 26.41it/s] 85%|████████▌ | 499/585 [00:22<00:03, 26.21it/s] 85%|████████▌ | 500/585 [00:22<00:03, 25.88it/s] 86%|████████▌ | 502/585 [00:23<00:03, 25.80it/s] 86%|████████▌ | 503/585 [00:23<00:03, 25.88it/s] 86%|████████▋ | 505/585 [00:23<00:04, 17.95it/s] 86%|████████▋ | 506/585 [00:23<00:04, 17.99it/s] 87%|████████▋ | 508/585 [00:23<00:03, 19.87it/s] 87%|████████▋ | 509/585 [00:23<00:03, 19.92it/s] 87%|████████▋ | 511/585 [00:23<00:03, 21.51it/s] 88%|████████▊ | 512/585 [00:23<00:03, 21.57it/s] 88%|████████▊ | 514/585 [00:23<00:03, 22.87it/s] 88%|████████▊ | 515/585 [00:23<00:03, 22.88it/s] 88%|████████▊ | 517/585 [00:23<00:02, 23.87it/s] 89%|████████▊ | 518/585 [00:23<00:02, 23.88it/s] 89%|████████▉ | 520/585 [00:23<00:02, 24.62it/s] 89%|████████▉ | 521/585 [00:23<00:02, 24.63it/s] 89%|████████▉ | 523/585 [00:23<00:02, 25.15it/s] 90%|████████▉ | 524/585 [00:24<00:02, 25.17it/s] 90%|████████▉ | 526/585 [00:24<00:02, 25.61it/s] 90%|█████████ | 527/585 [00:24<00:02, 25.63it/s] 90%|█████████ | 529/585 [00:24<00:02, 25.86it/s] 91%|█████████ | 530/585 [00:24<00:02, 25.84it/s] 91%|█████████ | 532/585 [00:24<00:02, 26.03it/s] 91%|█████████ | 533/585 [00:24<00:01, 26.03it/s] 91%|█████████▏| 535/585 [00:24<00:01, 26.07it/s] 92%|█████████▏| 536/585 [00:24<00:01, 26.06it/s] 92%|█████████▏| 538/585 [00:24<00:01, 26.22it/s] 92%|█████████▏| 539/585 [00:24<00:01, 26.16it/s] 92%|█████████▏| 541/585 [00:24<00:01, 26.16it/s] 93%|█████████▎| 542/585 [00:24<00:01, 26.18it/s] 93%|█████████▎| 544/585 [00:24<00:01, 26.05it/s] 93%|█████████▎| 545/585 [00:24<00:01, 26.09it/s] 94%|█████████▎| 547/585 [00:24<00:01, 26.18it/s] 94%|█████████▎| 548/585 [00:24<00:01, 26.20it/s] 94%|█████████▍| 550/585 [00:25<00:01, 26.27it/s] 94%|█████████▍| 551/585 [00:25<00:01, 26.25it/s] 95%|█████████▍| 553/585 [00:25<00:01, 26.17it/s] 95%|█████████▍| 554/585 [00:25<00:01, 26.15it/s] 95%|█████████▌| 556/585 [00:25<00:01, 26.22it/s] 95%|█████████▌| 557/585 [00:25<00:01, 26.11it/s] 96%|█████████▌| 559/585 [00:25<00:00, 26.18it/s] 96%|█████████▌| 560/585 [00:25<00:00, 26.23it/s] 96%|█████████▌| 562/585 [00:25<00:00, 26.28it/s] 96%|█████████▌| 563/585 [00:25<00:00, 26.32it/s] 97%|█████████▋| 565/585 [00:25<00:00, 26.30it/s] 97%|█████████▋| 566/585 [00:25<00:00, 26.35it/s] 97%|█████████▋| 568/585 [00:25<00:00, 26.40it/s] 97%|█████████▋| 569/585 [00:25<00:00, 26.41it/s] 98%|█████████▊| 571/585 [00:25<00:00, 26.45it/s] 98%|█████████▊| 572/585 [00:25<00:00, 26.47it/s] 98%|█████████▊| 574/585 [00:25<00:00, 26.52it/s] 98%|█████████▊| 575/585 [00:25<00:00, 26.56it/s] 99%|█████████▊| 577/585 [00:26<00:00, 26.58it/s] 99%|█████████▉| 578/585 [00:26<00:00, 26.59it/s] 99%|█████████▉| 580/585 [00:26<00:00, 26.64it/s] 99%|█████████▉| 581/585 [00:26<00:00, 26.55it/s]100%|█████████▉| 583/585 [00:26<00:00, 26.47it/s]100%|█████████▉| 584/585 [00:26<00:00, 26.48it/s]100%|██████████| 585/585 [00:26<00:00, 22.22it/s]
100%|██████████| 585/585 [00:26<00:00, 22.22it/s]
/home/aminmohamadi_squareup_com/projects/.hermit/python/lib/python3.11/site-packages/torch/distributed/distributed_c10d.py:4876: UserWarning: barrier(): using the device under current context. You can specify `device_id` in `init_process_group` to mute this warning.
  warnings.warn(  # warn only once
##############################Training epoch: 8/10##############################
  0%|          | 0/585 [00:00<?, ?it/s]  0%|          | 0/585 [00:00<?, ?it/s]  0%|          | 1/585 [00:00<01:33,  6.28it/s]  0%|          | 2/585 [00:00<00:57, 10.12it/s]  1%|          | 4/585 [00:00<00:35, 16.36it/s]  1%|          | 5/585 [00:00<00:33, 17.44it/s]  1%|          | 7/585 [00:00<00:28, 20.43it/s]  1%|▏         | 8/585 [00:00<00:28, 20.58it/s]  2%|▏         | 10/585 [00:00<00:25, 22.12it/s]  2%|▏         | 11/585 [00:00<00:25, 22.36it/s]  2%|▏         | 13/585 [00:00<00:24, 23.67it/s]  2%|▏         | 14/585 [00:00<00:23, 23.83it/s]  3%|▎         | 16/585 [00:00<00:23, 24.61it/s]  3%|▎         | 17/585 [00:00<00:23, 24.69it/s]  3%|▎         | 19/585 [00:00<00:22, 25.06it/s]  3%|▎         | 20/585 [00:00<00:22, 24.98it/s]  4%|▍         | 22/585 [00:00<00:22, 25.40it/s]  4%|▍         | 23/585 [00:01<00:22, 25.47it/s]  4%|▍         | 25/585 [00:01<00:21, 25.79it/s]  4%|▍         | 26/585 [00:01<00:21, 25.82it/s]  5%|▍         | 28/585 [00:01<00:21, 26.07it/s]  5%|▍         | 29/585 [00:01<00:21, 26.09it/s]  5%|▌         | 31/585 [00:01<00:21, 26.20it/s]  5%|▌         | 32/585 [00:01<00:21, 26.21it/s]  6%|▌         | 34/585 [00:01<00:21, 26.22it/s]  6%|▌         | 35/585 [00:01<00:20, 26.23it/s]  6%|▋         | 37/585 [00:01<00:20, 26.25it/s]  6%|▋         | 38/585 [00:01<00:20, 26.25it/s]  7%|▋         | 40/585 [00:01<00:20, 26.35it/s]  7%|▋         | 41/585 [00:01<00:20, 26.39it/s]  7%|▋         | 43/585 [00:01<00:20, 26.38it/s]  8%|▊         | 44/585 [00:01<00:20, 26.38it/s]  8%|▊         | 46/585 [00:01<00:20, 26.36it/s]  8%|▊         | 47/585 [00:01<00:20, 26.35it/s]  8%|▊         | 49/585 [00:01<00:20, 26.42it/s]  9%|▊         | 50/585 [00:02<00:20, 26.41it/s]  9%|▉         | 52/585 [00:02<00:20, 26.43it/s]  9%|▉         | 53/585 [00:02<00:20, 26.36it/s]  9%|▉         | 55/585 [00:02<00:20, 26.31it/s] 10%|▉         | 56/585 [00:02<00:20, 26.25it/s] 10%|▉         | 58/585 [00:02<00:20, 26.26it/s] 10%|█         | 59/585 [00:02<00:19, 26.36it/s] 10%|█         | 61/585 [00:02<00:19, 26.27it/s] 11%|█         | 62/585 [00:02<00:19, 26.28it/s] 11%|█         | 64/585 [00:02<00:19, 26.34it/s] 11%|█         | 65/585 [00:02<00:19, 26.33it/s] 11%|█▏        | 67/585 [00:02<00:19, 26.22it/s] 12%|█▏        | 68/585 [00:02<00:19, 26.22it/s] 12%|█▏        | 70/585 [00:02<00:19, 26.23it/s] 12%|█▏        | 71/585 [00:02<00:19, 26.09it/s] 12%|█▏        | 73/585 [00:02<00:19, 25.64it/s] 13%|█▎        | 74/585 [00:02<00:19, 25.69it/s] 13%|█▎        | 76/585 [00:03<00:19, 25.88it/s] 13%|█▎        | 77/585 [00:03<00:19, 25.91it/s] 14%|█▎        | 79/585 [00:03<00:19, 26.03it/s] 14%|█▎        | 80/585 [00:03<00:19, 26.06it/s] 14%|█▍        | 82/585 [00:03<00:19, 26.14it/s] 14%|█▍        | 83/585 [00:03<00:19, 26.19it/s] 15%|█▍        | 85/585 [00:03<00:19, 26.23it/s] 15%|█▍        | 86/585 [00:03<00:19, 26.24it/s] 15%|█▌        | 88/585 [00:03<00:18, 26.31it/s] 15%|█▌        | 89/585 [00:03<00:18, 26.36it/s] 16%|█▌        | 91/585 [00:03<00:18, 26.47it/s] 16%|█▌        | 92/585 [00:03<00:18, 26.50it/s] 16%|█▌        | 94/585 [00:03<00:18, 26.54it/s] 16%|█▌        | 95/585 [00:03<00:18, 26.52it/s] 17%|█▋        | 97/585 [00:03<00:18, 26.55it/s] 17%|█▋        | 98/585 [00:03<00:18, 26.51it/s] 17%|█▋        | 100/585 [00:03<00:18, 26.50it/s] 17%|█▋        | 101/585 [00:03<00:18, 26.50it/s] 18%|█▊        | 103/585 [00:04<00:18, 26.55it/s] 18%|█▊        | 104/585 [00:04<00:18, 26.57it/s] 18%|█▊        | 106/585 [00:04<00:18, 26.60it/s] 18%|█▊        | 107/585 [00:04<00:17, 26.63it/s] 19%|█▊        | 109/585 [00:04<00:17, 26.62it/s] 19%|█▉        | 110/585 [00:04<00:17, 26.61it/s] 19%|█▉        | 112/585 [00:04<00:17, 26.57it/s] 19%|█▉        | 113/585 [00:04<00:17, 26.56it/s] 20%|█▉        | 115/585 [00:04<00:17, 26.13it/s] 20%|█▉        | 116/585 [00:04<00:18, 25.85it/s] 20%|██        | 118/585 [00:04<00:18, 25.83it/s] 20%|██        | 119/585 [00:04<00:18, 25.58it/s] 21%|██        | 121/585 [00:04<00:18, 25.61it/s] 21%|██        | 122/585 [00:04<00:18, 25.66it/s] 21%|██        | 124/585 [00:04<00:17, 25.65it/s] 21%|██▏       | 125/585 [00:04<00:17, 25.81it/s] 22%|██▏       | 127/585 [00:04<00:17, 25.86it/s] 22%|██▏       | 128/585 [00:05<00:17, 25.89it/s] 22%|██▏       | 130/585 [00:05<00:17, 26.02it/s] 22%|██▏       | 131/585 [00:05<00:17, 26.11it/s] 23%|██▎       | 133/585 [00:05<00:17, 26.17it/s] 23%|██▎       | 134/585 [00:05<00:17, 26.23it/s] 23%|██▎       | 136/585 [00:05<00:17, 26.26it/s] 23%|██▎       | 137/585 [00:05<00:17, 26.30it/s] 24%|██▍       | 139/585 [00:05<00:16, 26.34it/s] 24%|██▍       | 140/585 [00:05<00:16, 26.36it/s] 24%|██▍       | 142/585 [00:05<00:16, 26.41it/s] 24%|██▍       | 143/585 [00:05<00:16, 26.43it/s] 25%|██▍       | 145/585 [00:05<00:16, 26.48it/s] 25%|██▍       | 146/585 [00:05<00:16, 26.50it/s] 25%|██▌       | 148/585 [00:05<00:16, 26.51it/s] 25%|██▌       | 149/585 [00:05<00:16, 26.51it/s] 26%|██▌       | 151/585 [00:05<00:16, 26.48it/s] 26%|██▌       | 152/585 [00:05<00:16, 26.50it/s] 26%|██▋       | 154/585 [00:05<00:16, 26.55it/s] 26%|██▋       | 155/585 [00:06<00:16, 26.58it/s] 27%|██▋       | 157/585 [00:06<00:16, 26.58it/s] 27%|██▋       | 158/585 [00:06<00:16, 26.57it/s] 27%|██▋       | 160/585 [00:06<00:15, 26.58it/s] 28%|██▊       | 161/585 [00:06<00:15, 26.58it/s] 28%|██▊       | 163/585 [00:06<00:15, 26.57it/s] 28%|██▊       | 164/585 [00:06<00:15, 26.56it/s] 28%|██▊       | 166/585 [00:06<00:15, 26.49it/s] 29%|██▊       | 167/585 [00:06<00:15, 26.41it/s] 29%|██▉       | 169/585 [00:06<00:15, 26.32it/s] 29%|██▉       | 170/585 [00:06<00:15, 26.34it/s] 29%|██▉       | 172/585 [00:06<00:15, 26.27it/s] 30%|██▉       | 173/585 [00:06<00:15, 26.29it/s] 30%|██▉       | 175/585 [00:06<00:15, 26.36it/s] 30%|███       | 176/585 [00:06<00:15, 26.37it/s] 30%|███       | 178/585 [00:06<00:15, 26.35it/s] 31%|███       | 179/585 [00:06<00:15, 26.35it/s] 31%|███       | 181/585 [00:07<00:15, 26.44it/s] 31%|███       | 182/585 [00:07<00:15, 26.45it/s] 31%|███▏      | 184/585 [00:07<00:15, 26.51it/s] 32%|███▏      | 185/585 [00:07<00:15, 26.52it/s] 32%|███▏      | 187/585 [00:07<00:15, 26.52it/s] 32%|███▏      | 188/585 [00:07<00:14, 26.53it/s] 32%|███▏      | 190/585 [00:07<00:14, 26.52it/s] 33%|███▎      | 191/585 [00:07<00:14, 26.51it/s] 33%|███▎      | 193/585 [00:07<00:14, 26.49it/s] 33%|███▎      | 194/585 [00:07<00:14, 26.49it/s] 34%|███▎      | 196/585 [00:07<00:14, 26.48it/s] 34%|███▎      | 197/585 [00:07<00:14, 26.48it/s] 34%|███▍      | 199/585 [00:07<00:14, 26.55it/s] 34%|███▍      | 200/585 [00:07<00:14, 26.58it/s] 35%|███▍      | 202/585 [00:07<00:14, 26.59it/s] 35%|███▍      | 203/585 [00:07<00:14, 26.58it/s] 35%|███▌      | 205/585 [00:07<00:14, 26.54it/s] 35%|███▌      | 206/585 [00:07<00:14, 26.53it/s] 36%|███▌      | 208/585 [00:08<00:14, 26.56it/s] 36%|███▌      | 209/585 [00:08<00:14, 26.55it/s] 36%|███▌      | 211/585 [00:08<00:14, 26.55it/s] 36%|███▌      | 212/585 [00:08<00:14, 26.56it/s] 37%|███▋      | 214/585 [00:08<00:13, 26.60it/s] 37%|███▋      | 215/585 [00:08<00:13, 26.60it/s] 37%|███▋      | 217/585 [00:08<00:13, 26.57it/s] 37%|███▋      | 218/585 [00:08<00:13, 26.58it/s] 38%|███▊      | 220/585 [00:08<00:13, 26.44it/s] 38%|███▊      | 221/585 [00:08<00:13, 26.37it/s] 38%|███▊      | 223/585 [00:08<00:13, 26.44it/s] 38%|███▊      | 224/585 [00:08<00:13, 26.46it/s] 39%|███▊      | 226/585 [00:08<00:19, 18.23it/s] 39%|███▉      | 227/585 [00:08<00:19, 18.23it/s] 39%|███▉      | 229/585 [00:08<00:17, 20.12it/s] 39%|███▉      | 230/585 [00:09<00:17, 20.13it/s] 40%|███▉      | 232/585 [00:09<00:16, 21.70it/s] 40%|███▉      | 233/585 [00:09<00:16, 21.70it/s] 40%|████      | 235/585 [00:09<00:15, 22.99it/s] 40%|████      | 236/585 [00:09<00:15, 22.99it/s] 41%|████      | 238/585 [00:09<00:14, 23.95it/s] 41%|████      | 239/585 [00:09<00:14, 23.97it/s] 41%|████      | 241/585 [00:09<00:13, 24.68it/s] 41%|████▏     | 242/585 [00:09<00:13, 24.68it/s] 42%|████▏     | 244/585 [00:09<00:13, 25.23it/s] 42%|████▏     | 245/585 [00:09<00:13, 25.19it/s] 42%|████▏     | 247/585 [00:09<00:13, 25.61it/s] 42%|████▏     | 248/585 [00:09<00:13, 25.63it/s] 43%|████▎     | 250/585 [00:09<00:12, 25.89it/s] 43%|████▎     | 251/585 [00:09<00:12, 25.89it/s] 43%|████▎     | 253/585 [00:09<00:12, 26.13it/s] 43%|████▎     | 254/585 [00:09<00:12, 26.17it/s] 44%|████▍     | 256/585 [00:10<00:12, 26.33it/s] 44%|████▍     | 257/585 [00:10<00:12, 26.30it/s] 44%|████▍     | 259/585 [00:10<00:12, 26.30it/s] 44%|████▍     | 260/585 [00:10<00:12, 26.31it/s] 45%|████▍     | 262/585 [00:10<00:12, 26.41it/s] 45%|████▍     | 263/585 [00:10<00:12, 26.40it/s] 45%|████▌     | 265/585 [00:10<00:12, 26.42it/s] 45%|████▌     | 266/585 [00:10<00:17, 17.97it/s] 46%|████▌     | 268/585 [00:10<00:17, 17.93it/s] 46%|████▌     | 269/585 [00:10<00:15, 19.82it/s] 46%|████▋     | 271/585 [00:10<00:15, 19.87it/s] 46%|████▋     | 272/585 [00:10<00:14, 21.49it/s] 47%|████▋     | 274/585 [00:10<00:14, 21.51it/s] 47%|████▋     | 275/585 [00:10<00:13, 22.78it/s] 47%|████▋     | 277/585 [00:10<00:13, 22.75it/s] 48%|████▊     | 278/585 [00:11<00:12, 23.72it/s] 48%|████▊     | 280/585 [00:11<00:12, 23.74it/s] 48%|████▊     | 281/585 [00:11<00:12, 24.51it/s] 48%|████▊     | 283/585 [00:11<00:12, 24.58it/s] 49%|████▊     | 284/585 [00:11<00:11, 25.12it/s] 49%|████▉     | 286/585 [00:11<00:11, 25.12it/s] 49%|████▉     | 287/585 [00:11<00:11, 25.52it/s] 49%|████▉     | 289/585 [00:11<00:11, 25.52it/s] 50%|████▉     | 290/585 [00:11<00:11, 25.80it/s] 50%|████▉     | 292/585 [00:11<00:11, 25.75it/s] 50%|█████     | 293/585 [00:11<00:11, 25.96it/s] 50%|█████     | 295/585 [00:11<00:11, 25.96it/s] 51%|█████     | 296/585 [00:11<00:11, 26.14it/s] 51%|█████     | 298/585 [00:11<00:10, 26.21it/s] 51%|█████     | 299/585 [00:11<00:10, 26.30it/s] 51%|█████▏    | 301/585 [00:11<00:10, 26.27it/s] 52%|█████▏    | 302/585 [00:11<00:10, 26.34it/s] 52%|█████▏    | 304/585 [00:11<00:10, 26.38it/s] 52%|█████▏    | 305/585 [00:12<00:10, 26.46it/s] 52%|█████▏    | 307/585 [00:12<00:10, 26.44it/s] 53%|█████▎    | 308/585 [00:12<00:10, 26.46it/s] 53%|█████▎    | 310/585 [00:12<00:10, 26.49it/s] 53%|█████▎    | 311/585 [00:12<00:10, 26.48it/s] 54%|█████▎    | 313/585 [00:12<00:10, 26.46it/s] 54%|█████▎    | 314/585 [00:12<00:10, 26.50it/s] 54%|█████▍    | 316/585 [00:12<00:10, 26.45it/s] 54%|█████▍    | 317/585 [00:12<00:10, 26.38it/s] 55%|█████▍    | 319/585 [00:12<00:10, 26.41it/s] 55%|█████▍    | 320/585 [00:12<00:10, 26.47it/s] 55%|█████▌    | 322/585 [00:12<00:09, 26.51it/s] 55%|█████▌    | 323/585 [00:12<00:09, 26.53it/s] 56%|█████▌    | 325/585 [00:12<00:09, 26.58it/s] 56%|█████▌    | 326/585 [00:12<00:09, 26.58it/s] 56%|█████▌    | 328/585 [00:12<00:09, 26.55it/s] 56%|█████▌    | 329/585 [00:12<00:09, 26.55it/s] 57%|█████▋    | 331/585 [00:13<00:09, 26.56it/s] 57%|█████▋    | 332/585 [00:13<00:09, 26.48it/s] 57%|█████▋    | 334/585 [00:13<00:09, 26.54it/s] 57%|█████▋    | 335/585 [00:13<00:09, 26.59it/s] 58%|█████▊    | 337/585 [00:13<00:09, 26.53it/s] 58%|█████▊    | 338/585 [00:13<00:09, 26.54it/s] 58%|█████▊    | 340/585 [00:13<00:09, 26.57it/s] 58%|█████▊    | 341/585 [00:13<00:09, 26.59it/s] 59%|█████▊    | 343/585 [00:13<00:09, 26.57it/s] 59%|█████▉    | 344/585 [00:13<00:09, 26.58it/s] 59%|█████▉    | 346/585 [00:13<00:08, 26.57it/s] 59%|█████▉    | 347/585 [00:13<00:08, 26.60it/s] 60%|█████▉    | 349/585 [00:13<00:08, 26.56it/s] 60%|█████▉    | 350/585 [00:13<00:08, 26.58it/s] 60%|██████    | 352/585 [00:13<00:08, 26.57it/s] 60%|██████    | 353/585 [00:13<00:08, 26.48it/s] 61%|██████    | 355/585 [00:13<00:08, 26.35it/s] 61%|██████    | 356/585 [00:13<00:08, 26.33it/s] 61%|██████    | 358/585 [00:14<00:08, 26.30it/s] 61%|██████▏   | 359/585 [00:14<00:08, 26.32it/s] 62%|██████▏   | 361/585 [00:14<00:08, 26.24it/s] 62%|██████▏   | 362/585 [00:14<00:08, 26.26it/s] 62%|██████▏   | 364/585 [00:14<00:08, 26.32it/s] 62%|██████▏   | 365/585 [00:14<00:08, 26.34it/s] 63%|██████▎   | 367/585 [00:14<00:08, 26.33it/s] 63%|██████▎   | 368/585 [00:14<00:08, 26.36it/s] 63%|██████▎   | 370/585 [00:14<00:08, 26.37it/s] 63%|██████▎   | 371/585 [00:14<00:08, 26.41it/s] 64%|██████▍   | 373/585 [00:14<00:08, 26.44it/s] 64%|██████▍   | 374/585 [00:14<00:07, 26.42it/s] 64%|██████▍   | 376/585 [00:14<00:07, 26.51it/s] 64%|██████▍   | 377/585 [00:14<00:07, 26.53it/s] 65%|██████▍   | 379/585 [00:14<00:07, 26.22it/s] 65%|██████▍   | 380/585 [00:14<00:07, 26.23it/s] 65%|██████▌   | 382/585 [00:14<00:07, 25.80it/s] 65%|██████▌   | 383/585 [00:14<00:07, 25.74it/s] 66%|██████▌   | 385/585 [00:15<00:07, 25.85it/s] 66%|██████▌   | 386/585 [00:15<00:07, 25.84it/s] 66%|██████▋   | 388/585 [00:15<00:07, 25.96it/s] 66%|██████▋   | 389/585 [00:15<00:07, 25.86it/s] 67%|██████▋   | 391/585 [00:15<00:07, 25.99it/s] 67%|██████▋   | 392/585 [00:15<00:07, 25.99it/s] 67%|██████▋   | 394/585 [00:15<00:07, 26.09it/s] 68%|██████▊   | 395/585 [00:15<00:07, 26.10it/s] 68%|██████▊   | 397/585 [00:15<00:07, 26.12it/s] 68%|██████▊   | 398/585 [00:15<00:07, 26.20it/s] 68%|██████▊   | 400/585 [00:15<00:07, 26.24it/s] 69%|██████▊   | 401/585 [00:15<00:07, 26.28it/s] 69%|██████▉   | 403/585 [00:15<00:06, 26.15it/s] 69%|██████▉   | 404/585 [00:15<00:06, 26.15it/s] 69%|██████▉   | 406/585 [00:15<00:06, 26.18it/s] 70%|██████▉   | 407/585 [00:15<00:06, 26.19it/s] 70%|██████▉   | 409/585 [00:15<00:06, 26.28it/s] 70%|███████   | 410/585 [00:16<00:06, 26.31it/s] 70%|███████   | 412/585 [00:16<00:06, 26.29it/s] 71%|███████   | 413/585 [00:16<00:06, 26.34it/s] 71%|███████   | 415/585 [00:16<00:06, 26.42it/s] 71%|███████   | 416/585 [00:16<00:06, 26.36it/s] 71%|███████▏  | 418/585 [00:16<00:06, 26.44it/s] 72%|███████▏  | 419/585 [00:16<00:06, 26.43it/s] 72%|███████▏  | 421/585 [00:16<00:06, 26.48it/s] 72%|███████▏  | 422/585 [00:16<00:06, 26.43it/s] 72%|███████▏  | 424/585 [00:16<00:06, 26.33it/s] 73%|███████▎  | 425/585 [00:16<00:06, 26.36it/s] 73%|███████▎  | 427/585 [00:16<00:05, 26.46it/s] 73%|███████▎  | 428/585 [00:16<00:05, 26.45it/s] 74%|███████▎  | 430/585 [00:16<00:05, 26.50it/s] 74%|███████▎  | 431/585 [00:16<00:05, 26.51it/s] 74%|███████▍  | 433/585 [00:16<00:05, 26.49it/s] 74%|███████▍  | 434/585 [00:16<00:05, 26.50it/s] 75%|███████▍  | 436/585 [00:16<00:05, 26.50it/s] 75%|███████▍  | 437/585 [00:17<00:05, 26.47it/s] 75%|███████▌  | 439/585 [00:17<00:05, 26.50it/s] 75%|███████▌  | 440/585 [00:17<00:05, 26.53it/s] 76%|███████▌  | 442/585 [00:17<00:05, 26.59it/s] 76%|███████▌  | 443/585 [00:17<00:05, 26.47it/s] 76%|███████▌  | 445/585 [00:17<00:05, 26.49it/s] 76%|███████▌  | 446/585 [00:17<00:05, 26.44it/s] 77%|███████▋  | 448/585 [00:17<00:05, 26.23it/s] 77%|███████▋  | 449/585 [00:17<00:05, 26.25it/s] 77%|███████▋  | 451/585 [00:17<00:05, 25.69it/s] 77%|███████▋  | 452/585 [00:17<00:05, 25.56it/s] 78%|███████▊  | 454/585 [00:17<00:05, 25.47it/s] 78%|███████▊  | 455/585 [00:17<00:05, 25.47it/s] 78%|███████▊  | 457/585 [00:17<00:04, 25.73it/s] 78%|███████▊  | 458/585 [00:17<00:04, 25.82it/s] 79%|███████▊  | 460/585 [00:17<00:04, 25.98it/s] 79%|███████▉  | 461/585 [00:17<00:04, 26.01it/s] 79%|███████▉  | 463/585 [00:18<00:04, 26.06it/s] 79%|███████▉  | 464/585 [00:18<00:04, 26.11it/s] 80%|███████▉  | 466/585 [00:18<00:04, 26.24it/s] 80%|███████▉  | 467/585 [00:18<00:04, 26.27it/s] 80%|████████  | 469/585 [00:18<00:04, 26.37it/s] 80%|████████  | 470/585 [00:18<00:04, 26.40it/s] 81%|████████  | 472/585 [00:18<00:04, 26.41it/s] 81%|████████  | 473/585 [00:18<00:04, 26.44it/s] 81%|████████  | 475/585 [00:18<00:04, 26.46it/s] 81%|████████▏ | 476/585 [00:18<00:04, 26.48it/s] 82%|████████▏ | 478/585 [00:18<00:04, 26.60it/s] 82%|████████▏ | 479/585 [00:18<00:03, 26.62it/s] 82%|████████▏ | 481/585 [00:18<00:03, 26.66it/s] 82%|████████▏ | 482/585 [00:18<00:03, 26.64it/s] 83%|████████▎ | 484/585 [00:18<00:03, 26.61it/s] 83%|████████▎ | 485/585 [00:18<00:03, 26.64it/s] 83%|████████▎ | 487/585 [00:18<00:03, 26.59it/s] 83%|████████▎ | 488/585 [00:18<00:03, 26.59it/s] 84%|████████▍ | 490/585 [00:19<00:03, 26.65it/s] 84%|████████▍ | 491/585 [00:19<00:03, 26.65it/s] 84%|████████▍ | 493/585 [00:19<00:03, 26.67it/s] 84%|████████▍ | 494/585 [00:19<00:03, 26.67it/s] 85%|████████▍ | 496/585 [00:19<00:03, 26.62it/s] 85%|████████▍ | 497/585 [00:19<00:03, 26.53it/s] 85%|████████▌ | 499/585 [00:19<00:03, 26.47it/s] 85%|████████▌ | 500/585 [00:19<00:03, 26.48it/s] 86%|████████▌ | 502/585 [00:19<00:03, 26.49it/s] 86%|████████▌ | 503/585 [00:19<00:03, 26.43it/s] 86%|████████▋ | 505/585 [00:19<00:03, 26.04it/s] 86%|████████▋ | 506/585 [00:19<00:03, 25.89it/s] 87%|████████▋ | 508/585 [00:19<00:02, 25.96it/s] 87%|████████▋ | 509/585 [00:19<00:02, 25.96it/s] 87%|████████▋ | 511/585 [00:19<00:02, 25.99it/s] 88%|████████▊ | 512/585 [00:19<00:02, 26.07it/s] 88%|████████▊ | 514/585 [00:19<00:02, 26.15it/s] 88%|████████▊ | 515/585 [00:20<00:02, 26.21it/s] 88%|████████▊ | 517/585 [00:20<00:02, 26.29it/s] 89%|████████▊ | 518/585 [00:20<00:02, 26.32it/s] 89%|████████▉ | 520/585 [00:20<00:02, 26.38it/s] 89%|████████▉ | 521/585 [00:20<00:02, 26.40it/s] 89%|████████▉ | 523/585 [00:20<00:02, 26.47it/s] 90%|████████▉ | 524/585 [00:20<00:02, 26.41it/s] 90%|████████▉ | 526/585 [00:20<00:02, 26.43it/s] 90%|█████████ | 527/585 [00:20<00:02, 26.41it/s] 90%|█████████ | 529/585 [00:20<00:02, 26.24it/s] 91%|█████████ | 530/585 [00:20<00:02, 26.30it/s] 91%|█████████ | 532/585 [00:20<00:02, 26.36it/s] 91%|█████████ | 533/585 [00:20<00:01, 26.38it/s] 91%|█████████▏| 535/585 [00:20<00:01, 26.47it/s] 92%|█████████▏| 536/585 [00:20<00:01, 26.48it/s] 92%|█████████▏| 538/585 [00:20<00:01, 26.34it/s] 92%|█████████▏| 539/585 [00:20<00:01, 26.36it/s] 92%|█████████▏| 541/585 [00:20<00:01, 26.45it/s] 93%|█████████▎| 542/585 [00:21<00:01, 26.49it/s] 93%|█████████▎| 544/585 [00:21<00:01, 26.55it/s] 93%|█████████▎| 545/585 [00:21<00:01, 26.57it/s] 94%|█████████▎| 547/585 [00:21<00:01, 26.54it/s] 94%|█████████▎| 548/585 [00:21<00:01, 26.52it/s] 94%|█████████▍| 550/585 [00:21<00:01, 26.51it/s] 94%|█████████▍| 551/585 [00:21<00:01, 26.38it/s] 95%|█████████▍| 553/585 [00:21<00:01, 26.40it/s] 95%|█████████▍| 554/585 [00:21<00:01, 26.40it/s] 95%|█████████▌| 556/585 [00:21<00:01, 26.45it/s] 95%|█████████▌| 557/585 [00:21<00:01, 26.49it/s] 96%|█████████▌| 559/585 [00:21<00:00, 26.56it/s] 96%|█████████▌| 560/585 [00:21<00:00, 26.57it/s] 96%|█████████▌| 562/585 [00:21<00:00, 26.56it/s] 96%|█████████▌| 563/585 [00:21<00:00, 26.55it/s] 97%|█████████▋| 565/585 [00:21<00:00, 26.49it/s] 97%|█████████▋| 566/585 [00:21<00:00, 26.52it/s] 97%|█████████▋| 568/585 [00:22<00:00, 26.51it/s] 97%|█████████▋| 569/585 [00:22<00:00, 26.53it/s] 98%|█████████▊| 571/585 [00:22<00:00, 26.53it/s] 98%|█████████▊| 572/585 [00:22<00:00, 26.56it/s] 98%|█████████▊| 574/585 [00:22<00:00, 26.60it/s] 98%|█████████▊| 575/585 [00:22<00:00, 26.58it/s] 99%|█████████▊| 577/585 [00:22<00:00, 26.57it/s] 99%|█████████▉| 578/585 [00:22<00:00, 26.54it/s] 99%|█████████▉| 580/585 [00:22<00:00, 26.51it/s] 99%|█████████▉| 581/585 [00:22<00:00, 26.51it/s]100%|█████████▉| 583/585 [00:22<00:00, 26.53it/s]100%|█████████▉| 584/585 [00:22<00:00, 26.54it/s]100%|██████████| 585/585 [00:22<00:00, 25.83it/s]
100%|██████████| 585/585 [00:22<00:00, 25.83it/s]
/home/aminmohamadi_squareup_com/projects/.hermit/python/lib/python3.11/site-packages/torch/distributed/distributed_c10d.py:4876: UserWarning: barrier(): using the device under current context. You can specify `device_id` in `init_process_group` to mute this warning.
  warnings.warn(  # warn only once
##############################Training epoch: 9/10##############################
  0%|          | 0/585 [00:00<?, ?it/s]  0%|          | 0/585 [00:00<?, ?it/s]  0%|          | 1/585 [00:00<01:29,  6.51it/s]  0%|          | 2/585 [00:00<00:55, 10.44it/s]  1%|          | 4/585 [00:00<00:34, 16.78it/s]  1%|          | 5/585 [00:00<00:32, 17.81it/s]  1%|          | 7/585 [00:00<00:27, 20.96it/s]  1%|▏         | 8/585 [00:00<00:27, 21.33it/s]  2%|▏         | 10/585 [00:00<00:24, 23.07it/s]  2%|▏         | 11/585 [00:00<00:24, 23.08it/s]  2%|▏         | 13/585 [00:00<00:23, 24.03it/s]  2%|▏         | 14/585 [00:00<00:23, 24.16it/s]  3%|▎         | 16/585 [00:00<00:22, 24.80it/s]  3%|▎         | 17/585 [00:00<00:22, 24.78it/s]  3%|▎         | 19/585 [00:00<00:22, 25.32it/s]  3%|▎         | 20/585 [00:00<00:22, 25.40it/s]  4%|▍         | 22/585 [00:00<00:21, 25.71it/s]  4%|▍         | 23/585 [00:00<00:21, 25.76it/s]  4%|▍         | 25/585 [00:01<00:21, 25.98it/s]  4%|▍         | 26/585 [00:01<00:21, 25.97it/s]  5%|▍         | 28/585 [00:01<00:21, 26.08it/s]  5%|▍         | 29/585 [00:01<00:21, 26.11it/s]  5%|▌         | 31/585 [00:01<00:21, 26.21it/s]  5%|▌         | 32/585 [00:01<00:21, 26.23it/s]  6%|▌         | 34/585 [00:01<00:20, 26.32it/s]  6%|▌         | 35/585 [00:01<00:20, 26.31it/s]  6%|▋         | 37/585 [00:01<00:20, 26.31it/s]  6%|▋         | 38/585 [00:01<00:20, 26.28it/s]  7%|▋         | 40/585 [00:01<00:20, 26.30it/s]  7%|▋         | 41/585 [00:01<00:20, 26.23it/s]  7%|▋         | 43/585 [00:01<00:20, 25.97it/s]  8%|▊         | 44/585 [00:01<00:20, 26.02it/s]  8%|▊         | 46/585 [00:01<00:20, 26.10it/s]  8%|▊         | 47/585 [00:01<00:20, 26.11it/s]  8%|▊         | 49/585 [00:01<00:20, 26.20it/s]  9%|▊         | 50/585 [00:02<00:20, 26.21it/s]  9%|▉         | 52/585 [00:02<00:20, 26.25it/s]  9%|▉         | 53/585 [00:02<00:20, 26.26it/s]  9%|▉         | 55/585 [00:02<00:20, 26.26it/s] 10%|▉         | 56/585 [00:02<00:20, 26.26it/s] 10%|▉         | 58/585 [00:02<00:20, 26.28it/s] 10%|█         | 59/585 [00:02<00:20, 26.22it/s] 10%|█         | 61/585 [00:02<00:19, 26.26it/s] 11%|█         | 62/585 [00:02<00:19, 26.29it/s] 11%|█         | 64/585 [00:02<00:29, 17.73it/s] 11%|█         | 65/585 [00:02<00:29, 17.72it/s] 11%|█▏        | 67/585 [00:02<00:26, 19.69it/s] 12%|█▏        | 68/585 [00:02<00:26, 19.71it/s] 12%|█▏        | 70/585 [00:02<00:24, 21.32it/s] 12%|█▏        | 71/585 [00:02<00:24, 21.29it/s] 12%|█▏        | 73/585 [00:03<00:22, 22.58it/s] 13%|█▎        | 74/585 [00:03<00:22, 22.62it/s] 13%|█▎        | 76/585 [00:03<00:21, 23.64it/s] 13%|█▎        | 77/585 [00:03<00:21, 23.63it/s] 14%|█▎        | 79/585 [00:03<00:20, 24.43it/s] 14%|█▎        | 80/585 [00:03<00:20, 24.45it/s] 14%|█▍        | 82/585 [00:03<00:20, 25.08it/s] 14%|█▍        | 83/585 [00:03<00:20, 25.06it/s] 15%|█▍        | 85/585 [00:03<00:27, 17.88it/s] 15%|█▍        | 86/585 [00:03<00:28, 17.81it/s] 15%|█▌        | 88/585 [00:03<00:25, 19.72it/s] 15%|█▌        | 89/585 [00:03<00:25, 19.76it/s] 16%|█▌        | 91/585 [00:03<00:23, 21.38it/s] 16%|█▌        | 92/585 [00:03<00:23, 21.40it/s] 16%|█▌        | 94/585 [00:04<00:21, 22.69it/s] 16%|█▌        | 95/585 [00:04<00:21, 22.73it/s] 17%|█▋        | 97/585 [00:04<00:20, 23.71it/s] 17%|█▋        | 98/585 [00:04<00:20, 23.74it/s] 17%|█▋        | 100/585 [00:04<00:19, 24.38it/s] 17%|█▋        | 101/585 [00:04<00:19, 24.42it/s] 18%|█▊        | 103/585 [00:04<00:19, 25.06it/s] 18%|█▊        | 104/585 [00:04<00:19, 25.07it/s] 18%|█▊        | 106/585 [00:04<00:18, 25.54it/s] 18%|█▊        | 107/585 [00:04<00:18, 25.52it/s] 19%|█▊        | 109/585 [00:04<00:18, 25.71it/s] 19%|█▉        | 110/585 [00:04<00:18, 25.48it/s] 19%|█▉        | 112/585 [00:04<00:18, 25.63it/s] 19%|█▉        | 113/585 [00:04<00:18, 25.27it/s] 20%|█▉        | 115/585 [00:04<00:18, 25.26it/s] 20%|█▉        | 116/585 [00:04<00:18, 25.22it/s] 20%|██        | 118/585 [00:04<00:18, 25.30it/s] 20%|██        | 119/585 [00:04<00:18, 25.41it/s] 21%|██        | 121/585 [00:05<00:18, 25.43it/s] 21%|██        | 122/585 [00:05<00:18, 25.55it/s] 21%|██        | 124/585 [00:05<00:17, 25.67it/s] 21%|██▏       | 125/585 [00:05<00:17, 25.76it/s] 22%|██▏       | 127/585 [00:05<00:17, 25.89it/s] 22%|██▏       | 128/585 [00:05<00:17, 25.95it/s] 22%|██▏       | 130/585 [00:05<00:17, 26.07it/s] 22%|██▏       | 131/585 [00:05<00:17, 26.13it/s] 23%|██▎       | 133/585 [00:05<00:17, 26.16it/s] 23%|██▎       | 134/585 [00:05<00:17, 26.19it/s] 23%|██▎       | 136/585 [00:05<00:17, 26.19it/s] 23%|██▎       | 137/585 [00:05<00:17, 26.19it/s] 24%|██▍       | 139/585 [00:05<00:17, 26.02it/s] 24%|██▍       | 140/585 [00:05<00:17, 25.97it/s] 24%|██▍       | 142/585 [00:05<00:17, 26.01it/s] 24%|██▍       | 143/585 [00:05<00:16, 26.06it/s] 25%|██▍       | 145/585 [00:05<00:16, 26.15it/s] 25%|██▍       | 146/585 [00:06<00:16, 26.18it/s] 25%|██▌       | 148/585 [00:06<00:16, 26.20it/s] 25%|██▌       | 149/585 [00:06<00:16, 26.17it/s] 26%|██▌       | 151/585 [00:06<00:16, 26.14it/s] 26%|██▌       | 152/585 [00:06<00:16, 26.16it/s] 26%|██▋       | 154/585 [00:06<00:16, 26.20it/s] 26%|██▋       | 155/585 [00:06<00:16, 26.25it/s] 27%|██▋       | 157/585 [00:06<00:16, 26.30it/s] 27%|██▋       | 158/585 [00:06<00:16, 26.29it/s] 27%|██▋       | 160/585 [00:06<00:16, 26.26it/s] 28%|██▊       | 161/585 [00:06<00:16, 26.21it/s] 28%|██▊       | 163/585 [00:06<00:16, 26.12it/s] 28%|██▊       | 164/585 [00:06<00:16, 26.10it/s] 28%|██▊       | 166/585 [00:06<00:16, 26.07it/s] 29%|██▊       | 167/585 [00:06<00:16, 25.95it/s] 29%|██▉       | 169/585 [00:06<00:16, 25.97it/s] 29%|██▉       | 170/585 [00:06<00:15, 26.04it/s] 29%|██▉       | 172/585 [00:07<00:15, 26.11it/s] 30%|██▉       | 173/585 [00:07<00:15, 26.15it/s] 30%|██▉       | 175/585 [00:07<00:15, 26.17it/s] 30%|███       | 176/585 [00:07<00:15, 26.19it/s] 30%|███       | 178/585 [00:07<00:15, 26.20it/s] 31%|███       | 179/585 [00:07<00:15, 26.23it/s] 31%|███       | 181/585 [00:07<00:15, 26.28it/s] 31%|███       | 182/585 [00:07<00:15, 26.31it/s] 31%|███▏      | 184/585 [00:07<00:15, 26.30it/s] 32%|███▏      | 185/585 [00:07<00:15, 26.30it/s] 32%|███▏      | 187/585 [00:07<00:15, 26.28it/s] 32%|███▏      | 188/585 [00:07<00:15, 26.27it/s] 32%|███▏      | 190/585 [00:07<00:15, 26.26it/s] 33%|███▎      | 191/585 [00:07<00:15, 26.24it/s] 33%|███▎      | 193/585 [00:07<00:14, 26.16it/s] 33%|███▎      | 194/585 [00:07<00:14, 26.18it/s] 34%|███▎      | 196/585 [00:07<00:14, 26.17it/s] 34%|███▎      | 197/585 [00:07<00:14, 26.17it/s] 34%|███▍      | 199/585 [00:08<00:14, 26.22it/s] 34%|███▍      | 200/585 [00:08<00:14, 26.25it/s] 35%|███▍      | 202/585 [00:08<00:14, 26.26it/s] 35%|███▍      | 203/585 [00:08<00:14, 26.24it/s] 35%|███▌      | 205/585 [00:08<00:14, 26.24it/s] 35%|███▌      | 206/585 [00:08<00:14, 26.18it/s] 36%|███▌      | 208/585 [00:08<00:14, 26.02it/s] 36%|███▌      | 209/585 [00:08<00:14, 26.00it/s] 36%|███▌      | 211/585 [00:08<00:14, 26.01it/s] 36%|███▌      | 212/585 [00:08<00:14, 26.02it/s] 37%|███▋      | 214/585 [00:08<00:14, 26.04it/s] 37%|███▋      | 215/585 [00:08<00:14, 26.07it/s] 37%|███▋      | 217/585 [00:08<00:14, 26.15it/s] 37%|███▋      | 218/585 [00:08<00:14, 26.16it/s] 38%|███▊      | 220/585 [00:08<00:13, 26.10it/s] 38%|███▊      | 221/585 [00:08<00:13, 26.11it/s] 38%|███▊      | 223/585 [00:08<00:13, 26.23it/s] 38%|███▊      | 224/585 [00:09<00:13, 26.26it/s] 39%|███▊      | 226/585 [00:09<00:13, 26.35it/s] 39%|███▉      | 227/585 [00:09<00:13, 26.37it/s] 39%|███▉      | 229/585 [00:09<00:13, 26.39it/s] 39%|███▉      | 230/585 [00:09<00:13, 26.40it/s] 40%|███▉      | 232/585 [00:09<00:13, 26.44it/s] 40%|███▉      | 233/585 [00:09<00:13, 26.40it/s] 40%|████      | 235/585 [00:09<00:13, 26.34it/s] 40%|████      | 236/585 [00:09<00:13, 26.30it/s] 41%|████      | 238/585 [00:09<00:13, 26.32it/s] 41%|████      | 239/585 [00:09<00:13, 26.34it/s] 41%|████      | 241/585 [00:09<00:13, 26.41it/s] 41%|████▏     | 242/585 [00:09<00:12, 26.42it/s] 42%|████▏     | 244/585 [00:09<00:12, 26.29it/s] 42%|████▏     | 245/585 [00:09<00:12, 26.35it/s] 42%|████▏     | 247/585 [00:09<00:12, 26.33it/s] 42%|████▏     | 248/585 [00:09<00:12, 26.33it/s] 43%|████▎     | 250/585 [00:09<00:12, 26.44it/s] 43%|████▎     | 251/585 [00:10<00:12, 26.45it/s] 43%|████▎     | 253/585 [00:10<00:12, 26.47it/s] 43%|████▎     | 254/585 [00:10<00:12, 26.47it/s] 44%|████▍     | 256/585 [00:10<00:12, 26.36it/s] 44%|████▍     | 257/585 [00:10<00:12, 26.29it/s] 44%|████▍     | 259/585 [00:10<00:12, 26.08it/s] 44%|████▍     | 260/585 [00:10<00:12, 25.88it/s] 45%|████▍     | 262/585 [00:10<00:12, 25.95it/s] 45%|████▍     | 263/585 [00:10<00:12, 25.80it/s] 45%|████▌     | 265/585 [00:10<00:12, 25.51it/s] 45%|████▌     | 266/585 [00:10<00:12, 25.42it/s] 46%|████▌     | 268/585 [00:10<00:12, 25.52it/s] 46%|████▌     | 269/585 [00:10<00:12, 25.53it/s] 46%|████▋     | 271/585 [00:10<00:12, 25.18it/s] 46%|████▋     | 272/585 [00:10<00:12, 25.09it/s] 47%|████▋     | 274/585 [00:10<00:12, 25.06it/s] 47%|████▋     | 275/585 [00:10<00:12, 25.13it/s] 47%|████▋     | 277/585 [00:11<00:12, 25.21it/s] 48%|████▊     | 278/585 [00:11<00:12, 25.23it/s] 48%|████▊     | 280/585 [00:11<00:11, 25.42it/s] 48%|████▊     | 281/585 [00:11<00:11, 25.51it/s] 48%|████▊     | 283/585 [00:11<00:11, 25.66it/s] 49%|████▊     | 284/585 [00:11<00:11, 25.80it/s] 49%|████▉     | 286/585 [00:11<00:11, 26.00it/s] 49%|████▉     | 287/585 [00:11<00:11, 26.06it/s] 49%|████▉     | 289/585 [00:11<00:11, 26.17it/s] 50%|████▉     | 290/585 [00:11<00:11, 26.25it/s] 50%|████▉     | 292/585 [00:11<00:11, 26.27it/s] 50%|█████     | 293/585 [00:11<00:11, 26.32it/s] 50%|█████     | 295/585 [00:11<00:11, 26.35it/s] 51%|█████     | 296/585 [00:11<00:10, 26.40it/s] 51%|█████     | 298/585 [00:11<00:10, 26.46it/s] 51%|█████     | 299/585 [00:11<00:10, 26.49it/s] 51%|█████▏    | 301/585 [00:11<00:10, 26.51it/s] 52%|█████▏    | 302/585 [00:11<00:10, 26.47it/s] 52%|█████▏    | 304/585 [00:12<00:10, 26.44it/s] 52%|█████▏    | 305/585 [00:12<00:10, 26.39it/s] 52%|█████▏    | 307/585 [00:12<00:10, 26.12it/s] 53%|█████▎    | 308/585 [00:12<00:10, 26.15it/s] 53%|█████▎    | 310/585 [00:12<00:10, 26.27it/s] 53%|█████▎    | 311/585 [00:12<00:10, 26.32it/s] 54%|█████▎    | 313/585 [00:12<00:10, 26.42it/s] 54%|█████▎    | 314/585 [00:12<00:10, 26.43it/s] 54%|█████▍    | 316/585 [00:12<00:10, 26.48it/s] 54%|█████▍    | 317/585 [00:12<00:10, 26.35it/s] 55%|█████▍    | 319/585 [00:12<00:10, 26.01it/s] 55%|█████▍    | 320/585 [00:12<00:10, 26.06it/s] 55%|█████▌    | 322/585 [00:12<00:10, 26.18it/s] 55%|█████▌    | 323/585 [00:12<00:09, 26.24it/s] 56%|█████▌    | 325/585 [00:12<00:09, 26.31it/s] 56%|█████▌    | 326/585 [00:12<00:09, 26.32it/s] 56%|█████▌    | 328/585 [00:12<00:09, 26.40it/s] 56%|█████▌    | 329/585 [00:13<00:09, 26.20it/s] 57%|█████▋    | 331/585 [00:13<00:09, 25.89it/s] 57%|█████▋    | 332/585 [00:13<00:09, 25.84it/s] 57%|█████▋    | 334/585 [00:13<00:09, 25.90it/s] 57%|█████▋    | 335/585 [00:13<00:09, 26.00it/s] 58%|█████▊    | 337/585 [00:13<00:09, 26.15it/s] 58%|█████▊    | 338/585 [00:13<00:09, 26.21it/s] 58%|█████▊    | 340/585 [00:13<00:09, 26.30it/s] 58%|█████▊    | 341/585 [00:13<00:09, 26.33it/s] 59%|█████▊    | 343/585 [00:13<00:09, 26.39it/s] 59%|█████▉    | 344/585 [00:13<00:09, 26.41it/s] 59%|█████▉    | 346/585 [00:13<00:09, 26.41it/s] 59%|█████▉    | 347/585 [00:13<00:09, 26.36it/s] 60%|█████▉    | 349/585 [00:13<00:09, 26.14it/s] 60%|█████▉    | 350/585 [00:13<00:08, 26.19it/s] 60%|██████    | 352/585 [00:13<00:08, 26.29it/s] 60%|██████    | 353/585 [00:13<00:08, 26.35it/s] 61%|██████    | 355/585 [00:14<00:08, 26.31it/s] 61%|██████    | 356/585 [00:14<00:08, 26.33it/s] 61%|██████    | 358/585 [00:14<00:08, 26.36it/s] 61%|██████▏   | 359/585 [00:14<00:08, 26.38it/s] 62%|██████▏   | 361/585 [00:14<00:08, 26.44it/s] 62%|██████▏   | 362/585 [00:14<00:08, 26.27it/s] 62%|██████▏   | 364/585 [00:14<00:08, 26.16it/s] 62%|██████▏   | 365/585 [00:14<00:08, 26.14it/s] 63%|██████▎   | 367/585 [00:14<00:08, 26.08it/s] 63%|██████▎   | 368/585 [00:14<00:08, 26.10it/s] 63%|██████▎   | 370/585 [00:14<00:08, 26.17it/s] 63%|██████▎   | 371/585 [00:14<00:08, 26.23it/s] 64%|██████▍   | 373/585 [00:14<00:08, 26.26it/s] 64%|██████▍   | 374/585 [00:14<00:08, 26.28it/s] 64%|██████▍   | 376/585 [00:14<00:07, 26.19it/s] 64%|██████▍   | 377/585 [00:14<00:08, 25.98it/s] 65%|██████▍   | 379/585 [00:14<00:07, 25.99it/s] 65%|██████▍   | 380/585 [00:14<00:07, 25.97it/s] 65%|██████▌   | 382/585 [00:15<00:07, 25.52it/s] 65%|██████▌   | 383/585 [00:15<00:07, 25.56it/s] 66%|██████▌   | 385/585 [00:15<00:07, 25.75it/s] 66%|██████▌   | 386/585 [00:15<00:07, 25.84it/s] 66%|██████▋   | 388/585 [00:15<00:07, 26.02it/s] 66%|██████▋   | 389/585 [00:15<00:07, 26.10it/s] 67%|██████▋   | 391/585 [00:15<00:07, 26.31it/s] 67%|██████▋   | 392/585 [00:15<00:07, 26.31it/s] 67%|██████▋   | 394/585 [00:15<00:07, 26.31it/s] 68%|██████▊   | 395/585 [00:15<00:07, 26.36it/s] 68%|██████▊   | 397/585 [00:15<00:07, 26.38it/s] 68%|██████▊   | 398/585 [00:15<00:07, 26.41it/s] 68%|██████▊   | 400/585 [00:15<00:06, 26.45it/s] 69%|██████▊   | 401/585 [00:15<00:06, 26.47it/s] 69%|██████▉   | 403/585 [00:15<00:06, 26.52it/s] 69%|██████▉   | 404/585 [00:15<00:06, 26.55it/s] 69%|██████▉   | 406/585 [00:15<00:06, 26.60it/s] 70%|██████▉   | 407/585 [00:16<00:06, 26.56it/s] 70%|██████▉   | 409/585 [00:16<00:06, 26.57it/s] 70%|███████   | 410/585 [00:16<00:06, 26.62it/s] 70%|███████   | 412/585 [00:16<00:06, 26.59it/s] 71%|███████   | 413/585 [00:16<00:06, 26.59it/s] 71%|███████   | 415/585 [00:16<00:06, 26.66it/s] 71%|███████   | 416/585 [00:16<00:06, 26.64it/s] 71%|███████▏  | 418/585 [00:16<00:06, 26.59it/s] 72%|███████▏  | 419/585 [00:16<00:06, 26.61it/s] 72%|███████▏  | 421/585 [00:16<00:06, 26.62it/s] 72%|███████▏  | 422/585 [00:16<00:06, 26.63it/s] 72%|███████▏  | 424/585 [00:16<00:06, 26.55it/s] 73%|███████▎  | 425/585 [00:16<00:06, 26.55it/s] 73%|███████▎  | 427/585 [00:16<00:05, 26.56it/s] 73%|███████▎  | 428/585 [00:16<00:05, 26.58it/s] 74%|███████▎  | 430/585 [00:16<00:05, 26.57it/s] 74%|███████▎  | 431/585 [00:16<00:05, 26.55it/s] 74%|███████▍  | 433/585 [00:16<00:05, 26.50it/s] 74%|███████▍  | 434/585 [00:17<00:05, 26.39it/s] 75%|███████▍  | 436/585 [00:17<00:05, 26.32it/s] 75%|███████▍  | 437/585 [00:17<00:05, 26.31it/s] 75%|███████▌  | 439/585 [00:17<00:05, 26.36it/s] 75%|███████▌  | 440/585 [00:17<00:05, 26.39it/s] 76%|███████▌  | 442/585 [00:17<00:05, 26.39it/s] 76%|███████▌  | 443/585 [00:17<00:05, 26.42it/s] 76%|███████▌  | 445/585 [00:17<00:05, 26.52it/s] 76%|███████▌  | 446/585 [00:17<00:05, 26.52it/s] 77%|███████▋  | 448/585 [00:17<00:05, 26.54it/s] 77%|███████▋  | 449/585 [00:17<00:05, 26.52it/s] 77%|███████▋  | 451/585 [00:17<00:05, 26.52it/s] 77%|███████▋  | 452/585 [00:17<00:05, 26.46it/s] 78%|███████▊  | 454/585 [00:17<00:04, 26.30it/s] 78%|███████▊  | 455/585 [00:17<00:04, 26.31it/s] 78%|███████▊  | 457/585 [00:17<00:04, 26.34it/s] 78%|███████▊  | 458/585 [00:17<00:04, 26.37it/s] 79%|███████▊  | 460/585 [00:18<00:04, 26.34it/s] 79%|███████▉  | 461/585 [00:18<00:04, 26.34it/s] 79%|███████▉  | 463/585 [00:18<00:04, 26.18it/s] 79%|███████▉  | 464/585 [00:18<00:04, 26.20it/s] 80%|███████▉  | 466/585 [00:18<00:06, 18.04it/s] 80%|███████▉  | 467/585 [00:18<00:06, 18.02it/s] 80%|████████  | 469/585 [00:18<00:05, 19.90it/s] 80%|████████  | 470/585 [00:18<00:05, 19.90it/s] 81%|████████  | 472/585 [00:18<00:05, 21.41it/s] 81%|████████  | 473/585 [00:18<00:05, 21.44it/s] 81%|████████  | 475/585 [00:18<00:04, 22.65it/s] 81%|████████▏ | 476/585 [00:18<00:04, 22.67it/s] 82%|████████▏ | 478/585 [00:18<00:04, 23.69it/s] 82%|████████▏ | 479/585 [00:18<00:04, 23.71it/s] 82%|████████▏ | 481/585 [00:18<00:04, 24.51it/s] 82%|████████▏ | 482/585 [00:19<00:04, 24.52it/s] 83%|████████▎ | 484/585 [00:19<00:04, 24.91it/s] 83%|████████▎ | 485/585 [00:19<00:04, 24.92it/s] 83%|████████▎ | 487/585 [00:19<00:03, 25.37it/s] 83%|████████▎ | 488/585 [00:19<00:03, 25.36it/s] 84%|████████▍ | 490/585 [00:19<00:03, 25.71it/s] 84%|████████▍ | 491/585 [00:19<00:03, 25.63it/s] 84%|████████▍ | 493/585 [00:19<00:03, 25.90it/s] 84%|████████▍ | 494/585 [00:19<00:03, 25.94it/s] 85%|████████▍ | 496/585 [00:19<00:03, 26.11it/s] 85%|████████▍ | 497/585 [00:19<00:03, 26.11it/s] 85%|████████▌ | 499/585 [00:19<00:03, 26.21it/s] 85%|████████▌ | 500/585 [00:19<00:03, 26.23it/s] 86%|████████▌ | 502/585 [00:19<00:03, 26.33it/s] 86%|████████▌ | 503/585 [00:19<00:03, 26.38it/s] 86%|████████▋ | 505/585 [00:19<00:03, 26.50it/s] 86%|████████▋ | 506/585 [00:19<00:02, 26.49it/s] 87%|████████▋ | 508/585 [00:19<00:02, 26.54it/s] 87%|████████▋ | 509/585 [00:20<00:02, 26.52it/s] 87%|████████▋ | 511/585 [00:20<00:02, 26.44it/s] 88%|████████▊ | 512/585 [00:20<00:02, 26.46it/s] 88%|████████▊ | 514/585 [00:20<00:02, 26.46it/s] 88%|████████▊ | 515/585 [00:20<00:02, 26.51it/s] 88%|████████▊ | 517/585 [00:20<00:02, 26.54it/s] 89%|████████▊ | 518/585 [00:20<00:02, 26.54it/s] 89%|████████▉ | 520/585 [00:20<00:02, 26.55it/s] 89%|████████▉ | 521/585 [00:20<00:02, 26.52it/s] 89%|████████▉ | 523/585 [00:20<00:02, 26.43it/s] 90%|████████▉ | 524/585 [00:20<00:02, 26.41it/s] 90%|████████▉ | 526/585 [00:20<00:02, 26.44it/s] 90%|█████████ | 527/585 [00:20<00:02, 26.42it/s] 90%|█████████ | 529/585 [00:20<00:03, 18.19it/s] 91%|█████████ | 530/585 [00:21<00:03, 18.00it/s] 91%|█████████ | 532/585 [00:21<00:02, 19.61it/s] 91%|█████████ | 533/585 [00:21<00:02, 19.59it/s] 91%|█████████▏| 535/585 [00:21<00:02, 21.16it/s] 92%|█████████▏| 536/585 [00:21<00:02, 21.25it/s] 92%|█████████▏| 538/585 [00:21<00:02, 22.53it/s] 92%|█████████▏| 539/585 [00:21<00:02, 22.61it/s] 92%|█████████▏| 541/585 [00:21<00:01, 23.64it/s] 93%|█████████▎| 542/585 [00:21<00:01, 23.68it/s] 93%|█████████▎| 544/585 [00:21<00:01, 24.41it/s] 93%|█████████▎| 545/585 [00:21<00:01, 24.45it/s] 94%|█████████▎| 547/585 [00:21<00:01, 24.92it/s] 94%|█████████▎| 548/585 [00:21<00:01, 24.90it/s] 94%|█████████▍| 550/585 [00:21<00:01, 25.20it/s] 94%|█████████▍| 551/585 [00:21<00:01, 25.25it/s] 95%|█████████▍| 553/585 [00:21<00:01, 25.56it/s] 95%|█████████▍| 554/585 [00:21<00:01, 25.56it/s] 95%|█████████▌| 556/585 [00:21<00:01, 25.86it/s] 95%|█████████▌| 557/585 [00:22<00:01, 25.85it/s] 96%|█████████▌| 559/585 [00:22<00:01, 25.99it/s] 96%|█████████▌| 560/585 [00:22<00:00, 26.03it/s] 96%|█████████▌| 562/585 [00:22<00:00, 26.16it/s] 96%|█████████▌| 563/585 [00:22<00:00, 26.20it/s] 97%|█████████▋| 565/585 [00:22<00:00, 26.34it/s] 97%|█████████▋| 566/585 [00:22<00:00, 26.33it/s] 97%|█████████▋| 568/585 [00:22<00:00, 26.40it/s] 97%|█████████▋| 569/585 [00:22<00:00, 26.41it/s] 98%|█████████▊| 571/585 [00:22<00:00, 26.42it/s] 98%|█████████▊| 572/585 [00:22<00:00, 26.41it/s] 98%|█████████▊| 574/585 [00:22<00:00, 26.44it/s] 98%|█████████▊| 575/585 [00:22<00:00, 26.44it/s] 99%|█████████▊| 577/585 [00:22<00:00, 26.40it/s] 99%|█████████▉| 578/585 [00:22<00:00, 26.27it/s] 99%|█████████▉| 580/585 [00:22<00:00, 26.23it/s] 99%|█████████▉| 581/585 [00:22<00:00, 26.23it/s]100%|█████████▉| 583/585 [00:23<00:00, 26.26it/s]100%|█████████▉| 584/585 [00:23<00:00, 26.20it/s]100%|██████████| 585/585 [00:23<00:00, 25.33it/s]
100%|██████████| 585/585 [00:23<00:00, 25.33it/s]
/home/aminmohamadi_squareup_com/projects/.hermit/python/lib/python3.11/site-packages/torch/distributed/distributed_c10d.py:4876: UserWarning: barrier(): using the device under current context. You can specify `device_id` in `init_process_group` to mute this warning.
  warnings.warn(  # warn only once
#############################Training epoch: 10/10##############################
  0%|          | 0/585 [00:00<?, ?it/s]  0%|          | 0/585 [00:00<?, ?it/s]  0%|          | 1/585 [00:03<37:20,  3.84s/it]  0%|          | 2/585 [00:03<18:50,  1.94s/it]  1%|          | 4/585 [00:03<07:20,  1.32it/s]  1%|          | 5/585 [00:03<06:13,  1.55it/s]  1%|          | 7/585 [00:04<03:35,  2.68it/s]  1%|▏         | 8/585 [00:04<03:19,  2.89it/s]  2%|▏         | 10/585 [00:04<02:11,  4.38it/s]  2%|▏         | 11/585 [00:04<02:06,  4.55it/s]  2%|▏         | 13/585 [00:04<01:29,  6.37it/s]  2%|▏         | 14/585 [00:04<01:27,  6.53it/s]  3%|▎         | 16/585 [00:04<01:05,  8.68it/s]  3%|▎         | 17/585 [00:04<01:04,  8.79it/s]  3%|▎         | 19/585 [00:04<00:50, 11.13it/s]  3%|▎         | 20/585 [00:04<00:50, 11.24it/s]  4%|▍         | 22/585 [00:04<00:41, 13.68it/s]  4%|▍         | 23/585 [00:04<00:40, 13.77it/s]  4%|▍         | 25/585 [00:04<00:34, 16.10it/s]  4%|▍         | 26/585 [00:04<00:34, 16.15it/s]  5%|▍         | 28/585 [00:04<00:30, 18.31it/s]  5%|▍         | 29/585 [00:04<00:30, 18.36it/s]  5%|▌         | 31/585 [00:05<00:27, 20.18it/s]  5%|▌         | 32/585 [00:05<00:27, 20.21it/s]  6%|▌         | 34/585 [00:05<00:25, 21.68it/s]  6%|▌         | 35/585 [00:05<00:25, 21.67it/s]  6%|▋         | 37/585 [00:05<00:24, 22.58it/s]  6%|▋         | 38/585 [00:05<00:24, 22.62it/s]  7%|▋         | 40/585 [00:05<00:23, 23.69it/s]  7%|▋         | 41/585 [00:05<00:22, 23.74it/s]  7%|▋         | 43/585 [00:05<00:22, 24.50it/s]  8%|▊         | 44/585 [00:05<00:22, 24.53it/s]  8%|▊         | 46/585 [00:05<00:21, 25.09it/s]  8%|▊         | 47/585 [00:05<00:21, 25.09it/s]  8%|▊         | 49/585 [00:05<00:21, 25.51it/s]  9%|▊         | 50/585 [00:05<00:20, 25.54it/s]  9%|▉         | 52/585 [00:05<00:20, 25.89it/s]  9%|▉         | 53/585 [00:05<00:20, 25.91it/s]  9%|▉         | 55/585 [00:05<00:20, 26.06it/s] 10%|▉         | 56/585 [00:05<00:20, 26.04it/s] 10%|▉         | 58/585 [00:06<00:20, 26.07it/s] 10%|█         | 59/585 [00:06<00:20, 26.08it/s] 10%|█         | 61/585 [00:06<00:19, 26.21it/s] 11%|█         | 62/585 [00:06<00:19, 26.22it/s] 11%|█         | 64/585 [00:06<00:19, 26.36it/s] 11%|█         | 65/585 [00:06<00:19, 26.38it/s] 11%|█▏        | 67/585 [00:06<00:19, 26.45it/s] 12%|█▏        | 68/585 [00:06<00:19, 26.46it/s] 12%|█▏        | 70/585 [00:06<00:19, 26.48it/s] 12%|█▏        | 71/585 [00:06<00:19, 26.48it/s] 12%|█▏        | 73/585 [00:06<00:19, 26.57it/s] 13%|█▎        | 74/585 [00:06<00:19, 26.55it/s] 13%|█▎        | 76/585 [00:06<00:19, 26.52it/s] 13%|█▎        | 77/585 [00:06<00:19, 26.51it/s] 14%|█▎        | 79/585 [00:06<00:19, 26.45it/s] 14%|█▎        | 80/585 [00:06<00:19, 26.42it/s] 14%|█▍        | 82/585 [00:06<00:18, 26.50it/s] 14%|█▍        | 83/585 [00:06<00:18, 26.50it/s] 15%|█▍        | 85/585 [00:07<00:18, 26.49it/s] 15%|█▍        | 86/585 [00:07<00:18, 26.48it/s] 15%|█▌        | 88/585 [00:07<00:18, 26.49it/s] 15%|█▌        | 89/585 [00:07<00:18, 26.52it/s] 16%|█▌        | 91/585 [00:07<00:18, 26.50it/s] 16%|█▌        | 92/585 [00:07<00:18, 26.54it/s] 16%|█▌        | 94/585 [00:07<00:18, 26.60it/s] 16%|█▌        | 95/585 [00:07<00:18, 26.58it/s] 17%|█▋        | 97/585 [00:07<00:18, 26.62it/s] 17%|█▋        | 98/585 [00:07<00:18, 26.61it/s] 17%|█▋        | 100/585 [00:07<00:18, 26.55it/s] 17%|█▋        | 101/585 [00:07<00:18, 26.51it/s] 18%|█▊        | 103/585 [00:07<00:18, 26.49it/s] 18%|█▊        | 104/585 [00:07<00:18, 26.53it/s] 18%|█▊        | 106/585 [00:07<00:18, 26.56it/s] 18%|█▊        | 107/585 [00:07<00:17, 26.57it/s] 19%|█▊        | 109/585 [00:07<00:17, 26.51it/s] 19%|█▉        | 110/585 [00:07<00:17, 26.51it/s] 19%|█▉        | 112/585 [00:08<00:17, 26.51it/s] 19%|█▉        | 113/585 [00:08<00:17, 26.53it/s] 20%|█▉        | 115/585 [00:08<00:17, 26.48it/s] 20%|█▉        | 116/585 [00:08<00:17, 26.45it/s] 20%|██        | 118/585 [00:08<00:17, 26.52it/s] 20%|██        | 119/585 [00:08<00:17, 26.53it/s] 21%|██        | 121/585 [00:08<00:17, 26.57it/s] 21%|██        | 122/585 [00:08<00:17, 26.53it/s] 21%|██        | 124/585 [00:08<00:17, 26.19it/s] 21%|██▏       | 125/585 [00:08<00:17, 25.93it/s] 22%|██▏       | 127/585 [00:08<00:17, 26.01it/s] 22%|██▏       | 128/585 [00:08<00:17, 26.03it/s] 22%|██▏       | 130/585 [00:08<00:17, 26.12it/s] 22%|██▏       | 131/585 [00:08<00:17, 26.15it/s] 23%|██▎       | 133/585 [00:08<00:17, 26.22it/s] 23%|██▎       | 134/585 [00:08<00:17, 26.30it/s] 23%|██▎       | 136/585 [00:08<00:17, 26.15it/s] 23%|██▎       | 137/585 [00:09<00:17, 25.89it/s] 24%|██▍       | 139/585 [00:09<00:17, 25.86it/s] 24%|██▍       | 140/585 [00:09<00:17, 25.77it/s] 24%|██▍       | 142/585 [00:09<00:17, 25.73it/s] 24%|██▍       | 143/585 [00:09<00:17, 25.88it/s] 25%|██▍       | 145/585 [00:09<00:16, 26.00it/s] 25%|██▍       | 146/585 [00:09<00:16, 26.15it/s] 25%|██▌       | 148/585 [00:09<00:16, 26.16it/s] 25%|██▌       | 149/585 [00:09<00:16, 25.97it/s] 26%|██▌       | 151/585 [00:09<00:16, 25.96it/s] 26%|██▌       | 152/585 [00:09<00:16, 26.04it/s] 26%|██▋       | 154/585 [00:09<00:16, 26.13it/s] 26%|██▋       | 155/585 [00:09<00:16, 26.22it/s] 27%|██▋       | 157/585 [00:09<00:16, 26.34it/s] 27%|██▋       | 158/585 [00:09<00:16, 26.43it/s] 27%|██▋       | 160/585 [00:09<00:16, 26.49it/s] 28%|██▊       | 161/585 [00:09<00:15, 26.53it/s] 28%|██▊       | 163/585 [00:10<00:15, 26.47it/s] 28%|██▊       | 164/585 [00:10<00:15, 26.44it/s] 28%|██▊       | 166/585 [00:10<00:15, 26.22it/s] 29%|██▊       | 167/585 [00:10<00:15, 26.24it/s] 29%|██▉       | 169/585 [00:10<00:15, 26.37it/s] 29%|██▉       | 170/585 [00:10<00:15, 26.39it/s] 29%|██▉       | 172/585 [00:10<00:15, 26.43it/s] 30%|██▉       | 173/585 [00:10<00:15, 26.47it/s] 30%|██▉       | 175/585 [00:10<00:15, 26.57it/s] 30%|███       | 176/585 [00:10<00:15, 26.60it/s] 30%|███       | 178/585 [00:10<00:15, 26.53it/s] 31%|███       | 179/585 [00:10<00:15, 26.51it/s] 31%|███       | 181/585 [00:10<00:15, 26.54it/s] 31%|███       | 182/585 [00:10<00:15, 26.54it/s] 31%|███▏      | 184/585 [00:10<00:15, 26.59it/s] 32%|███▏      | 185/585 [00:10<00:15, 26.62it/s] 32%|███▏      | 187/585 [00:10<00:14, 26.61it/s] 32%|███▏      | 188/585 [00:10<00:14, 26.61it/s] 32%|███▏      | 190/585 [00:11<00:14, 26.60it/s] 33%|███▎      | 191/585 [00:11<00:14, 26.61it/s] 33%|███▎      | 193/585 [00:11<00:14, 26.63it/s] 33%|███▎      | 194/585 [00:11<00:14, 26.63it/s] 34%|███▎      | 196/585 [00:11<00:14, 26.69it/s] 34%|███▎      | 197/585 [00:11<00:14, 26.68it/s] 34%|███▍      | 199/585 [00:11<00:14, 26.71it/s] 34%|███▍      | 200/585 [00:11<00:14, 26.75it/s] 35%|███▍      | 202/585 [00:11<00:14, 26.74it/s] 35%|███▍      | 203/585 [00:11<00:14, 26.73it/s] 35%|███▌      | 205/585 [00:11<00:14, 26.66it/s] 35%|███▌      | 206/585 [00:11<00:14, 26.58it/s] 36%|███▌      | 208/585 [00:11<00:14, 26.65it/s] 36%|███▌      | 209/585 [00:11<00:14, 26.72it/s] 36%|███▌      | 211/585 [00:11<00:14, 26.67it/s] 36%|███▌      | 212/585 [00:11<00:13, 26.68it/s] 37%|███▋      | 214/585 [00:11<00:14, 26.25it/s] 37%|███▋      | 215/585 [00:11<00:14, 26.25it/s] 37%|███▋      | 217/585 [00:12<00:14, 25.83it/s] 37%|███▋      | 218/585 [00:12<00:14, 25.81it/s] 38%|███▊      | 220/585 [00:12<00:14, 25.98it/s] 38%|███▊      | 221/585 [00:12<00:14, 25.97it/s] 38%|███▊      | 223/585 [00:12<00:13, 26.01it/s] 38%|███▊      | 224/585 [00:12<00:13, 25.91it/s] 39%|███▊      | 226/585 [00:12<00:13, 26.01it/s] 39%|███▉      | 227/585 [00:12<00:13, 26.08it/s] 39%|███▉      | 229/585 [00:12<00:13, 26.18it/s] 39%|███▉      | 230/585 [00:12<00:13, 26.22it/s] 40%|███▉      | 232/585 [00:12<00:13, 26.32it/s] 40%|███▉      | 233/585 [00:12<00:13, 26.30it/s] 40%|████      | 235/585 [00:12<00:13, 26.37it/s] 40%|████      | 236/585 [00:12<00:13, 26.37it/s] 41%|████      | 238/585 [00:12<00:13, 26.52it/s] 41%|████      | 239/585 [00:12<00:13, 26.50it/s] 41%|████      | 241/585 [00:12<00:13, 26.45it/s] 41%|████▏     | 242/585 [00:13<00:12, 26.43it/s] 42%|████▏     | 244/585 [00:13<00:12, 26.27it/s] 42%|████▏     | 245/585 [00:13<00:12, 26.23it/s] 42%|████▏     | 247/585 [00:13<00:12, 26.08it/s] 42%|████▏     | 248/585 [00:13<00:12, 26.14it/s] 43%|████▎     | 250/585 [00:13<00:12, 26.31it/s] 43%|████▎     | 251/585 [00:13<00:12, 26.36it/s] 43%|████▎     | 253/585 [00:13<00:12, 26.45it/s] 43%|████▎     | 254/585 [00:13<00:12, 26.41it/s] 44%|████▍     | 256/585 [00:13<00:12, 26.51it/s] 44%|████▍     | 257/585 [00:13<00:12, 26.54it/s] 44%|████▍     | 259/585 [00:13<00:12, 26.47it/s] 44%|████▍     | 260/585 [00:13<00:12, 26.47it/s] 45%|████▍     | 262/585 [00:13<00:17, 18.34it/s] 45%|████▍     | 263/585 [00:13<00:17, 18.30it/s] 45%|████▌     | 265/585 [00:14<00:15, 20.17it/s] 45%|████▌     | 266/585 [00:14<00:15, 20.18it/s] 46%|████▌     | 268/585 [00:14<00:14, 21.71it/s] 46%|████▌     | 269/585 [00:14<00:14, 21.73it/s] 46%|████▋     | 271/585 [00:14<00:13, 23.00it/s] 46%|████▋     | 272/585 [00:14<00:13, 23.03it/s] 47%|████▋     | 274/585 [00:14<00:12, 24.03it/s] 47%|████▋     | 275/585 [00:14<00:12, 24.05it/s] 47%|████▋     | 277/585 [00:14<00:12, 24.79it/s] 48%|████▊     | 278/585 [00:14<00:12, 24.81it/s] 48%|████▊     | 280/585 [00:14<00:12, 25.33it/s] 48%|████▊     | 281/585 [00:14<00:11, 25.34it/s] 48%|████▊     | 283/585 [00:14<00:11, 25.75it/s] 49%|████▊     | 284/585 [00:14<00:11, 25.73it/s] 49%|████▉     | 286/585 [00:14<00:11, 26.03it/s] 49%|████▉     | 287/585 [00:14<00:11, 26.06it/s] 49%|████▉     | 289/585 [00:14<00:11, 26.24it/s] 50%|████▉     | 290/585 [00:14<00:11, 26.24it/s] 50%|████▉     | 292/585 [00:15<00:11, 26.42it/s] 50%|█████     | 293/585 [00:15<00:11, 26.41it/s] 50%|█████     | 295/585 [00:15<00:10, 26.49it/s] 51%|█████     | 296/585 [00:15<00:10, 26.46it/s] 51%|█████     | 298/585 [00:15<00:10, 26.49it/s] 51%|█████     | 299/585 [00:15<00:10, 26.50it/s] 51%|█████▏    | 301/585 [00:15<00:10, 26.62it/s] 52%|█████▏    | 302/585 [00:15<00:10, 26.56it/s] 52%|█████▏    | 304/585 [00:15<00:10, 26.56it/s] 52%|█████▏    | 305/585 [00:15<00:10, 26.55it/s] 52%|█████▏    | 307/585 [00:15<00:10, 26.57it/s] 53%|█████▎    | 308/585 [00:15<00:10, 26.58it/s] 53%|█████▎    | 310/585 [00:15<00:10, 26.56it/s] 53%|█████▎    | 311/585 [00:15<00:10, 26.61it/s] 54%|█████▎    | 313/585 [00:15<00:10, 26.59it/s] 54%|█████▎    | 314/585 [00:15<00:10, 26.57it/s] 54%|█████▍    | 316/585 [00:15<00:10, 26.59it/s] 54%|█████▍    | 317/585 [00:16<00:10, 26.53it/s] 55%|█████▍    | 319/585 [00:16<00:10, 26.46it/s] 55%|█████▍    | 320/585 [00:16<00:10, 26.48it/s] 55%|█████▌    | 322/585 [00:16<00:09, 26.36it/s] 55%|█████▌    | 323/585 [00:16<00:09, 26.37it/s] 56%|█████▌    | 325/585 [00:16<00:09, 26.41it/s] 56%|█████▌    | 326/585 [00:16<00:09, 26.44it/s] 56%|█████▌    | 328/585 [00:16<00:09, 26.47it/s] 56%|█████▌    | 329/585 [00:16<00:09, 26.41it/s] 57%|█████▋    | 331/585 [00:16<00:09, 26.37it/s] 57%|█████▋    | 332/585 [00:16<00:09, 26.36it/s] 57%|█████▋    | 334/585 [00:16<00:09, 26.36it/s] 57%|█████▋    | 335/585 [00:16<00:09, 26.36it/s] 58%|█████▊    | 337/585 [00:16<00:09, 26.36it/s] 58%|█████▊    | 338/585 [00:16<00:09, 26.36it/s] 58%|█████▊    | 340/585 [00:16<00:09, 26.40it/s] 58%|█████▊    | 341/585 [00:16<00:09, 26.35it/s] 59%|█████▊    | 343/585 [00:16<00:09, 26.34it/s] 59%|█████▉    | 344/585 [00:17<00:09, 26.31it/s] 59%|█████▉    | 346/585 [00:17<00:09, 26.37it/s] 59%|█████▉    | 347/585 [00:17<00:09, 26.41it/s] 60%|█████▉    | 349/585 [00:17<00:08, 26.24it/s] 60%|█████▉    | 350/585 [00:17<00:08, 26.27it/s] 60%|██████    | 352/585 [00:17<00:08, 26.39it/s] 60%|██████    | 353/585 [00:17<00:08, 26.40it/s] 61%|██████    | 355/585 [00:17<00:08, 26.43it/s] 61%|██████    | 356/585 [00:17<00:08, 26.43it/s] 61%|██████    | 358/585 [00:17<00:08, 26.30it/s] 61%|██████▏   | 359/585 [00:17<00:08, 26.28it/s] 62%|██████▏   | 361/585 [00:17<00:08, 26.30it/s] 62%|██████▏   | 362/585 [00:17<00:08, 26.33it/s] 62%|██████▏   | 364/585 [00:17<00:08, 26.39it/s] 62%|██████▏   | 365/585 [00:17<00:08, 26.24it/s] 63%|██████▎   | 367/585 [00:17<00:08, 26.15it/s] 63%|██████▎   | 368/585 [00:17<00:08, 26.20it/s] 63%|██████▎   | 370/585 [00:18<00:08, 26.17it/s] 63%|██████▎   | 371/585 [00:18<00:08, 26.23it/s] 64%|██████▍   | 373/585 [00:18<00:08, 26.12it/s] 64%|██████▍   | 374/585 [00:18<00:08, 26.10it/s] 64%|██████▍   | 376/585 [00:18<00:07, 26.14it/s] 64%|██████▍   | 377/585 [00:18<00:07, 26.19it/s] 65%|██████▍   | 379/585 [00:18<00:07, 26.32it/s] 65%|██████▍   | 380/585 [00:18<00:07, 26.35it/s] 65%|██████▌   | 382/585 [00:18<00:07, 26.42it/s] 65%|██████▌   | 383/585 [00:18<00:07, 26.40it/s] 66%|██████▌   | 385/585 [00:18<00:07, 26.36it/s] 66%|██████▌   | 386/585 [00:18<00:07, 26.35it/s] 66%|██████▋   | 388/585 [00:18<00:10, 18.04it/s] 66%|██████▋   | 389/585 [00:18<00:10, 18.05it/s] 67%|██████▋   | 391/585 [00:18<00:09, 19.94it/s] 67%|██████▋   | 392/585 [00:19<00:09, 19.92it/s] 67%|██████▋   | 394/585 [00:19<00:08, 21.50it/s] 68%|██████▊   | 395/585 [00:19<00:08, 21.50it/s] 68%|██████▊   | 397/585 [00:19<00:08, 22.69it/s] 68%|██████▊   | 398/585 [00:19<00:08, 22.69it/s] 68%|██████▊   | 400/585 [00:19<00:07, 23.71it/s] 69%|██████▊   | 401/585 [00:19<00:07, 23.74it/s] 69%|██████▉   | 403/585 [00:19<00:07, 24.51it/s] 69%|██████▉   | 404/585 [00:19<00:07, 24.53it/s] 69%|██████▉   | 406/585 [00:19<00:07, 25.03it/s] 70%|██████▉   | 407/585 [00:19<00:07, 25.05it/s] 70%|██████▉   | 409/585 [00:19<00:06, 25.46it/s] 70%|███████   | 410/585 [00:19<00:06, 25.42it/s] 70%|███████   | 412/585 [00:19<00:06, 25.59it/s] 71%|███████   | 413/585 [00:19<00:06, 25.62it/s] 71%|███████   | 415/585 [00:19<00:06, 25.89it/s] 71%|███████   | 416/585 [00:19<00:06, 25.89it/s] 71%|███████▏  | 418/585 [00:20<00:06, 26.08it/s] 72%|███████▏  | 419/585 [00:20<00:06, 26.07it/s] 72%|███████▏  | 421/585 [00:20<00:06, 26.20it/s] 72%|███████▏  | 422/585 [00:20<00:06, 26.23it/s] 72%|███████▏  | 424/585 [00:20<00:06, 26.31it/s] 73%|███████▎  | 425/585 [00:20<00:06, 26.37it/s] 73%|███████▎  | 427/585 [00:20<00:05, 26.39it/s] 73%|███████▎  | 428/585 [00:20<00:05, 26.37it/s] 74%|███████▎  | 430/585 [00:20<00:05, 26.45it/s] 74%|███████▎  | 431/585 [00:20<00:05, 26.43it/s] 74%|███████▍  | 433/585 [00:20<00:05, 26.30it/s] 74%|███████▍  | 434/585 [00:20<00:05, 26.28it/s] 75%|███████▍  | 436/585 [00:20<00:05, 26.10it/s] 75%|███████▍  | 437/585 [00:20<00:05, 26.04it/s] 75%|███████▌  | 439/585 [00:20<00:05, 25.72it/s] 75%|███████▌  | 440/585 [00:20<00:05, 25.66it/s] 76%|███████▌  | 442/585 [00:20<00:05, 25.82it/s] 76%|███████▌  | 443/585 [00:20<00:05, 25.78it/s] 76%|███████▌  | 445/585 [00:21<00:05, 25.57it/s] 76%|███████▌  | 446/585 [00:21<00:05, 25.40it/s] 77%|███████▋  | 448/585 [00:21<00:05, 25.13it/s] 77%|███████▋  | 449/585 [00:21<00:05, 24.88it/s] 77%|███████▋  | 451/585 [00:21<00:05, 24.69it/s] 77%|███████▋  | 452/585 [00:21<00:05, 24.74it/s] 78%|███████▊  | 454/585 [00:21<00:05, 25.02it/s] 78%|███████▊  | 455/585 [00:21<00:05, 24.92it/s] 78%|███████▊  | 457/585 [00:21<00:05, 24.75it/s] 78%|███████▊  | 458/585 [00:21<00:05, 24.72it/s] 79%|███████▊  | 460/585 [00:21<00:05, 24.86it/s] 79%|███████▉  | 461/585 [00:21<00:04, 25.05it/s] 79%|███████▉  | 463/585 [00:21<00:04, 25.28it/s] 79%|███████▉  | 464/585 [00:21<00:04, 25.43it/s] 80%|███████▉  | 466/585 [00:21<00:04, 25.63it/s] 80%|███████▉  | 467/585 [00:21<00:04, 25.74it/s] 80%|████████  | 469/585 [00:22<00:04, 25.86it/s] 80%|████████  | 470/585 [00:22<00:04, 25.91it/s] 81%|████████  | 472/585 [00:22<00:04, 26.03it/s] 81%|████████  | 473/585 [00:22<00:04, 25.77it/s] 81%|████████  | 475/585 [00:22<00:04, 25.85it/s] 81%|████████▏ | 476/585 [00:22<00:04, 25.66it/s] 82%|████████▏ | 478/585 [00:22<00:04, 25.66it/s] 82%|████████▏ | 479/585 [00:22<00:04, 25.83it/s] 82%|████████▏ | 481/585 [00:22<00:04, 25.90it/s] 82%|████████▏ | 482/585 [00:22<00:03, 26.03it/s] 83%|████████▎ | 484/585 [00:22<00:03, 26.07it/s] 83%|████████▎ | 485/585 [00:22<00:03, 26.15it/s] 83%|████████▎ | 487/585 [00:22<00:03, 26.13it/s] 83%|████████▎ | 488/585 [00:22<00:03, 26.18it/s] 84%|████████▍ | 490/585 [00:22<00:03, 26.23it/s] 84%|████████▍ | 491/585 [00:22<00:03, 26.29it/s] 84%|████████▍ | 493/585 [00:22<00:03, 26.35it/s] 84%|████████▍ | 494/585 [00:22<00:03, 26.38it/s] 85%|████████▍ | 496/585 [00:23<00:03, 26.44it/s] 85%|████████▍ | 497/585 [00:23<00:03, 26.47it/s] 85%|████████▌ | 499/585 [00:23<00:03, 26.44it/s] 85%|████████▌ | 500/585 [00:23<00:03, 26.47it/s] 86%|████████▌ | 502/585 [00:23<00:03, 26.45it/s] 86%|████████▌ | 503/585 [00:23<00:03, 26.50it/s] 86%|████████▋ | 505/585 [00:23<00:03, 26.47it/s] 86%|████████▋ | 506/585 [00:23<00:02, 26.45it/s] 87%|████████▋ | 508/585 [00:23<00:02, 26.48it/s] 87%|████████▋ | 509/585 [00:23<00:02, 26.48it/s] 87%|████████▋ | 511/585 [00:23<00:02, 26.40it/s] 88%|████████▊ | 512/585 [00:23<00:02, 26.40it/s] 88%|████████▊ | 514/585 [00:23<00:02, 26.46it/s] 88%|████████▊ | 515/585 [00:23<00:02, 26.46it/s] 88%|████████▊ | 517/585 [00:23<00:02, 26.50it/s] 89%|████████▊ | 518/585 [00:23<00:02, 26.51it/s] 89%|████████▉ | 520/585 [00:23<00:02, 26.52it/s] 89%|████████▉ | 521/585 [00:23<00:02, 26.52it/s] 89%|████████▉ | 523/585 [00:24<00:02, 26.46it/s] 90%|████████▉ | 524/585 [00:24<00:02, 26.44it/s] 90%|████████▉ | 526/585 [00:24<00:02, 26.31it/s] 90%|█████████ | 527/585 [00:24<00:02, 26.24it/s] 90%|█████████ | 529/585 [00:24<00:02, 26.22it/s] 91%|█████████ | 530/585 [00:24<00:02, 26.25it/s] 91%|█████████ | 532/585 [00:24<00:02, 26.15it/s] 91%|█████████ | 533/585 [00:24<00:01, 26.12it/s] 91%|█████████▏| 535/585 [00:24<00:01, 26.26it/s] 92%|█████████▏| 536/585 [00:24<00:01, 26.29it/s] 92%|█████████▏| 538/585 [00:24<00:01, 26.33it/s] 92%|█████████▏| 539/585 [00:24<00:01, 26.39it/s] 92%|█████████▏| 541/585 [00:24<00:01, 26.48it/s] 93%|█████████▎| 542/585 [00:24<00:01, 26.51it/s] 93%|█████████▎| 544/585 [00:24<00:01, 26.56it/s] 93%|█████████▎| 545/585 [00:24<00:01, 26.53it/s] 94%|█████████▎| 547/585 [00:24<00:01, 26.54it/s] 94%|█████████▎| 548/585 [00:25<00:01, 26.55it/s] 94%|█████████▍| 550/585 [00:25<00:01, 26.55it/s] 94%|█████████▍| 551/585 [00:25<00:01, 26.55it/s] 95%|█████████▍| 553/585 [00:25<00:01, 26.45it/s] 95%|█████████▍| 554/585 [00:25<00:01, 26.43it/s] 95%|█████████▌| 556/585 [00:25<00:01, 26.29it/s] 95%|█████████▌| 557/585 [00:25<00:01, 26.33it/s] 96%|█████████▌| 559/585 [00:25<00:00, 26.30it/s] 96%|█████████▌| 560/585 [00:25<00:00, 26.32it/s] 96%|█████████▌| 562/585 [00:25<00:00, 26.46it/s] 96%|█████████▌| 563/585 [00:25<00:00, 26.45it/s] 97%|█████████▋| 565/585 [00:25<00:00, 26.54it/s] 97%|█████████▋| 566/585 [00:25<00:00, 26.54it/s] 97%|█████████▋| 568/585 [00:25<00:00, 26.59it/s] 97%|█████████▋| 569/585 [00:25<00:00, 26.62it/s] 98%|█████████▊| 571/585 [00:25<00:00, 26.56it/s] 98%|█████████▊| 572/585 [00:25<00:00, 26.52it/s] 98%|█████████▊| 574/585 [00:25<00:00, 26.48it/s] 98%|█████████▊| 575/585 [00:26<00:00, 26.46it/s] 99%|█████████▊| 577/585 [00:26<00:00, 26.42it/s] 99%|█████████▉| 578/585 [00:26<00:00, 26.15it/s] 99%|█████████▉| 580/585 [00:26<00:00, 26.16it/s] 99%|█████████▉| 581/585 [00:26<00:00, 26.25it/s]100%|█████████▉| 583/585 [00:26<00:00, 26.33it/s]100%|█████████▉| 584/585 [00:26<00:00, 26.40it/s]100%|██████████| 585/585 [00:26<00:00, 22.16it/s]
100%|██████████| 585/585 [00:26<00:00, 22.16it/s]
/home/aminmohamadi_squareup_com/projects/.hermit/python/lib/python3.11/site-packages/torch/distributed/distributed_c10d.py:4876: UserWarning: barrier(): using the device under current context. You can specify `device_id` in `init_process_group` to mute this warning.
  warnings.warn(  # warn only once
Total training time took: 249.132166 seconds
Model checkpointing attempts: 0.
Stored epoch 10 model checkpoint to ./checkpoints/parquet_dataset/parquet_dataset__model_nlyrs_4_nheads_4_hdim_64__pred_ovrlap_F_npreds_4__nlyrs_2_activ_relunenc_1__lr_0.0001_start_0.001_final_0_20251112_155003/epoch_10.pth.
OPTUNA_SCORE: -inf
Best validation score: -inf
🏃 View run parquet_dataset__model_nlyrs_4_nheads_4_hdim_64__pred_ovrlap_F_npreds_4__nlyrs_2_activ_relunenc_1__lr_0.0001_start_0.001_final_0_20251112_155003 at: https://block-lakehouse-production.cloud.databricks.com/ml/experiments/3770822289028816/runs/638a185422dd412580331d5c38796a6e
🧪 View experiment at: https://block-lakehouse-production.cloud.databricks.com/ml/experiments/3770822289028816
2025/11/12 15:54:35 INFO mlflow.system_metrics.system_metrics_monitor: Stopping system metrics monitoring...
Total training time took: 248.30719 seconds
2025/11/12 15:54:35 INFO mlflow.system_metrics.system_metrics_monitor: Successfully terminated system metrics monitoring!
OPTUNA_SCORE: -inf
Best validation score: -inf
[rank0]:[W1112 15:54:36.345422969 ProcessGroupNCCL.cpp:1524] Warning: WARNING: destroy_process_group() was not called before program exit, which can leak resources. For more info, please see https://pytorch.org/docs/stable/distributed.html#shutdown (function operator())

========================================================================
Training completed with exit code: 0
========================================================================
✓ SUCCESS: Multi-GPU test completed!

Extracting timing information...
Total training time took: 249.132166 seconds
Total training time took: 248.30719 seconds
