========================================================================
Scaled Configuration Test - 4 GPUs with Linear Probe
========================================================================
Job ID: 14692
Node: smallslurm-a38-1
Date: Wed Nov 12 21:13:15 UTC 2025
GPUs Requested: 4
========================================================================
Configuration:
  - Data: chunk_10 to chunk_20 (11 files, 3.3M samples)
  - Features: 128 → 256 (after categorize_nan)
  - Batch size: 4096 per GPU (16384 total effective)
  - Learning rate: 2.828e-4 (scaled by sqrt(8))
  - Scaling: IQR + asinh transform
  - Linear probe: Every 5 epochs on last 10% of data (330K samples, 10 epochs, batch 4096)
========================================================================
Hermit environment /home/aminmohamadi_squareup_com/projects activated
Available GPUs:
GPU 0: NVIDIA H100 80GB HBM3 (UUID: GPU-7858b4d9-c03c-a3a1-655f-77e11cdcd7b0)
GPU 1: NVIDIA H100 80GB HBM3 (UUID: GPU-6bc9d1bb-14d9-1e1c-49d5-a48ad435cf4d)
GPU 2: NVIDIA H100 80GB HBM3 (UUID: GPU-18bc5140-2753-e060-cd37-860462e50548)
GPU 3: NVIDIA H100 80GB HBM3 (UUID: GPU-513d8820-6463-c38a-64c4-46a07b541af6)

Wed Nov 12 21:13:16 2025       
+-----------------------------------------------------------------------------------------+
| NVIDIA-SMI 550.90.12              Driver Version: 550.90.12      CUDA Version: 12.4     |
|-----------------------------------------+------------------------+----------------------+
| GPU  Name                 Persistence-M | Bus-Id          Disp.A | Volatile Uncorr. ECC |
| Fan  Temp   Perf          Pwr:Usage/Cap |           Memory-Usage | GPU-Util  Compute M. |
|                                         |                        |               MIG M. |
|=========================================+========================+======================|
|   0  NVIDIA H100 80GB HBM3          On  |   00000000:0B:00.0 Off |                    0 |
| N/A   26C    P0             68W /  700W |       1MiB /  81559MiB |      0%      Default |
|                                         |                        |             Disabled |
+-----------------------------------------+------------------------+----------------------+
|   1  NVIDIA H100 80GB HBM3          On  |   00000000:84:00.0 Off |                    0 |
| N/A   27C    P0             64W /  700W |       1MiB /  81559MiB |      0%      Default |
|                                         |                        |             Disabled |
+-----------------------------------------+------------------------+----------------------+
|   2  NVIDIA H100 80GB HBM3          On  |   00000000:85:00.0 Off |                    0 |
| N/A   26C    P0             67W /  700W |       1MiB /  81559MiB |      0%      Default |
|                                         |                        |             Disabled |
+-----------------------------------------+------------------------+----------------------+
|   3  NVIDIA H100 80GB HBM3          On  |   00000000:8A:00.0 Off |                    0 |
| N/A   28C    P0             69W /  700W |       1MiB /  81559MiB |      0%      Default |
|                                         |                        |             Disabled |
+-----------------------------------------+------------------------+----------------------+
                                                                                         
+-----------------------------------------------------------------------------------------+
| Processes:                                                                              |
|  GPU   GI   CI        PID   Type   Process name                              GPU Memory |
|        ID   ID                                                               Usage      |
|=========================================================================================|
|  No running processes found                                                             |
+-----------------------------------------------------------------------------------------+

========================================================================
SLURM Environment:
========================================================================
SLURM_GPUS: 4
SLURM_JOB_GPUS: 3,4,5,6
SLURM_STEP_GPUS: 
SLURM_GPUS_ON_NODE: 4
========================================================================

========================================================================
Starting 4-GPU T-JEPA training with scaled configuration...
========================================================================
/home/aminmohamadi_squareup_com/projects/.hermit/python/lib/python3.11/site-packages/torch/cuda/__init__.py:63: FutureWarning: The pynvml package is deprecated. Please install nvidia-ml-py instead. If you did not install pynvml directly, please report this to the maintainers of the package that installed pynvml for you.
  import pynvml  # type: ignore[import]
W1112 21:13:20.871000 385439 torch/distributed/run.py:803] 
W1112 21:13:20.871000 385439 torch/distributed/run.py:803] *****************************************
W1112 21:13:20.871000 385439 torch/distributed/run.py:803] Setting OMP_NUM_THREADS environment variable for each process to be 1 in default, to avoid your system being overloaded, please further tune the variable for optimal performance in your application as needed. 
W1112 21:13:20.871000 385439 torch/distributed/run.py:803] *****************************************
/home/aminmohamadi_squareup_com/projects/.hermit/python/lib/python3.11/site-packages/torch/cuda/__init__.py:63: FutureWarning: The pynvml package is deprecated. Please install nvidia-ml-py instead. If you did not install pynvml directly, please report this to the maintainers of the package that installed pynvml for you.
  import pynvml  # type: ignore[import]
/home/aminmohamadi_squareup_com/projects/.hermit/python/lib/python3.11/site-packages/torch/cuda/__init__.py:63: FutureWarning: The pynvml package is deprecated. Please install nvidia-ml-py instead. If you did not install pynvml directly, please report this to the maintainers of the package that installed pynvml for you.
  import pynvml  # type: ignore[import]
/home/aminmohamadi_squareup_com/projects/.hermit/python/lib/python3.11/site-packages/torch/cuda/__init__.py:63: FutureWarning: The pynvml package is deprecated. Please install nvidia-ml-py instead. If you did not install pynvml directly, please report this to the maintainers of the package that installed pynvml for you.
  import pynvml  # type: ignore[import]
/home/aminmohamadi_squareup_com/projects/.hermit/python/lib/python3.11/site-packages/torch/cuda/__init__.py:63: FutureWarning: The pynvml package is deprecated. Please install nvidia-ml-py instead. If you did not install pynvml directly, please report this to the maintainers of the package that installed pynvml for you.
  import pynvml  # type: ignore[import]
[idr_torch] rank=3 local_rank=3 size=4 | MASTER_ADDR=smallslurm-a38-1.c.sq-cash-ml-slurm-prod.internal MASTER_PORT=43045[idr_torch] rank=2 local_rank=2 size=4 | MASTER_ADDR=smallslurm-a38-1.c.sq-cash-ml-slurm-prod.internal MASTER_PORT=43045[idr_torch] rank=1 local_rank=1 size=4 | MASTER_ADDR=smallslurm-a38-1.c.sq-cash-ml-slurm-prod.internal MASTER_PORT=43045[idr_torch] rank=0 local_rank=0 size=4 | MASTER_ADDR=smallslurm-a38-1.c.sq-cash-ml-slurm-prod.internal MASTER_PORT=43045



✓ MLflow logging configured for project: scaled_config_4gpu_test
[Distributed pre-init] RANK=2 WORLD_SIZE=4 LOCAL_RANK=2 MASTER_ADDR=smallslurm-a38-1.c.sq-cash-ml-slurm-prod.internal MASTER_PORT=43045
✓ MLflow logging configured for project: scaled_config_4gpu_test
[Distributed pre-init] RANK=1 WORLD_SIZE=4 LOCAL_RANK=1 MASTER_ADDR=smallslurm-a38-1.c.sq-cash-ml-slurm-prod.internal MASTER_PORT=43045
✓ MLflow logging configured for project: scaled_config_4gpu_test
[Distributed pre-init] RANK=0 WORLD_SIZE=4 LOCAL_RANK=0 MASTER_ADDR=smallslurm-a38-1.c.sq-cash-ml-slurm-prod.internal MASTER_PORT=43045
✓ MLflow logging configured for project: scaled_config_4gpu_test
[Distributed pre-init] RANK=3 WORLD_SIZE=4 LOCAL_RANK=3 MASTER_ADDR=smallslurm-a38-1.c.sq-cash-ml-slurm-prod.internal MASTER_PORT=43045
[Debug] idr_torch.world_size=4
[Debug] idr_torch.rank=1
[Debug] idr_torch.local_rank=1
[Debug] idr_torch.gpu_ids=['3', '4', '5', '6']
[Debug] idr_torch.cpus_per_task=64
[Distributed post-init] rank 1 / 4 | backend=nccl | current_device=1
[Debug] torch.cuda.set_device(1) called on PID 385614
[Debug] distributed_args={'world_size': 4, 'rank': 1, 'gpu': 1}
[Debug] Using parquet dataset from LocalFilesDataset
[Debug] idr_torch.world_size=4
[Debug] idr_torch.rank=2
[Debug] idr_torch.local_rank=2
[Debug] idr_torch.gpu_ids=['3', '4', '5', '6']
[Debug] idr_torch.cpus_per_task=64
[Distributed post-init] rank 2 / 4 | backend=nccl | current_device=2
[Debug] torch.cuda.set_device(2) called on PID 385615
[Debug] distributed_args={'world_size': 4, 'rank': 2, 'gpu': 2}
[Debug] Using parquet dataset from LocalFilesDataset
[Debug] idr_torch.world_size=4
[Debug] idr_torch.rank=0
[Debug] idr_torch.local_rank=0
[Debug] idr_torch.gpu_ids=['3', '4', '5', '6']
[Debug] idr_torch.cpus_per_task=64
[Distributed post-init] rank 0 / 4 | backend=nccl | current_device=0
[Debug] torch.cuda.set_device(0) called on PID 385613
[Debug] distributed_args={'world_size': 4, 'rank': 0, 'gpu': 0}
[Debug] Using parquet dataset from LocalFilesDataset
[Debug] idr_torch.world_size=4
[Debug] idr_torch.rank=3
[Debug] idr_torch.local_rank=3
[Debug] idr_torch.gpu_ids=['3', '4', '5', '6']
[Debug] idr_torch.cpus_per_task=64
[Distributed post-init] rank 3 / 4 | backend=nccl | current_device=3
[Debug] torch.cuda.set_device(3) called on PID 385616
[Debug] distributed_args={'world_size': 4, 'rank': 3, 'gpu': 3}
[Debug] Using parquet dataset from LocalFilesDataset
[Debug] Parquet dataset created: N=3300000, D=256
╒═══════════════════════════════╤════════════════════════════════════════════════════════════════════════════════════════════════════════════════════════════════════════════════════════════════════════════════════════════╕
│ mock                          │ False                                                                                                                                                                                      │
├───────────────────────────────┼────────────────────────────────────────────────────────────────────────────────────────────────────────────────────────────────────────────────────────────────────────────────────────────┤
│ res_dir                       │ ./                                                                                                                                                                                         │
├───────────────────────────────┼────────────────────────────────────────────────────────────────────────────────────────────────────────────────────────────────────────────────────────────────────────────────────────────┤
│ data_path                     │ data                                                                                                                                                                                       │
├───────────────────────────────┼────────────────────────────────────────────────────────────────────────────────────────────────────────────────────────────────────────────────────────────────────────────────────────────┤
│ data_set                      │ parquet_dataset                                                                                                                                                                            │
├───────────────────────────────┼────────────────────────────────────────────────────────────────────────────────────────────────────────────────────────────────────────────────────────────────────────────────────────────┤
│ test_size_ratio               │ 0.0                                                                                                                                                                                        │
├───────────────────────────────┼────────────────────────────────────────────────────────────────────────────────────────────────────────────────────────────────────────────────────────────────────────────────────────────┤
│ val_size_ratio                │ 0.0                                                                                                                                                                                        │
├───────────────────────────────┼────────────────────────────────────────────────────────────────────────────────────────────────────────────────────────────────────────────────────────────────────────────────────────────┤
│ random_state                  │ 42                                                                                                                                                                                         │
├───────────────────────────────┼────────────────────────────────────────────────────────────────────────────────────────────────────────────────────────────────────────────────────────────────────────────────────────────┤
│ full_dataset_cuda             │ False                                                                                                                                                                                      │
├───────────────────────────────┼────────────────────────────────────────────────────────────────────────────────────────────────────────────────────────────────────────────────────────────────────────────────────────────┤
│ verbose                       │ False                                                                                                                                                                                      │
├───────────────────────────────┼────────────────────────────────────────────────────────────────────────────────────────────────────────────────────────────────────────────────────────────────────────────────────────────┤
│ use_parquet_dataset           │ True                                                                                                                                                                                       │
├───────────────────────────────┼────────────────────────────────────────────────────────────────────────────────────────────────────────────────────────────────────────────────────────────────────────────────────────────┤
│ parquet_data_dir              │ /projects/risk-tabular/general_chargebacks/202207-202407-all-positives-negative-ratio-1.0-v0/train                                                                                         │
├───────────────────────────────┼────────────────────────────────────────────────────────────────────────────────────────────────────────────────────────────────────────────────────────────────────────────────────────────┤
│ parquet_data_files            │ chunk_10.parquet,chunk_11.parquet,chunk_12.parquet,chunk_13.parquet,chunk_14.parquet,chunk_15.parquet,chunk_16.parquet,chunk_17.parquet,chunk_18.parquet,chunk_19.parquet,chunk_20.parquet │
├───────────────────────────────┼────────────────────────────────────────────────────────────────────────────────────────────────────────────────────────────────────────────────────────────────────────────────────────────┤
│ parquet_scaling_stats_file    │ /projects/risk-tabular/general_chargebacks/202207-202407-all-positives-negative-ratio-1.0-v0/train/stats_bootstrap.pq                                                                      │
├───────────────────────────────┼────────────────────────────────────────────────────────────────────────────────────────────────────────────────────────────────────────────────────────────────────────────────────────────┤
│ parquet_feature_names_file    │ /projects/risk-tabular/general_chargebacks/20240724_feature_selection/xgboost_importances_seed_1_sample_0.5.csv                                                                            │
├───────────────────────────────┼────────────────────────────────────────────────────────────────────────────────────────────────────────────────────────────────────────────────────────────────────────────────────────────┤
│ parquet_num_features          │ 128                                                                                                                                                                                        │
├───────────────────────────────┼────────────────────────────────────────────────────────────────────────────────────────────────────────────────────────────────────────────────────────────────────────────────────────────┤
│ parquet_target_col            │ target                                                                                                                                                                                     │
├───────────────────────────────┼────────────────────────────────────────────────────────────────────────────────────────────────────────────────────────────────────────────────────────────────────────────────────────────┤
│ parquet_task_type             │ binary_class                                                                                                                                                                               │
├───────────────────────────────┼────────────────────────────────────────────────────────────────────────────────────────────────────────────────────────────────────────────────────────────────────────────────────────────┤
│ parquet_id_col                │ ID                                                                                                                                                                                         │
├───────────────────────────────┼────────────────────────────────────────────────────────────────────────────────────────────────────────────────────────────────────────────────────────────────────────────────────────────┤
│ parquet_preload_data          │ True                                                                                                                                                                                       │
├───────────────────────────────┼────────────────────────────────────────────────────────────────────────────────────────────────────────────────────────────────────────────────────────────────────────────────────────────┤
│ parquet_shuffle               │ True                                                                                                                                                                                       │
├───────────────────────────────┼────────────────────────────────────────────────────────────────────────────────────────────────────────────────────────────────────────────────────────────────────────────────────────────┤
│ parquet_scaling_method        │ IQR                                                                                                                                                                                        │
├───────────────────────────────┼────────────────────────────────────────────────────────────────────────────────────────────────────────────────────────────────────────────────────────────────────────────────────────────┤
│ parquet_infill_value          │ zero                                                                                                                                                                                       │
├───────────────────────────────┼────────────────────────────────────────────────────────────────────────────────────────────────────────────────────────────────────────────────────────────────────────────────────────────┤
│ parquet_transform             │ asinh                                                                                                                                                                                      │
├───────────────────────────────┼────────────────────────────────────────────────────────────────────────────────────────────────────────────────────────────────────────────────────────────────────────────────────────────┤
│ parquet_categorize_nan        │ True                                                                                                                                                                                       │
├───────────────────────────────┼────────────────────────────────────────────────────────────────────────────────────────────────────────────────────────────────────────────────────────────────────────────────────────────┤
│ parquet_clip_min              │                                                                                                                                                                                            │
├───────────────────────────────┼────────────────────────────────────────────────────────────────────────────────────────────────────────────────────────────────────────────────────────────────────────────────────────────┤
│ parquet_clip_max              │                                                                                                                                                                                            │
├───────────────────────────────┼────────────────────────────────────────────────────────────────────────────────────────────────────────────────────────────────────────────────────────────────────────────────────────────┤
│ tag                           │                                                                                                                                                                                            │
├───────────────────────────────┼────────────────────────────────────────────────────────────────────────────────────────────────────────────────────────────────────────────────────────────────────────────────────────────┤
│ project_name                  │ scaled_config_4gpu_test                                                                                                                                                                    │
├───────────────────────────────┼────────────────────────────────────────────────────────────────────────────────────────────────────────────────────────────────────────────────────────────────────────────────────────────┤
│ test                          │ False                                                                                                                                                                                      │
├───────────────────────────────┼────────────────────────────────────────────────────────────────────────────────────────────────────────────────────────────────────────────────────────────────────────────────────────────┤
│ exp_n_runs                    │ 1                                                                                                                                                                                          │
├───────────────────────────────┼────────────────────────────────────────────────────────────────────────────────────────────────────────────────────────────────────────────────────────────────────────────────────────────┤
│ exp_device                    │                                                                                                                                                                                            │
├───────────────────────────────┼────────────────────────────────────────────────────────────────────────────────────────────────────────────────────────────────────────────────────────────────────────────────────────────┤
│ np_seed                       │ 42                                                                                                                                                                                         │
├───────────────────────────────┼────────────────────────────────────────────────────────────────────────────────────────────────────────────────────────────────────────────────────────────────────────────────────────────┤
│ torch_seed                    │ 42                                                                                                                                                                                         │
├───────────────────────────────┼────────────────────────────────────────────────────────────────────────────────────────────────────────────────────────────────────────────────────────────────────────────────────────────┤
│ random                        │ False                                                                                                                                                                                      │
├───────────────────────────────┼────────────────────────────────────────────────────────────────────────────────────────────────────────────────────────────────────────────────────────────────────────────────────────────┤
│ batch_size                    │ 4096                                                                                                                                                                                       │
├───────────────────────────────┼────────────────────────────────────────────────────────────────────────────────────────────────────────────────────────────────────────────────────────────────────────────────────────────┤
│ val_batch_size                │ -1                                                                                                                                                                                         │
├───────────────────────────────┼────────────────────────────────────────────────────────────────────────────────────────────────────────────────────────────────────────────────────────────────────────────────────────────┤
│ exp_train_total_epochs        │ 10                                                                                                                                                                                         │
├───────────────────────────────┼────────────────────────────────────────────────────────────────────────────────────────────────────────────────────────────────────────────────────────────────────────────────────────────┤
│ exp_patience                  │ 10                                                                                                                                                                                         │
├───────────────────────────────┼────────────────────────────────────────────────────────────────────────────────────────────────────────────────────────────────────────────────────────────────────────────────────────────┤
│ log_tensorboard               │ False                                                                                                                                                                                      │
├───────────────────────────────┼────────────────────────────────────────────────────────────────────────────────────────────────────────────────────────────────────────────────────────────────────────────────────────────┤
│ exp_cadence_type              │ improvement                                                                                                                                                                                │
├───────────────────────────────┼────────────────────────────────────────────────────────────────────────────────────────────────────────────────────────────────────────────────────────────────────────────────────────────┤
│ exp_cache_cadence             │ 1                                                                                                                                                                                          │
├───────────────────────────────┼────────────────────────────────────────────────────────────────────────────────────────────────────────────────────────────────────────────────────────────────────────────────────────────┤
│ exp_val_cache_cadence         │ 1                                                                                                                                                                                          │
├───────────────────────────────┼────────────────────────────────────────────────────────────────────────────────────────────────────────────────────────────────────────────────────────────────────────────────────────────┤
│ init_type                     │ kaiming                                                                                                                                                                                    │
├───────────────────────────────┼────────────────────────────────────────────────────────────────────────────────────────────────────────────────────────────────────────────────────────────────────────────────────────────┤
│ exp_scheduler                 │ True                                                                                                                                                                                       │
├───────────────────────────────┼────────────────────────────────────────────────────────────────────────────────────────────────────────────────────────────────────────────────────────────────────────────────────────────┤
│ exp_weight_decay_scheduler    │ True                                                                                                                                                                                       │
├───────────────────────────────┼────────────────────────────────────────────────────────────────────────────────────────────────────────────────────────────────────────────────────────────────────────────────────────────┤
│ exp_start_lr                  │ 0.001                                                                                                                                                                                      │
├───────────────────────────────┼────────────────────────────────────────────────────────────────────────────────────────────────────────────────────────────────────────────────────────────────────────────────────────────┤
│ exp_lr                        │ 0.0002828                                                                                                                                                                                  │
├───────────────────────────────┼────────────────────────────────────────────────────────────────────────────────────────────────────────────────────────────────────────────────────────────────────────────────────────────┤
│ exp_final_lr                  │ 0                                                                                                                                                                                          │
├───────────────────────────────┼────────────────────────────────────────────────────────────────────────────────────────────────────────────────────────────────────────────────────────────────────────────────────────────┤
│ exp_warmup                    │ 0.05                                                                                                                                                                                       │
├───────────────────────────────┼────────────────────────────────────────────────────────────────────────────────────────────────────────────────────────────────────────────────────────────────────────────────────────────┤
│ exp_weight_decay              │ 1e-05                                                                                                                                                                                      │
├───────────────────────────────┼────────────────────────────────────────────────────────────────────────────────────────────────────────────────────────────────────────────────────────────────────────────────────────────┤
│ exp_final_weight_decay        │ 0.01                                                                                                                                                                                       │
├───────────────────────────────┼────────────────────────────────────────────────────────────────────────────────────────────────────────────────────────────────────────────────────────────────────────────────────────────┤
│ exp_ipe_scale                 │ 1.0                                                                                                                                                                                        │
├───────────────────────────────┼────────────────────────────────────────────────────────────────────────────────────────────────────────────────────────────────────────────────────────────────────────────────────────────┤
│ exp_gradient_clipping         │ 1.0                                                                                                                                                                                        │
├───────────────────────────────┼────────────────────────────────────────────────────────────────────────────────────────────────────────────────────────────────────────────────────────────────────────────────────────────┤
│ mp_distributed                │ True                                                                                                                                                                                       │
├───────────────────────────────┼────────────────────────────────────────────────────────────────────────────────────────────────────────────────────────────────────────────────────────────────────────────────────────────┤
│ mp_nodes                      │ 1                                                                                                                                                                                          │
├───────────────────────────────┼────────────────────────────────────────────────────────────────────────────────────────────────────────────────────────────────────────────────────────────────────────────────────────────┤
│ mp_gpus                       │ 4                                                                                                                                                                                          │
├───────────────────────────────┼────────────────────────────────────────────────────────────────────────────────────────────────────────────────────────────────────────────────────────────────────────────────────────────┤
│ mp_nr                         │ 0                                                                                                                                                                                          │
├───────────────────────────────┼────────────────────────────────────────────────────────────────────────────────────────────────────────────────────────────────────────────────────────────────────────────────────────────┤
│ pin_memory                    │ True                                                                                                                                                                                       │
├───────────────────────────────┼────────────────────────────────────────────────────────────────────────────────────────────────────────────────────────────────────────────────────────────────────────────────────────────┤
│ using_embedding               │ False                                                                                                                                                                                      │
├───────────────────────────────┼────────────────────────────────────────────────────────────────────────────────────────────────────────────────────────────────────────────────────────────────────────────────────────────┤
│ model_dtype                   │ float32                                                                                                                                                                                    │
├───────────────────────────────┼────────────────────────────────────────────────────────────────────────────────────────────────────────────────────────────────────────────────────────────────────────────────────────────┤
│ data_loader_nprocs            │ 0                                                                                                                                                                                          │
├───────────────────────────────┼────────────────────────────────────────────────────────────────────────────────────────────────────────────────────────────────────────────────────────────────────────────────────────────┤
│ load_from_checkpoint          │ False                                                                                                                                                                                      │
├───────────────────────────────┼────────────────────────────────────────────────────────────────────────────────────────────────────────────────────────────────────────────────────────────────────────────────────────────┤
│ load_path                     │                                                                                                                                                                                            │
├───────────────────────────────┼────────────────────────────────────────────────────────────────────────────────────────────────────────────────────────────────────────────────────────────────────────────────────────────┤
│ model_amp                     │ False                                                                                                                                                                                      │
├───────────────────────────────┼────────────────────────────────────────────────────────────────────────────────────────────────────────────────────────────────────────────────────────────────────────────────────────────┤
│ model_feature_type_embedding  │ True                                                                                                                                                                                       │
├───────────────────────────────┼────────────────────────────────────────────────────────────────────────────────────────────────────────────────────────────────────────────────────────────────────────────────────────────┤
│ model_feature_index_embedding │ True                                                                                                                                                                                       │
├───────────────────────────────┼────────────────────────────────────────────────────────────────────────────────────────────────────────────────────────────────────────────────────────────────────────────────────────────┤
│ model_dropout_prob            │ 0.1                                                                                                                                                                                        │
├───────────────────────────────┼────────────────────────────────────────────────────────────────────────────────────────────────────────────────────────────────────────────────────────────────────────────────────────────┤
│ model_layer_norm_eps          │ 1e-05                                                                                                                                                                                      │
├───────────────────────────────┼────────────────────────────────────────────────────────────────────────────────────────────────────────────────────────────────────────────────────────────────────────────────────────────┤
│ model_dim_hidden              │ 64                                                                                                                                                                                         │
├───────────────────────────────┼────────────────────────────────────────────────────────────────────────────────────────────────────────────────────────────────────────────────────────────────────────────────────────────┤
│ model_dim_feedforward         │ 256                                                                                                                                                                                        │
├───────────────────────────────┼────────────────────────────────────────────────────────────────────────────────────────────────────────────────────────────────────────────────────────────────────────────────────────────┤
│ model_num_heads               │ 4                                                                                                                                                                                          │
├───────────────────────────────┼────────────────────────────────────────────────────────────────────────────────────────────────────────────────────────────────────────────────────────────────────────────────────────────┤
│ model_num_layers              │ 4                                                                                                                                                                                          │
├───────────────────────────────┼────────────────────────────────────────────────────────────────────────────────────────────────────────────────────────────────────────────────────────────────────────────────────────────┤
│ model_ema_end                 │ 1                                                                                                                                                                                          │
├───────────────────────────────┼────────────────────────────────────────────────────────────────────────────────────────────────────────────────────────────────────────────────────────────────────────────────────────────┤
│ model_ema_start               │ 0.996                                                                                                                                                                                      │
├───────────────────────────────┼────────────────────────────────────────────────────────────────────────────────────────────────────────────────────────────────────────────────────────────────────────────────────────────┤
│ model_act_func                │ relu                                                                                                                                                                                       │
├───────────────────────────────┼────────────────────────────────────────────────────────────────────────────────────────────────────────────────────────────────────────────────────────────────────────────────────────────┤
│ probe_cadence                 │ 5                                                                                                                                                                                          │
├───────────────────────────────┼────────────────────────────────────────────────────────────────────────────────────────────────────────────────────────────────────────────────────────────────────────────────────────────┤
│ probe_model                   │ mlp                                                                                                                                                                                        │
├───────────────────────────────┼────────────────────────────────────────────────────────────────────────────────────────────────────────────────────────────────────────────────────────────────────────────────────────────┤
│ probe_sample_fraction         │ 0.1                                                                                                                                                                                        │
├───────────────────────────────┼────────────────────────────────────────────────────────────────────────────────────────────────────────────────────────────────────────────────────────────────────────────────────────────┤
│ n_cls_tokens                  │ 1                                                                                                                                                                                          │
├───────────────────────────────┼────────────────────────────────────────────────────────────────────────────────────────────────────────────────────────────────────────────────────────────────────────────────────────────┤
│ n_reg_tokens                  │ 1                                                                                                                                                                                          │
├───────────────────────────────┼────────────────────────────────────────────────────────────────────────────────────────────────────────────────────────────────────────────────────────────────────────────────────────────┤
│ pred_type                     │ transformer                                                                                                                                                                                │
├───────────────────────────────┼────────────────────────────────────────────────────────────────────────────────────────────────────────────────────────────────────────────────────────────────────────────────────────────┤
│ pred_num_layers               │ 2                                                                                                                                                                                          │
├───────────────────────────────┼────────────────────────────────────────────────────────────────────────────────────────────────────────────────────────────────────────────────────────────────────────────────────────────┤
│ pred_embed_dim                │ 64                                                                                                                                                                                         │
├───────────────────────────────┼────────────────────────────────────────────────────────────────────────────────────────────────────────────────────────────────────────────────────────────────────────────────────────────┤
│ pred_num_heads                │ 4                                                                                                                                                                                          │
├───────────────────────────────┼────────────────────────────────────────────────────────────────────────────────────────────────────────────────────────────────────────────────────────────────────────────────────────────┤
│ pred_p_dropout                │ 0.1                                                                                                                                                                                        │
├───────────────────────────────┼────────────────────────────────────────────────────────────────────────────────────────────────────────────────────────────────────────────────────────────────────────────────────────────┤
│ pred_layer_norm_eps           │ 1e-05                                                                                                                                                                                      │
├───────────────────────────────┼────────────────────────────────────────────────────────────────────────────────────────────────────────────────────────────────────────────────────────────────────────────────────────────┤
│ pred_activation               │ relu                                                                                                                                                                                       │
├───────────────────────────────┼────────────────────────────────────────────────────────────────────────────────────────────────────────────────────────────────────────────────────────────────────────────────────────────┤
│ pred_dim_feedforward          │ 256                                                                                                                                                                                        │
├───────────────────────────────┼────────────────────────────────────────────────────────────────────────────────────────────────────────────────────────────────────────────────────────────────────────────────────────────┤
│ mask_allow_overlap            │ False                                                                                                                                                                                      │
├───────────────────────────────┼────────────────────────────────────────────────────────────────────────────────────────────────────────────────────────────────────────────────────────────────────────────────────────────┤
│ mask_min_ctx_share            │ 0.2                                                                                                                                                                                        │
├───────────────────────────────┼────────────────────────────────────────────────────────────────────────────────────────────────────────────────────────────────────────────────────────────────────────────────────────────┤
│ mask_max_ctx_share            │ 0.4                                                                                                                                                                                        │
├───────────────────────────────┼────────────────────────────────────────────────────────────────────────────────────────────────────────────────────────────────────────────────────────────────────────────────────────────┤
│ mask_min_trgt_share           │ 0.2                                                                                                                                                                                        │
├───────────────────────────────┼────────────────────────────────────────────────────────────────────────────────────────────────────────────────────────────────────────────────────────────────────────────────────────────┤
│ mask_max_trgt_share           │ 0.4                                                                                                                                                                                        │
├───────────────────────────────┼────────────────────────────────────────────────────────────────────────────────────────────────────────────────────────────────────────────────────────────────────────────────────────────┤
│ mask_num_preds                │ 4                                                                                                                                                                                          │
├───────────────────────────────┼────────────────────────────────────────────────────────────────────────────────────────────────────────────────────────────────────────────────────────────────────────────────────────────┤
│ mask_num_encs                 │ 1                                                                                                                                                                                          │
├───────────────────────────────┼────────────────────────────────────────────────────────────────────────────────────────────────────────────────────────────────────────────────────────────────────────────────────────────┤
│ optuna_study_name             │                                                                                                                                                                                            │
├───────────────────────────────┼────────────────────────────────────────────────────────────────────────────────────────────────────────────────────────────────────────────────────────────────────────────────────────────┤
│ optuna_trial_number           │                                                                                                                                                                                            │
├───────────────────────────────┼────────────────────────────────────────────────────────────────────────────────────────────────────────────────────────────────────────────────────────────────────────────────────────────┤
│ optuna_output_dir             │                                                                                                                                                                                            │
├───────────────────────────────┼────────────────────────────────────────────────────────────────────────────────────────────────────────────────────────────────────────────────────────────────────────────────────────────┤
│ is_batchlearning              │ True                                                                                                                                                                                       │
├───────────────────────────────┼────────────────────────────────────────────────────────────────────────────────────────────────────────────────────────────────────────────────────────────────────────────────────────────┤
│ iteration                     │ 0                                                                                                                                                                                          │
╘═══════════════════════════════╧════════════════════════════════════════════════════════════════════════════════════════════════════════════════════════════════════════════════════════════════════════════════════════════╛
[Debug] Loading dataset …
[Debug] Parquet dataset ready (preprocessing handled by LocalFilesDataset)
Encoder Module parameters:
+-------------------+--------------------------------------------------------------------------------------------------------------------------------------------------------------------------------------------------------------------------------------------------------------------------------------------------------------------------------------------------------------------------------------------------------------------------------------------------------------------------------------------------------------------------------------------------------------------------------------------------------------------------------------------------------------------------------------------------------------------------------------------------------------------------------------------------------------------------------------------------------------------------------------------------------------------------------------------------------------------------------------------------------------------------------------------------------------------------------------------------------------------------------------------------------------------------------------------------------------------+
|     Parameter     |                                                                                                                                                                                                                                                                                                                                                                                                                                                                                                                                                                                                       Value                                                                                                                                                                                                                                                                                                                                                                                                                                                                                                                                                                                                        |
+-------------------+--------------------------------------------------------------------------------------------------------------------------------------------------------------------------------------------------------------------------------------------------------------------------------------------------------------------------------------------------------------------------------------------------------------------------------------------------------------------------------------------------------------------------------------------------------------------------------------------------------------------------------------------------------------------------------------------------------------------------------------------------------------------------------------------------------------------------------------------------------------------------------------------------------------------------------------------------------------------------------------------------------------------------------------------------------------------------------------------------------------------------------------------------------------------------------------------------------------------+
|    hidden_dim     |                                                                                                                                                                                                                                                                                                                                                                                                                                                                                                                                                                                                         64                                                                                                                                                                                                                                                                                                                                                                                                                                                                                                                                                                                                         |
| idx_num_features  | [0, 1, 2, 3, 4, 5, 6, 7, 8, 9, 10, 11, 12, 13, 14, 15, 16, 17, 18, 19, 20, 21, 22, 23, 24, 25, 26, 27, 28, 29, 30, 31, 32, 33, 34, 35, 36, 37, 38, 39, 40, 41, 42, 43, 44, 45, 46, 47, 48, 49, 50, 51, 52, 53, 54, 55, 56, 57, 58, 59, 60, 61, 62, 63, 64, 65, 66, 67, 68, 69, 70, 71, 72, 73, 74, 75, 76, 77, 78, 79, 80, 81, 82, 83, 84, 85, 86, 87, 88, 89, 90, 91, 92, 93, 94, 95, 96, 97, 98, 99, 100, 101, 102, 103, 104, 105, 106, 107, 108, 109, 110, 111, 112, 113, 114, 115, 116, 117, 118, 119, 120, 121, 122, 123, 124, 125, 126, 127, 128, 129, 130, 131, 132, 133, 134, 135, 136, 137, 138, 139, 140, 141, 142, 143, 144, 145, 146, 147, 148, 149, 150, 151, 152, 153, 154, 155, 156, 157, 158, 159, 160, 161, 162, 163, 164, 165, 166, 167, 168, 169, 170, 171, 172, 173, 174, 175, 176, 177, 178, 179, 180, 181, 182, 183, 184, 185, 186, 187, 188, 189, 190, 191, 192, 193, 194, 195, 196, 197, 198, 199, 200, 201, 202, 203, 204, 205, 206, 207, 208, 209, 210, 211, 212, 213, 214, 215, 216, 217, 218, 219, 220, 221, 222, 223, 224, 225, 226, 227, 228, 229, 230, 231, 232, 233, 234, 235, 236, 237, 238, 239, 240, 241, 242, 243, 244, 245, 246, 247, 248, 249, 250, 251, 252, 253, 254, 255] |
| idx_cat_features  |                                                                                                                                                                                                                                                                                                                                                                                                                                                                                                                                                                                                         []                                                                                                                                                                                                                                                                                                                                                                                                                                                                                                                                                                                                         |
|   cardinalities   |                                                                                                                                                                                                                                                                                                                                                                                                                                                                                                                                                                                                         []                                                                                                                                                                                                                                                                                                                                                                                                                                                                                                                                                                                                         |
| n_input_features  |                                                                                                                                                                                                                                                                                                                                                                                                                                                                                                                                                                                                        256                                                                                                                                                                                                                                                                                                                                                                                                                                                                                                                                                                                                         |
|      device       |                                                                                                                                                                                                                                                                                                                                                                                                                                                                                                                                                                                                       cuda:1                                                                                                                                                                                                                                                                                                                                                                                                                                                                                                                                                                                                       |
|    num_layers     |                                                                                                                                                                                                                                                                                                                                                                                                                                                                                                                                                                                                         4                                                                                                                                                                                                                                                                                                                                                                                                                                                                                                                                                                                                          |
|     num_heads     |                                                                                                                                                                                                                                                                                                                                                                                                                                                                                                                                                                                                         4                                                                                                                                                                                                                                                                                                                                                                                                                                                                                                                                                                                                          |
|     p_dropout     |                                                                                                                                                                                                                                                                                                                                                                                                                                                                                                                                                                                                        0.1                                                                                                                                                                                                                                                                                                                                                                                                                                                                                                                                                                                                         |
|  layer_norm_eps   |                                                                                                                                                                                                                                                                                                                                                                                                                                                                                                                                                                                                       1e-05                                                                                                                                                                                                                                                                                                                                                                                                                                                                                                                                                                                                        |
| gradient_clipping |                                                                                                                                                                                                                                                                                                                                                                                                                                                                                                                                                                                                        1.0                                                                                                                                                                                                                                                                                                                                                                                                                                                                                                                                                                                                         |
|  dim_feedforward  |                                                                                                                                                                                                                                                                                                                                                                                                                                                                                                                                                                                                        256                                                                                                                                                                                                                                                                                                                                                                                                                                                                                                                                                                                                         |
+-------------------+--------------------------------------------------------------------------------------------------------------------------------------------------------------------------------------------------------------------------------------------------------------------------------------------------------------------------------------------------------------------------------------------------------------------------------------------------------------------------------------------------------------------------------------------------------------------------------------------------------------------------------------------------------------------------------------------------------------------------------------------------------------------------------------------------------------------------------------------------------------------------------------------------------------------------------------------------------------------------------------------------------------------------------------------------------------------------------------------------------------------------------------------------------------------------------------------------------------------+
Using feature index embedding (unique embedding for each column).
/home/aminmohamadi_squareup_com/projects/t-jepa-parquet-scaling/src/tjepa_transformer.py:172: UserWarning: enable_nested_tensor is True, but self.use_nested_tensor is False because encoder_layer was not TransformerEncoderLayer
  warnings.warn(
Clipping gradients to value 1.0.
Predictors Module parameters:
+-----------------+--------+
|    Parameter    | Value  |
+-----------------+--------+
|   hidden_dim    |   64   |
|  num_features   |  256   |
|   num_layers    |   2    |
|    num_heads    |   4    |
|    p_dropout    |  0.1   |
| layer_norm_eps  | 1e-05  |
|   activation    |  relu  |
| pred_embed_dim  |   64   |
|     device      | cuda:1 |
|  cardinalities  |   []   |
| dim_feedforward |  256   |
+-----------------+--------+
[Debug] Parquet dataset created: N=3300000, D=256
[Debug] Parquet dataset created: N=3300000, D=256
╒═══════════════════════════════╤════════════════════════════════════════════════════════════════════════════════════════════════════════════════════════════════════════════════════════════════════════════════════════════╕
│ mock                          │ False                                                                                                                                                                                      │
├───────────────────────────────┼────────────────────────────────────────────────────────────────────────────────────────────────────────────────────────────────────────────────────────────────────────────────────────────┤
│ res_dir                       │ ./                                                                                                                                                                                         │
├───────────────────────────────┼────────────────────────────────────────────────────────────────────────────────────────────────────────────────────────────────────────────────────────────────────────────────────────────┤
│ data_path                     │ data                                                                                                                                                                                       │
├───────────────────────────────┼────────────────────────────────────────────────────────────────────────────────────────────────────────────────────────────────────────────────────────────────────────────────────────────┤
│ data_set                      │ parquet_dataset                                                                                                                                                                            │
├───────────────────────────────┼────────────────────────────────────────────────────────────────────────────────────────────────────────────────────────────────────────────────────────────────────────────────────────────┤
│ test_size_ratio               │ 0.0                                                                                                                                                                                        │
├───────────────────────────────┼────────────────────────────────────────────────────────────────────────────────────────────────────────────────────────────────────────────────────────────────────────────────────────────┤
│ val_size_ratio                │ 0.0                                                                                                                                                                                        │
├───────────────────────────────┼────────────────────────────────────────────────────────────────────────────────────────────────────────────────────────────────────────────────────────────────────────────────────────────┤
│ random_state                  │ 42                                                                                                                                                                                         │
├───────────────────────────────┼────────────────────────────────────────────────────────────────────────────────────────────────────────────────────────────────────────────────────────────────────────────────────────────┤
│ full_dataset_cuda             │ False                                                                                                                                                                                      │
├───────────────────────────────┼────────────────────────────────────────────────────────────────────────────────────────────────────────────────────────────────────────────────────────────────────────────────────────────┤
│ verbose                       │ False                                                                                                                                                                                      │
├───────────────────────────────┼────────────────────────────────────────────────────────────────────────────────────────────────────────────────────────────────────────────────────────────────────────────────────────────┤
│ use_parquet_dataset           │ True                                                                                                                                                                                       │
├───────────────────────────────┼────────────────────────────────────────────────────────────────────────────────────────────────────────────────────────────────────────────────────────────────────────────────────────────┤
│ parquet_data_dir              │ /projects/risk-tabular/general_chargebacks/202207-202407-all-positives-negative-ratio-1.0-v0/train                                                                                         │
├───────────────────────────────┼────────────────────────────────────────────────────────────────────────────────────────────────────────────────────────────────────────────────────────────────────────────────────────────┤
│ parquet_data_files            │ chunk_10.parquet,chunk_11.parquet,chunk_12.parquet,chunk_13.parquet,chunk_14.parquet,chunk_15.parquet,chunk_16.parquet,chunk_17.parquet,chunk_18.parquet,chunk_19.parquet,chunk_20.parquet │
├───────────────────────────────┼────────────────────────────────────────────────────────────────────────────────────────────────────────────────────────────────────────────────────────────────────────────────────────────┤
│ parquet_scaling_stats_file    │ /projects/risk-tabular/general_chargebacks/202207-202407-all-positives-negative-ratio-1.0-v0/train/stats_bootstrap.pq                                                                      │
├───────────────────────────────┼────────────────────────────────────────────────────────────────────────────────────────────────────────────────────────────────────────────────────────────────────────────────────────────┤
│ parquet_feature_names_file    │ /projects/risk-tabular/general_chargebacks/20240724_feature_selection/xgboost_importances_seed_1_sample_0.5.csv                                                                            │
├───────────────────────────────┼────────────────────────────────────────────────────────────────────────────────────────────────────────────────────────────────────────────────────────────────────────────────────────────┤
│ parquet_num_features          │ 128                                                                                                                                                                                        │
├───────────────────────────────┼────────────────────────────────────────────────────────────────────────────────────────────────────────────────────────────────────────────────────────────────────────────────────────────┤
│ parquet_target_col            │ target                                                                                                                                                                                     │
├───────────────────────────────┼────────────────────────────────────────────────────────────────────────────────────────────────────────────────────────────────────────────────────────────────────────────────────────────┤
│ parquet_task_type             │ binary_class                                                                                                                                                                               │
├───────────────────────────────┼────────────────────────────────────────────────────────────────────────────────────────────────────────────────────────────────────────────────────────────────────────────────────────────┤
│ parquet_id_col                │ ID                                                                                                                                                                                         │
├───────────────────────────────┼────────────────────────────────────────────────────────────────────────────────────────────────────────────────────────────────────────────────────────────────────────────────────────────┤
│ parquet_preload_data          │ True                                                                                                                                                                                       │
├───────────────────────────────┼────────────────────────────────────────────────────────────────────────────────────────────────────────────────────────────────────────────────────────────────────────────────────────────┤
│ parquet_shuffle               │ True                                                                                                                                                                                       │
├───────────────────────────────┼────────────────────────────────────────────────────────────────────────────────────────────────────────────────────────────────────────────────────────────────────────────────────────────┤
│ parquet_scaling_method        │ IQR                                                                                                                                                                                        │
├───────────────────────────────┼────────────────────────────────────────────────────────────────────────────────────────────────────────────────────────────────────────────────────────────────────────────────────────────┤
│ parquet_infill_value          │ zero                                                                                                                                                                                       │
├───────────────────────────────┼────────────────────────────────────────────────────────────────────────────────────────────────────────────────────────────────────────────────────────────────────────────────────────────┤
│ parquet_transform             │ asinh                                                                                                                                                                                      │
├───────────────────────────────┼────────────────────────────────────────────────────────────────────────────────────────────────────────────────────────────────────────────────────────────────────────────────────────────┤
│ parquet_categorize_nan        │ True                                                                                                                                                                                       │
├───────────────────────────────┼────────────────────────────────────────────────────────────────────────────────────────────────────────────────────────────────────────────────────────────────────────────────────────────┤
│ parquet_clip_min              │                                                                                                                                                                                            │
├───────────────────────────────┼────────────────────────────────────────────────────────────────────────────────────────────────────────────────────────────────────────────────────────────────────────────────────────────┤
│ parquet_clip_max              │                                                                                                                                                                                            │
├───────────────────────────────┼────────────────────────────────────────────────────────────────────────────────────────────────────────────────────────────────────────────────────────────────────────────────────────────┤
│ tag                           │                                                                                                                                                                                            │
├───────────────────────────────┼────────────────────────────────────────────────────────────────────────────────────────────────────────────────────────────────────────────────────────────────────────────────────────────┤
│ project_name                  │ scaled_config_4gpu_test                                                                                                                                                                    │
├───────────────────────────────┼────────────────────────────────────────────────────────────────────────────────────────────────────────────────────────────────────────────────────────────────────────────────────────────┤
│ test                          │ False                                                                                                                                                                                      │
├───────────────────────────────┼────────────────────────────────────────────────────────────────────────────────────────────────────────────────────────────────────────────────────────────────────────────────────────────┤
│ exp_n_runs                    │ 1                                                                                                                                                                                          │
├───────────────────────────────┼────────────────────────────────────────────────────────────────────────────────────────────────────────────────────────────────────────────────────────────────────────────────────────────┤
│ exp_device                    │                                                                                                                                                                                            │
├───────────────────────────────┼────────────────────────────────────────────────────────────────────────────────────────────────────────────────────────────────────────────────────────────────────────────────────────────┤
│ np_seed                       │ 42                                                                                                                                                                                         │
├───────────────────────────────┼────────────────────────────────────────────────────────────────────────────────────────────────────────────────────────────────────────────────────────────────────────────────────────────┤
│ torch_seed                    │ 42                                                                                                                                                                                         │
├───────────────────────────────┼────────────────────────────────────────────────────────────────────────────────────────────────────────────────────────────────────────────────────────────────────────────────────────────┤
│ random                        │ False                                                                                                                                                                                      │
├───────────────────────────────┼────────────────────────────────────────────────────────────────────────────────────────────────────────────────────────────────────────────────────────────────────────────────────────────┤
│ batch_size                    │ 4096                                                                                                                                                                                       │
├───────────────────────────────┼────────────────────────────────────────────────────────────────────────────────────────────────────────────────────────────────────────────────────────────────────────────────────────────┤
│ val_batch_size                │ -1                                                                                                                                                                                         │
├───────────────────────────────┼────────────────────────────────────────────────────────────────────────────────────────────────────────────────────────────────────────────────────────────────────────────────────────────┤
│ exp_train_total_epochs        │ 10                                                                                                                                                                                         │
├───────────────────────────────┼────────────────────────────────────────────────────────────────────────────────────────────────────────────────────────────────────────────────────────────────────────────────────────────┤
│ exp_patience                  │ 10                                                                                                                                                                                         │
├───────────────────────────────┼────────────────────────────────────────────────────────────────────────────────────────────────────────────────────────────────────────────────────────────────────────────────────────────┤
│ log_tensorboard               │ False                                                                                                                                                                                      │
├───────────────────────────────┼────────────────────────────────────────────────────────────────────────────────────────────────────────────────────────────────────────────────────────────────────────────────────────────┤
│ exp_cadence_type              │ improvement                                                                                                                                                                                │
├───────────────────────────────┼────────────────────────────────────────────────────────────────────────────────────────────────────────────────────────────────────────────────────────────────────────────────────────────┤
│ exp_cache_cadence             │ 1                                                                                                                                                                                          │
├───────────────────────────────┼────────────────────────────────────────────────────────────────────────────────────────────────────────────────────────────────────────────────────────────────────────────────────────────┤
│ exp_val_cache_cadence         │ 1                                                                                                                                                                                          │
├───────────────────────────────┼────────────────────────────────────────────────────────────────────────────────────────────────────────────────────────────────────────────────────────────────────────────────────────────┤
│ init_type                     │ kaiming                                                                                                                                                                                    │
├───────────────────────────────┼────────────────────────────────────────────────────────────────────────────────────────────────────────────────────────────────────────────────────────────────────────────────────────────┤
│ exp_scheduler                 │ True                                                                                                                                                                                       │
├───────────────────────────────┼────────────────────────────────────────────────────────────────────────────────────────────────────────────────────────────────────────────────────────────────────────────────────────────┤
│ exp_weight_decay_scheduler    │ True                                                                                                                                                                                       │
├───────────────────────────────┼────────────────────────────────────────────────────────────────────────────────────────────────────────────────────────────────────────────────────────────────────────────────────────────┤
│ exp_start_lr                  │ 0.001                                                                                                                                                                                      │
├───────────────────────────────┼────────────────────────────────────────────────────────────────────────────────────────────────────────────────────────────────────────────────────────────────────────────────────────────┤
│ exp_lr                        │ 0.0002828                                                                                                                                                                                  │
├───────────────────────────────┼────────────────────────────────────────────────────────────────────────────────────────────────────────────────────────────────────────────────────────────────────────────────────────────┤
│ exp_final_lr                  │ 0                                                                                                                                                                                          │
├───────────────────────────────┼────────────────────────────────────────────────────────────────────────────────────────────────────────────────────────────────────────────────────────────────────────────────────────────┤
│ exp_warmup                    │ 0.05                                                                                                                                                                                       │
├───────────────────────────────┼────────────────────────────────────────────────────────────────────────────────────────────────────────────────────────────────────────────────────────────────────────────────────────────┤
│ exp_weight_decay              │ 1e-05                                                                                                                                                                                      │
├───────────────────────────────┼────────────────────────────────────────────────────────────────────────────────────────────────────────────────────────────────────────────────────────────────────────────────────────────┤
│ exp_final_weight_decay        │ 0.01                                                                                                                                                                                       │
├───────────────────────────────┼────────────────────────────────────────────────────────────────────────────────────────────────────────────────────────────────────────────────────────────────────────────────────────────┤
│ exp_ipe_scale                 │ 1.0                                                                                                                                                                                        │
├───────────────────────────────┼────────────────────────────────────────────────────────────────────────────────────────────────────────────────────────────────────────────────────────────────────────────────────────────┤
│ exp_gradient_clipping         │ 1.0                                                                                                                                                                                        │
├───────────────────────────────┼────────────────────────────────────────────────────────────────────────────────────────────────────────────────────────────────────────────────────────────────────────────────────────────┤
│ mp_distributed                │ True                                                                                                                                                                                       │
├───────────────────────────────┼────────────────────────────────────────────────────────────────────────────────────────────────────────────────────────────────────────────────────────────────────────────────────────────┤
│ mp_nodes                      │ 1                                                                                                                                                                                          │
├───────────────────────────────┼────────────────────────────────────────────────────────────────────────────────────────────────────────────────────────────────────────────────────────────────────────────────────────────┤
│ mp_gpus                       │ 4                                                                                                                                                                                          │
├───────────────────────────────┼────────────────────────────────────────────────────────────────────────────────────────────────────────────────────────────────────────────────────────────────────────────────────────────┤
│ mp_nr                         │ 0                                                                                                                                                                                          │
├───────────────────────────────┼────────────────────────────────────────────────────────────────────────────────────────────────────────────────────────────────────────────────────────────────────────────────────────────┤
│ pin_memory                    │ True                                                                                                                                                                                       │
├───────────────────────────────┼────────────────────────────────────────────────────────────────────────────────────────────────────────────────────────────────────────────────────────────────────────────────────────────┤
│ using_embedding               │ False                                                                                                                                                                                      │
├───────────────────────────────┼────────────────────────────────────────────────────────────────────────────────────────────────────────────────────────────────────────────────────────────────────────────────────────────┤
│ model_dtype                   │ float32                                                                                                                                                                                    │
├───────────────────────────────┼────────────────────────────────────────────────────────────────────────────────────────────────────────────────────────────────────────────────────────────────────────────────────────────┤
│ data_loader_nprocs            │ 0                                                                                                                                                                                          │
├───────────────────────────────┼────────────────────────────────────────────────────────────────────────────────────────────────────────────────────────────────────────────────────────────────────────────────────────────┤
│ load_from_checkpoint          │ False                                                                                                                                                                                      │
├───────────────────────────────┼────────────────────────────────────────────────────────────────────────────────────────────────────────────────────────────────────────────────────────────────────────────────────────────┤
│ load_path                     │                                                                                                                                                                                            │
├───────────────────────────────┼────────────────────────────────────────────────────────────────────────────────────────────────────────────────────────────────────────────────────────────────────────────────────────────┤
│ model_amp                     │ False                                                                                                                                                                                      │
├───────────────────────────────┼────────────────────────────────────────────────────────────────────────────────────────────────────────────────────────────────────────────────────────────────────────────────────────────┤
│ model_feature_type_embedding  │ True                                                                                                                                                                                       │
├───────────────────────────────┼────────────────────────────────────────────────────────────────────────────────────────────────────────────────────────────────────────────────────────────────────────────────────────────┤
│ model_feature_index_embedding │ True                                                                                                                                                                                       │
├───────────────────────────────┼────────────────────────────────────────────────────────────────────────────────────────────────────────────────────────────────────────────────────────────────────────────────────────────┤
│ model_dropout_prob            │ 0.1                                                                                                                                                                                        │
├───────────────────────────────┼────────────────────────────────────────────────────────────────────────────────────────────────────────────────────────────────────────────────────────────────────────────────────────────┤
│ model_layer_norm_eps          │ 1e-05                                                                                                                                                                                      │
├───────────────────────────────┼────────────────────────────────────────────────────────────────────────────────────────────────────────────────────────────────────────────────────────────────────────────────────────────┤
│ model_dim_hidden              │ 64                                                                                                                                                                                         │
├───────────────────────────────┼────────────────────────────────────────────────────────────────────────────────────────────────────────────────────────────────────────────────────────────────────────────────────────────┤
│ model_dim_feedforward         │ 256                                                                                                                                                                                        │
├───────────────────────────────┼────────────────────────────────────────────────────────────────────────────────────────────────────────────────────────────────────────────────────────────────────────────────────────────┤
│ model_num_heads               │ 4                                                                                                                                                                                          │
├───────────────────────────────┼────────────────────────────────────────────────────────────────────────────────────────────────────────────────────────────────────────────────────────────────────────────────────────────┤
│ model_num_layers              │ 4                                                                                                                                                                                          │
├───────────────────────────────┼────────────────────────────────────────────────────────────────────────────────────────────────────────────────────────────────────────────────────────────────────────────────────────────┤
│ model_ema_end                 │ 1                                                                                                                                                                                          │
├───────────────────────────────┼────────────────────────────────────────────────────────────────────────────────────────────────────────────────────────────────────────────────────────────────────────────────────────────┤
│ model_ema_start               │ 0.996                                                                                                                                                                                      │
├───────────────────────────────┼────────────────────────────────────────────────────────────────────────────────────────────────────────────────────────────────────────────────────────────────────────────────────────────┤
│ model_act_func                │ relu                                                                                                                                                                                       │
├───────────────────────────────┼────────────────────────────────────────────────────────────────────────────────────────────────────────────────────────────────────────────────────────────────────────────────────────────┤
│ probe_cadence                 │ 5                                                                                                                                                                                          │
├───────────────────────────────┼────────────────────────────────────────────────────────────────────────────────────────────────────────────────────────────────────────────────────────────────────────────────────────────┤
│ probe_model                   │ mlp                                                                                                                                                                                        │
├───────────────────────────────┼────────────────────────────────────────────────────────────────────────────────────────────────────────────────────────────────────────────────────────────────────────────────────────────┤
│ probe_sample_fraction         │ 0.1                                                                                                                                                                                        │
├───────────────────────────────┼────────────────────────────────────────────────────────────────────────────────────────────────────────────────────────────────────────────────────────────────────────────────────────────┤
│ n_cls_tokens                  │ 1                                                                                                                                                                                          │
├───────────────────────────────┼────────────────────────────────────────────────────────────────────────────────────────────────────────────────────────────────────────────────────────────────────────────────────────────┤
│ n_reg_tokens                  │ 1                                                                                                                                                                                          │
├───────────────────────────────┼────────────────────────────────────────────────────────────────────────────────────────────────────────────────────────────────────────────────────────────────────────────────────────────┤
│ pred_type                     │ transformer                                                                                                                                                                                │
├───────────────────────────────┼────────────────────────────────────────────────────────────────────────────────────────────────────────────────────────────────────────────────────────────────────────────────────────────┤
│ pred_num_layers               │ 2                                                                                                                                                                                          │
├───────────────────────────────┼────────────────────────────────────────────────────────────────────────────────────────────────────────────────────────────────────────────────────────────────────────────────────────────┤
│ pred_embed_dim                │ 64                                                                                                                                                                                         │
├───────────────────────────────┼────────────────────────────────────────────────────────────────────────────────────────────────────────────────────────────────────────────────────────────────────────────────────────────┤
│ pred_num_heads                │ 4                                                                                                                                                                                          │
├───────────────────────────────┼────────────────────────────────────────────────────────────────────────────────────────────────────────────────────────────────────────────────────────────────────────────────────────────┤
│ pred_p_dropout                │ 0.1                                                                                                                                                                                        │
├───────────────────────────────┼────────────────────────────────────────────────────────────────────────────────────────────────────────────────────────────────────────────────────────────────────────────────────────────┤
│ pred_layer_norm_eps           │ 1e-05                                                                                                                                                                                      │
├───────────────────────────────┼────────────────────────────────────────────────────────────────────────────────────────────────────────────────────────────────────────────────────────────────────────────────────────────┤
│ pred_activation               │ relu                                                                                                                                                                                       │
├───────────────────────────────┼────────────────────────────────────────────────────────────────────────────────────────────────────────────────────────────────────────────────────────────────────────────────────────────┤
│ pred_dim_feedforward          │ 256                                                                                                                                                                                        │
├───────────────────────────────┼────────────────────────────────────────────────────────────────────────────────────────────────────────────────────────────────────────────────────────────────────────────────────────────┤
│ mask_allow_overlap            │ False                                                                                                                                                                                      │
├───────────────────────────────┼────────────────────────────────────────────────────────────────────────────────────────────────────────────────────────────────────────────────────────────────────────────────────────────┤
│ mask_min_ctx_share            │ 0.2                                                                                                                                                                                        │
├───────────────────────────────┼────────────────────────────────────────────────────────────────────────────────────────────────────────────────────────────────────────────────────────────────────────────────────────────┤
│ mask_max_ctx_share            │ 0.4                                                                                                                                                                                        │
├───────────────────────────────┼────────────────────────────────────────────────────────────────────────────────────────────────────────────────────────────────────────────────────────────────────────────────────────────┤
│ mask_min_trgt_share           │ 0.2                                                                                                                                                                                        │
├───────────────────────────────┼────────────────────────────────────────────────────────────────────────────────────────────────────────────────────────────────────────────────────────────────────────────────────────────┤
│ mask_max_trgt_share           │ 0.4                                                                                                                                                                                        │
├───────────────────────────────┼────────────────────────────────────────────────────────────────────────────────────────────────────────────────────────────────────────────────────────────────────────────────────────────┤
│ mask_num_preds                │ 4                                                                                                                                                                                          │
├───────────────────────────────┼────────────────────────────────────────────────────────────────────────────────────────────────────────────────────────────────────────────────────────────────────────────────────────────┤
│ mask_num_encs                 │ 1                                                                                                                                                                                          │
├───────────────────────────────┼────────────────────────────────────────────────────────────────────────────────────────────────────────────────────────────────────────────────────────────────────────────────────────────┤
│ optuna_study_name             │                                                                                                                                                                                            │
├───────────────────────────────┼────────────────────────────────────────────────────────────────────────────────────────────────────────────────────────────────────────────────────────────────────────────────────────────┤
│ optuna_trial_number           │                                                                                                                                                                                            │
├───────────────────────────────┼────────────────────────────────────────────────────────────────────────────────────────────────────────────────────────────────────────────────────────────────────────────────────────────┤
│ optuna_output_dir             │                                                                                                                                                                                            │
├───────────────────────────────┼────────────────────────────────────────────────────────────────────────────────────────────────────────────────────────────────────────────────────────────────────────────────────────────┤
│ is_batchlearning              │ True                                                                                                                                                                                       │
├───────────────────────────────┼────────────────────────────────────────────────────────────────────────────────────────────────────────────────────────────────────────────────────────────────────────────────────────────┤
│ iteration                     │ 0                                                                                                                                                                                          │
╘═══════════════════════════════╧════════════════════════════════════════════════════════════════════════════════════════════════════════════════════════════════════════════════════════════════════════════════════════════╛
[Debug] Loading dataset …
[Debug] Parquet dataset ready (preprocessing handled by LocalFilesDataset)
Encoder Module parameters:
+-------------------+--------------------------------------------------------------------------------------------------------------------------------------------------------------------------------------------------------------------------------------------------------------------------------------------------------------------------------------------------------------------------------------------------------------------------------------------------------------------------------------------------------------------------------------------------------------------------------------------------------------------------------------------------------------------------------------------------------------------------------------------------------------------------------------------------------------------------------------------------------------------------------------------------------------------------------------------------------------------------------------------------------------------------------------------------------------------------------------------------------------------------------------------------------------------------------------------------------------------+
|     Parameter     |                                                                                                                                                                                                                                                                                                                                                                                                                                                                                                                                                                                                       Value                                                                                                                                                                                                                                                                                                                                                                                                                                                                                                                                                                                                        |
+-------------------+--------------------------------------------------------------------------------------------------------------------------------------------------------------------------------------------------------------------------------------------------------------------------------------------------------------------------------------------------------------------------------------------------------------------------------------------------------------------------------------------------------------------------------------------------------------------------------------------------------------------------------------------------------------------------------------------------------------------------------------------------------------------------------------------------------------------------------------------------------------------------------------------------------------------------------------------------------------------------------------------------------------------------------------------------------------------------------------------------------------------------------------------------------------------------------------------------------------------+
|    hidden_dim     |                                                                                                                                                                                                                                                                                                                                                                                                                                                                                                                                                                                                         64                                                                                                                                                                                                                                                                                                                                                                                                                                                                                                                                                                                                         |
| idx_num_features  | [0, 1, 2, 3, 4, 5, 6, 7, 8, 9, 10, 11, 12, 13, 14, 15, 16, 17, 18, 19, 20, 21, 22, 23, 24, 25, 26, 27, 28, 29, 30, 31, 32, 33, 34, 35, 36, 37, 38, 39, 40, 41, 42, 43, 44, 45, 46, 47, 48, 49, 50, 51, 52, 53, 54, 55, 56, 57, 58, 59, 60, 61, 62, 63, 64, 65, 66, 67, 68, 69, 70, 71, 72, 73, 74, 75, 76, 77, 78, 79, 80, 81, 82, 83, 84, 85, 86, 87, 88, 89, 90, 91, 92, 93, 94, 95, 96, 97, 98, 99, 100, 101, 102, 103, 104, 105, 106, 107, 108, 109, 110, 111, 112, 113, 114, 115, 116, 117, 118, 119, 120, 121, 122, 123, 124, 125, 126, 127, 128, 129, 130, 131, 132, 133, 134, 135, 136, 137, 138, 139, 140, 141, 142, 143, 144, 145, 146, 147, 148, 149, 150, 151, 152, 153, 154, 155, 156, 157, 158, 159, 160, 161, 162, 163, 164, 165, 166, 167, 168, 169, 170, 171, 172, 173, 174, 175, 176, 177, 178, 179, 180, 181, 182, 183, 184, 185, 186, 187, 188, 189, 190, 191, 192, 193, 194, 195, 196, 197, 198, 199, 200, 201, 202, 203, 204, 205, 206, 207, 208, 209, 210, 211, 212, 213, 214, 215, 216, 217, 218, 219, 220, 221, 222, 223, 224, 225, 226, 227, 228, 229, 230, 231, 232, 233, 234, 235, 236, 237, 238, 239, 240, 241, 242, 243, 244, 245, 246, 247, 248, 249, 250, 251, 252, 253, 254, 255] |
| idx_cat_features  |                                                                                                                                                                                                                                                                                                                                                                                                                                                                                                                                                                                                         []                                                                                                                                                                                                                                                                                                                                                                                                                                                                                                                                                                                                         |
|   cardinalities   |                                                                                                                                                                                                                                                                                                                                                                                                                                                                                                                                                                                                         []                                                                                                                                                                                                                                                                                                                                                                                                                                                                                                                                                                                                         |
| n_input_features  |                                                                                                                                                                                                                                                                                                                                                                                                                                                                                                                                                                                                        256                                                                                                                                                                                                                                                                                                                                                                                                                                                                                                                                                                                                         |
|      device       |                                                                                                                                                                                                                                                                                                                                                                                                                                                                                                                                                                                                       cuda:2                                                                                                                                                                                                                                                                                                                                                                                                                                                                                                                                                                                                       |
|    num_layers     |                                                                                                                                                                                                                                                                                                                                                                                                                                                                                                                                                                                                         4                                                                                                                                                                                                                                                                                                                                                                                                                                                                                                                                                                                                          |
|     num_heads     |                                                                                                                                                                                                                                                                                                                                                                                                                                                                                                                                                                                                         4                                                                                                                                                                                                                                                                                                                                                                                                                                                                                                                                                                                                          |
|     p_dropout     |                                                                                                                                                                                                                                                                                                                                                                                                                                                                                                                                                                                                        0.1                                                                                                                                                                                                                                                                                                                                                                                                                                                                                                                                                                                                         |
|  layer_norm_eps   |                                                                                                                                                                                                                                                                                                                                                                                                                                                                                                                                                                                                       1e-05                                                                                                                                                                                                                                                                                                                                                                                                                                                                                                                                                                                                        |
| gradient_clipping |                                                                                                                                                                                                                                                                                                                                                                                                                                                                                                                                                                                                        1.0                                                                                                                                                                                                                                                                                                                                                                                                                                                                                                                                                                                                         |
|  dim_feedforward  |                                                                                                                                                                                                                                                                                                                                                                                                                                                                                                                                                                                                        256                                                                                                                                                                                                                                                                                                                                                                                                                                                                                                                                                                                                         |
+-------------------+--------------------------------------------------------------------------------------------------------------------------------------------------------------------------------------------------------------------------------------------------------------------------------------------------------------------------------------------------------------------------------------------------------------------------------------------------------------------------------------------------------------------------------------------------------------------------------------------------------------------------------------------------------------------------------------------------------------------------------------------------------------------------------------------------------------------------------------------------------------------------------------------------------------------------------------------------------------------------------------------------------------------------------------------------------------------------------------------------------------------------------------------------------------------------------------------------------------------+
Using feature index embedding (unique embedding for each column).
╒═══════════════════════════════╤════════════════════════════════════════════════════════════════════════════════════════════════════════════════════════════════════════════════════════════════════════════════════════════╕
│ mock                          │ False                                                                                                                                                                                      │
├───────────────────────────────┼────────────────────────────────────────────────────────────────────────────────────────────────────────────────────────────────────────────────────────────────────────────────────────────┤
│ res_dir                       │ ./                                                                                                                                                                                         │
├───────────────────────────────┼────────────────────────────────────────────────────────────────────────────────────────────────────────────────────────────────────────────────────────────────────────────────────────────┤
│ data_path                     │ data                                                                                                                                                                                       │
├───────────────────────────────┼────────────────────────────────────────────────────────────────────────────────────────────────────────────────────────────────────────────────────────────────────────────────────────────┤
│ data_set                      │ parquet_dataset                                                                                                                                                                            │
├───────────────────────────────┼────────────────────────────────────────────────────────────────────────────────────────────────────────────────────────────────────────────────────────────────────────────────────────────┤
│ test_size_ratio               │ 0.0                                                                                                                                                                                        │
├───────────────────────────────┼────────────────────────────────────────────────────────────────────────────────────────────────────────────────────────────────────────────────────────────────────────────────────────────┤
│ val_size_ratio                │ 0.0                                                                                                                                                                                        │
├───────────────────────────────┼────────────────────────────────────────────────────────────────────────────────────────────────────────────────────────────────────────────────────────────────────────────────────────────┤
│ random_state                  │ 42                                                                                                                                                                                         │
├───────────────────────────────┼────────────────────────────────────────────────────────────────────────────────────────────────────────────────────────────────────────────────────────────────────────────────────────────┤
│ full_dataset_cuda             │ False                                                                                                                                                                                      │
├───────────────────────────────┼────────────────────────────────────────────────────────────────────────────────────────────────────────────────────────────────────────────────────────────────────────────────────────────┤
│ verbose                       │ False                                                                                                                                                                                      │
├───────────────────────────────┼────────────────────────────────────────────────────────────────────────────────────────────────────────────────────────────────────────────────────────────────────────────────────────────┤
│ use_parquet_dataset           │ True                                                                                                                                                                                       │
├───────────────────────────────┼────────────────────────────────────────────────────────────────────────────────────────────────────────────────────────────────────────────────────────────────────────────────────────────┤
│ parquet_data_dir              │ /projects/risk-tabular/general_chargebacks/202207-202407-all-positives-negative-ratio-1.0-v0/train                                                                                         │
├───────────────────────────────┼────────────────────────────────────────────────────────────────────────────────────────────────────────────────────────────────────────────────────────────────────────────────────────────┤
│ parquet_data_files            │ chunk_10.parquet,chunk_11.parquet,chunk_12.parquet,chunk_13.parquet,chunk_14.parquet,chunk_15.parquet,chunk_16.parquet,chunk_17.parquet,chunk_18.parquet,chunk_19.parquet,chunk_20.parquet │
├───────────────────────────────┼────────────────────────────────────────────────────────────────────────────────────────────────────────────────────────────────────────────────────────────────────────────────────────────┤
│ parquet_scaling_stats_file    │ /projects/risk-tabular/general_chargebacks/202207-202407-all-positives-negative-ratio-1.0-v0/train/stats_bootstrap.pq                                                                      │
├───────────────────────────────┼────────────────────────────────────────────────────────────────────────────────────────────────────────────────────────────────────────────────────────────────────────────────────────────┤
│ parquet_feature_names_file    │ /projects/risk-tabular/general_chargebacks/20240724_feature_selection/xgboost_importances_seed_1_sample_0.5.csv                                                                            │
├───────────────────────────────┼────────────────────────────────────────────────────────────────────────────────────────────────────────────────────────────────────────────────────────────────────────────────────────────┤
│ parquet_num_features          │ 128                                                                                                                                                                                        │
├───────────────────────────────┼────────────────────────────────────────────────────────────────────────────────────────────────────────────────────────────────────────────────────────────────────────────────────────────┤
│ parquet_target_col            │ target                                                                                                                                                                                     │
├───────────────────────────────┼────────────────────────────────────────────────────────────────────────────────────────────────────────────────────────────────────────────────────────────────────────────────────────────┤
│ parquet_task_type             │ binary_class                                                                                                                                                                               │
├───────────────────────────────┼────────────────────────────────────────────────────────────────────────────────────────────────────────────────────────────────────────────────────────────────────────────────────────────┤
│ parquet_id_col                │ ID                                                                                                                                                                                         │
├───────────────────────────────┼────────────────────────────────────────────────────────────────────────────────────────────────────────────────────────────────────────────────────────────────────────────────────────────┤
│ parquet_preload_data          │ True                                                                                                                                                                                       │
├───────────────────────────────┼────────────────────────────────────────────────────────────────────────────────────────────────────────────────────────────────────────────────────────────────────────────────────────────┤
│ parquet_shuffle               │ True                                                                                                                                                                                       │
├───────────────────────────────┼────────────────────────────────────────────────────────────────────────────────────────────────────────────────────────────────────────────────────────────────────────────────────────────┤
│ parquet_scaling_method        │ IQR                                                                                                                                                                                        │
├───────────────────────────────┼────────────────────────────────────────────────────────────────────────────────────────────────────────────────────────────────────────────────────────────────────────────────────────────┤
│ parquet_infill_value          │ zero                                                                                                                                                                                       │
├───────────────────────────────┼────────────────────────────────────────────────────────────────────────────────────────────────────────────────────────────────────────────────────────────────────────────────────────────┤
│ parquet_transform             │ asinh                                                                                                                                                                                      │
├───────────────────────────────┼────────────────────────────────────────────────────────────────────────────────────────────────────────────────────────────────────────────────────────────────────────────────────────────┤
│ parquet_categorize_nan        │ True                                                                                                                                                                                       │
├───────────────────────────────┼────────────────────────────────────────────────────────────────────────────────────────────────────────────────────────────────────────────────────────────────────────────────────────────┤
│ parquet_clip_min              │                                                                                                                                                                                            │
├───────────────────────────────┼────────────────────────────────────────────────────────────────────────────────────────────────────────────────────────────────────────────────────────────────────────────────────────────┤
│ parquet_clip_max              │                                                                                                                                                                                            │
├───────────────────────────────┼────────────────────────────────────────────────────────────────────────────────────────────────────────────────────────────────────────────────────────────────────────────────────────────┤
│ tag                           │                                                                                                                                                                                            │
├───────────────────────────────┼────────────────────────────────────────────────────────────────────────────────────────────────────────────────────────────────────────────────────────────────────────────────────────────┤
│ project_name                  │ scaled_config_4gpu_test                                                                                                                                                                    │
├───────────────────────────────┼────────────────────────────────────────────────────────────────────────────────────────────────────────────────────────────────────────────────────────────────────────────────────────────┤
│ test                          │ False                                                                                                                                                                                      │
├───────────────────────────────┼────────────────────────────────────────────────────────────────────────────────────────────────────────────────────────────────────────────────────────────────────────────────────────────┤
│ exp_n_runs                    │ 1                                                                                                                                                                                          │
├───────────────────────────────┼────────────────────────────────────────────────────────────────────────────────────────────────────────────────────────────────────────────────────────────────────────────────────────────┤
│ exp_device                    │                                                                                                                                                                                            │
├───────────────────────────────┼────────────────────────────────────────────────────────────────────────────────────────────────────────────────────────────────────────────────────────────────────────────────────────────┤
│ np_seed                       │ 42                                                                                                                                                                                         │
├───────────────────────────────┼────────────────────────────────────────────────────────────────────────────────────────────────────────────────────────────────────────────────────────────────────────────────────────────┤
│ torch_seed                    │ 42                                                                                                                                                                                         │
├───────────────────────────────┼────────────────────────────────────────────────────────────────────────────────────────────────────────────────────────────────────────────────────────────────────────────────────────────┤
│ random                        │ False                                                                                                                                                                                      │
├───────────────────────────────┼────────────────────────────────────────────────────────────────────────────────────────────────────────────────────────────────────────────────────────────────────────────────────────────┤
│ batch_size                    │ 4096                                                                                                                                                                                       │
├───────────────────────────────┼────────────────────────────────────────────────────────────────────────────────────────────────────────────────────────────────────────────────────────────────────────────────────────────┤
│ val_batch_size                │ -1                                                                                                                                                                                         │
├───────────────────────────────┼────────────────────────────────────────────────────────────────────────────────────────────────────────────────────────────────────────────────────────────────────────────────────────────┤
│ exp_train_total_epochs        │ 10                                                                                                                                                                                         │
├───────────────────────────────┼────────────────────────────────────────────────────────────────────────────────────────────────────────────────────────────────────────────────────────────────────────────────────────────┤
│ exp_patience                  │ 10                                                                                                                                                                                         │
├───────────────────────────────┼────────────────────────────────────────────────────────────────────────────────────────────────────────────────────────────────────────────────────────────────────────────────────────────┤
│ log_tensorboard               │ False                                                                                                                                                                                      │
├───────────────────────────────┼────────────────────────────────────────────────────────────────────────────────────────────────────────────────────────────────────────────────────────────────────────────────────────────┤
│ exp_cadence_type              │ improvement                                                                                                                                                                                │
├───────────────────────────────┼────────────────────────────────────────────────────────────────────────────────────────────────────────────────────────────────────────────────────────────────────────────────────────────┤
│ exp_cache_cadence             │ 1                                                                                                                                                                                          │
├───────────────────────────────┼────────────────────────────────────────────────────────────────────────────────────────────────────────────────────────────────────────────────────────────────────────────────────────────┤
│ exp_val_cache_cadence         │ 1                                                                                                                                                                                          │
├───────────────────────────────┼────────────────────────────────────────────────────────────────────────────────────────────────────────────────────────────────────────────────────────────────────────────────────────────┤
│ init_type                     │ kaiming                                                                                                                                                                                    │
├───────────────────────────────┼────────────────────────────────────────────────────────────────────────────────────────────────────────────────────────────────────────────────────────────────────────────────────────────┤
│ exp_scheduler                 │ True                                                                                                                                                                                       │
├───────────────────────────────┼────────────────────────────────────────────────────────────────────────────────────────────────────────────────────────────────────────────────────────────────────────────────────────────┤
│ exp_weight_decay_scheduler    │ True                                                                                                                                                                                       │
├───────────────────────────────┼────────────────────────────────────────────────────────────────────────────────────────────────────────────────────────────────────────────────────────────────────────────────────────────┤
│ exp_start_lr                  │ 0.001                                                                                                                                                                                      │
├───────────────────────────────┼────────────────────────────────────────────────────────────────────────────────────────────────────────────────────────────────────────────────────────────────────────────────────────────┤
│ exp_lr                        │ 0.0002828                                                                                                                                                                                  │
├───────────────────────────────┼────────────────────────────────────────────────────────────────────────────────────────────────────────────────────────────────────────────────────────────────────────────────────────────┤
│ exp_final_lr                  │ 0                                                                                                                                                                                          │
├───────────────────────────────┼────────────────────────────────────────────────────────────────────────────────────────────────────────────────────────────────────────────────────────────────────────────────────────────┤
│ exp_warmup                    │ 0.05                                                                                                                                                                                       │
├───────────────────────────────┼────────────────────────────────────────────────────────────────────────────────────────────────────────────────────────────────────────────────────────────────────────────────────────────┤
│ exp_weight_decay              │ 1e-05                                                                                                                                                                                      │
├───────────────────────────────┼────────────────────────────────────────────────────────────────────────────────────────────────────────────────────────────────────────────────────────────────────────────────────────────┤
│ exp_final_weight_decay        │ 0.01                                                                                                                                                                                       │
├───────────────────────────────┼────────────────────────────────────────────────────────────────────────────────────────────────────────────────────────────────────────────────────────────────────────────────────────────┤
│ exp_ipe_scale                 │ 1.0                                                                                                                                                                                        │
├───────────────────────────────┼────────────────────────────────────────────────────────────────────────────────────────────────────────────────────────────────────────────────────────────────────────────────────────────┤
│ exp_gradient_clipping         │ 1.0                                                                                                                                                                                        │
├───────────────────────────────┼────────────────────────────────────────────────────────────────────────────────────────────────────────────────────────────────────────────────────────────────────────────────────────────┤
│ mp_distributed                │ True                                                                                                                                                                                       │
├───────────────────────────────┼────────────────────────────────────────────────────────────────────────────────────────────────────────────────────────────────────────────────────────────────────────────────────────────┤
│ mp_nodes                      │ 1                                                                                                                                                                                          │
├───────────────────────────────┼────────────────────────────────────────────────────────────────────────────────────────────────────────────────────────────────────────────────────────────────────────────────────────────┤
│ mp_gpus                       │ 4                                                                                                                                                                                          │
├───────────────────────────────┼────────────────────────────────────────────────────────────────────────────────────────────────────────────────────────────────────────────────────────────────────────────────────────────┤
│ mp_nr                         │ 0                                                                                                                                                                                          │
├───────────────────────────────┼────────────────────────────────────────────────────────────────────────────────────────────────────────────────────────────────────────────────────────────────────────────────────────────┤
│ pin_memory                    │ True                                                                                                                                                                                       │
├───────────────────────────────┼────────────────────────────────────────────────────────────────────────────────────────────────────────────────────────────────────────────────────────────────────────────────────────────┤
│ using_embedding               │ False                                                                                                                                                                                      │
├───────────────────────────────┼────────────────────────────────────────────────────────────────────────────────────────────────────────────────────────────────────────────────────────────────────────────────────────────┤
│ model_dtype                   │ float32                                                                                                                                                                                    │
├───────────────────────────────┼────────────────────────────────────────────────────────────────────────────────────────────────────────────────────────────────────────────────────────────────────────────────────────────┤
│ data_loader_nprocs            │ 0                                                                                                                                                                                          │
├───────────────────────────────┼────────────────────────────────────────────────────────────────────────────────────────────────────────────────────────────────────────────────────────────────────────────────────────────┤
│ load_from_checkpoint          │ False                                                                                                                                                                                      │
├───────────────────────────────┼────────────────────────────────────────────────────────────────────────────────────────────────────────────────────────────────────────────────────────────────────────────────────────────┤
│ load_path                     │                                                                                                                                                                                            │
├───────────────────────────────┼────────────────────────────────────────────────────────────────────────────────────────────────────────────────────────────────────────────────────────────────────────────────────────────┤
│ model_amp                     │ False                                                                                                                                                                                      │
├───────────────────────────────┼────────────────────────────────────────────────────────────────────────────────────────────────────────────────────────────────────────────────────────────────────────────────────────────┤
│ model_feature_type_embedding  │ True                                                                                                                                                                                       │
├───────────────────────────────┼────────────────────────────────────────────────────────────────────────────────────────────────────────────────────────────────────────────────────────────────────────────────────────────┤
│ model_feature_index_embedding │ True                                                                                                                                                                                       │
├───────────────────────────────┼────────────────────────────────────────────────────────────────────────────────────────────────────────────────────────────────────────────────────────────────────────────────────────────┤
│ model_dropout_prob            │ 0.1                                                                                                                                                                                        │
├───────────────────────────────┼────────────────────────────────────────────────────────────────────────────────────────────────────────────────────────────────────────────────────────────────────────────────────────────┤
│ model_layer_norm_eps          │ 1e-05                                                                                                                                                                                      │
├───────────────────────────────┼────────────────────────────────────────────────────────────────────────────────────────────────────────────────────────────────────────────────────────────────────────────────────────────┤
│ model_dim_hidden              │ 64                                                                                                                                                                                         │
├───────────────────────────────┼────────────────────────────────────────────────────────────────────────────────────────────────────────────────────────────────────────────────────────────────────────────────────────────┤
│ model_dim_feedforward         │ 256                                                                                                                                                                                        │
├───────────────────────────────┼────────────────────────────────────────────────────────────────────────────────────────────────────────────────────────────────────────────────────────────────────────────────────────────┤
│ model_num_heads               │ 4                                                                                                                                                                                          │
├───────────────────────────────┼────────────────────────────────────────────────────────────────────────────────────────────────────────────────────────────────────────────────────────────────────────────────────────────┤
│ model_num_layers              │ 4                                                                                                                                                                                          │
├───────────────────────────────┼────────────────────────────────────────────────────────────────────────────────────────────────────────────────────────────────────────────────────────────────────────────────────────────┤
│ model_ema_end                 │ 1                                                                                                                                                                                          │
├───────────────────────────────┼────────────────────────────────────────────────────────────────────────────────────────────────────────────────────────────────────────────────────────────────────────────────────────────┤
│ model_ema_start               │ 0.996                                                                                                                                                                                      │
├───────────────────────────────┼────────────────────────────────────────────────────────────────────────────────────────────────────────────────────────────────────────────────────────────────────────────────────────────┤
│ model_act_func                │ relu                                                                                                                                                                                       │
├───────────────────────────────┼────────────────────────────────────────────────────────────────────────────────────────────────────────────────────────────────────────────────────────────────────────────────────────────┤
│ probe_cadence                 │ 5                                                                                                                                                                                          │
├───────────────────────────────┼────────────────────────────────────────────────────────────────────────────────────────────────────────────────────────────────────────────────────────────────────────────────────────────┤
│ probe_model                   │ mlp                                                                                                                                                                                        │
├───────────────────────────────┼────────────────────────────────────────────────────────────────────────────────────────────────────────────────────────────────────────────────────────────────────────────────────────────┤
│ probe_sample_fraction         │ 0.1                                                                                                                                                                                        │
├───────────────────────────────┼────────────────────────────────────────────────────────────────────────────────────────────────────────────────────────────────────────────────────────────────────────────────────────────┤
│ n_cls_tokens                  │ 1                                                                                                                                                                                          │
├───────────────────────────────┼────────────────────────────────────────────────────────────────────────────────────────────────────────────────────────────────────────────────────────────────────────────────────────────┤
│ n_reg_tokens                  │ 1                                                                                                                                                                                          │
├───────────────────────────────┼────────────────────────────────────────────────────────────────────────────────────────────────────────────────────────────────────────────────────────────────────────────────────────────┤
│ pred_type                     │ transformer                                                                                                                                                                                │
├───────────────────────────────┼────────────────────────────────────────────────────────────────────────────────────────────────────────────────────────────────────────────────────────────────────────────────────────────┤
│ pred_num_layers               │ 2                                                                                                                                                                                          │
├───────────────────────────────┼────────────────────────────────────────────────────────────────────────────────────────────────────────────────────────────────────────────────────────────────────────────────────────────┤
│ pred_embed_dim                │ 64                                                                                                                                                                                         │
├───────────────────────────────┼────────────────────────────────────────────────────────────────────────────────────────────────────────────────────────────────────────────────────────────────────────────────────────────┤
│ pred_num_heads                │ 4                                                                                                                                                                                          │
├───────────────────────────────┼────────────────────────────────────────────────────────────────────────────────────────────────────────────────────────────────────────────────────────────────────────────────────────────┤
│ pred_p_dropout                │ 0.1                                                                                                                                                                                        │
├───────────────────────────────┼────────────────────────────────────────────────────────────────────────────────────────────────────────────────────────────────────────────────────────────────────────────────────────────┤
│ pred_layer_norm_eps           │ 1e-05                                                                                                                                                                                      │
├───────────────────────────────┼────────────────────────────────────────────────────────────────────────────────────────────────────────────────────────────────────────────────────────────────────────────────────────────┤
│ pred_activation               │ relu                                                                                                                                                                                       │
├───────────────────────────────┼────────────────────────────────────────────────────────────────────────────────────────────────────────────────────────────────────────────────────────────────────────────────────────────┤
│ pred_dim_feedforward          │ 256                                                                                                                                                                                        │
├───────────────────────────────┼────────────────────────────────────────────────────────────────────────────────────────────────────────────────────────────────────────────────────────────────────────────────────────────┤
│ mask_allow_overlap            │ False                                                                                                                                                                                      │
├───────────────────────────────┼────────────────────────────────────────────────────────────────────────────────────────────────────────────────────────────────────────────────────────────────────────────────────────────┤
│ mask_min_ctx_share            │ 0.2                                                                                                                                                                                        │
├───────────────────────────────┼────────────────────────────────────────────────────────────────────────────────────────────────────────────────────────────────────────────────────────────────────────────────────────────┤
│ mask_max_ctx_share            │ 0.4                                                                                                                                                                                        │
├───────────────────────────────┼────────────────────────────────────────────────────────────────────────────────────────────────────────────────────────────────────────────────────────────────────────────────────────────┤
│ mask_min_trgt_share           │ 0.2                                                                                                                                                                                        │
├───────────────────────────────┼────────────────────────────────────────────────────────────────────────────────────────────────────────────────────────────────────────────────────────────────────────────────────────────┤
│ mask_max_trgt_share           │ 0.4                                                                                                                                                                                        │
├───────────────────────────────┼────────────────────────────────────────────────────────────────────────────────────────────────────────────────────────────────────────────────────────────────────────────────────────────┤
│ mask_num_preds                │ 4                                                                                                                                                                                          │
├───────────────────────────────┼────────────────────────────────────────────────────────────────────────────────────────────────────────────────────────────────────────────────────────────────────────────────────────────┤
│ mask_num_encs                 │ 1                                                                                                                                                                                          │
├───────────────────────────────┼────────────────────────────────────────────────────────────────────────────────────────────────────────────────────────────────────────────────────────────────────────────────────────────┤
│ optuna_study_name             │                                                                                                                                                                                            │
├───────────────────────────────┼────────────────────────────────────────────────────────────────────────────────────────────────────────────────────────────────────────────────────────────────────────────────────────────┤
│ optuna_trial_number           │                                                                                                                                                                                            │
├───────────────────────────────┼────────────────────────────────────────────────────────────────────────────────────────────────────────────────────────────────────────────────────────────────────────────────────────────┤
│ optuna_output_dir             │                                                                                                                                                                                            │
├───────────────────────────────┼────────────────────────────────────────────────────────────────────────────────────────────────────────────────────────────────────────────────────────────────────────────────────────────┤
│ is_batchlearning              │ True                                                                                                                                                                                       │
├───────────────────────────────┼────────────────────────────────────────────────────────────────────────────────────────────────────────────────────────────────────────────────────────────────────────────────────────────┤
│ iteration                     │ 0                                                                                                                                                                                          │
╘═══════════════════════════════╧════════════════════════════════════════════════════════════════════════════════════════════════════════════════════════════════════════════════════════════════════════════════════════════╛
[Debug] Loading dataset …
[Debug] Parquet dataset ready (preprocessing handled by LocalFilesDataset)
Encoder Module parameters:
+-------------------+--------------------------------------------------------------------------------------------------------------------------------------------------------------------------------------------------------------------------------------------------------------------------------------------------------------------------------------------------------------------------------------------------------------------------------------------------------------------------------------------------------------------------------------------------------------------------------------------------------------------------------------------------------------------------------------------------------------------------------------------------------------------------------------------------------------------------------------------------------------------------------------------------------------------------------------------------------------------------------------------------------------------------------------------------------------------------------------------------------------------------------------------------------------------------------------------------------------------+
|     Parameter     |                                                                                                                                                                                                                                                                                                                                                                                                                                                                                                                                                                                                       Value                                                                                                                                                                                                                                                                                                                                                                                                                                                                                                                                                                                                        |
+-------------------+--------------------------------------------------------------------------------------------------------------------------------------------------------------------------------------------------------------------------------------------------------------------------------------------------------------------------------------------------------------------------------------------------------------------------------------------------------------------------------------------------------------------------------------------------------------------------------------------------------------------------------------------------------------------------------------------------------------------------------------------------------------------------------------------------------------------------------------------------------------------------------------------------------------------------------------------------------------------------------------------------------------------------------------------------------------------------------------------------------------------------------------------------------------------------------------------------------------------+
|    hidden_dim     |                                                                                                                                                                                                                                                                                                                                                                                                                                                                                                                                                                                                         64                                                                                                                                                                                                                                                                                                                                                                                                                                                                                                                                                                                                         |
| idx_num_features  | [0, 1, 2, 3, 4, 5, 6, 7, 8, 9, 10, 11, 12, 13, 14, 15, 16, 17, 18, 19, 20, 21, 22, 23, 24, 25, 26, 27, 28, 29, 30, 31, 32, 33, 34, 35, 36, 37, 38, 39, 40, 41, 42, 43, 44, 45, 46, 47, 48, 49, 50, 51, 52, 53, 54, 55, 56, 57, 58, 59, 60, 61, 62, 63, 64, 65, 66, 67, 68, 69, 70, 71, 72, 73, 74, 75, 76, 77, 78, 79, 80, 81, 82, 83, 84, 85, 86, 87, 88, 89, 90, 91, 92, 93, 94, 95, 96, 97, 98, 99, 100, 101, 102, 103, 104, 105, 106, 107, 108, 109, 110, 111, 112, 113, 114, 115, 116, 117, 118, 119, 120, 121, 122, 123, 124, 125, 126, 127, 128, 129, 130, 131, 132, 133, 134, 135, 136, 137, 138, 139, 140, 141, 142, 143, 144, 145, 146, 147, 148, 149, 150, 151, 152, 153, 154, 155, 156, 157, 158, 159, 160, 161, 162, 163, 164, 165, 166, 167, 168, 169, 170, 171, 172, 173, 174, 175, 176, 177, 178, 179, 180, 181, 182, 183, 184, 185, 186, 187, 188, 189, 190, 191, 192, 193, 194, 195, 196, 197, 198, 199, 200, 201, 202, 203, 204, 205, 206, 207, 208, 209, 210, 211, 212, 213, 214, 215, 216, 217, 218, 219, 220, 221, 222, 223, 224, 225, 226, 227, 228, 229, 230, 231, 232, 233, 234, 235, 236, 237, 238, 239, 240, 241, 242, 243, 244, 245, 246, 247, 248, 249, 250, 251, 252, 253, 254, 255] |
| idx_cat_features  |                                                                                                                                                                                                                                                                                                                                                                                                                                                                                                                                                                                                         []                                                                                                                                                                                                                                                                                                                                                                                                                                                                                                                                                                                                         |
|   cardinalities   |                                                                                                                                                                                                                                                                                                                                                                                                                                                                                                                                                                                                         []                                                                                                                                                                                                                                                                                                                                                                                                                                                                                                                                                                                                         |
| n_input_features  |                                                                                                                                                                                                                                                                                                                                                                                                                                                                                                                                                                                                        256                                                                                                                                                                                                                                                                                                                                                                                                                                                                                                                                                                                                         |
|      device       |                                                                                                                                                                                                                                                                                                                                                                                                                                                                                                                                                                                                       cuda:0                                                                                                                                                                                                                                                                                                                                                                                                                                                                                                                                                                                                       |
|    num_layers     |                                                                                                                                                                                                                                                                                                                                                                                                                                                                                                                                                                                                         4                                                                                                                                                                                                                                                                                                                                                                                                                                                                                                                                                                                                          |
|     num_heads     |                                                                                                                                                                                                                                                                                                                                                                                                                                                                                                                                                                                                         4                                                                                                                                                                                                                                                                                                                                                                                                                                                                                                                                                                                                          |
|     p_dropout     |                                                                                                                                                                                                                                                                                                                                                                                                                                                                                                                                                                                                        0.1                                                                                                                                                                                                                                                                                                                                                                                                                                                                                                                                                                                                         |
|  layer_norm_eps   |                                                                                                                                                                                                                                                                                                                                                                                                                                                                                                                                                                                                       1e-05                                                                                                                                                                                                                                                                                                                                                                                                                                                                                                                                                                                                        |
| gradient_clipping |                                                                                                                                                                                                                                                                                                                                                                                                                                                                                                                                                                                                        1.0                                                                                                                                                                                                                                                                                                                                                                                                                                                                                                                                                                                                         |
|  dim_feedforward  |                                                                                                                                                                                                                                                                                                                                                                                                                                                                                                                                                                                                        256                                                                                                                                                                                                                                                                                                                                                                                                                                                                                                                                                                                                         |
+-------------------+--------------------------------------------------------------------------------------------------------------------------------------------------------------------------------------------------------------------------------------------------------------------------------------------------------------------------------------------------------------------------------------------------------------------------------------------------------------------------------------------------------------------------------------------------------------------------------------------------------------------------------------------------------------------------------------------------------------------------------------------------------------------------------------------------------------------------------------------------------------------------------------------------------------------------------------------------------------------------------------------------------------------------------------------------------------------------------------------------------------------------------------------------------------------------------------------------------------------+
Using feature index embedding (unique embedding for each column).
/home/aminmohamadi_squareup_com/projects/t-jepa-parquet-scaling/src/tjepa_transformer.py:172: UserWarning: enable_nested_tensor is True, but self.use_nested_tensor is False because encoder_layer was not TransformerEncoderLayer
  warnings.warn(
Clipping gradients to value 1.0.
/home/aminmohamadi_squareup_com/projects/t-jepa-parquet-scaling/src/tjepa_transformer.py:172: UserWarning: enable_nested_tensor is True, but self.use_nested_tensor is False because encoder_layer was not TransformerEncoderLayer
  warnings.warn(
Clipping gradients to value 1.0.
Predictors Module parameters:
+-----------------+--------+
|    Parameter    | Value  |
+-----------------+--------+
|   hidden_dim    |   64   |
|  num_features   |  256   |
|   num_layers    |   2    |
|    num_heads    |   4    |
|    p_dropout    |  0.1   |
| layer_norm_eps  | 1e-05  |
|   activation    |  relu  |
| pred_embed_dim  |   64   |
|     device      | cuda:2 |
|  cardinalities  |   []   |
| dim_feedforward |  256   |
+-----------------+--------+
Predictors Module parameters:
+-----------------+--------+
|    Parameter    | Value  |
+-----------------+--------+
|   hidden_dim    |   64   |
|  num_features   |  256   |
|   num_layers    |   2    |
|    num_heads    |   4    |
|    p_dropout    |  0.1   |
| layer_norm_eps  | 1e-05  |
|   activation    |  relu  |
| pred_embed_dim  |   64   |
|     device      | cuda:0 |
|  cardinalities  |   []   |
| dim_feedforward |  256   |
+-----------------+--------+
[Debug] Parquet dataset created: N=3300000, D=256
╒═══════════════════════════════╤════════════════════════════════════════════════════════════════════════════════════════════════════════════════════════════════════════════════════════════════════════════════════════════╕
│ mock                          │ False                                                                                                                                                                                      │
├───────────────────────────────┼────────────────────────────────────────────────────────────────────────────────────────────────────────────────────────────────────────────────────────────────────────────────────────────┤
│ res_dir                       │ ./                                                                                                                                                                                         │
├───────────────────────────────┼────────────────────────────────────────────────────────────────────────────────────────────────────────────────────────────────────────────────────────────────────────────────────────────┤
│ data_path                     │ data                                                                                                                                                                                       │
├───────────────────────────────┼────────────────────────────────────────────────────────────────────────────────────────────────────────────────────────────────────────────────────────────────────────────────────────────┤
│ data_set                      │ parquet_dataset                                                                                                                                                                            │
├───────────────────────────────┼────────────────────────────────────────────────────────────────────────────────────────────────────────────────────────────────────────────────────────────────────────────────────────────┤
│ test_size_ratio               │ 0.0                                                                                                                                                                                        │
├───────────────────────────────┼────────────────────────────────────────────────────────────────────────────────────────────────────────────────────────────────────────────────────────────────────────────────────────────┤
│ val_size_ratio                │ 0.0                                                                                                                                                                                        │
├───────────────────────────────┼────────────────────────────────────────────────────────────────────────────────────────────────────────────────────────────────────────────────────────────────────────────────────────────┤
│ random_state                  │ 42                                                                                                                                                                                         │
├───────────────────────────────┼────────────────────────────────────────────────────────────────────────────────────────────────────────────────────────────────────────────────────────────────────────────────────────────┤
│ full_dataset_cuda             │ False                                                                                                                                                                                      │
├───────────────────────────────┼────────────────────────────────────────────────────────────────────────────────────────────────────────────────────────────────────────────────────────────────────────────────────────────┤
│ verbose                       │ False                                                                                                                                                                                      │
├───────────────────────────────┼────────────────────────────────────────────────────────────────────────────────────────────────────────────────────────────────────────────────────────────────────────────────────────────┤
│ use_parquet_dataset           │ True                                                                                                                                                                                       │
├───────────────────────────────┼────────────────────────────────────────────────────────────────────────────────────────────────────────────────────────────────────────────────────────────────────────────────────────────┤
│ parquet_data_dir              │ /projects/risk-tabular/general_chargebacks/202207-202407-all-positives-negative-ratio-1.0-v0/train                                                                                         │
├───────────────────────────────┼────────────────────────────────────────────────────────────────────────────────────────────────────────────────────────────────────────────────────────────────────────────────────────────┤
│ parquet_data_files            │ chunk_10.parquet,chunk_11.parquet,chunk_12.parquet,chunk_13.parquet,chunk_14.parquet,chunk_15.parquet,chunk_16.parquet,chunk_17.parquet,chunk_18.parquet,chunk_19.parquet,chunk_20.parquet │
├───────────────────────────────┼────────────────────────────────────────────────────────────────────────────────────────────────────────────────────────────────────────────────────────────────────────────────────────────┤
│ parquet_scaling_stats_file    │ /projects/risk-tabular/general_chargebacks/202207-202407-all-positives-negative-ratio-1.0-v0/train/stats_bootstrap.pq                                                                      │
├───────────────────────────────┼────────────────────────────────────────────────────────────────────────────────────────────────────────────────────────────────────────────────────────────────────────────────────────────┤
│ parquet_feature_names_file    │ /projects/risk-tabular/general_chargebacks/20240724_feature_selection/xgboost_importances_seed_1_sample_0.5.csv                                                                            │
├───────────────────────────────┼────────────────────────────────────────────────────────────────────────────────────────────────────────────────────────────────────────────────────────────────────────────────────────────┤
│ parquet_num_features          │ 128                                                                                                                                                                                        │
├───────────────────────────────┼────────────────────────────────────────────────────────────────────────────────────────────────────────────────────────────────────────────────────────────────────────────────────────────┤
│ parquet_target_col            │ target                                                                                                                                                                                     │
├───────────────────────────────┼────────────────────────────────────────────────────────────────────────────────────────────────────────────────────────────────────────────────────────────────────────────────────────────┤
│ parquet_task_type             │ binary_class                                                                                                                                                                               │
├───────────────────────────────┼────────────────────────────────────────────────────────────────────────────────────────────────────────────────────────────────────────────────────────────────────────────────────────────┤
│ parquet_id_col                │ ID                                                                                                                                                                                         │
├───────────────────────────────┼────────────────────────────────────────────────────────────────────────────────────────────────────────────────────────────────────────────────────────────────────────────────────────────┤
│ parquet_preload_data          │ True                                                                                                                                                                                       │
├───────────────────────────────┼────────────────────────────────────────────────────────────────────────────────────────────────────────────────────────────────────────────────────────────────────────────────────────────┤
│ parquet_shuffle               │ True                                                                                                                                                                                       │
├───────────────────────────────┼────────────────────────────────────────────────────────────────────────────────────────────────────────────────────────────────────────────────────────────────────────────────────────────┤
│ parquet_scaling_method        │ IQR                                                                                                                                                                                        │
├───────────────────────────────┼────────────────────────────────────────────────────────────────────────────────────────────────────────────────────────────────────────────────────────────────────────────────────────────┤
│ parquet_infill_value          │ zero                                                                                                                                                                                       │
├───────────────────────────────┼────────────────────────────────────────────────────────────────────────────────────────────────────────────────────────────────────────────────────────────────────────────────────────────┤
│ parquet_transform             │ asinh                                                                                                                                                                                      │
├───────────────────────────────┼────────────────────────────────────────────────────────────────────────────────────────────────────────────────────────────────────────────────────────────────────────────────────────────┤
│ parquet_categorize_nan        │ True                                                                                                                                                                                       │
├───────────────────────────────┼────────────────────────────────────────────────────────────────────────────────────────────────────────────────────────────────────────────────────────────────────────────────────────────┤
│ parquet_clip_min              │                                                                                                                                                                                            │
├───────────────────────────────┼────────────────────────────────────────────────────────────────────────────────────────────────────────────────────────────────────────────────────────────────────────────────────────────┤
│ parquet_clip_max              │                                                                                                                                                                                            │
├───────────────────────────────┼────────────────────────────────────────────────────────────────────────────────────────────────────────────────────────────────────────────────────────────────────────────────────────────┤
│ tag                           │                                                                                                                                                                                            │
├───────────────────────────────┼────────────────────────────────────────────────────────────────────────────────────────────────────────────────────────────────────────────────────────────────────────────────────────────┤
│ project_name                  │ scaled_config_4gpu_test                                                                                                                                                                    │
├───────────────────────────────┼────────────────────────────────────────────────────────────────────────────────────────────────────────────────────────────────────────────────────────────────────────────────────────────┤
│ test                          │ False                                                                                                                                                                                      │
├───────────────────────────────┼────────────────────────────────────────────────────────────────────────────────────────────────────────────────────────────────────────────────────────────────────────────────────────────┤
│ exp_n_runs                    │ 1                                                                                                                                                                                          │
├───────────────────────────────┼────────────────────────────────────────────────────────────────────────────────────────────────────────────────────────────────────────────────────────────────────────────────────────────┤
│ exp_device                    │                                                                                                                                                                                            │
├───────────────────────────────┼────────────────────────────────────────────────────────────────────────────────────────────────────────────────────────────────────────────────────────────────────────────────────────────┤
│ np_seed                       │ 42                                                                                                                                                                                         │
├───────────────────────────────┼────────────────────────────────────────────────────────────────────────────────────────────────────────────────────────────────────────────────────────────────────────────────────────────┤
│ torch_seed                    │ 42                                                                                                                                                                                         │
├───────────────────────────────┼────────────────────────────────────────────────────────────────────────────────────────────────────────────────────────────────────────────────────────────────────────────────────────────┤
│ random                        │ False                                                                                                                                                                                      │
├───────────────────────────────┼────────────────────────────────────────────────────────────────────────────────────────────────────────────────────────────────────────────────────────────────────────────────────────────┤
│ batch_size                    │ 4096                                                                                                                                                                                       │
├───────────────────────────────┼────────────────────────────────────────────────────────────────────────────────────────────────────────────────────────────────────────────────────────────────────────────────────────────┤
│ val_batch_size                │ -1                                                                                                                                                                                         │
├───────────────────────────────┼────────────────────────────────────────────────────────────────────────────────────────────────────────────────────────────────────────────────────────────────────────────────────────────┤
│ exp_train_total_epochs        │ 10                                                                                                                                                                                         │
├───────────────────────────────┼────────────────────────────────────────────────────────────────────────────────────────────────────────────────────────────────────────────────────────────────────────────────────────────┤
│ exp_patience                  │ 10                                                                                                                                                                                         │
├───────────────────────────────┼────────────────────────────────────────────────────────────────────────────────────────────────────────────────────────────────────────────────────────────────────────────────────────────┤
│ log_tensorboard               │ False                                                                                                                                                                                      │
├───────────────────────────────┼────────────────────────────────────────────────────────────────────────────────────────────────────────────────────────────────────────────────────────────────────────────────────────────┤
│ exp_cadence_type              │ improvement                                                                                                                                                                                │
├───────────────────────────────┼────────────────────────────────────────────────────────────────────────────────────────────────────────────────────────────────────────────────────────────────────────────────────────────┤
│ exp_cache_cadence             │ 1                                                                                                                                                                                          │
├───────────────────────────────┼────────────────────────────────────────────────────────────────────────────────────────────────────────────────────────────────────────────────────────────────────────────────────────────┤
│ exp_val_cache_cadence         │ 1                                                                                                                                                                                          │
├───────────────────────────────┼────────────────────────────────────────────────────────────────────────────────────────────────────────────────────────────────────────────────────────────────────────────────────────────┤
│ init_type                     │ kaiming                                                                                                                                                                                    │
├───────────────────────────────┼────────────────────────────────────────────────────────────────────────────────────────────────────────────────────────────────────────────────────────────────────────────────────────────┤
│ exp_scheduler                 │ True                                                                                                                                                                                       │
├───────────────────────────────┼────────────────────────────────────────────────────────────────────────────────────────────────────────────────────────────────────────────────────────────────────────────────────────────┤
│ exp_weight_decay_scheduler    │ True                                                                                                                                                                                       │
├───────────────────────────────┼────────────────────────────────────────────────────────────────────────────────────────────────────────────────────────────────────────────────────────────────────────────────────────────┤
│ exp_start_lr                  │ 0.001                                                                                                                                                                                      │
├───────────────────────────────┼────────────────────────────────────────────────────────────────────────────────────────────────────────────────────────────────────────────────────────────────────────────────────────────┤
│ exp_lr                        │ 0.0002828                                                                                                                                                                                  │
├───────────────────────────────┼────────────────────────────────────────────────────────────────────────────────────────────────────────────────────────────────────────────────────────────────────────────────────────────┤
│ exp_final_lr                  │ 0                                                                                                                                                                                          │
├───────────────────────────────┼────────────────────────────────────────────────────────────────────────────────────────────────────────────────────────────────────────────────────────────────────────────────────────────┤
│ exp_warmup                    │ 0.05                                                                                                                                                                                       │
├───────────────────────────────┼────────────────────────────────────────────────────────────────────────────────────────────────────────────────────────────────────────────────────────────────────────────────────────────┤
│ exp_weight_decay              │ 1e-05                                                                                                                                                                                      │
├───────────────────────────────┼────────────────────────────────────────────────────────────────────────────────────────────────────────────────────────────────────────────────────────────────────────────────────────────┤
│ exp_final_weight_decay        │ 0.01                                                                                                                                                                                       │
├───────────────────────────────┼────────────────────────────────────────────────────────────────────────────────────────────────────────────────────────────────────────────────────────────────────────────────────────────┤
│ exp_ipe_scale                 │ 1.0                                                                                                                                                                                        │
├───────────────────────────────┼────────────────────────────────────────────────────────────────────────────────────────────────────────────────────────────────────────────────────────────────────────────────────────────┤
│ exp_gradient_clipping         │ 1.0                                                                                                                                                                                        │
├───────────────────────────────┼────────────────────────────────────────────────────────────────────────────────────────────────────────────────────────────────────────────────────────────────────────────────────────────┤
│ mp_distributed                │ True                                                                                                                                                                                       │
├───────────────────────────────┼────────────────────────────────────────────────────────────────────────────────────────────────────────────────────────────────────────────────────────────────────────────────────────────┤
│ mp_nodes                      │ 1                                                                                                                                                                                          │
├───────────────────────────────┼────────────────────────────────────────────────────────────────────────────────────────────────────────────────────────────────────────────────────────────────────────────────────────────┤
│ mp_gpus                       │ 4                                                                                                                                                                                          │
├───────────────────────────────┼────────────────────────────────────────────────────────────────────────────────────────────────────────────────────────────────────────────────────────────────────────────────────────────┤
│ mp_nr                         │ 0                                                                                                                                                                                          │
├───────────────────────────────┼────────────────────────────────────────────────────────────────────────────────────────────────────────────────────────────────────────────────────────────────────────────────────────────┤
│ pin_memory                    │ True                                                                                                                                                                                       │
├───────────────────────────────┼────────────────────────────────────────────────────────────────────────────────────────────────────────────────────────────────────────────────────────────────────────────────────────────┤
│ using_embedding               │ False                                                                                                                                                                                      │
├───────────────────────────────┼────────────────────────────────────────────────────────────────────────────────────────────────────────────────────────────────────────────────────────────────────────────────────────────┤
│ model_dtype                   │ float32                                                                                                                                                                                    │
├───────────────────────────────┼────────────────────────────────────────────────────────────────────────────────────────────────────────────────────────────────────────────────────────────────────────────────────────────┤
│ data_loader_nprocs            │ 0                                                                                                                                                                                          │
├───────────────────────────────┼────────────────────────────────────────────────────────────────────────────────────────────────────────────────────────────────────────────────────────────────────────────────────────────┤
│ load_from_checkpoint          │ False                                                                                                                                                                                      │
├───────────────────────────────┼────────────────────────────────────────────────────────────────────────────────────────────────────────────────────────────────────────────────────────────────────────────────────────────┤
│ load_path                     │                                                                                                                                                                                            │
├───────────────────────────────┼────────────────────────────────────────────────────────────────────────────────────────────────────────────────────────────────────────────────────────────────────────────────────────────┤
│ model_amp                     │ False                                                                                                                                                                                      │
├───────────────────────────────┼────────────────────────────────────────────────────────────────────────────────────────────────────────────────────────────────────────────────────────────────────────────────────────────┤
│ model_feature_type_embedding  │ True                                                                                                                                                                                       │
├───────────────────────────────┼────────────────────────────────────────────────────────────────────────────────────────────────────────────────────────────────────────────────────────────────────────────────────────────┤
│ model_feature_index_embedding │ True                                                                                                                                                                                       │
├───────────────────────────────┼────────────────────────────────────────────────────────────────────────────────────────────────────────────────────────────────────────────────────────────────────────────────────────────┤
│ model_dropout_prob            │ 0.1                                                                                                                                                                                        │
├───────────────────────────────┼────────────────────────────────────────────────────────────────────────────────────────────────────────────────────────────────────────────────────────────────────────────────────────────┤
│ model_layer_norm_eps          │ 1e-05                                                                                                                                                                                      │
├───────────────────────────────┼────────────────────────────────────────────────────────────────────────────────────────────────────────────────────────────────────────────────────────────────────────────────────────────┤
│ model_dim_hidden              │ 64                                                                                                                                                                                         │
├───────────────────────────────┼────────────────────────────────────────────────────────────────────────────────────────────────────────────────────────────────────────────────────────────────────────────────────────────┤
│ model_dim_feedforward         │ 256                                                                                                                                                                                        │
├───────────────────────────────┼────────────────────────────────────────────────────────────────────────────────────────────────────────────────────────────────────────────────────────────────────────────────────────────┤
│ model_num_heads               │ 4                                                                                                                                                                                          │
├───────────────────────────────┼────────────────────────────────────────────────────────────────────────────────────────────────────────────────────────────────────────────────────────────────────────────────────────────┤
│ model_num_layers              │ 4                                                                                                                                                                                          │
├───────────────────────────────┼────────────────────────────────────────────────────────────────────────────────────────────────────────────────────────────────────────────────────────────────────────────────────────────┤
│ model_ema_end                 │ 1                                                                                                                                                                                          │
├───────────────────────────────┼────────────────────────────────────────────────────────────────────────────────────────────────────────────────────────────────────────────────────────────────────────────────────────────┤
│ model_ema_start               │ 0.996                                                                                                                                                                                      │
├───────────────────────────────┼────────────────────────────────────────────────────────────────────────────────────────────────────────────────────────────────────────────────────────────────────────────────────────────┤
│ model_act_func                │ relu                                                                                                                                                                                       │
├───────────────────────────────┼────────────────────────────────────────────────────────────────────────────────────────────────────────────────────────────────────────────────────────────────────────────────────────────┤
│ probe_cadence                 │ 5                                                                                                                                                                                          │
├───────────────────────────────┼────────────────────────────────────────────────────────────────────────────────────────────────────────────────────────────────────────────────────────────────────────────────────────────┤
│ probe_model                   │ mlp                                                                                                                                                                                        │
├───────────────────────────────┼────────────────────────────────────────────────────────────────────────────────────────────────────────────────────────────────────────────────────────────────────────────────────────────┤
│ probe_sample_fraction         │ 0.1                                                                                                                                                                                        │
├───────────────────────────────┼────────────────────────────────────────────────────────────────────────────────────────────────────────────────────────────────────────────────────────────────────────────────────────────┤
│ n_cls_tokens                  │ 1                                                                                                                                                                                          │
├───────────────────────────────┼────────────────────────────────────────────────────────────────────────────────────────────────────────────────────────────────────────────────────────────────────────────────────────────┤
│ n_reg_tokens                  │ 1                                                                                                                                                                                          │
├───────────────────────────────┼────────────────────────────────────────────────────────────────────────────────────────────────────────────────────────────────────────────────────────────────────────────────────────────┤
│ pred_type                     │ transformer                                                                                                                                                                                │
├───────────────────────────────┼────────────────────────────────────────────────────────────────────────────────────────────────────────────────────────────────────────────────────────────────────────────────────────────┤
│ pred_num_layers               │ 2                                                                                                                                                                                          │
├───────────────────────────────┼────────────────────────────────────────────────────────────────────────────────────────────────────────────────────────────────────────────────────────────────────────────────────────────┤
│ pred_embed_dim                │ 64                                                                                                                                                                                         │
├───────────────────────────────┼────────────────────────────────────────────────────────────────────────────────────────────────────────────────────────────────────────────────────────────────────────────────────────────┤
│ pred_num_heads                │ 4                                                                                                                                                                                          │
├───────────────────────────────┼────────────────────────────────────────────────────────────────────────────────────────────────────────────────────────────────────────────────────────────────────────────────────────────┤
│ pred_p_dropout                │ 0.1                                                                                                                                                                                        │
├───────────────────────────────┼────────────────────────────────────────────────────────────────────────────────────────────────────────────────────────────────────────────────────────────────────────────────────────────┤
│ pred_layer_norm_eps           │ 1e-05                                                                                                                                                                                      │
├───────────────────────────────┼────────────────────────────────────────────────────────────────────────────────────────────────────────────────────────────────────────────────────────────────────────────────────────────┤
│ pred_activation               │ relu                                                                                                                                                                                       │
├───────────────────────────────┼────────────────────────────────────────────────────────────────────────────────────────────────────────────────────────────────────────────────────────────────────────────────────────────┤
│ pred_dim_feedforward          │ 256                                                                                                                                                                                        │
├───────────────────────────────┼────────────────────────────────────────────────────────────────────────────────────────────────────────────────────────────────────────────────────────────────────────────────────────────┤
│ mask_allow_overlap            │ False                                                                                                                                                                                      │
├───────────────────────────────┼────────────────────────────────────────────────────────────────────────────────────────────────────────────────────────────────────────────────────────────────────────────────────────────┤
│ mask_min_ctx_share            │ 0.2                                                                                                                                                                                        │
├───────────────────────────────┼────────────────────────────────────────────────────────────────────────────────────────────────────────────────────────────────────────────────────────────────────────────────────────────┤
│ mask_max_ctx_share            │ 0.4                                                                                                                                                                                        │
├───────────────────────────────┼────────────────────────────────────────────────────────────────────────────────────────────────────────────────────────────────────────────────────────────────────────────────────────────┤
│ mask_min_trgt_share           │ 0.2                                                                                                                                                                                        │
├───────────────────────────────┼────────────────────────────────────────────────────────────────────────────────────────────────────────────────────────────────────────────────────────────────────────────────────────────┤
│ mask_max_trgt_share           │ 0.4                                                                                                                                                                                        │
├───────────────────────────────┼────────────────────────────────────────────────────────────────────────────────────────────────────────────────────────────────────────────────────────────────────────────────────────────┤
│ mask_num_preds                │ 4                                                                                                                                                                                          │
├───────────────────────────────┼────────────────────────────────────────────────────────────────────────────────────────────────────────────────────────────────────────────────────────────────────────────────────────────┤
│ mask_num_encs                 │ 1                                                                                                                                                                                          │
├───────────────────────────────┼────────────────────────────────────────────────────────────────────────────────────────────────────────────────────────────────────────────────────────────────────────────────────────────┤
│ optuna_study_name             │                                                                                                                                                                                            │
├───────────────────────────────┼────────────────────────────────────────────────────────────────────────────────────────────────────────────────────────────────────────────────────────────────────────────────────────────┤
│ optuna_trial_number           │                                                                                                                                                                                            │
├───────────────────────────────┼────────────────────────────────────────────────────────────────────────────────────────────────────────────────────────────────────────────────────────────────────────────────────────────┤
│ optuna_output_dir             │                                                                                                                                                                                            │
├───────────────────────────────┼────────────────────────────────────────────────────────────────────────────────────────────────────────────────────────────────────────────────────────────────────────────────────────────┤
│ is_batchlearning              │ True                                                                                                                                                                                       │
├───────────────────────────────┼────────────────────────────────────────────────────────────────────────────────────────────────────────────────────────────────────────────────────────────────────────────────────────────┤
│ iteration                     │ 0                                                                                                                                                                                          │
╘═══════════════════════════════╧════════════════════════════════════════════════════════════════════════════════════════════════════════════════════════════════════════════════════════════════════════════════════════════╛
[Debug] Loading dataset …
[Debug] Parquet dataset ready (preprocessing handled by LocalFilesDataset)
Encoder Module parameters:
+-------------------+--------------------------------------------------------------------------------------------------------------------------------------------------------------------------------------------------------------------------------------------------------------------------------------------------------------------------------------------------------------------------------------------------------------------------------------------------------------------------------------------------------------------------------------------------------------------------------------------------------------------------------------------------------------------------------------------------------------------------------------------------------------------------------------------------------------------------------------------------------------------------------------------------------------------------------------------------------------------------------------------------------------------------------------------------------------------------------------------------------------------------------------------------------------------------------------------------------------------+
|     Parameter     |                                                                                                                                                                                                                                                                                                                                                                                                                                                                                                                                                                                                       Value                                                                                                                                                                                                                                                                                                                                                                                                                                                                                                                                                                                                        |
+-------------------+--------------------------------------------------------------------------------------------------------------------------------------------------------------------------------------------------------------------------------------------------------------------------------------------------------------------------------------------------------------------------------------------------------------------------------------------------------------------------------------------------------------------------------------------------------------------------------------------------------------------------------------------------------------------------------------------------------------------------------------------------------------------------------------------------------------------------------------------------------------------------------------------------------------------------------------------------------------------------------------------------------------------------------------------------------------------------------------------------------------------------------------------------------------------------------------------------------------------+
|    hidden_dim     |                                                                                                                                                                                                                                                                                                                                                                                                                                                                                                                                                                                                         64                                                                                                                                                                                                                                                                                                                                                                                                                                                                                                                                                                                                         |
| idx_num_features  | [0, 1, 2, 3, 4, 5, 6, 7, 8, 9, 10, 11, 12, 13, 14, 15, 16, 17, 18, 19, 20, 21, 22, 23, 24, 25, 26, 27, 28, 29, 30, 31, 32, 33, 34, 35, 36, 37, 38, 39, 40, 41, 42, 43, 44, 45, 46, 47, 48, 49, 50, 51, 52, 53, 54, 55, 56, 57, 58, 59, 60, 61, 62, 63, 64, 65, 66, 67, 68, 69, 70, 71, 72, 73, 74, 75, 76, 77, 78, 79, 80, 81, 82, 83, 84, 85, 86, 87, 88, 89, 90, 91, 92, 93, 94, 95, 96, 97, 98, 99, 100, 101, 102, 103, 104, 105, 106, 107, 108, 109, 110, 111, 112, 113, 114, 115, 116, 117, 118, 119, 120, 121, 122, 123, 124, 125, 126, 127, 128, 129, 130, 131, 132, 133, 134, 135, 136, 137, 138, 139, 140, 141, 142, 143, 144, 145, 146, 147, 148, 149, 150, 151, 152, 153, 154, 155, 156, 157, 158, 159, 160, 161, 162, 163, 164, 165, 166, 167, 168, 169, 170, 171, 172, 173, 174, 175, 176, 177, 178, 179, 180, 181, 182, 183, 184, 185, 186, 187, 188, 189, 190, 191, 192, 193, 194, 195, 196, 197, 198, 199, 200, 201, 202, 203, 204, 205, 206, 207, 208, 209, 210, 211, 212, 213, 214, 215, 216, 217, 218, 219, 220, 221, 222, 223, 224, 225, 226, 227, 228, 229, 230, 231, 232, 233, 234, 235, 236, 237, 238, 239, 240, 241, 242, 243, 244, 245, 246, 247, 248, 249, 250, 251, 252, 253, 254, 255] |
| idx_cat_features  |                                                                                                                                                                                                                                                                                                                                                                                                                                                                                                                                                                                                         []                                                                                                                                                                                                                                                                                                                                                                                                                                                                                                                                                                                                         |
|   cardinalities   |                                                                                                                                                                                                                                                                                                                                                                                                                                                                                                                                                                                                         []                                                                                                                                                                                                                                                                                                                                                                                                                                                                                                                                                                                                         |
| n_input_features  |                                                                                                                                                                                                                                                                                                                                                                                                                                                                                                                                                                                                        256                                                                                                                                                                                                                                                                                                                                                                                                                                                                                                                                                                                                         |
|      device       |                                                                                                                                                                                                                                                                                                                                                                                                                                                                                                                                                                                                       cuda:3                                                                                                                                                                                                                                                                                                                                                                                                                                                                                                                                                                                                       |
|    num_layers     |                                                                                                                                                                                                                                                                                                                                                                                                                                                                                                                                                                                                         4                                                                                                                                                                                                                                                                                                                                                                                                                                                                                                                                                                                                          |
|     num_heads     |                                                                                                                                                                                                                                                                                                                                                                                                                                                                                                                                                                                                         4                                                                                                                                                                                                                                                                                                                                                                                                                                                                                                                                                                                                          |
|     p_dropout     |                                                                                                                                                                                                                                                                                                                                                                                                                                                                                                                                                                                                        0.1                                                                                                                                                                                                                                                                                                                                                                                                                                                                                                                                                                                                         |
|  layer_norm_eps   |                                                                                                                                                                                                                                                                                                                                                                                                                                                                                                                                                                                                       1e-05                                                                                                                                                                                                                                                                                                                                                                                                                                                                                                                                                                                                        |
| gradient_clipping |                                                                                                                                                                                                                                                                                                                                                                                                                                                                                                                                                                                                        1.0                                                                                                                                                                                                                                                                                                                                                                                                                                                                                                                                                                                                         |
|  dim_feedforward  |                                                                                                                                                                                                                                                                                                                                                                                                                                                                                                                                                                                                        256                                                                                                                                                                                                                                                                                                                                                                                                                                                                                                                                                                                                         |
+-------------------+--------------------------------------------------------------------------------------------------------------------------------------------------------------------------------------------------------------------------------------------------------------------------------------------------------------------------------------------------------------------------------------------------------------------------------------------------------------------------------------------------------------------------------------------------------------------------------------------------------------------------------------------------------------------------------------------------------------------------------------------------------------------------------------------------------------------------------------------------------------------------------------------------------------------------------------------------------------------------------------------------------------------------------------------------------------------------------------------------------------------------------------------------------------------------------------------------------------------+
Using feature index embedding (unique embedding for each column).
/home/aminmohamadi_squareup_com/projects/t-jepa-parquet-scaling/src/tjepa_transformer.py:172: UserWarning: enable_nested_tensor is True, but self.use_nested_tensor is False because encoder_layer was not TransformerEncoderLayer
  warnings.warn(
Clipping gradients to value 1.0.
Predictors Module parameters:
+-----------------+--------+
|    Parameter    | Value  |
+-----------------+--------+
|   hidden_dim    |   64   |
|  num_features   |  256   |
|   num_layers    |   2    |
|    num_heads    |   4    |
|    p_dropout    |  0.1   |
| layer_norm_eps  | 1e-05  |
|   activation    |  relu  |
| pred_embed_dim  |   64   |
|     device      | cuda:3 |
|  cardinalities  |   []   |
| dim_feedforward |  256   |
+-----------------+--------+
[Debug] Wrapped models in DistributedDataParallel[Debug] Wrapped models in DistributedDataParallel

[Debug] Wrapped models in DistributedDataParallel
[Debug] Wrapped models in DistributedDataParallel
/home/aminmohamadi_squareup_com/projects/t-jepa-parquet-scaling/run.py:232: FutureWarning: `torch.cuda.amp.GradScaler(args...)` is deprecated. Please use `torch.amp.GradScaler('cuda', args...)` instead.
  scaler = GradScaler(enabled=args.model_amp)
/home/aminmohamadi_squareup_com/projects/t-jepa-parquet-scaling/run.py:232: FutureWarning: `torch.cuda.amp.GradScaler(args...)` is deprecated. Please use `torch.amp.GradScaler('cuda', args...)` instead.
  scaler = GradScaler(enabled=args.model_amp)
/home/aminmohamadi_squareup_com/projects/t-jepa-parquet-scaling/run.py:232: FutureWarning: `torch.cuda.amp.GradScaler(args...)` is deprecated. Please use `torch.amp.GradScaler('cuda', args...)` instead.
  scaler = GradScaler(enabled=args.model_amp)
/home/aminmohamadi_squareup_com/projects/t-jepa-parquet-scaling/run.py:232: FutureWarning: `torch.cuda.amp.GradScaler(args...)` is deprecated. Please use `torch.amp.GradScaler('cuda', args...)` instead.
  scaler = GradScaler(enabled=args.model_amp)
MaskCollator params:MaskCollator params:

MaskCollator params:
-----------------  -----
Allow overlap      False
Min context share  0.2
Max context share  0.4
Min target share   0.2
Max target share   0.4
Min context        51
Max context        102
Min target         51
Max target         102
Num preds          4
Num encs           1
Num features       256
Cardinalities      []
-----------------  ----------------------  -----
Allow overlap      False
Min context share  0.2
Max context share  0.4
Min target share   0.2
Max target share   0.4
Min context        51
Max context        102
Min target         51
Max target         102
Num preds          4
Num encs           1
Num features       256
Cardinalities      []
-----------------  -----

[Debug] Building DataLoader …[Debug] Building DataLoader …

-----------------  -----
Allow overlap      False
Min context share  0.2
Max context share  0.4
Min target share   0.2
Max target share   0.4
Min context        51
Max context        102
Min target         51
Max target         102
Num preds          4
Num encs           1
Num features       256
Cardinalities      []
-----------------  -----
[Debug] Building DataLoader …
[Debug] Distributed parquet DataLoader: 202 batches per rank (805 total batches ÷ 4 GPUs)[Debug] Distributed parquet DataLoader: 202 batches per rank (805 total batches ÷ 4 GPUs)

[Debug] DataLoader built[Debug] DataLoader built

[Debug] ipe (iterations per epoch) = 202
[Debug] ipe (iterations per epoch) = 202[Debug] Distributed parquet DataLoader: 202 batches per rank (805 total batches ÷ 4 GPUs)

[Debug] DataLoader built
[Debug] ipe (iterations per epoch) = 202
MaskCollator params:
-----------------  -----
Allow overlap      False
Min context share  0.2
Max context share  0.4
Min target share   0.2
Max target share   0.4
Min context        51
Max context        102
Min target         51
Max target         102
Num preds          4
Num encs           1
Num features       256
Cardinalities      []
-----------------  -----
[Debug] Building DataLoader …
[Debug] Distributed parquet DataLoader: 202 batches per rank (805 total batches ÷ 4 GPUs)
[Debug] DataLoader built
[Debug] ipe (iterations per epoch) = 202
[Debug] Instantiating Trainer
[Debug] Instantiating Trainer
[Debug] Instantiating Trainer
[Debug] is_main_process=True
[Debug] is_main_process=False
[Debug] is_main_process=False
[Debug] Trainer instantiated
Starting training…
[Debug] Trainer instantiated
Starting training…
[Debug] Instantiating Trainer
[Debug] is_main_process=False
[Debug] Trainer instantiated
Starting training…
[Debug] Trainer instantiated
Starting training…
2025/11/12 21:13:55 INFO mlflow.system_metrics.system_metrics_monitor: Started monitoring system metrics.
Running probe at epoch 0
Using last 10% of data for linear probe: 330,000 samples (from index 2,970,000 to 3,300,000)
Generating embedding using: Encoder
  0%|          | 0/81 [00:00<?, ?it/s]/home/aminmohamadi_squareup_com/projects/t-jepa-parquet-scaling/src/encoder.py:273: UserWarning: The use of `x.T` on tensors of dimension other than 2 to reverse their shape is deprecated and it will throw an error in a future release. Consider `x.mT` to transpose batches of matrices or `x.permute(*torch.arange(x.ndim - 1, -1, -1))` to reverse the dimensions of a tensor. (Triggered internally at /pytorch/aten/src/ATen/native/TensorShape.cpp:4416.)
  _debug_values(x[0].T, title="Before linear embedding")
  1%|          | 1/81 [00:00<00:25,  3.17it/s]  2%|▏         | 2/81 [00:00<00:18,  4.22it/s]  4%|▎         | 3/81 [00:00<00:16,  4.76it/s]  5%|▍         | 4/81 [00:00<00:15,  5.06it/s]  6%|▌         | 5/81 [00:01<00:14,  5.22it/s]  7%|▋         | 6/81 [00:01<00:14,  5.34it/s]  9%|▊         | 7/81 [00:01<00:13,  5.43it/s] 10%|▉         | 8/81 [00:01<00:13,  5.48it/s] 11%|█         | 9/81 [00:01<00:13,  5.49it/s] 12%|█▏        | 10/81 [00:01<00:12,  5.51it/s] 14%|█▎        | 11/81 [00:02<00:12,  5.51it/s] 15%|█▍        | 12/81 [00:02<00:12,  5.52it/s] 16%|█▌        | 13/81 [00:02<00:16,  4.23it/s] 17%|█▋        | 14/81 [00:02<00:14,  4.56it/s] 19%|█▊        | 15/81 [00:03<00:13,  4.81it/s] 20%|█▉        | 16/81 [00:03<00:12,  5.02it/s] 21%|██        | 17/81 [00:03<00:12,  5.16it/s] 22%|██▏       | 18/81 [00:03<00:11,  5.28it/s] 23%|██▎       | 19/81 [00:03<00:11,  5.37it/s] 25%|██▍       | 20/81 [00:03<00:11,  5.44it/s] 26%|██▌       | 21/81 [00:04<00:10,  5.48it/s] 27%|██▋       | 22/81 [00:04<00:10,  5.50it/s] 28%|██▊       | 23/81 [00:04<00:10,  5.51it/s] 30%|██▉       | 24/81 [00:04<00:10,  5.52it/s] 31%|███       | 25/81 [00:04<00:10,  5.52it/s] 32%|███▏      | 26/81 [00:04<00:09,  5.51it/s] 33%|███▎      | 27/81 [00:05<00:09,  5.50it/s] 35%|███▍      | 28/81 [00:05<00:12,  4.24it/s] 36%|███▌      | 29/81 [00:05<00:11,  4.54it/s] 37%|███▋      | 30/81 [00:05<00:10,  4.79it/s] 38%|███▊      | 31/81 [00:06<00:10,  4.96it/s] 40%|███▉      | 32/81 [00:06<00:09,  5.12it/s] 41%|████      | 33/81 [00:06<00:09,  5.25it/s] 42%|████▏     | 34/81 [00:06<00:08,  5.32it/s] 43%|████▎     | 35/81 [00:06<00:08,  5.37it/s] 44%|████▍     | 36/81 [00:06<00:08,  5.41it/s] 46%|████▌     | 37/81 [00:07<00:08,  5.45it/s] 47%|████▋     | 38/81 [00:07<00:07,  5.47it/s] 48%|████▊     | 39/81 [00:07<00:07,  5.49it/s] 49%|████▉     | 40/81 [00:07<00:07,  5.52it/s] 51%|█████     | 41/81 [00:07<00:07,  5.53it/s] 52%|█████▏    | 42/81 [00:08<00:09,  4.25it/s] 53%|█████▎    | 43/81 [00:08<00:08,  4.57it/s] 54%|█████▍    | 44/81 [00:08<00:07,  4.83it/s] 56%|█████▌    | 45/81 [00:08<00:07,  5.03it/s] 57%|█████▋    | 46/81 [00:08<00:06,  5.17it/s] 58%|█████▊    | 47/81 [00:09<00:06,  5.25it/s] 59%|█████▉    | 48/81 [00:09<00:06,  5.32it/s] 60%|██████    | 49/81 [00:09<00:05,  5.36it/s] 62%|██████▏   | 50/81 [00:09<00:05,  5.40it/s] 63%|██████▎   | 51/81 [00:09<00:05,  5.43it/s] 64%|██████▍   | 52/81 [00:10<00:05,  5.41it/s] 65%|██████▌   | 53/81 [00:10<00:05,  5.39it/s] 67%|██████▋   | 54/81 [00:10<00:05,  5.40it/s] 68%|██████▊   | 55/81 [00:10<00:04,  5.42it/s] 69%|██████▉   | 56/81 [00:11<00:06,  4.13it/s] 70%|███████   | 57/81 [00:11<00:05,  4.47it/s] 72%|███████▏  | 58/81 [00:11<00:04,  4.73it/s] 73%|███████▎  | 59/81 [00:11<00:04,  4.92it/s] 74%|███████▍  | 60/81 [00:11<00:04,  5.08it/s] 75%|███████▌  | 61/81 [00:11<00:03,  5.19it/s] 77%|███████▋  | 62/81 [00:12<00:03,  5.29it/s] 78%|███████▊  | 63/81 [00:12<00:03,  5.35it/s] 79%|███████▉  | 64/81 [00:12<00:03,  5.39it/s] 80%|████████  | 65/81 [00:12<00:02,  5.42it/s] 81%|████████▏ | 66/81 [00:12<00:02,  5.45it/s] 83%|████████▎ | 67/81 [00:13<00:02,  5.48it/s] 84%|████████▍ | 68/81 [00:13<00:02,  5.51it/s] 85%|████████▌ | 69/81 [00:13<00:02,  5.52it/s] 86%|████████▋ | 70/81 [00:13<00:01,  5.54it/s] 88%|████████▊ | 71/81 [00:13<00:02,  4.35it/s] 89%|████████▉ | 72/81 [00:14<00:01,  4.66it/s] 90%|█████████ | 73/81 [00:14<00:01,  4.89it/s] 91%|█████████▏| 74/81 [00:14<00:01,  5.07it/s] 93%|█████████▎| 75/81 [00:14<00:01,  5.19it/s] 94%|█████████▍| 76/81 [00:14<00:00,  5.29it/s] 95%|█████████▌| 77/81 [00:14<00:00,  5.37it/s] 96%|█████████▋| 78/81 [00:15<00:00,  5.41it/s] 98%|█████████▊| 79/81 [00:15<00:00,  5.44it/s] 99%|█████████▉| 80/81 [00:15<00:00,  5.48it/s]100%|██████████| 81/81 [00:15<00:00,  6.30it/s]100%|██████████| 81/81 [00:15<00:00,  5.18it/s]
Loading mlp
╒══════════════════════╤═════════════════╕
│ dataset_name         │ parquet_dataset │
├──────────────────────┼─────────────────┤
│ encoder_type         │ linear_flatten  │
├──────────────────────┼─────────────────┤
│ exp_lr               │ 0.001           │
├──────────────────────┼─────────────────┤
│ exp_weight_decay     │ 2e-05           │
├──────────────────────┼─────────────────┤
│ input_dim            │ 257             │
├──────────────────────┼─────────────────┤
│ input_embed_dim      │ 64              │
├──────────────────────┼─────────────────┤
│ iterations_per_epoch │ 65              │
├──────────────────────┼─────────────────┤
│ num_epochs           │ 10              │
├──────────────────────┼─────────────────┤
│ out_dim              │ 1               │
├──────────────────────┼─────────────────┤
│ summary_input        │ (4096, 257, 64) │
╘══════════════════════╧═════════════════╛
Model Parameters
╒════════════════════════════════════════════════════╤═════════════════╕
│ Param                                              │ Value           │
╞════════════════════════════════════════════════════╪═════════════════╡
│ emb_dim                                            │ 257             │
├────────────────────────────────────────────────────┼─────────────────┤
│ n_hidden                                           │ 4               │
├────────────────────────────────────────────────────┼─────────────────┤
│ hidden_dim                                         │ 256             │
├────────────────────────────────────────────────────┼─────────────────┤
│ dropout                                            │ 0.1             │
├────────────────────────────────────────────────────┼─────────────────┤
│ out_dim                                            │ 1               │
├────────────────────────────────────────────────────┼─────────────────┤
│ using_embedding                                    │ True            │
├────────────────────────────────────────────────────┼─────────────────┤
│ encoder_type                                       │ linear_flatten  │
├────────────────────────────────────────────────────┼─────────────────┤
│ input_embed_dim                                    │ 64              │
├────────────────────────────────────────────────────┼─────────────────┤
│ training                                           │ True            │
├────────────────────────────────────────────────────┼─────────────────┤
│ prepare_data_per_node                              │ True            │
├────────────────────────────────────────────────────┼─────────────────┤
│ allow_zero_length_dataloader_with_multiple_devices │ False           │
├────────────────────────────────────────────────────┼─────────────────┤
│ _log_hyperparams                                   │ False           │
├────────────────────────────────────────────────────┼─────────────────┤
│ _automatic_optimization                            │ True            │
├────────────────────────────────────────────────────┼─────────────────┤
│ _fabric_optimizers                                 │ []              │
├────────────────────────────────────────────────────┼─────────────────┤
│ lr                                                 │ 0.001           │
├────────────────────────────────────────────────────┼─────────────────┤
│ weight_decay                                       │ 2e-05           │
├────────────────────────────────────────────────────┼─────────────────┤
│ T_max                                              │ 650             │
├────────────────────────────────────────────────────┼─────────────────┤
│ eta_min                                            │ 0.0             │
├────────────────────────────────────────────────────┼─────────────────┤
│ dataset_name                                       │ parquet_dataset │
├────────────────────────────────────────────────────┼─────────────────┤
│ task_type                                          │ binary_class    │
╘════════════════════════════════════════════════════╧═════════════════╛
==========================================================================================
Layer (type:depth-idx)                   Output Shape              Param #
==========================================================================================
MLP                                      [4096, 1]                 --
├─Sequential: 1-1                        [4096, 256]               --
│    └─EncodeEmbeddingFeatures: 2-1      [4096, 257]               --
│    │    └─Linear: 3-1                  [4096, 257]               4,227,393
│    └─Linear: 2-2                       [4096, 256]               66,048
│    └─Sequential: 2-3                   [4096, 256]               --
│    │    └─Linear: 3-2                  [4096, 256]               65,792
│    │    └─ReLU: 3-3                    [4096, 256]               --
│    │    └─Dropout: 3-4                 [4096, 256]               --
│    │    └─BatchNorm1d: 3-5             [4096, 256]               512
│    └─Sequential: 2-4                   [4096, 256]               --
│    │    └─Linear: 3-6                  [4096, 256]               65,792
│    │    └─ReLU: 3-7                    [4096, 256]               --
│    │    └─Dropout: 3-8                 [4096, 256]               --
│    │    └─BatchNorm1d: 3-9             [4096, 256]               512
│    └─Sequential: 2-5                   [4096, 256]               --
│    │    └─Linear: 3-10                 [4096, 256]               65,792
│    │    └─ReLU: 3-11                   [4096, 256]               --
│    │    └─Dropout: 3-12                [4096, 256]               --
│    │    └─BatchNorm1d: 3-13            [4096, 256]               512
├─Linear: 1-2                            [4096, 1]                 257
==========================================================================================
Total params: 4,492,610
Trainable params: 4,492,610
Non-trainable params: 0
Total mult-adds (Units.GIGABYTES): 18.40
==========================================================================================
Input size (MB): 269.48
Forward/backward pass size (MB): 67.17
Params size (MB): 17.97
Estimated Total Size (MB): 354.63
==========================================================================================
GPU available: True (cuda), used: True
TPU available: False, using: 0 TPU cores
HPU available: False, using: 0 HPUs
/home/aminmohamadi_squareup_com/projects/.hermit/python/lib/python3.11/site-packages/torch/__init__.py:1551: UserWarning: Please use the new API settings to control TF32 behavior, such as torch.backends.cudnn.conv.fp32_precision = 'tf32' or torch.backends.cuda.matmul.fp32_precision = 'ieee'. Old settings, e.g, torch.backends.cuda.matmul.allow_tf32 = True, torch.backends.cudnn.allow_tf32 = True, allowTF32CuDNN() and allowTF32CuBLAS() will be deprecated after Pytorch 2.9. Please see https://pytorch.org/docs/main/notes/cuda.html#tensorfloat-32-tf32-on-ampere-and-later-devices (Triggered internally at /pytorch/aten/src/ATen/Context.cpp:80.)
  return _C._get_float32_matmul_precision()
You are using a CUDA device ('NVIDIA H100 80GB HBM3') that has Tensor Cores. To properly utilize them, you should set `torch.set_float32_matmul_precision('medium' | 'high')` which will trade-off precision for performance. For more details, read https://pytorch.org/docs/stable/generated/torch.set_float32_matmul_precision.html#torch.set_float32_matmul_precision
/home/aminmohamadi_squareup_com/projects/.hermit/python/lib/python3.11/site-packages/pytorch_lightning/callbacks/model_checkpoint.py:751: Checkpoint directory /home/aminmohamadi_squareup_com/projects/t-jepa-parquet-scaling/checkpoints exists and is not empty.
LOCAL_RANK: 0 - CUDA_VISIBLE_DEVICES: [0,1,2,3]

  | Name    | Type              | Params | Mode 
------------------------------------------------------
0 | loss    | BCEWithLogitsLoss | 0      | train
1 | head    | Linear            | 257    | train
2 | encoder | Sequential        | 4.5 M  | train
------------------------------------------------------
4.5 M     Trainable params
0         Non-trainable params
4.5 M     Total params
17.970    Total estimated model params size (MB)
21        Modules in train mode
0         Modules in eval mode
/home/aminmohamadi_squareup_com/projects/.hermit/python/lib/python3.11/site-packages/pytorch_lightning/trainer/connectors/data_connector.py:433: The 'val_dataloader' does not have many workers which may be a bottleneck. Consider increasing the value of the `num_workers` argument` to `num_workers=63` in the `DataLoader` to improve performance.
/home/aminmohamadi_squareup_com/projects/.hermit/python/lib/python3.11/site-packages/pytorch_lightning/trainer/connectors/logger_connector/result.py:434: It is recommended to use `self.log('parquet_dataset_val_loss', ..., sync_dist=True)` when logging on epoch level in distributed setting to accumulate the metric across devices.
/home/aminmohamadi_squareup_com/projects/.hermit/python/lib/python3.11/site-packages/pytorch_lightning/trainer/connectors/logger_connector/result.py:434: It is recommended to use `self.log('lr', ..., sync_dist=True)` when logging on epoch level in distributed setting to accumulate the metric across devices.
/home/aminmohamadi_squareup_com/projects/.hermit/python/lib/python3.11/site-packages/pytorch_lightning/trainer/connectors/logger_connector/result.py:434: It is recommended to use `self.log('parquet_dataset_val_accuracy', ..., sync_dist=True)` when logging on epoch level in distributed setting to accumulate the metric across devices.
/home/aminmohamadi_squareup_com/projects/.hermit/python/lib/python3.11/site-packages/pytorch_lightning/trainer/connectors/logger_connector/result.py:434: It is recommended to use `self.log('parquet_dataset_val_precision', ..., sync_dist=True)` when logging on epoch level in distributed setting to accumulate the metric across devices.
/home/aminmohamadi_squareup_com/projects/.hermit/python/lib/python3.11/site-packages/pytorch_lightning/trainer/connectors/logger_connector/result.py:434: It is recommended to use `self.log('parquet_dataset_val_recall', ..., sync_dist=True)` when logging on epoch level in distributed setting to accumulate the metric across devices.
/home/aminmohamadi_squareup_com/projects/.hermit/python/lib/python3.11/site-packages/pytorch_lightning/trainer/connectors/logger_connector/result.py:434: It is recommended to use `self.log('parquet_dataset_val_f1-score', ..., sync_dist=True)` when logging on epoch level in distributed setting to accumulate the metric across devices.
/home/aminmohamadi_squareup_com/projects/.hermit/python/lib/python3.11/site-packages/pytorch_lightning/trainer/connectors/logger_connector/result.py:434: It is recommended to use `self.log('parquet_dataset_val_support', ..., sync_dist=True)` when logging on epoch level in distributed setting to accumulate the metric across devices.
/home/aminmohamadi_squareup_com/projects/.hermit/python/lib/python3.11/site-packages/pytorch_lightning/trainer/connectors/logger_connector/result.py:434: It is recommended to use `self.log('parquet_dataset_val_roc_auc', ..., sync_dist=True)` when logging on epoch level in distributed setting to accumulate the metric across devices.
/home/aminmohamadi_squareup_com/projects/.hermit/python/lib/python3.11/site-packages/pytorch_lightning/trainer/connectors/logger_connector/result.py:434: It is recommended to use `self.log('parquet_dataset_val_score', ..., sync_dist=True)` when logging on epoch level in distributed setting to accumulate the metric across devices.
/home/aminmohamadi_squareup_com/projects/.hermit/python/lib/python3.11/site-packages/pytorch_lightning/trainer/connectors/data_connector.py:433: The 'train_dataloader' does not have many workers which may be a bottleneck. Consider increasing the value of the `num_workers` argument` to `num_workers=63` in the `DataLoader` to improve performance.
Sanity Checking: |          | 0/? [00:00<?, ?it/s]Sanity Checking: |          | 0/? [00:00<?, ?it/s]Sanity Checking DataLoader 0:   0%|          | 0/2 [00:00<?, ?it/s]Sanity Checking DataLoader 0:  50%|█████     | 1/2 [00:00<00:00, 25.68it/s]Sanity Checking DataLoader 0: 100%|██████████| 2/2 [00:00<00:00,  6.01it/s]                                                                           Training: |          | 0/? [00:00<?, ?it/s]Training: |          | 0/? [00:00<?, ?it/s]Epoch 0:   0%|          | 0/65 [00:00<?, ?it/s]Epoch 0:   2%|▏         | 1/65 [00:00<00:13,  4.75it/s]Epoch 0:   2%|▏         | 1/65 [00:00<00:13,  4.74it/s, v_num=5-22]Epoch 0:   3%|▎         | 2/65 [00:00<00:11,  5.71it/s, v_num=5-22]Epoch 0:   3%|▎         | 2/65 [00:00<00:11,  5.71it/s, v_num=5-22]Epoch 0:   5%|▍         | 3/65 [00:00<00:09,  6.24it/s, v_num=5-22]Epoch 0:   5%|▍         | 3/65 [00:00<00:09,  6.24it/s, v_num=5-22]Epoch 0:   6%|▌         | 4/65 [00:00<00:09,  6.54it/s, v_num=5-22]Epoch 0:   6%|▌         | 4/65 [00:00<00:09,  6.54it/s, v_num=5-22]Epoch 0:   8%|▊         | 5/65 [00:00<00:08,  6.75it/s, v_num=5-22]Epoch 0:   8%|▊         | 5/65 [00:00<00:08,  6.74it/s, v_num=5-22]Epoch 0:   9%|▉         | 6/65 [00:00<00:08,  6.89it/s, v_num=5-22]Epoch 0:   9%|▉         | 6/65 [00:00<00:08,  6.88it/s, v_num=5-22]Epoch 0:  11%|█         | 7/65 [00:01<00:08,  6.97it/s, v_num=5-22]Epoch 0:  11%|█         | 7/65 [00:01<00:08,  6.97it/s, v_num=5-22]Epoch 0:  12%|█▏        | 8/65 [00:01<00:08,  7.04it/s, v_num=5-22]Epoch 0:  12%|█▏        | 8/65 [00:01<00:08,  7.04it/s, v_num=5-22]Epoch 0:  14%|█▍        | 9/65 [00:01<00:07,  7.08it/s, v_num=5-22]Epoch 0:  14%|█▍        | 9/65 [00:01<00:07,  7.08it/s, v_num=5-22]Epoch 0:  15%|█▌        | 10/65 [00:01<00:07,  7.11it/s, v_num=5-22]Epoch 0:  15%|█▌        | 10/65 [00:01<00:07,  7.11it/s, v_num=5-22]Epoch 0:  17%|█▋        | 11/65 [00:01<00:08,  6.55it/s, v_num=5-22]Epoch 0:  17%|█▋        | 11/65 [00:01<00:08,  6.55it/s, v_num=5-22]Epoch 0:  18%|█▊        | 12/65 [00:01<00:08,  6.59it/s, v_num=5-22]Epoch 0:  18%|█▊        | 12/65 [00:01<00:08,  6.59it/s, v_num=5-22]Epoch 0:  20%|██        | 13/65 [00:01<00:07,  6.64it/s, v_num=5-22]Epoch 0:  20%|██        | 13/65 [00:01<00:07,  6.64it/s, v_num=5-22]Epoch 0:  22%|██▏       | 14/65 [00:02<00:08,  6.14it/s, v_num=5-22]Epoch 0:  22%|██▏       | 14/65 [00:02<00:08,  6.14it/s, v_num=5-22]Epoch 0:  23%|██▎       | 15/65 [00:02<00:08,  6.21it/s, v_num=5-22]Epoch 0:  23%|██▎       | 15/65 [00:02<00:08,  6.21it/s, v_num=5-22]Epoch 0:  25%|██▍       | 16/65 [00:02<00:07,  6.27it/s, v_num=5-22]Epoch 0:  25%|██▍       | 16/65 [00:02<00:07,  6.27it/s, v_num=5-22]Epoch 0:  26%|██▌       | 17/65 [00:02<00:07,  6.33it/s, v_num=5-22]Epoch 0:  26%|██▌       | 17/65 [00:02<00:07,  6.33it/s, v_num=5-22]Epoch 0:  28%|██▊       | 18/65 [00:02<00:07,  6.38it/s, v_num=5-22]Epoch 0:  28%|██▊       | 18/65 [00:02<00:07,  6.38it/s, v_num=5-22]Epoch 0:  29%|██▉       | 19/65 [00:02<00:07,  6.44it/s, v_num=5-22]Epoch 0:  29%|██▉       | 19/65 [00:02<00:07,  6.44it/s, v_num=5-22]Epoch 0:  31%|███       | 20/65 [00:03<00:06,  6.48it/s, v_num=5-22]Epoch 0:  31%|███       | 20/65 [00:03<00:06,  6.48it/s, v_num=5-22]Epoch 0:  32%|███▏      | 21/65 [00:03<00:07,  6.26it/s, v_num=5-22]Epoch 0:  32%|███▏      | 21/65 [00:03<00:07,  6.26it/s, v_num=5-22]Epoch 0:  34%|███▍      | 22/65 [00:03<00:06,  6.31it/s, v_num=5-22]Epoch 0:  34%|███▍      | 22/65 [00:03<00:06,  6.31it/s, v_num=5-22]Epoch 0:  35%|███▌      | 23/65 [00:03<00:06,  6.36it/s, v_num=5-22]Epoch 0:  35%|███▌      | 23/65 [00:03<00:06,  6.36it/s, v_num=5-22]Epoch 0:  37%|███▋      | 24/65 [00:03<00:06,  6.41it/s, v_num=5-22]Epoch 0:  37%|███▋      | 24/65 [00:03<00:06,  6.41it/s, v_num=5-22]Epoch 0:  38%|███▊      | 25/65 [00:03<00:06,  6.45it/s, v_num=5-22]Epoch 0:  38%|███▊      | 25/65 [00:03<00:06,  6.45it/s, v_num=5-22]Epoch 0:  40%|████      | 26/65 [00:04<00:06,  6.48it/s, v_num=5-22]Epoch 0:  40%|████      | 26/65 [00:04<00:06,  6.48it/s, v_num=5-22]Epoch 0:  42%|████▏     | 27/65 [00:04<00:05,  6.52it/s, v_num=5-22]Epoch 0:  42%|████▏     | 27/65 [00:04<00:05,  6.52it/s, v_num=5-22]Epoch 0:  43%|████▎     | 28/65 [00:04<00:05,  6.55it/s, v_num=5-22]Epoch 0:  43%|████▎     | 28/65 [00:04<00:05,  6.55it/s, v_num=5-22]Epoch 0:  45%|████▍     | 29/65 [00:04<00:05,  6.58it/s, v_num=5-22]Epoch 0:  45%|████▍     | 29/65 [00:04<00:05,  6.58it/s, v_num=5-22]Epoch 0:  46%|████▌     | 30/65 [00:04<00:05,  6.60it/s, v_num=5-22]Epoch 0:  46%|████▌     | 30/65 [00:04<00:05,  6.60it/s, v_num=5-22]Epoch 0:  48%|████▊     | 31/65 [00:04<00:05,  6.46it/s, v_num=5-22]Epoch 0:  48%|████▊     | 31/65 [00:04<00:05,  6.46it/s, v_num=5-22]Epoch 0:  49%|████▉     | 32/65 [00:04<00:05,  6.49it/s, v_num=5-22]Epoch 0:  49%|████▉     | 32/65 [00:04<00:05,  6.49it/s, v_num=5-22]Epoch 0:  51%|█████     | 33/65 [00:05<00:04,  6.51it/s, v_num=5-22]Epoch 0:  51%|█████     | 33/65 [00:05<00:04,  6.51it/s, v_num=5-22]Epoch 0:  52%|█████▏    | 34/65 [00:05<00:04,  6.54it/s, v_num=5-22]Epoch 0:  52%|█████▏    | 34/65 [00:05<00:04,  6.54it/s, v_num=5-22]Epoch 0:  54%|█████▍    | 35/65 [00:05<00:04,  6.56it/s, v_num=5-22]Epoch 0:  54%|█████▍    | 35/65 [00:05<00:04,  6.56it/s, v_num=5-22]Epoch 0:  55%|█████▌    | 36/65 [00:05<00:04,  6.58it/s, v_num=5-22]Epoch 0:  55%|█████▌    | 36/65 [00:05<00:04,  6.58it/s, v_num=5-22]Epoch 0:  57%|█████▋    | 37/65 [00:05<00:04,  6.60it/s, v_num=5-22]Epoch 0:  57%|█████▋    | 37/65 [00:05<00:04,  6.60it/s, v_num=5-22]Epoch 0:  58%|█████▊    | 38/65 [00:05<00:04,  6.63it/s, v_num=5-22]Epoch 0:  58%|█████▊    | 38/65 [00:05<00:04,  6.63it/s, v_num=5-22]Epoch 0:  60%|██████    | 39/65 [00:05<00:03,  6.65it/s, v_num=5-22]Epoch 0:  60%|██████    | 39/65 [00:05<00:03,  6.65it/s, v_num=5-22]Epoch 0:  62%|██████▏   | 40/65 [00:05<00:03,  6.67it/s, v_num=5-22]Epoch 0:  62%|██████▏   | 40/65 [00:06<00:03,  6.67it/s, v_num=5-22]Epoch 0:  63%|██████▎   | 41/65 [00:09<00:05,  4.37it/s, v_num=5-22]Epoch 0:  63%|██████▎   | 41/65 [00:09<00:05,  4.37it/s, v_num=5-22]Epoch 0:  65%|██████▍   | 42/65 [00:09<00:05,  4.41it/s, v_num=5-22]Epoch 0:  65%|██████▍   | 42/65 [00:09<00:05,  4.41it/s, v_num=5-22]Epoch 0:  66%|██████▌   | 43/65 [00:09<00:04,  4.45it/s, v_num=5-22]Epoch 0:  66%|██████▌   | 43/65 [00:09<00:04,  4.45it/s, v_num=5-22]Epoch 0:  68%|██████▊   | 44/65 [00:09<00:04,  4.50it/s, v_num=5-22]Epoch 0:  68%|██████▊   | 44/65 [00:09<00:04,  4.50it/s, v_num=5-22]Epoch 0:  69%|██████▉   | 45/65 [00:09<00:04,  4.54it/s, v_num=5-22]Epoch 0:  69%|██████▉   | 45/65 [00:09<00:04,  4.54it/s, v_num=5-22]Epoch 0:  71%|███████   | 46/65 [00:10<00:04,  4.58it/s, v_num=5-22]Epoch 0:  71%|███████   | 46/65 [00:10<00:04,  4.58it/s, v_num=5-22]Epoch 0:  72%|███████▏  | 47/65 [00:10<00:03,  4.62it/s, v_num=5-22]Epoch 0:  72%|███████▏  | 47/65 [00:10<00:03,  4.62it/s, v_num=5-22]Epoch 0:  74%|███████▍  | 48/65 [00:10<00:03,  4.65it/s, v_num=5-22]Epoch 0:  74%|███████▍  | 48/65 [00:10<00:03,  4.65it/s, v_num=5-22]Epoch 0:  75%|███████▌  | 49/65 [00:10<00:03,  4.69it/s, v_num=5-22]Epoch 0:  75%|███████▌  | 49/65 [00:10<00:03,  4.69it/s, v_num=5-22]Epoch 0:  77%|███████▋  | 50/65 [00:10<00:03,  4.73it/s, v_num=5-22]Epoch 0:  77%|███████▋  | 50/65 [00:10<00:03,  4.73it/s, v_num=5-22]Epoch 0:  78%|███████▊  | 51/65 [00:10<00:02,  4.69it/s, v_num=5-22]Epoch 0:  78%|███████▊  | 51/65 [00:10<00:02,  4.69it/s, v_num=5-22]Epoch 0:  80%|████████  | 52/65 [00:10<00:02,  4.73it/s, v_num=5-22]Epoch 0:  80%|████████  | 52/65 [00:10<00:02,  4.73it/s, v_num=5-22]Epoch 0:  82%|████████▏ | 53/65 [00:11<00:02,  4.76it/s, v_num=5-22]Epoch 0:  82%|████████▏ | 53/65 [00:11<00:02,  4.76it/s, v_num=5-22]Epoch 0:  83%|████████▎ | 54/65 [00:11<00:02,  4.80it/s, v_num=5-22]Epoch 0:  83%|████████▎ | 54/65 [00:11<00:02,  4.80it/s, v_num=5-22]Epoch 0:  85%|████████▍ | 55/65 [00:11<00:02,  4.83it/s, v_num=5-22]Epoch 0:  85%|████████▍ | 55/65 [00:11<00:02,  4.83it/s, v_num=5-22]Epoch 0:  86%|████████▌ | 56/65 [00:11<00:01,  4.86it/s, v_num=5-22]Epoch 0:  86%|████████▌ | 56/65 [00:11<00:01,  4.86it/s, v_num=5-22]Epoch 0:  88%|████████▊ | 57/65 [00:11<00:01,  4.89it/s, v_num=5-22]Epoch 0:  88%|████████▊ | 57/65 [00:11<00:01,  4.89it/s, v_num=5-22]Epoch 0:  89%|████████▉ | 58/65 [00:11<00:01,  4.92it/s, v_num=5-22]Epoch 0:  89%|████████▉ | 58/65 [00:11<00:01,  4.92it/s, v_num=5-22]Epoch 0:  91%|█████████ | 59/65 [00:11<00:01,  4.95it/s, v_num=5-22]Epoch 0:  91%|█████████ | 59/65 [00:11<00:01,  4.95it/s, v_num=5-22]Epoch 0:  92%|█████████▏| 60/65 [00:12<00:01,  4.98it/s, v_num=5-22]Epoch 0:  92%|█████████▏| 60/65 [00:12<00:01,  4.98it/s, v_num=5-22]Epoch 0:  94%|█████████▍| 61/65 [00:12<00:00,  4.95it/s, v_num=5-22]Epoch 0:  94%|█████████▍| 61/65 [00:12<00:00,  4.95it/s, v_num=5-22]Epoch 0:  95%|█████████▌| 62/65 [00:12<00:00,  4.97it/s, v_num=5-22]Epoch 0:  95%|█████████▌| 62/65 [00:12<00:00,  4.97it/s, v_num=5-22]Epoch 0:  97%|█████████▋| 63/65 [00:12<00:00,  5.00it/s, v_num=5-22]Epoch 0:  97%|█████████▋| 63/65 [00:12<00:00,  5.00it/s, v_num=5-22]Epoch 0:  98%|█████████▊| 64/65 [00:12<00:00,  5.03it/s, v_num=5-22]Epoch 0:  98%|█████████▊| 64/65 [00:12<00:00,  5.03it/s, v_num=5-22]Epoch 0: 100%|██████████| 65/65 [00:12<00:00,  5.06it/s, v_num=5-22]Epoch 0: 100%|██████████| 65/65 [00:12<00:00,  5.06it/s, v_num=5-22]
Validation: |          | 0/? [00:00<?, ?it/s][A
Validation: |          | 0/? [00:00<?, ?it/s][A
Validation DataLoader 0:   0%|          | 0/9 [00:00<?, ?it/s][A
Validation DataLoader 0:  11%|█         | 1/9 [00:00<00:00, 51.09it/s][A
Validation DataLoader 0:  22%|██▏       | 2/9 [00:00<00:00, 12.74it/s][A
Validation DataLoader 0:  33%|███▎      | 3/9 [00:00<00:00, 10.24it/s][A
Validation DataLoader 0:  44%|████▍     | 4/9 [00:00<00:00,  9.34it/s][A
Validation DataLoader 0:  56%|█████▌    | 5/9 [00:00<00:00,  6.91it/s][A
Validation DataLoader 0:  67%|██████▋   | 6/9 [00:00<00:00,  6.96it/s][A
Validation DataLoader 0:  78%|███████▊  | 7/9 [00:00<00:00,  7.02it/s][A
Validation DataLoader 0:  89%|████████▉ | 8/9 [00:01<00:00,  7.06it/s][A
Validation DataLoader 0: 100%|██████████| 9/9 [00:01<00:00,  7.70it/s][A
                                                                      [AEpoch 0: 100%|██████████| 65/65 [00:17<00:00,  3.80it/s, v_num=5-22]Epoch 0: 100%|██████████| 65/65 [00:17<00:00,  3.80it/s, v_num=5-22]Epoch 0:   0%|          | 0/65 [00:00<?, ?it/s, v_num=5-22]         Epoch 1:   0%|          | 0/65 [00:00<?, ?it/s, v_num=5-22]Epoch 1:   2%|▏         | 1/65 [00:00<00:09,  6.88it/s, v_num=5-22]Epoch 1:   2%|▏         | 1/65 [00:00<00:09,  6.87it/s, v_num=5-22]Epoch 1:   3%|▎         | 2/65 [00:00<00:08,  7.15it/s, v_num=5-22]Epoch 1:   3%|▎         | 2/65 [00:00<00:08,  7.15it/s, v_num=5-22]Epoch 1:   5%|▍         | 3/65 [00:00<00:08,  7.28it/s, v_num=5-22]Epoch 1:   5%|▍         | 3/65 [00:00<00:08,  7.28it/s, v_num=5-22]Epoch 1:   6%|▌         | 4/65 [00:00<00:08,  7.35it/s, v_num=5-22]Epoch 1:   6%|▌         | 4/65 [00:00<00:08,  7.34it/s, v_num=5-22]Epoch 1:   8%|▊         | 5/65 [00:00<00:08,  7.36it/s, v_num=5-22]Epoch 1:   8%|▊         | 5/65 [00:00<00:08,  7.35it/s, v_num=5-22]Epoch 1:   9%|▉         | 6/65 [00:00<00:09,  6.40it/s, v_num=5-22]Epoch 1:   9%|▉         | 6/65 [00:00<00:09,  6.40it/s, v_num=5-22]Epoch 1:  11%|█         | 7/65 [00:01<00:08,  6.54it/s, v_num=5-22]Epoch 1:  11%|█         | 7/65 [00:01<00:08,  6.54it/s, v_num=5-22]Epoch 1:  12%|█▏        | 8/65 [00:01<00:08,  6.62it/s, v_num=5-22]Epoch 1:  12%|█▏        | 8/65 [00:01<00:08,  6.62it/s, v_num=5-22]Epoch 1:  14%|█▍        | 9/65 [00:01<00:08,  6.72it/s, v_num=5-22]Epoch 1:  14%|█▍        | 9/65 [00:01<00:08,  6.72it/s, v_num=5-22]Epoch 1:  15%|█▌        | 10/65 [00:01<00:08,  6.80it/s, v_num=5-22]Epoch 1:  15%|█▌        | 10/65 [00:01<00:08,  6.80it/s, v_num=5-22]Epoch 1:  17%|█▋        | 11/65 [00:01<00:07,  6.86it/s, v_num=5-22]Epoch 1:  17%|█▋        | 11/65 [00:01<00:07,  6.86it/s, v_num=5-22]Epoch 1:  18%|█▊        | 12/65 [00:01<00:07,  6.90it/s, v_num=5-22]Epoch 1:  18%|█▊        | 12/65 [00:01<00:07,  6.90it/s, v_num=5-22]Epoch 1:  20%|██        | 13/65 [00:01<00:07,  6.95it/s, v_num=5-22]Epoch 1:  20%|██        | 13/65 [00:01<00:07,  6.95it/s, v_num=5-22]Epoch 1:  22%|██▏       | 14/65 [00:02<00:07,  6.94it/s, v_num=5-22]Epoch 1:  22%|██▏       | 14/65 [00:02<00:07,  6.94it/s, v_num=5-22]Epoch 1:  23%|██▎       | 15/65 [00:02<00:07,  6.90it/s, v_num=5-22]Epoch 1:  23%|██▎       | 15/65 [00:02<00:07,  6.90it/s, v_num=5-22]Epoch 1:  25%|██▍       | 16/65 [00:02<00:07,  6.49it/s, v_num=5-22]Epoch 1:  25%|██▍       | 16/65 [00:02<00:07,  6.49it/s, v_num=5-22]Epoch 1:  26%|██▌       | 17/65 [00:02<00:07,  6.50it/s, v_num=5-22]Epoch 1:  26%|██▌       | 17/65 [00:02<00:07,  6.50it/s, v_num=5-22]Epoch 1:  28%|██▊       | 18/65 [00:02<00:07,  6.54it/s, v_num=5-22]Epoch 1:  28%|██▊       | 18/65 [00:02<00:07,  6.54it/s, v_num=5-22]Epoch 1:  29%|██▉       | 19/65 [00:02<00:06,  6.58it/s, v_num=5-22]Epoch 1:  29%|██▉       | 19/65 [00:02<00:06,  6.58it/s, v_num=5-22]Epoch 1:  31%|███       | 20/65 [00:03<00:06,  6.62it/s, v_num=5-22]Epoch 1:  31%|███       | 20/65 [00:03<00:06,  6.62it/s, v_num=5-22]Epoch 1:  32%|███▏      | 21/65 [00:03<00:06,  6.66it/s, v_num=5-22]Epoch 1:  32%|███▏      | 21/65 [00:03<00:06,  6.66it/s, v_num=5-22]Epoch 1:  34%|███▍      | 22/65 [00:03<00:06,  6.69it/s, v_num=5-22]Epoch 1:  34%|███▍      | 22/65 [00:03<00:06,  6.69it/s, v_num=5-22]Epoch 1:  35%|███▌      | 23/65 [00:03<00:06,  6.73it/s, v_num=5-22]Epoch 1:  35%|███▌      | 23/65 [00:03<00:06,  6.73it/s, v_num=5-22]Epoch 1:  37%|███▋      | 24/65 [00:03<00:06,  6.76it/s, v_num=5-22]Epoch 1:  37%|███▋      | 24/65 [00:03<00:06,  6.76it/s, v_num=5-22]Epoch 1:  38%|███▊      | 25/65 [00:03<00:05,  6.78it/s, v_num=5-22]Epoch 1:  38%|███▊      | 25/65 [00:03<00:05,  6.78it/s, v_num=5-22]Epoch 1:  40%|████      | 26/65 [00:03<00:05,  6.59it/s, v_num=5-22]Epoch 1:  40%|████      | 26/65 [00:03<00:05,  6.59it/s, v_num=5-22]Epoch 1:  42%|████▏     | 27/65 [00:04<00:05,  6.62it/s, v_num=5-22]Epoch 1:  42%|████▏     | 27/65 [00:04<00:05,  6.62it/s, v_num=5-22]Epoch 1:  43%|████▎     | 28/65 [00:04<00:05,  6.64it/s, v_num=5-22]Epoch 1:  43%|████▎     | 28/65 [00:04<00:05,  6.64it/s, v_num=5-22]Epoch 1:  45%|████▍     | 29/65 [00:04<00:05,  6.66it/s, v_num=5-22]Epoch 1:  45%|████▍     | 29/65 [00:04<00:05,  6.66it/s, v_num=5-22]Epoch 1:  46%|████▌     | 30/65 [00:04<00:05,  6.69it/s, v_num=5-22]Epoch 1:  46%|████▌     | 30/65 [00:04<00:05,  6.69it/s, v_num=5-22]Epoch 1:  48%|████▊     | 31/65 [00:04<00:05,  6.71it/s, v_num=5-22]Epoch 1:  48%|████▊     | 31/65 [00:04<00:05,  6.71it/s, v_num=5-22]Epoch 1:  49%|████▉     | 32/65 [00:04<00:04,  6.72it/s, v_num=5-22]Epoch 1:  49%|████▉     | 32/65 [00:04<00:04,  6.72it/s, v_num=5-22]Epoch 1:  51%|█████     | 33/65 [00:04<00:04,  6.74it/s, v_num=5-22]Epoch 1:  51%|█████     | 33/65 [00:04<00:04,  6.74it/s, v_num=5-22]Epoch 1:  52%|█████▏    | 34/65 [00:05<00:04,  6.76it/s, v_num=5-22]Epoch 1:  52%|█████▏    | 34/65 [00:05<00:04,  6.76it/s, v_num=5-22]Epoch 1:  54%|█████▍    | 35/65 [00:05<00:04,  6.78it/s, v_num=5-22]Epoch 1:  54%|█████▍    | 35/65 [00:05<00:04,  6.78it/s, v_num=5-22]Epoch 1:  55%|█████▌    | 36/65 [00:05<00:04,  6.64it/s, v_num=5-22]Epoch 1:  55%|█████▌    | 36/65 [00:05<00:04,  6.64it/s, v_num=5-22]Epoch 1:  57%|█████▋    | 37/65 [00:05<00:04,  6.66it/s, v_num=5-22]Epoch 1:  57%|█████▋    | 37/65 [00:05<00:04,  6.66it/s, v_num=5-22]Epoch 1:  58%|█████▊    | 38/65 [00:05<00:04,  6.68it/s, v_num=5-22]Epoch 1:  58%|█████▊    | 38/65 [00:05<00:04,  6.68it/s, v_num=5-22]Epoch 1:  60%|██████    | 39/65 [00:05<00:03,  6.70it/s, v_num=5-22]Epoch 1:  60%|██████    | 39/65 [00:05<00:03,  6.70it/s, v_num=5-22]Epoch 1:  62%|██████▏   | 40/65 [00:05<00:03,  6.72it/s, v_num=5-22]Epoch 1:  62%|██████▏   | 40/65 [00:05<00:03,  6.72it/s, v_num=5-22]Epoch 1:  63%|██████▎   | 41/65 [00:06<00:03,  6.73it/s, v_num=5-22]Epoch 1:  63%|██████▎   | 41/65 [00:06<00:03,  6.73it/s, v_num=5-22]Epoch 1:  65%|██████▍   | 42/65 [00:06<00:03,  6.75it/s, v_num=5-22]Epoch 1:  65%|██████▍   | 42/65 [00:06<00:03,  6.75it/s, v_num=5-22]Epoch 1:  66%|██████▌   | 43/65 [00:06<00:03,  6.77it/s, v_num=5-22]Epoch 1:  66%|██████▌   | 43/65 [00:06<00:03,  6.77it/s, v_num=5-22]Epoch 1:  68%|██████▊   | 44/65 [00:06<00:03,  6.78it/s, v_num=5-22]Epoch 1:  68%|██████▊   | 44/65 [00:06<00:03,  6.78it/s, v_num=5-22]Epoch 1:  69%|██████▉   | 45/65 [00:06<00:02,  6.80it/s, v_num=5-22]Epoch 1:  69%|██████▉   | 45/65 [00:06<00:02,  6.80it/s, v_num=5-22]Epoch 1:  71%|███████   | 46/65 [00:06<00:02,  6.70it/s, v_num=5-22]Epoch 1:  71%|███████   | 46/65 [00:06<00:02,  6.70it/s, v_num=5-22]Epoch 1:  72%|███████▏  | 47/65 [00:07<00:02,  6.56it/s, v_num=5-22]Epoch 1:  72%|███████▏  | 47/65 [00:07<00:02,  6.56it/s, v_num=5-22]Epoch 1:  74%|███████▍  | 48/65 [00:07<00:02,  6.57it/s, v_num=5-22]Epoch 1:  74%|███████▍  | 48/65 [00:07<00:02,  6.57it/s, v_num=5-22]Epoch 1:  75%|███████▌  | 49/65 [00:07<00:02,  6.60it/s, v_num=5-22]Epoch 1:  75%|███████▌  | 49/65 [00:07<00:02,  6.59it/s, v_num=5-22]Epoch 1:  77%|███████▋  | 50/65 [00:07<00:02,  6.61it/s, v_num=5-22]Epoch 1:  77%|███████▋  | 50/65 [00:07<00:02,  6.61it/s, v_num=5-22]Epoch 1:  78%|███████▊  | 51/65 [00:07<00:02,  6.63it/s, v_num=5-22]Epoch 1:  78%|███████▊  | 51/65 [00:07<00:02,  6.63it/s, v_num=5-22]Epoch 1:  80%|████████  | 52/65 [00:07<00:01,  6.64it/s, v_num=5-22]Epoch 1:  80%|████████  | 52/65 [00:07<00:01,  6.64it/s, v_num=5-22]Epoch 1:  82%|████████▏ | 53/65 [00:07<00:01,  6.65it/s, v_num=5-22]Epoch 1:  82%|████████▏ | 53/65 [00:07<00:01,  6.65it/s, v_num=5-22]Epoch 1:  83%|████████▎ | 54/65 [00:08<00:01,  6.67it/s, v_num=5-22]Epoch 1:  83%|████████▎ | 54/65 [00:08<00:01,  6.67it/s, v_num=5-22]Epoch 1:  85%|████████▍ | 55/65 [00:08<00:01,  6.68it/s, v_num=5-22]Epoch 1:  85%|████████▍ | 55/65 [00:08<00:01,  6.68it/s, v_num=5-22]Epoch 1:  86%|████████▌ | 56/65 [00:09<00:01,  5.72it/s, v_num=5-22]Epoch 1:  86%|████████▌ | 56/65 [00:09<00:01,  5.72it/s, v_num=5-22]Epoch 1:  88%|████████▊ | 57/65 [00:09<00:01,  5.74it/s, v_num=5-22]Epoch 1:  88%|████████▊ | 57/65 [00:09<00:01,  5.74it/s, v_num=5-22]Epoch 1:  89%|████████▉ | 58/65 [00:10<00:01,  5.77it/s, v_num=5-22]Epoch 1:  89%|████████▉ | 58/65 [00:10<00:01,  5.77it/s, v_num=5-22]Epoch 1:  91%|█████████ | 59/65 [00:10<00:01,  5.79it/s, v_num=5-22]Epoch 1:  91%|█████████ | 59/65 [00:10<00:01,  5.79it/s, v_num=5-22]Epoch 1:  92%|█████████▏| 60/65 [00:10<00:00,  5.81it/s, v_num=5-22]Epoch 1:  92%|█████████▏| 60/65 [00:10<00:00,  5.81it/s, v_num=5-22]Epoch 1:  94%|█████████▍| 61/65 [00:10<00:00,  5.83it/s, v_num=5-22]Epoch 1:  94%|█████████▍| 61/65 [00:10<00:00,  5.83it/s, v_num=5-22]Epoch 1:  95%|█████████▌| 62/65 [00:10<00:00,  5.86it/s, v_num=5-22]Epoch 1:  95%|█████████▌| 62/65 [00:10<00:00,  5.85it/s, v_num=5-22]Epoch 1:  97%|█████████▋| 63/65 [00:10<00:00,  5.87it/s, v_num=5-22]Epoch 1:  97%|█████████▋| 63/65 [00:10<00:00,  5.87it/s, v_num=5-22]Epoch 1:  98%|█████████▊| 64/65 [00:10<00:00,  5.89it/s, v_num=5-22]Epoch 1:  98%|█████████▊| 64/65 [00:10<00:00,  5.89it/s, v_num=5-22]Epoch 1: 100%|██████████| 65/65 [00:10<00:00,  5.95it/s, v_num=5-22]Epoch 1: 100%|██████████| 65/65 [00:10<00:00,  5.95it/s, v_num=5-22]
Validation: |          | 0/? [00:00<?, ?it/s][A
Validation: |          | 0/? [00:00<?, ?it/s][A
Validation DataLoader 0:   0%|          | 0/9 [00:00<?, ?it/s][A
Validation DataLoader 0:  11%|█         | 1/9 [00:00<00:00, 51.73it/s][A
Validation DataLoader 0:  22%|██▏       | 2/9 [00:00<00:00, 12.96it/s][A
Validation DataLoader 0:  33%|███▎      | 3/9 [00:00<00:00, 10.36it/s][A
Validation DataLoader 0:  44%|████▍     | 4/9 [00:00<00:00,  9.43it/s][A
Validation DataLoader 0:  56%|█████▌    | 5/9 [00:00<00:00,  8.89it/s][A
Validation DataLoader 0:  67%|██████▋   | 6/9 [00:00<00:00,  8.57it/s][A
Validation DataLoader 0:  78%|███████▊  | 7/9 [00:00<00:00,  8.36it/s][A
Validation DataLoader 0:  89%|████████▉ | 8/9 [00:00<00:00,  8.20it/s][A
Validation DataLoader 0: 100%|██████████| 9/9 [00:00<00:00,  9.08it/s][A
                                                                      [AEpoch 1: 100%|██████████| 65/65 [00:12<00:00,  5.28it/s, v_num=5-22]Epoch 1: 100%|██████████| 65/65 [00:12<00:00,  5.28it/s, v_num=5-22]Epoch 1:   0%|          | 0/65 [00:00<?, ?it/s, v_num=5-22]         Epoch 2:   0%|          | 0/65 [00:00<?, ?it/s, v_num=5-22]Epoch 2:   2%|▏         | 1/65 [00:00<00:09,  6.55it/s, v_num=5-22]Epoch 2:   2%|▏         | 1/65 [00:00<00:09,  6.55it/s, v_num=5-22]Epoch 2:   3%|▎         | 2/65 [00:00<00:09,  6.92it/s, v_num=5-22]Epoch 2:   3%|▎         | 2/65 [00:00<00:09,  6.91it/s, v_num=5-22]Epoch 2:   5%|▍         | 3/65 [00:00<00:08,  7.09it/s, v_num=5-22]Epoch 2:   5%|▍         | 3/65 [00:00<00:08,  7.09it/s, v_num=5-22]Epoch 2:   6%|▌         | 4/65 [00:00<00:08,  7.20it/s, v_num=5-22]Epoch 2:   6%|▌         | 4/65 [00:00<00:08,  7.19it/s, v_num=5-22]Epoch 2:   8%|▊         | 5/65 [00:00<00:08,  7.24it/s, v_num=5-22]Epoch 2:   8%|▊         | 5/65 [00:00<00:08,  7.24it/s, v_num=5-22]Epoch 2:   9%|▉         | 6/65 [00:00<00:08,  7.28it/s, v_num=5-22]Epoch 2:   9%|▉         | 6/65 [00:00<00:08,  7.27it/s, v_num=5-22]Epoch 2:  11%|█         | 7/65 [00:00<00:07,  7.33it/s, v_num=5-22]Epoch 2:  11%|█         | 7/65 [00:00<00:07,  7.32it/s, v_num=5-22]Epoch 2:  12%|█▏        | 8/65 [00:01<00:07,  7.37it/s, v_num=5-22]Epoch 2:  12%|█▏        | 8/65 [00:01<00:07,  7.37it/s, v_num=5-22]Epoch 2:  14%|█▍        | 9/65 [00:01<00:07,  7.39it/s, v_num=5-22]Epoch 2:  14%|█▍        | 9/65 [00:01<00:07,  7.39it/s, v_num=5-22]Epoch 2:  15%|█▌        | 10/65 [00:01<00:07,  7.40it/s, v_num=5-22]Epoch 2:  15%|█▌        | 10/65 [00:01<00:07,  7.40it/s, v_num=5-22]Epoch 2:  17%|█▋        | 11/65 [00:03<00:15,  3.43it/s, v_num=5-22]Epoch 2:  17%|█▋        | 11/65 [00:03<00:15,  3.43it/s, v_num=5-22]Epoch 2:  18%|█▊        | 12/65 [00:03<00:14,  3.59it/s, v_num=5-22]Epoch 2:  18%|█▊        | 12/65 [00:03<00:14,  3.59it/s, v_num=5-22]Epoch 2:  20%|██        | 13/65 [00:03<00:13,  3.74it/s, v_num=5-22]Epoch 2:  20%|██        | 13/65 [00:03<00:13,  3.74it/s, v_num=5-22]Epoch 2:  22%|██▏       | 14/65 [00:03<00:13,  3.87it/s, v_num=5-22]Epoch 2:  22%|██▏       | 14/65 [00:03<00:13,  3.87it/s, v_num=5-22]Epoch 2:  23%|██▎       | 15/65 [00:03<00:12,  4.00it/s, v_num=5-22]Epoch 2:  23%|██▎       | 15/65 [00:03<00:12,  4.00it/s, v_num=5-22]Epoch 2:  25%|██▍       | 16/65 [00:03<00:11,  4.11it/s, v_num=5-22]Epoch 2:  25%|██▍       | 16/65 [00:03<00:11,  4.11it/s, v_num=5-22]Epoch 2:  26%|██▌       | 17/65 [00:04<00:11,  4.23it/s, v_num=5-22]Epoch 2:  26%|██▌       | 17/65 [00:04<00:11,  4.23it/s, v_num=5-22]Epoch 2:  28%|██▊       | 18/65 [00:04<00:10,  4.33it/s, v_num=5-22]Epoch 2:  28%|██▊       | 18/65 [00:04<00:10,  4.33it/s, v_num=5-22]Epoch 2:  29%|██▉       | 19/65 [00:04<00:10,  4.42it/s, v_num=5-22]Epoch 2:  29%|██▉       | 19/65 [00:04<00:10,  4.42it/s, v_num=5-22]Epoch 2:  31%|███       | 20/65 [00:04<00:09,  4.52it/s, v_num=5-22]Epoch 2:  31%|███       | 20/65 [00:04<00:09,  4.52it/s, v_num=5-22]Epoch 2:  32%|███▏      | 21/65 [00:04<00:09,  4.47it/s, v_num=5-22]Epoch 2:  32%|███▏      | 21/65 [00:04<00:09,  4.47it/s, v_num=5-22]Epoch 2:  34%|███▍      | 22/65 [00:04<00:09,  4.55it/s, v_num=5-22]Epoch 2:  34%|███▍      | 22/65 [00:04<00:09,  4.55it/s, v_num=5-22]Epoch 2:  35%|███▌      | 23/65 [00:05<00:09,  4.45it/s, v_num=5-22]Epoch 2:  35%|███▌      | 23/65 [00:05<00:09,  4.45it/s, v_num=5-22]Epoch 2:  37%|███▋      | 24/65 [00:05<00:09,  4.53it/s, v_num=5-22]Epoch 2:  37%|███▋      | 24/65 [00:05<00:09,  4.53it/s, v_num=5-22]Epoch 2:  38%|███▊      | 25/65 [00:05<00:08,  4.60it/s, v_num=5-22]Epoch 2:  38%|███▊      | 25/65 [00:05<00:08,  4.59it/s, v_num=5-22]Epoch 2:  40%|████      | 26/65 [00:05<00:08,  4.66it/s, v_num=5-22]Epoch 2:  40%|████      | 26/65 [00:05<00:08,  4.66it/s, v_num=5-22]Epoch 2:  42%|████▏     | 27/65 [00:05<00:08,  4.72it/s, v_num=5-22]Epoch 2:  42%|████▏     | 27/65 [00:05<00:08,  4.72it/s, v_num=5-22]Epoch 2:  43%|████▎     | 28/65 [00:05<00:07,  4.79it/s, v_num=5-22]Epoch 2:  43%|████▎     | 28/65 [00:05<00:07,  4.79it/s, v_num=5-22]Epoch 2:  45%|████▍     | 29/65 [00:05<00:07,  4.85it/s, v_num=5-22]Epoch 2:  45%|████▍     | 29/65 [00:05<00:07,  4.85it/s, v_num=5-22]Epoch 2:  46%|████▌     | 30/65 [00:06<00:07,  4.91it/s, v_num=5-22]Epoch 2:  46%|████▌     | 30/65 [00:06<00:07,  4.91it/s, v_num=5-22]Epoch 2:  48%|████▊     | 31/65 [00:06<00:06,  4.86it/s, v_num=5-22]Epoch 2:  48%|████▊     | 31/65 [00:06<00:06,  4.86it/s, v_num=5-22]Epoch 2:  49%|████▉     | 32/65 [00:06<00:06,  4.91it/s, v_num=5-22]Epoch 2:  49%|████▉     | 32/65 [00:06<00:06,  4.91it/s, v_num=5-22]Epoch 2:  51%|█████     | 33/65 [00:06<00:06,  4.95it/s, v_num=5-22]Epoch 2:  51%|█████     | 33/65 [00:06<00:06,  4.95it/s, v_num=5-22]Epoch 2:  52%|█████▏    | 34/65 [00:06<00:06,  5.00it/s, v_num=5-22]Epoch 2:  52%|█████▏    | 34/65 [00:06<00:06,  5.00it/s, v_num=5-22]Epoch 2:  54%|█████▍    | 35/65 [00:06<00:05,  5.05it/s, v_num=5-22]Epoch 2:  54%|█████▍    | 35/65 [00:06<00:05,  5.05it/s, v_num=5-22]Epoch 2:  55%|█████▌    | 36/65 [00:07<00:05,  5.09it/s, v_num=5-22]Epoch 2:  55%|█████▌    | 36/65 [00:07<00:05,  5.09it/s, v_num=5-22]Epoch 2:  57%|█████▋    | 37/65 [00:07<00:05,  5.14it/s, v_num=5-22]Epoch 2:  57%|█████▋    | 37/65 [00:07<00:05,  5.14it/s, v_num=5-22]Epoch 2:  58%|█████▊    | 38/65 [00:07<00:05,  5.18it/s, v_num=5-22]Epoch 2:  58%|█████▊    | 38/65 [00:07<00:05,  5.18it/s, v_num=5-22]Epoch 2:  60%|██████    | 39/65 [00:07<00:04,  5.22it/s, v_num=5-22]Epoch 2:  60%|██████    | 39/65 [00:07<00:04,  5.22it/s, v_num=5-22]Epoch 2:  62%|██████▏   | 40/65 [00:07<00:04,  5.25it/s, v_num=5-22]Epoch 2:  62%|██████▏   | 40/65 [00:07<00:04,  5.25it/s, v_num=5-22]Epoch 2:  63%|██████▎   | 41/65 [00:09<00:05,  4.55it/s, v_num=5-22]Epoch 2:  63%|██████▎   | 41/65 [00:09<00:05,  4.55it/s, v_num=5-22]Epoch 2:  65%|██████▍   | 42/65 [00:09<00:05,  4.60it/s, v_num=5-22]Epoch 2:  65%|██████▍   | 42/65 [00:09<00:05,  4.60it/s, v_num=5-22]Epoch 2:  66%|██████▌   | 43/65 [00:09<00:04,  4.64it/s, v_num=5-22]Epoch 2:  66%|██████▌   | 43/65 [00:09<00:04,  4.64it/s, v_num=5-22]Epoch 2:  68%|██████▊   | 44/65 [00:09<00:04,  4.68it/s, v_num=5-22]Epoch 2:  68%|██████▊   | 44/65 [00:09<00:04,  4.68it/s, v_num=5-22]Epoch 2:  69%|██████▉   | 45/65 [00:09<00:04,  4.72it/s, v_num=5-22]Epoch 2:  69%|██████▉   | 45/65 [00:09<00:04,  4.72it/s, v_num=5-22]Epoch 2:  71%|███████   | 46/65 [00:09<00:03,  4.75it/s, v_num=5-22]Epoch 2:  71%|███████   | 46/65 [00:09<00:03,  4.75it/s, v_num=5-22]Epoch 2:  72%|███████▏  | 47/65 [00:09<00:03,  4.79it/s, v_num=5-22]Epoch 2:  72%|███████▏  | 47/65 [00:09<00:03,  4.79it/s, v_num=5-22]Epoch 2:  74%|███████▍  | 48/65 [00:09<00:03,  4.83it/s, v_num=5-22]Epoch 2:  74%|███████▍  | 48/65 [00:09<00:03,  4.83it/s, v_num=5-22]Epoch 2:  75%|███████▌  | 49/65 [00:10<00:03,  4.86it/s, v_num=5-22]Epoch 2:  75%|███████▌  | 49/65 [00:10<00:03,  4.86it/s, v_num=5-22]Epoch 2:  77%|███████▋  | 50/65 [00:10<00:03,  4.89it/s, v_num=5-22]Epoch 2:  77%|███████▋  | 50/65 [00:10<00:03,  4.89it/s, v_num=5-22]Epoch 2:  78%|███████▊  | 51/65 [00:10<00:02,  4.87it/s, v_num=5-22]Epoch 2:  78%|███████▊  | 51/65 [00:10<00:02,  4.87it/s, v_num=5-22]Epoch 2:  80%|████████  | 52/65 [00:10<00:02,  4.91it/s, v_num=5-22]Epoch 2:  80%|████████  | 52/65 [00:10<00:02,  4.91it/s, v_num=5-22]Epoch 2:  82%|████████▏ | 53/65 [00:10<00:02,  4.94it/s, v_num=5-22]Epoch 2:  82%|████████▏ | 53/65 [00:10<00:02,  4.94it/s, v_num=5-22]Epoch 2:  83%|████████▎ | 54/65 [00:10<00:02,  4.97it/s, v_num=5-22]Epoch 2:  83%|████████▎ | 54/65 [00:10<00:02,  4.97it/s, v_num=5-22]Epoch 2:  85%|████████▍ | 55/65 [00:10<00:01,  5.00it/s, v_num=5-22]Epoch 2:  85%|████████▍ | 55/65 [00:10<00:01,  5.00it/s, v_num=5-22]Epoch 2:  86%|████████▌ | 56/65 [00:11<00:01,  5.03it/s, v_num=5-22]Epoch 2:  86%|████████▌ | 56/65 [00:11<00:01,  5.03it/s, v_num=5-22]Epoch 2:  88%|████████▊ | 57/65 [00:11<00:01,  5.06it/s, v_num=5-22]Epoch 2:  88%|████████▊ | 57/65 [00:11<00:01,  5.06it/s, v_num=5-22]Epoch 2:  89%|████████▉ | 58/65 [00:11<00:01,  5.09it/s, v_num=5-22]Epoch 2:  89%|████████▉ | 58/65 [00:11<00:01,  5.09it/s, v_num=5-22]Epoch 2:  91%|█████████ | 59/65 [00:11<00:01,  5.12it/s, v_num=5-22]Epoch 2:  91%|█████████ | 59/65 [00:11<00:01,  5.12it/s, v_num=5-22]Epoch 2:  92%|█████████▏| 60/65 [00:11<00:00,  5.15it/s, v_num=5-22]Epoch 2:  92%|█████████▏| 60/65 [00:11<00:00,  5.15it/s, v_num=5-22]Epoch 2:  94%|█████████▍| 61/65 [00:11<00:00,  5.13it/s, v_num=5-22]Epoch 2:  94%|█████████▍| 61/65 [00:11<00:00,  5.13it/s, v_num=5-22]Epoch 2:  95%|█████████▌| 62/65 [00:12<00:00,  5.15it/s, v_num=5-22]Epoch 2:  95%|█████████▌| 62/65 [00:12<00:00,  5.15it/s, v_num=5-22]Epoch 2:  97%|█████████▋| 63/65 [00:12<00:00,  5.18it/s, v_num=5-22]Epoch 2:  97%|█████████▋| 63/65 [00:12<00:00,  5.18it/s, v_num=5-22]Epoch 2:  98%|█████████▊| 64/65 [00:12<00:00,  5.21it/s, v_num=5-22]Epoch 2:  98%|█████████▊| 64/65 [00:12<00:00,  5.21it/s, v_num=5-22]Epoch 2: 100%|██████████| 65/65 [00:12<00:00,  5.26it/s, v_num=5-22]Epoch 2: 100%|██████████| 65/65 [00:12<00:00,  5.26it/s, v_num=5-22]
Validation: |          | 0/? [00:00<?, ?it/s][A
Validation: |          | 0/? [00:00<?, ?it/s][A
Validation DataLoader 0:   0%|          | 0/9 [00:00<?, ?it/s][A
Validation DataLoader 0:  11%|█         | 1/9 [00:00<00:00, 52.42it/s][A
Validation DataLoader 0:  22%|██▏       | 2/9 [00:00<00:00, 12.99it/s][A
Validation DataLoader 0:  33%|███▎      | 3/9 [00:00<00:00,  6.82it/s][A
Validation DataLoader 0:  44%|████▍     | 4/9 [00:00<00:00,  6.89it/s][A
Validation DataLoader 0:  56%|█████▌    | 5/9 [00:00<00:00,  6.95it/s][A
Validation DataLoader 0:  67%|██████▋   | 6/9 [00:00<00:00,  7.01it/s][A
Validation DataLoader 0:  78%|███████▊  | 7/9 [00:00<00:00,  7.06it/s][A
Validation DataLoader 0:  89%|████████▉ | 8/9 [00:01<00:00,  7.10it/s][A
Validation DataLoader 0: 100%|██████████| 9/9 [00:01<00:00,  7.89it/s][A
                                                                      [AEpoch 2: 100%|██████████| 65/65 [00:15<00:00,  4.33it/s, v_num=5-22]Epoch 2: 100%|██████████| 65/65 [00:15<00:00,  4.33it/s, v_num=5-22]Epoch 2:   0%|          | 0/65 [00:00<?, ?it/s, v_num=5-22]         Epoch 3:   0%|          | 0/65 [00:00<?, ?it/s, v_num=5-22]Epoch 3:   2%|▏         | 1/65 [00:00<00:09,  6.99it/s, v_num=5-22]Epoch 3:   2%|▏         | 1/65 [00:00<00:09,  6.98it/s, v_num=5-22]Epoch 3:   3%|▎         | 2/65 [00:00<00:08,  7.28it/s, v_num=5-22]Epoch 3:   3%|▎         | 2/65 [00:00<00:08,  7.28it/s, v_num=5-22]Epoch 3:   5%|▍         | 3/65 [00:00<00:08,  7.36it/s, v_num=5-22]Epoch 3:   5%|▍         | 3/65 [00:00<00:08,  7.35it/s, v_num=5-22]Epoch 3:   6%|▌         | 4/65 [00:00<00:08,  7.40it/s, v_num=5-22]Epoch 3:   6%|▌         | 4/65 [00:00<00:08,  7.39it/s, v_num=5-22]Epoch 3:   8%|▊         | 5/65 [00:00<00:08,  7.34it/s, v_num=5-22]Epoch 3:   8%|▊         | 5/65 [00:00<00:08,  7.34it/s, v_num=5-22]Epoch 3:   9%|▉         | 6/65 [00:04<00:42,  1.40it/s, v_num=5-22]Epoch 3:   9%|▉         | 6/65 [00:04<00:42,  1.40it/s, v_num=5-22]Epoch 3:  11%|█         | 7/65 [00:04<00:36,  1.59it/s, v_num=5-22]Epoch 3:  11%|█         | 7/65 [00:04<00:36,  1.58it/s, v_num=5-22]Epoch 3:  12%|█▏        | 8/65 [00:04<00:32,  1.76it/s, v_num=5-22]Epoch 3:  12%|█▏        | 8/65 [00:04<00:32,  1.76it/s, v_num=5-22]Epoch 3:  14%|█▍        | 9/65 [00:04<00:29,  1.92it/s, v_num=5-22]Epoch 3:  14%|█▍        | 9/65 [00:04<00:29,  1.92it/s, v_num=5-22]Epoch 3:  15%|█▌        | 10/65 [00:04<00:26,  2.08it/s, v_num=5-22]Epoch 3:  15%|█▌        | 10/65 [00:04<00:26,  2.08it/s, v_num=5-22]Epoch 3:  17%|█▋        | 11/65 [00:04<00:24,  2.22it/s, v_num=5-22]Epoch 3:  17%|█▋        | 11/65 [00:04<00:24,  2.22it/s, v_num=5-22]Epoch 3:  18%|█▊        | 12/65 [00:05<00:22,  2.36it/s, v_num=5-22]Epoch 3:  18%|█▊        | 12/65 [00:05<00:22,  2.36it/s, v_num=5-22]Epoch 3:  20%|██        | 13/65 [00:05<00:20,  2.49it/s, v_num=5-22]Epoch 3:  20%|██        | 13/65 [00:05<00:20,  2.49it/s, v_num=5-22]Epoch 3:  22%|██▏       | 14/65 [00:05<00:19,  2.62it/s, v_num=5-22]Epoch 3:  22%|██▏       | 14/65 [00:05<00:19,  2.62it/s, v_num=5-22]Epoch 3:  23%|██▎       | 15/65 [00:05<00:18,  2.74it/s, v_num=5-22]Epoch 3:  23%|██▎       | 15/65 [00:05<00:18,  2.74it/s, v_num=5-22]Epoch 3:  25%|██▍       | 16/65 [00:05<00:17,  2.79it/s, v_num=5-22]Epoch 3:  25%|██▍       | 16/65 [00:05<00:17,  2.79it/s, v_num=5-22]Epoch 3:  26%|██▌       | 17/65 [00:05<00:16,  2.90it/s, v_num=5-22]Epoch 3:  26%|██▌       | 17/65 [00:05<00:16,  2.90it/s, v_num=5-22]Epoch 3:  28%|██▊       | 18/65 [00:05<00:15,  3.00it/s, v_num=5-22]Epoch 3:  28%|██▊       | 18/65 [00:05<00:15,  3.00it/s, v_num=5-22]Epoch 3:  29%|██▉       | 19/65 [00:06<00:14,  3.10it/s, v_num=5-22]Epoch 3:  29%|██▉       | 19/65 [00:06<00:14,  3.10it/s, v_num=5-22]Epoch 3:  31%|███       | 20/65 [00:06<00:14,  3.20it/s, v_num=5-22]Epoch 3:  31%|███       | 20/65 [00:06<00:14,  3.20it/s, v_num=5-22]Epoch 3:  32%|███▏      | 21/65 [00:06<00:13,  3.29it/s, v_num=5-22]Epoch 3:  32%|███▏      | 21/65 [00:06<00:13,  3.29it/s, v_num=5-22]Epoch 3:  34%|███▍      | 22/65 [00:06<00:12,  3.37it/s, v_num=5-22]Epoch 3:  34%|███▍      | 22/65 [00:06<00:12,  3.37it/s, v_num=5-22]Epoch 3:  35%|███▌      | 23/65 [00:06<00:12,  3.46it/s, v_num=5-22]Epoch 3:  35%|███▌      | 23/65 [00:06<00:12,  3.46it/s, v_num=5-22]Epoch 3:  37%|███▋      | 24/65 [00:06<00:11,  3.54it/s, v_num=5-22]Epoch 3:  37%|███▋      | 24/65 [00:06<00:11,  3.54it/s, v_num=5-22]Epoch 3:  38%|███▊      | 25/65 [00:06<00:11,  3.62it/s, v_num=5-22]Epoch 3:  38%|███▊      | 25/65 [00:06<00:11,  3.62it/s, v_num=5-22]Epoch 3:  40%|████      | 26/65 [00:07<00:10,  3.63it/s, v_num=5-22]Epoch 3:  40%|████      | 26/65 [00:07<00:10,  3.63it/s, v_num=5-22]Epoch 3:  42%|████▏     | 27/65 [00:07<00:10,  3.70it/s, v_num=5-22]Epoch 3:  42%|████▏     | 27/65 [00:07<00:10,  3.70it/s, v_num=5-22]Epoch 3:  43%|████▎     | 28/65 [00:07<00:09,  3.76it/s, v_num=5-22]Epoch 3:  43%|████▎     | 28/65 [00:07<00:09,  3.76it/s, v_num=5-22]Epoch 3:  45%|████▍     | 29/65 [00:07<00:09,  3.83it/s, v_num=5-22]Epoch 3:  45%|████▍     | 29/65 [00:07<00:09,  3.83it/s, v_num=5-22]Epoch 3:  46%|████▌     | 30/65 [00:07<00:08,  3.90it/s, v_num=5-22]Epoch 3:  46%|████▌     | 30/65 [00:07<00:08,  3.90it/s, v_num=5-22]Epoch 3:  48%|████▊     | 31/65 [00:07<00:08,  3.96it/s, v_num=5-22]Epoch 3:  48%|████▊     | 31/65 [00:07<00:08,  3.96it/s, v_num=5-22]Epoch 3:  49%|████▉     | 32/65 [00:07<00:08,  4.02it/s, v_num=5-22]Epoch 3:  49%|████▉     | 32/65 [00:07<00:08,  4.02it/s, v_num=5-22]Epoch 3:  51%|█████     | 33/65 [00:08<00:07,  4.08it/s, v_num=5-22]Epoch 3:  51%|█████     | 33/65 [00:08<00:07,  4.08it/s, v_num=5-22]Epoch 3:  52%|█████▏    | 34/65 [00:08<00:07,  4.14it/s, v_num=5-22]Epoch 3:  52%|█████▏    | 34/65 [00:08<00:07,  4.14it/s, v_num=5-22]Epoch 3:  54%|█████▍    | 35/65 [00:08<00:07,  4.19it/s, v_num=5-22]Epoch 3:  54%|█████▍    | 35/65 [00:08<00:07,  4.19it/s, v_num=5-22]Epoch 3:  55%|█████▌    | 36/65 [00:08<00:06,  4.16it/s, v_num=5-22]Epoch 3:  55%|█████▌    | 36/65 [00:08<00:06,  4.16it/s, v_num=5-22]Epoch 3:  57%|█████▋    | 37/65 [00:08<00:06,  4.21it/s, v_num=5-22]Epoch 3:  57%|█████▋    | 37/65 [00:08<00:06,  4.21it/s, v_num=5-22]Epoch 3:  58%|█████▊    | 38/65 [00:08<00:06,  4.26it/s, v_num=5-22]Epoch 3:  58%|█████▊    | 38/65 [00:08<00:06,  4.26it/s, v_num=5-22]Epoch 3:  60%|██████    | 39/65 [00:09<00:06,  4.31it/s, v_num=5-22]Epoch 3:  60%|██████    | 39/65 [00:09<00:06,  4.31it/s, v_num=5-22]Epoch 3:  62%|██████▏   | 40/65 [00:09<00:05,  4.35it/s, v_num=5-22]Epoch 3:  62%|██████▏   | 40/65 [00:09<00:05,  4.35it/s, v_num=5-22]Epoch 3:  63%|██████▎   | 41/65 [00:09<00:05,  4.40it/s, v_num=5-22]Epoch 3:  63%|██████▎   | 41/65 [00:09<00:05,  4.40it/s, v_num=5-22]Epoch 3:  65%|██████▍   | 42/65 [00:09<00:05,  4.44it/s, v_num=5-22]Epoch 3:  65%|██████▍   | 42/65 [00:09<00:05,  4.44it/s, v_num=5-22]Epoch 3:  66%|██████▌   | 43/65 [00:09<00:04,  4.49it/s, v_num=5-22]Epoch 3:  66%|██████▌   | 43/65 [00:09<00:04,  4.49it/s, v_num=5-22]Epoch 3:  68%|██████▊   | 44/65 [00:09<00:04,  4.53it/s, v_num=5-22]Epoch 3:  68%|██████▊   | 44/65 [00:09<00:04,  4.53it/s, v_num=5-22]Epoch 3:  69%|██████▉   | 45/65 [00:09<00:04,  4.56it/s, v_num=5-22]Epoch 3:  69%|██████▉   | 45/65 [00:09<00:04,  4.56it/s, v_num=5-22]Epoch 3:  71%|███████   | 46/65 [00:10<00:04,  4.55it/s, v_num=5-22]Epoch 3:  71%|███████   | 46/65 [00:10<00:04,  4.55it/s, v_num=5-22]Epoch 3:  72%|███████▏  | 47/65 [00:10<00:03,  4.59it/s, v_num=5-22]Epoch 3:  72%|███████▏  | 47/65 [00:10<00:03,  4.59it/s, v_num=5-22]Epoch 3:  74%|███████▍  | 48/65 [00:10<00:03,  4.62it/s, v_num=5-22]Epoch 3:  74%|███████▍  | 48/65 [00:10<00:03,  4.62it/s, v_num=5-22]Epoch 3:  75%|███████▌  | 49/65 [00:10<00:03,  4.66it/s, v_num=5-22]Epoch 3:  75%|███████▌  | 49/65 [00:10<00:03,  4.66it/s, v_num=5-22]Epoch 3:  77%|███████▋  | 50/65 [00:10<00:03,  4.70it/s, v_num=5-22]Epoch 3:  77%|███████▋  | 50/65 [00:10<00:03,  4.70it/s, v_num=5-22]Epoch 3:  78%|███████▊  | 51/65 [00:10<00:03,  4.66it/s, v_num=5-22]Epoch 3:  78%|███████▊  | 51/65 [00:10<00:03,  4.66it/s, v_num=5-22]Epoch 3:  80%|████████  | 52/65 [00:11<00:02,  4.70it/s, v_num=5-22]Epoch 3:  80%|████████  | 52/65 [00:11<00:02,  4.70it/s, v_num=5-22]Epoch 3:  82%|████████▏ | 53/65 [00:11<00:02,  4.73it/s, v_num=5-22]Epoch 3:  82%|████████▏ | 53/65 [00:11<00:02,  4.73it/s, v_num=5-22]Epoch 3:  83%|████████▎ | 54/65 [00:11<00:02,  4.76it/s, v_num=5-22]Epoch 3:  83%|████████▎ | 54/65 [00:11<00:02,  4.76it/s, v_num=5-22]Epoch 3:  85%|████████▍ | 55/65 [00:11<00:02,  4.80it/s, v_num=5-22]Epoch 3:  85%|████████▍ | 55/65 [00:11<00:02,  4.80it/s, v_num=5-22]Epoch 3:  86%|████████▌ | 56/65 [00:11<00:01,  4.78it/s, v_num=5-22]Epoch 3:  86%|████████▌ | 56/65 [00:11<00:01,  4.78it/s, v_num=5-22]Epoch 3:  88%|████████▊ | 57/65 [00:11<00:01,  4.81it/s, v_num=5-22]Epoch 3:  88%|████████▊ | 57/65 [00:11<00:01,  4.81it/s, v_num=5-22]Epoch 3:  89%|████████▉ | 58/65 [00:11<00:01,  4.84it/s, v_num=5-22]Epoch 3:  89%|████████▉ | 58/65 [00:11<00:01,  4.84it/s, v_num=5-22]Epoch 3:  91%|█████████ | 59/65 [00:12<00:01,  4.87it/s, v_num=5-22]Epoch 3:  91%|█████████ | 59/65 [00:12<00:01,  4.87it/s, v_num=5-22]Epoch 3:  92%|█████████▏| 60/65 [00:12<00:01,  4.90it/s, v_num=5-22]Epoch 3:  92%|█████████▏| 60/65 [00:12<00:01,  4.90it/s, v_num=5-22]Epoch 3:  94%|█████████▍| 61/65 [00:12<00:00,  4.93it/s, v_num=5-22]Epoch 3:  94%|█████████▍| 61/65 [00:12<00:00,  4.93it/s, v_num=5-22]Epoch 3:  95%|█████████▌| 62/65 [00:12<00:00,  4.95it/s, v_num=5-22]Epoch 3:  95%|█████████▌| 62/65 [00:12<00:00,  4.95it/s, v_num=5-22]Epoch 3:  97%|█████████▋| 63/65 [00:12<00:00,  4.98it/s, v_num=5-22]Epoch 3:  97%|█████████▋| 63/65 [00:12<00:00,  4.98it/s, v_num=5-22]Epoch 3:  98%|█████████▊| 64/65 [00:12<00:00,  5.01it/s, v_num=5-22]Epoch 3:  98%|█████████▊| 64/65 [00:12<00:00,  5.01it/s, v_num=5-22]Epoch 3: 100%|██████████| 65/65 [00:12<00:00,  5.06it/s, v_num=5-22]Epoch 3: 100%|██████████| 65/65 [00:12<00:00,  5.06it/s, v_num=5-22]
Validation: |          | 0/? [00:00<?, ?it/s][A
Validation: |          | 0/? [00:00<?, ?it/s][A
Validation DataLoader 0:   0%|          | 0/9 [00:00<?, ?it/s][A
Validation DataLoader 0:  11%|█         | 1/9 [00:00<00:00, 52.08it/s][A
Validation DataLoader 0:  22%|██▏       | 2/9 [00:00<00:00, 12.77it/s][A
Validation DataLoader 0:  33%|███▎      | 3/9 [00:00<00:00, 10.31it/s][A
Validation DataLoader 0:  44%|████▍     | 4/9 [00:00<00:00,  9.38it/s][A
Validation DataLoader 0:  56%|█████▌    | 5/9 [00:00<00:00,  8.87it/s][A
Validation DataLoader 0:  67%|██████▋   | 6/9 [00:00<00:00,  8.50it/s][A
Validation DataLoader 0:  78%|███████▊  | 7/9 [00:00<00:00,  8.31it/s][A
Validation DataLoader 0:  89%|████████▉ | 8/9 [00:00<00:00,  8.19it/s][A
Validation DataLoader 0: 100%|██████████| 9/9 [00:00<00:00,  9.08it/s][A
                                                                      [AEpoch 3: 100%|██████████| 65/65 [00:16<00:00,  4.04it/s, v_num=5-22]Epoch 3: 100%|██████████| 65/65 [00:16<00:00,  4.04it/s, v_num=5-22]Epoch 3:   0%|          | 0/65 [00:00<?, ?it/s, v_num=5-22]         Epoch 4:   0%|          | 0/65 [00:00<?, ?it/s, v_num=5-22]Epoch 4:   2%|▏         | 1/65 [00:00<00:09,  6.91it/s, v_num=5-22]Epoch 4:   2%|▏         | 1/65 [00:00<00:09,  6.90it/s, v_num=5-22]Epoch 4:   3%|▎         | 2/65 [00:00<00:08,  7.03it/s, v_num=5-22]Epoch 4:   3%|▎         | 2/65 [00:00<00:08,  7.03it/s, v_num=5-22]Epoch 4:   5%|▍         | 3/65 [00:00<00:08,  7.15it/s, v_num=5-22]Epoch 4:   5%|▍         | 3/65 [00:00<00:08,  7.15it/s, v_num=5-22]Epoch 4:   6%|▌         | 4/65 [00:00<00:08,  7.27it/s, v_num=5-22]Epoch 4:   6%|▌         | 4/65 [00:00<00:08,  7.26it/s, v_num=5-22]Epoch 4:   8%|▊         | 5/65 [00:00<00:08,  7.29it/s, v_num=5-22]Epoch 4:   8%|▊         | 5/65 [00:00<00:08,  7.29it/s, v_num=5-22]Epoch 4:   9%|▉         | 6/65 [00:00<00:08,  7.30it/s, v_num=5-22]Epoch 4:   9%|▉         | 6/65 [00:00<00:08,  7.30it/s, v_num=5-22]Epoch 4:  11%|█         | 7/65 [00:00<00:07,  7.35it/s, v_num=5-22]Epoch 4:  11%|█         | 7/65 [00:00<00:07,  7.35it/s, v_num=5-22]Epoch 4:  12%|█▏        | 8/65 [00:01<00:07,  7.39it/s, v_num=5-22]Epoch 4:  12%|█▏        | 8/65 [00:01<00:07,  7.39it/s, v_num=5-22]Epoch 4:  14%|█▍        | 9/65 [00:01<00:07,  7.42it/s, v_num=5-22]Epoch 4:  14%|█▍        | 9/65 [00:01<00:07,  7.42it/s, v_num=5-22]Epoch 4:  15%|█▌        | 10/65 [00:01<00:07,  7.45it/s, v_num=5-22]Epoch 4:  15%|█▌        | 10/65 [00:01<00:07,  7.45it/s, v_num=5-22]Epoch 4:  17%|█▋        | 11/65 [00:02<00:13,  4.10it/s, v_num=5-22]Epoch 4:  17%|█▋        | 11/65 [00:02<00:13,  4.10it/s, v_num=5-22]Epoch 4:  18%|█▊        | 12/65 [00:02<00:12,  4.26it/s, v_num=5-22]Epoch 4:  18%|█▊        | 12/65 [00:02<00:12,  4.26it/s, v_num=5-22]Epoch 4:  20%|██        | 13/65 [00:02<00:11,  4.41it/s, v_num=5-22]Epoch 4:  20%|██        | 13/65 [00:02<00:11,  4.41it/s, v_num=5-22]Epoch 4:  22%|██▏       | 14/65 [00:03<00:11,  4.54it/s, v_num=5-22]Epoch 4:  22%|██▏       | 14/65 [00:03<00:11,  4.54it/s, v_num=5-22]Epoch 4:  23%|██▎       | 15/65 [00:03<00:10,  4.67it/s, v_num=5-22]Epoch 4:  23%|██▎       | 15/65 [00:03<00:10,  4.67it/s, v_num=5-22]Epoch 4:  25%|██▍       | 16/65 [00:03<00:10,  4.78it/s, v_num=5-22]Epoch 4:  25%|██▍       | 16/65 [00:03<00:10,  4.78it/s, v_num=5-22]Epoch 4:  26%|██▌       | 17/65 [00:03<00:09,  4.89it/s, v_num=5-22]Epoch 4:  26%|██▌       | 17/65 [00:03<00:09,  4.89it/s, v_num=5-22]Epoch 4:  28%|██▊       | 18/65 [00:03<00:09,  4.99it/s, v_num=5-22]Epoch 4:  28%|██▊       | 18/65 [00:03<00:09,  4.99it/s, v_num=5-22]Epoch 4:  29%|██▉       | 19/65 [00:03<00:09,  5.08it/s, v_num=5-22]Epoch 4:  29%|██▉       | 19/65 [00:03<00:09,  5.08it/s, v_num=5-22]Epoch 4:  31%|███       | 20/65 [00:03<00:08,  5.17it/s, v_num=5-22]Epoch 4:  31%|███       | 20/65 [00:03<00:08,  5.17it/s, v_num=5-22]Epoch 4:  32%|███▏      | 21/65 [00:04<00:08,  5.10it/s, v_num=5-22]Epoch 4:  32%|███▏      | 21/65 [00:04<00:08,  5.10it/s, v_num=5-22]Epoch 4:  34%|███▍      | 22/65 [00:04<00:08,  5.18it/s, v_num=5-22]Epoch 4:  34%|███▍      | 22/65 [00:04<00:08,  5.18it/s, v_num=5-22]Epoch 4:  35%|███▌      | 23/65 [00:04<00:07,  5.25it/s, v_num=5-22]Epoch 4:  35%|███▌      | 23/65 [00:04<00:07,  5.25it/s, v_num=5-22]Epoch 4:  37%|███▋      | 24/65 [00:04<00:07,  5.32it/s, v_num=5-22]Epoch 4:  37%|███▋      | 24/65 [00:04<00:07,  5.32it/s, v_num=5-22]Epoch 4:  38%|███▊      | 25/65 [00:04<00:07,  5.38it/s, v_num=5-22]Epoch 4:  38%|███▊      | 25/65 [00:04<00:07,  5.38it/s, v_num=5-22]Epoch 4:  40%|████      | 26/65 [00:04<00:07,  5.26it/s, v_num=5-22]Epoch 4:  40%|████      | 26/65 [00:04<00:07,  5.26it/s, v_num=5-22]Epoch 4:  42%|████▏     | 27/65 [00:05<00:07,  5.32it/s, v_num=5-22]Epoch 4:  42%|████▏     | 27/65 [00:05<00:07,  5.32it/s, v_num=5-22]Epoch 4:  43%|████▎     | 28/65 [00:05<00:06,  5.38it/s, v_num=5-22]Epoch 4:  43%|████▎     | 28/65 [00:05<00:06,  5.38it/s, v_num=5-22]Epoch 4:  45%|████▍     | 29/65 [00:05<00:06,  5.44it/s, v_num=5-22]Epoch 4:  45%|████▍     | 29/65 [00:05<00:06,  5.44it/s, v_num=5-22]Epoch 4:  46%|████▌     | 30/65 [00:05<00:06,  5.49it/s, v_num=5-22]Epoch 4:  46%|████▌     | 30/65 [00:05<00:06,  5.49it/s, v_num=5-22]Epoch 4:  48%|████▊     | 31/65 [00:05<00:06,  5.41it/s, v_num=5-22]Epoch 4:  48%|████▊     | 31/65 [00:05<00:06,  5.41it/s, v_num=5-22]Epoch 4:  49%|████▉     | 32/65 [00:05<00:06,  5.46it/s, v_num=5-22]Epoch 4:  49%|████▉     | 32/65 [00:05<00:06,  5.46it/s, v_num=5-22]Epoch 4:  51%|█████     | 33/65 [00:05<00:05,  5.51it/s, v_num=5-22]Epoch 4:  51%|█████     | 33/65 [00:05<00:05,  5.51it/s, v_num=5-22]Epoch 4:  52%|█████▏    | 34/65 [00:06<00:05,  5.55it/s, v_num=5-22]Epoch 4:  52%|█████▏    | 34/65 [00:06<00:05,  5.55it/s, v_num=5-22]Epoch 4:  54%|█████▍    | 35/65 [00:06<00:05,  5.60it/s, v_num=5-22]Epoch 4:  54%|█████▍    | 35/65 [00:06<00:05,  5.60it/s, v_num=5-22]Epoch 4:  55%|█████▌    | 36/65 [00:06<00:05,  5.64it/s, v_num=5-22]Epoch 4:  55%|█████▌    | 36/65 [00:06<00:05,  5.64it/s, v_num=5-22]Epoch 4:  57%|█████▋    | 37/65 [00:06<00:04,  5.68it/s, v_num=5-22]Epoch 4:  57%|█████▋    | 37/65 [00:06<00:04,  5.68it/s, v_num=5-22]Epoch 4:  58%|█████▊    | 38/65 [00:06<00:04,  5.71it/s, v_num=5-22]Epoch 4:  58%|█████▊    | 38/65 [00:06<00:04,  5.71it/s, v_num=5-22]Epoch 4:  60%|██████    | 39/65 [00:06<00:04,  5.75it/s, v_num=5-22]Epoch 4:  60%|██████    | 39/65 [00:06<00:04,  5.75it/s, v_num=5-22]Epoch 4:  62%|██████▏   | 40/65 [00:06<00:04,  5.78it/s, v_num=5-22]Epoch 4:  62%|██████▏   | 40/65 [00:06<00:04,  5.78it/s, v_num=5-22]Epoch 4:  63%|██████▎   | 41/65 [00:07<00:04,  5.71it/s, v_num=5-22]Epoch 4:  63%|██████▎   | 41/65 [00:07<00:04,  5.71it/s, v_num=5-22]Epoch 4:  65%|██████▍   | 42/65 [00:07<00:04,  5.75it/s, v_num=5-22]Epoch 4:  65%|██████▍   | 42/65 [00:07<00:04,  5.75it/s, v_num=5-22]Epoch 4:  66%|██████▌   | 43/65 [00:07<00:03,  5.78it/s, v_num=5-22]Epoch 4:  66%|██████▌   | 43/65 [00:07<00:03,  5.78it/s, v_num=5-22]Epoch 4:  68%|██████▊   | 44/65 [00:07<00:03,  5.81it/s, v_num=5-22]Epoch 4:  68%|██████▊   | 44/65 [00:07<00:03,  5.81it/s, v_num=5-22]Epoch 4:  69%|██████▉   | 45/65 [00:07<00:03,  5.85it/s, v_num=5-22]Epoch 4:  69%|██████▉   | 45/65 [00:07<00:03,  5.85it/s, v_num=5-22]Epoch 4:  71%|███████   | 46/65 [00:07<00:03,  5.88it/s, v_num=5-22]Epoch 4:  71%|███████   | 46/65 [00:07<00:03,  5.88it/s, v_num=5-22]Epoch 4:  72%|███████▏  | 47/65 [00:07<00:03,  5.91it/s, v_num=5-22]Epoch 4:  72%|███████▏  | 47/65 [00:07<00:03,  5.91it/s, v_num=5-22]Epoch 4:  74%|███████▍  | 48/65 [00:08<00:02,  5.94it/s, v_num=5-22]Epoch 4:  74%|███████▍  | 48/65 [00:08<00:02,  5.94it/s, v_num=5-22]Epoch 4:  75%|███████▌  | 49/65 [00:08<00:02,  5.96it/s, v_num=5-22]Epoch 4:  75%|███████▌  | 49/65 [00:08<00:02,  5.96it/s, v_num=5-22]Epoch 4:  77%|███████▋  | 50/65 [00:08<00:02,  5.99it/s, v_num=5-22]Epoch 4:  77%|███████▋  | 50/65 [00:08<00:02,  5.99it/s, v_num=5-22]Epoch 4:  78%|███████▊  | 51/65 [00:08<00:02,  5.92it/s, v_num=5-22]Epoch 4:  78%|███████▊  | 51/65 [00:08<00:02,  5.92it/s, v_num=5-22]Epoch 4:  80%|████████  | 52/65 [00:08<00:02,  5.94it/s, v_num=5-22]Epoch 4:  80%|████████  | 52/65 [00:08<00:02,  5.94it/s, v_num=5-22]Epoch 4:  82%|████████▏ | 53/65 [00:08<00:02,  5.97it/s, v_num=5-22]Epoch 4:  82%|████████▏ | 53/65 [00:08<00:02,  5.97it/s, v_num=5-22]Epoch 4:  83%|████████▎ | 54/65 [00:09<00:01,  5.99it/s, v_num=5-22]Epoch 4:  83%|████████▎ | 54/65 [00:09<00:01,  5.99it/s, v_num=5-22]Epoch 4:  85%|████████▍ | 55/65 [00:09<00:01,  6.01it/s, v_num=5-22]Epoch 4:  85%|████████▍ | 55/65 [00:09<00:01,  6.01it/s, v_num=5-22]Epoch 4:  86%|████████▌ | 56/65 [00:09<00:01,  6.04it/s, v_num=5-22]Epoch 4:  86%|████████▌ | 56/65 [00:09<00:01,  6.03it/s, v_num=5-22]Epoch 4:  88%|████████▊ | 57/65 [00:09<00:01,  6.06it/s, v_num=5-22]Epoch 4:  88%|████████▊ | 57/65 [00:09<00:01,  6.06it/s, v_num=5-22]Epoch 4:  89%|████████▉ | 58/65 [00:09<00:01,  6.07it/s, v_num=5-22]Epoch 4:  89%|████████▉ | 58/65 [00:09<00:01,  6.07it/s, v_num=5-22]Epoch 4:  91%|█████████ | 59/65 [00:09<00:00,  6.10it/s, v_num=5-22]Epoch 4:  91%|█████████ | 59/65 [00:09<00:00,  6.09it/s, v_num=5-22]Epoch 4:  92%|█████████▏| 60/65 [00:09<00:00,  6.11it/s, v_num=5-22]Epoch 4:  92%|█████████▏| 60/65 [00:09<00:00,  6.11it/s, v_num=5-22]Epoch 4:  94%|█████████▍| 61/65 [00:10<00:00,  6.05it/s, v_num=5-22]Epoch 4:  94%|█████████▍| 61/65 [00:10<00:00,  6.05it/s, v_num=5-22]Epoch 4:  95%|█████████▌| 62/65 [00:10<00:00,  6.07it/s, v_num=5-22]Epoch 4:  95%|█████████▌| 62/65 [00:10<00:00,  6.07it/s, v_num=5-22]Epoch 4:  97%|█████████▋| 63/65 [00:10<00:00,  6.09it/s, v_num=5-22]Epoch 4:  97%|█████████▋| 63/65 [00:10<00:00,  6.09it/s, v_num=5-22]Epoch 4:  98%|█████████▊| 64/65 [00:10<00:00,  6.11it/s, v_num=5-22]Epoch 4:  98%|█████████▊| 64/65 [00:10<00:00,  6.11it/s, v_num=5-22]Epoch 4: 100%|██████████| 65/65 [00:10<00:00,  6.17it/s, v_num=5-22]Epoch 4: 100%|██████████| 65/65 [00:10<00:00,  6.17it/s, v_num=5-22]
Validation: |          | 0/? [00:00<?, ?it/s][A
Validation: |          | 0/? [00:00<?, ?it/s][A
Validation DataLoader 0:   0%|          | 0/9 [00:00<?, ?it/s][A
Validation DataLoader 0:  11%|█         | 1/9 [00:00<00:00, 51.48it/s][A
Validation DataLoader 0:  22%|██▏       | 2/9 [00:00<00:00, 13.03it/s][A
Validation DataLoader 0:  33%|███▎      | 3/9 [00:00<00:00, 10.44it/s][A
Validation DataLoader 0:  44%|████▍     | 4/9 [00:00<00:00,  9.44it/s][A
Validation DataLoader 0:  56%|█████▌    | 5/9 [00:00<00:00,  8.94it/s][A
Validation DataLoader 0:  67%|██████▋   | 6/9 [00:00<00:00,  8.62it/s][A
Validation DataLoader 0:  78%|███████▊  | 7/9 [00:00<00:00,  8.40it/s][A
Validation DataLoader 0:  89%|████████▉ | 8/9 [00:00<00:00,  8.23it/s][A
Validation DataLoader 0: 100%|██████████| 9/9 [00:00<00:00,  9.13it/s][A
                                                                      [AEpoch 4: 100%|██████████| 65/65 [00:13<00:00,  4.75it/s, v_num=5-22]Epoch 4: 100%|██████████| 65/65 [00:13<00:00,  4.75it/s, v_num=5-22]Epoch 4:   0%|          | 0/65 [00:00<?, ?it/s, v_num=5-22]         Epoch 5:   0%|          | 0/65 [00:00<?, ?it/s, v_num=5-22]Epoch 5:   2%|▏         | 1/65 [00:00<00:09,  7.01it/s, v_num=5-22]Epoch 5:   2%|▏         | 1/65 [00:00<00:09,  7.00it/s, v_num=5-22]Epoch 5:   3%|▎         | 2/65 [00:00<00:08,  7.21it/s, v_num=5-22]Epoch 5:   3%|▎         | 2/65 [00:00<00:08,  7.20it/s, v_num=5-22]Epoch 5:   5%|▍         | 3/65 [00:00<00:08,  7.28it/s, v_num=5-22]Epoch 5:   5%|▍         | 3/65 [00:00<00:08,  7.28it/s, v_num=5-22]Epoch 5:   6%|▌         | 4/65 [00:00<00:11,  5.54it/s, v_num=5-22]Epoch 5:   6%|▌         | 4/65 [00:00<00:11,  5.54it/s, v_num=5-22]Epoch 5:   8%|▊         | 5/65 [00:00<00:10,  5.84it/s, v_num=5-22]Epoch 5:   8%|▊         | 5/65 [00:00<00:10,  5.84it/s, v_num=5-22]Epoch 5:   9%|▉         | 6/65 [00:04<00:42,  1.39it/s, v_num=5-22]Epoch 5:   9%|▉         | 6/65 [00:04<00:42,  1.39it/s, v_num=5-22]Epoch 5:  11%|█         | 7/65 [00:04<00:36,  1.58it/s, v_num=5-22]Epoch 5:  11%|█         | 7/65 [00:04<00:36,  1.58it/s, v_num=5-22]Epoch 5:  12%|█▏        | 8/65 [00:04<00:32,  1.75it/s, v_num=5-22]Epoch 5:  12%|█▏        | 8/65 [00:04<00:32,  1.75it/s, v_num=5-22]Epoch 5:  14%|█▍        | 9/65 [00:04<00:29,  1.91it/s, v_num=5-22]Epoch 5:  14%|█▍        | 9/65 [00:04<00:29,  1.91it/s, v_num=5-22]Epoch 5:  15%|█▌        | 10/65 [00:04<00:26,  2.07it/s, v_num=5-22]Epoch 5:  15%|█▌        | 10/65 [00:04<00:26,  2.07it/s, v_num=5-22]Epoch 5:  17%|█▋        | 11/65 [00:04<00:24,  2.21it/s, v_num=5-22]Epoch 5:  17%|█▋        | 11/65 [00:04<00:24,  2.21it/s, v_num=5-22]Epoch 5:  18%|█▊        | 12/65 [00:05<00:22,  2.35it/s, v_num=5-22]Epoch 5:  18%|█▊        | 12/65 [00:05<00:22,  2.35it/s, v_num=5-22]Epoch 5:  20%|██        | 13/65 [00:05<00:20,  2.48it/s, v_num=5-22]Epoch 5:  20%|██        | 13/65 [00:05<00:20,  2.48it/s, v_num=5-22]Epoch 5:  22%|██▏       | 14/65 [00:05<00:19,  2.61it/s, v_num=5-22]Epoch 5:  22%|██▏       | 14/65 [00:05<00:19,  2.61it/s, v_num=5-22]Epoch 5:  23%|██▎       | 15/65 [00:05<00:18,  2.73it/s, v_num=5-22]Epoch 5:  23%|██▎       | 15/65 [00:05<00:18,  2.73it/s, v_num=5-22]Epoch 5:  25%|██▍       | 16/65 [00:05<00:17,  2.78it/s, v_num=5-22]Epoch 5:  25%|██▍       | 16/65 [00:05<00:17,  2.78it/s, v_num=5-22]Epoch 5:  26%|██▌       | 17/65 [00:05<00:16,  2.89it/s, v_num=5-22]Epoch 5:  26%|██▌       | 17/65 [00:05<00:16,  2.89it/s, v_num=5-22]Epoch 5:  28%|██▊       | 18/65 [00:06<00:15,  2.99it/s, v_num=5-22]Epoch 5:  28%|██▊       | 18/65 [00:06<00:15,  2.99it/s, v_num=5-22]Epoch 5:  29%|██▉       | 19/65 [00:06<00:14,  3.09it/s, v_num=5-22]Epoch 5:  29%|██▉       | 19/65 [00:06<00:14,  3.09it/s, v_num=5-22]Epoch 5:  31%|███       | 20/65 [00:06<00:14,  3.18it/s, v_num=5-22]Epoch 5:  31%|███       | 20/65 [00:06<00:14,  3.18it/s, v_num=5-22]Epoch 5:  32%|███▏      | 21/65 [00:06<00:13,  3.27it/s, v_num=5-22]Epoch 5:  32%|███▏      | 21/65 [00:06<00:13,  3.27it/s, v_num=5-22]Epoch 5:  34%|███▍      | 22/65 [00:06<00:12,  3.36it/s, v_num=5-22]Epoch 5:  34%|███▍      | 22/65 [00:06<00:12,  3.36it/s, v_num=5-22]Epoch 5:  35%|███▌      | 23/65 [00:06<00:12,  3.45it/s, v_num=5-22]Epoch 5:  35%|███▌      | 23/65 [00:06<00:12,  3.45it/s, v_num=5-22]Epoch 5:  37%|███▋      | 24/65 [00:06<00:11,  3.53it/s, v_num=5-22]Epoch 5:  37%|███▋      | 24/65 [00:06<00:11,  3.53it/s, v_num=5-22]Epoch 5:  38%|███▊      | 25/65 [00:06<00:11,  3.60it/s, v_num=5-22]Epoch 5:  38%|███▊      | 25/65 [00:06<00:11,  3.60it/s, v_num=5-22]Epoch 5:  40%|████      | 26/65 [00:07<00:10,  3.61it/s, v_num=5-22]Epoch 5:  40%|████      | 26/65 [00:07<00:10,  3.61it/s, v_num=5-22]Epoch 5:  42%|████▏     | 27/65 [00:07<00:10,  3.68it/s, v_num=5-22]Epoch 5:  42%|████▏     | 27/65 [00:07<00:10,  3.68it/s, v_num=5-22]Epoch 5:  43%|████▎     | 28/65 [00:07<00:09,  3.75it/s, v_num=5-22]Epoch 5:  43%|████▎     | 28/65 [00:07<00:09,  3.75it/s, v_num=5-22]Epoch 5:  45%|████▍     | 29/65 [00:07<00:09,  3.82it/s, v_num=5-22]Epoch 5:  45%|████▍     | 29/65 [00:07<00:09,  3.82it/s, v_num=5-22]Epoch 5:  46%|████▌     | 30/65 [00:07<00:09,  3.89it/s, v_num=5-22]Epoch 5:  46%|████▌     | 30/65 [00:07<00:09,  3.89it/s, v_num=5-22]Epoch 5:  48%|████▊     | 31/65 [00:07<00:08,  3.95it/s, v_num=5-22]Epoch 5:  48%|████▊     | 31/65 [00:07<00:08,  3.95it/s, v_num=5-22]Epoch 5:  49%|████▉     | 32/65 [00:07<00:08,  4.01it/s, v_num=5-22]Epoch 5:  49%|████▉     | 32/65 [00:07<00:08,  4.01it/s, v_num=5-22]Epoch 5:  51%|█████     | 33/65 [00:08<00:07,  4.07it/s, v_num=5-22]Epoch 5:  51%|█████     | 33/65 [00:08<00:07,  4.07it/s, v_num=5-22]Epoch 5:  52%|█████▏    | 34/65 [00:08<00:07,  4.12it/s, v_num=5-22]Epoch 5:  52%|█████▏    | 34/65 [00:08<00:07,  4.12it/s, v_num=5-22]Epoch 5:  54%|█████▍    | 35/65 [00:08<00:07,  4.18it/s, v_num=5-22]Epoch 5:  54%|█████▍    | 35/65 [00:08<00:07,  4.18it/s, v_num=5-22]Epoch 5:  55%|█████▌    | 36/65 [00:08<00:06,  4.17it/s, v_num=5-22]Epoch 5:  55%|█████▌    | 36/65 [00:08<00:06,  4.17it/s, v_num=5-22]Epoch 5:  57%|█████▋    | 37/65 [00:08<00:06,  4.22it/s, v_num=5-22]Epoch 5:  57%|█████▋    | 37/65 [00:08<00:06,  4.22it/s, v_num=5-22]Epoch 5:  58%|█████▊    | 38/65 [00:08<00:06,  4.27it/s, v_num=5-22]Epoch 5:  58%|█████▊    | 38/65 [00:08<00:06,  4.27it/s, v_num=5-22]Epoch 5:  60%|██████    | 39/65 [00:09<00:06,  4.32it/s, v_num=5-22]Epoch 5:  60%|██████    | 39/65 [00:09<00:06,  4.32it/s, v_num=5-22]Epoch 5:  62%|██████▏   | 40/65 [00:09<00:05,  4.37it/s, v_num=5-22]Epoch 5:  62%|██████▏   | 40/65 [00:09<00:05,  4.37it/s, v_num=5-22]Epoch 5:  63%|██████▎   | 41/65 [00:09<00:05,  4.42it/s, v_num=5-22]Epoch 5:  63%|██████▎   | 41/65 [00:09<00:05,  4.42it/s, v_num=5-22]Epoch 5:  65%|██████▍   | 42/65 [00:09<00:05,  4.46it/s, v_num=5-22]Epoch 5:  65%|██████▍   | 42/65 [00:09<00:05,  4.46it/s, v_num=5-22]Epoch 5:  66%|██████▌   | 43/65 [00:09<00:04,  4.50it/s, v_num=5-22]Epoch 5:  66%|██████▌   | 43/65 [00:09<00:04,  4.50it/s, v_num=5-22]Epoch 5:  68%|██████▊   | 44/65 [00:09<00:04,  4.55it/s, v_num=5-22]Epoch 5:  68%|██████▊   | 44/65 [00:09<00:04,  4.55it/s, v_num=5-22]Epoch 5:  69%|██████▉   | 45/65 [00:09<00:04,  4.59it/s, v_num=5-22]Epoch 5:  69%|██████▉   | 45/65 [00:09<00:04,  4.59it/s, v_num=5-22]Epoch 5:  71%|███████   | 46/65 [00:10<00:04,  4.50it/s, v_num=5-22]Epoch 5:  71%|███████   | 46/65 [00:10<00:04,  4.50it/s, v_num=5-22]Epoch 5:  72%|███████▏  | 47/65 [00:10<00:03,  4.54it/s, v_num=5-22]Epoch 5:  72%|███████▏  | 47/65 [00:10<00:03,  4.54it/s, v_num=5-22]Epoch 5:  74%|███████▍  | 48/65 [00:10<00:03,  4.58it/s, v_num=5-22]Epoch 5:  74%|███████▍  | 48/65 [00:10<00:03,  4.58it/s, v_num=5-22]Epoch 5:  75%|███████▌  | 49/65 [00:10<00:03,  4.61it/s, v_num=5-22]Epoch 5:  75%|███████▌  | 49/65 [00:10<00:03,  4.61it/s, v_num=5-22]Epoch 5:  77%|███████▋  | 50/65 [00:10<00:03,  4.65it/s, v_num=5-22]Epoch 5:  77%|███████▋  | 50/65 [00:10<00:03,  4.65it/s, v_num=5-22]Epoch 5:  78%|███████▊  | 51/65 [00:10<00:02,  4.68it/s, v_num=5-22]Epoch 5:  78%|███████▊  | 51/65 [00:10<00:02,  4.68it/s, v_num=5-22]Epoch 5:  80%|████████  | 52/65 [00:11<00:02,  4.72it/s, v_num=5-22]Epoch 5:  80%|████████  | 52/65 [00:11<00:02,  4.72it/s, v_num=5-22]Epoch 5:  82%|████████▏ | 53/65 [00:11<00:02,  4.75it/s, v_num=5-22]Epoch 5:  82%|████████▏ | 53/65 [00:11<00:02,  4.75it/s, v_num=5-22]Epoch 5:  83%|████████▎ | 54/65 [00:11<00:02,  4.79it/s, v_num=5-22]Epoch 5:  83%|████████▎ | 54/65 [00:11<00:02,  4.79it/s, v_num=5-22]Epoch 5:  85%|████████▍ | 55/65 [00:11<00:02,  4.82it/s, v_num=5-22]Epoch 5:  85%|████████▍ | 55/65 [00:11<00:02,  4.82it/s, v_num=5-22]Epoch 5:  86%|████████▌ | 56/65 [00:13<00:02,  4.08it/s, v_num=5-22]Epoch 5:  86%|████████▌ | 56/65 [00:13<00:02,  4.08it/s, v_num=5-22]Epoch 5:  88%|████████▊ | 57/65 [00:13<00:01,  4.12it/s, v_num=5-22]Epoch 5:  88%|████████▊ | 57/65 [00:13<00:01,  4.12it/s, v_num=5-22]Epoch 5:  89%|████████▉ | 58/65 [00:13<00:01,  4.15it/s, v_num=5-22]Epoch 5:  89%|████████▉ | 58/65 [00:13<00:01,  4.15it/s, v_num=5-22]Epoch 5:  91%|█████████ | 59/65 [00:14<00:01,  4.18it/s, v_num=5-22]Epoch 5:  91%|█████████ | 59/65 [00:14<00:01,  4.18it/s, v_num=5-22]Epoch 5:  92%|█████████▏| 60/65 [00:14<00:01,  4.21it/s, v_num=5-22]Epoch 5:  92%|█████████▏| 60/65 [00:14<00:01,  4.21it/s, v_num=5-22]Epoch 5:  94%|█████████▍| 61/65 [00:14<00:00,  4.24it/s, v_num=5-22]Epoch 5:  94%|█████████▍| 61/65 [00:14<00:00,  4.24it/s, v_num=5-22]Epoch 5:  95%|█████████▌| 62/65 [00:14<00:00,  4.27it/s, v_num=5-22]Epoch 5:  95%|█████████▌| 62/65 [00:14<00:00,  4.27it/s, v_num=5-22]Epoch 5:  97%|█████████▋| 63/65 [00:14<00:00,  4.30it/s, v_num=5-22]Epoch 5:  97%|█████████▋| 63/65 [00:14<00:00,  4.30it/s, v_num=5-22]Epoch 5:  98%|█████████▊| 64/65 [00:14<00:00,  4.33it/s, v_num=5-22]Epoch 5:  98%|█████████▊| 64/65 [00:14<00:00,  4.33it/s, v_num=5-22]Epoch 5: 100%|██████████| 65/65 [00:14<00:00,  4.38it/s, v_num=5-22]Epoch 5: 100%|██████████| 65/65 [00:14<00:00,  4.38it/s, v_num=5-22]
Validation: |          | 0/? [00:00<?, ?it/s][A
Validation: |          | 0/? [00:00<?, ?it/s][A
Validation DataLoader 0:   0%|          | 0/9 [00:00<?, ?it/s][A
Validation DataLoader 0:  11%|█         | 1/9 [00:00<00:00, 51.74it/s][A
Validation DataLoader 0:  22%|██▏       | 2/9 [00:00<00:00, 12.80it/s][A
Validation DataLoader 0:  33%|███▎      | 3/9 [00:00<00:00, 10.20it/s][A
Validation DataLoader 0:  44%|████▍     | 4/9 [00:00<00:00,  9.29it/s][A
Validation DataLoader 0:  56%|█████▌    | 5/9 [00:00<00:00,  8.82it/s][A
Validation DataLoader 0:  67%|██████▋   | 6/9 [00:00<00:00,  8.54it/s][A
Validation DataLoader 0:  78%|███████▊  | 7/9 [00:00<00:00,  8.36it/s][A
Validation DataLoader 0:  89%|████████▉ | 8/9 [00:00<00:00,  8.23it/s][A
Validation DataLoader 0: 100%|██████████| 9/9 [00:00<00:00,  9.12it/s][A
                                                                      [AEpoch 5: 100%|██████████| 65/65 [00:17<00:00,  3.68it/s, v_num=5-22]Epoch 5: 100%|██████████| 65/65 [00:17<00:00,  3.68it/s, v_num=5-22]Epoch 5:   0%|          | 0/65 [00:00<?, ?it/s, v_num=5-22]         Epoch 6:   0%|          | 0/65 [00:00<?, ?it/s, v_num=5-22]Epoch 6:   2%|▏         | 1/65 [00:00<00:08,  7.11it/s, v_num=5-22]Epoch 6:   2%|▏         | 1/65 [00:00<00:09,  7.10it/s, v_num=5-22]Epoch 6:   3%|▎         | 2/65 [00:00<00:08,  7.37it/s, v_num=5-22]Epoch 6:   3%|▎         | 2/65 [00:00<00:08,  7.36it/s, v_num=5-22]Epoch 6:   5%|▍         | 3/65 [00:00<00:08,  7.44it/s, v_num=5-22]Epoch 6:   5%|▍         | 3/65 [00:00<00:08,  7.44it/s, v_num=5-22]Epoch 6:   6%|▌         | 4/65 [00:00<00:08,  7.47it/s, v_num=5-22]Epoch 6:   6%|▌         | 4/65 [00:00<00:08,  7.47it/s, v_num=5-22]Epoch 6:   8%|▊         | 5/65 [00:00<00:08,  7.50it/s, v_num=5-22]Epoch 6:   8%|▊         | 5/65 [00:00<00:08,  7.49it/s, v_num=5-22]Epoch 6:   9%|▉         | 6/65 [00:00<00:07,  7.51it/s, v_num=5-22]Epoch 6:   9%|▉         | 6/65 [00:00<00:07,  7.50it/s, v_num=5-22]Epoch 6:  11%|█         | 7/65 [00:00<00:07,  7.51it/s, v_num=5-22]Epoch 6:  11%|█         | 7/65 [00:00<00:07,  7.51it/s, v_num=5-22]Epoch 6:  12%|█▏        | 8/65 [00:01<00:07,  7.50it/s, v_num=5-22]Epoch 6:  12%|█▏        | 8/65 [00:01<00:07,  7.50it/s, v_num=5-22]Epoch 6:  14%|█▍        | 9/65 [00:01<00:07,  7.52it/s, v_num=5-22]Epoch 6:  14%|█▍        | 9/65 [00:01<00:07,  7.51it/s, v_num=5-22]Epoch 6:  15%|█▌        | 10/65 [00:01<00:07,  7.53it/s, v_num=5-22]Epoch 6:  15%|█▌        | 10/65 [00:01<00:07,  7.53it/s, v_num=5-22]Epoch 6:  17%|█▋        | 11/65 [00:02<00:13,  3.98it/s, v_num=5-22]Epoch 6:  17%|█▋        | 11/65 [00:02<00:13,  3.98it/s, v_num=5-22]Epoch 6:  18%|█▊        | 12/65 [00:02<00:12,  4.14it/s, v_num=5-22]Epoch 6:  18%|█▊        | 12/65 [00:02<00:12,  4.14it/s, v_num=5-22]Epoch 6:  20%|██        | 13/65 [00:03<00:12,  4.29it/s, v_num=5-22]Epoch 6:  20%|██        | 13/65 [00:03<00:12,  4.29it/s, v_num=5-22]Epoch 6:  22%|██▏       | 14/65 [00:03<00:11,  4.42it/s, v_num=5-22]Epoch 6:  22%|██▏       | 14/65 [00:03<00:11,  4.42it/s, v_num=5-22]Epoch 6:  23%|██▎       | 15/65 [00:03<00:11,  4.54it/s, v_num=5-22]Epoch 6:  23%|██▎       | 15/65 [00:03<00:11,  4.54it/s, v_num=5-22]Epoch 6:  25%|██▍       | 16/65 [00:03<00:10,  4.66it/s, v_num=5-22]Epoch 6:  25%|██▍       | 16/65 [00:03<00:10,  4.66it/s, v_num=5-22]Epoch 6:  26%|██▌       | 17/65 [00:03<00:10,  4.77it/s, v_num=5-22]Epoch 6:  26%|██▌       | 17/65 [00:03<00:10,  4.77it/s, v_num=5-22]Epoch 6:  28%|██▊       | 18/65 [00:03<00:09,  4.87it/s, v_num=5-22]Epoch 6:  28%|██▊       | 18/65 [00:03<00:09,  4.87it/s, v_num=5-22]Epoch 6:  29%|██▉       | 19/65 [00:03<00:09,  4.97it/s, v_num=5-22]Epoch 6:  29%|██▉       | 19/65 [00:03<00:09,  4.97it/s, v_num=5-22]Epoch 6:  31%|███       | 20/65 [00:03<00:08,  5.06it/s, v_num=5-22]Epoch 6:  31%|███       | 20/65 [00:03<00:08,  5.06it/s, v_num=5-22]Epoch 6:  32%|███▏      | 21/65 [00:04<00:08,  4.98it/s, v_num=5-22]Epoch 6:  32%|███▏      | 21/65 [00:04<00:08,  4.98it/s, v_num=5-22]Epoch 6:  34%|███▍      | 22/65 [00:04<00:08,  5.06it/s, v_num=5-22]Epoch 6:  34%|███▍      | 22/65 [00:04<00:08,  5.06it/s, v_num=5-22]Epoch 6:  35%|███▌      | 23/65 [00:04<00:08,  5.14it/s, v_num=5-22]Epoch 6:  35%|███▌      | 23/65 [00:04<00:08,  5.13it/s, v_num=5-22]Epoch 6:  37%|███▋      | 24/65 [00:04<00:08,  5.01it/s, v_num=5-22]Epoch 6:  37%|███▋      | 24/65 [00:04<00:08,  5.01it/s, v_num=5-22]Epoch 6:  38%|███▊      | 25/65 [00:04<00:07,  5.08it/s, v_num=5-22]Epoch 6:  38%|███▊      | 25/65 [00:04<00:07,  5.08it/s, v_num=5-22]Epoch 6:  40%|████      | 26/65 [00:05<00:07,  5.15it/s, v_num=5-22]Epoch 6:  40%|████      | 26/65 [00:05<00:07,  5.15it/s, v_num=5-22]Epoch 6:  42%|████▏     | 27/65 [00:05<00:07,  5.21it/s, v_num=5-22]Epoch 6:  42%|████▏     | 27/65 [00:05<00:07,  5.21it/s, v_num=5-22]Epoch 6:  43%|████▎     | 28/65 [00:05<00:07,  5.25it/s, v_num=5-22]Epoch 6:  43%|████▎     | 28/65 [00:05<00:07,  5.25it/s, v_num=5-22]Epoch 6:  45%|████▍     | 29/65 [00:05<00:06,  5.31it/s, v_num=5-22]Epoch 6:  45%|████▍     | 29/65 [00:05<00:06,  5.31it/s, v_num=5-22]Epoch 6:  46%|████▌     | 30/65 [00:05<00:06,  5.36it/s, v_num=5-22]Epoch 6:  46%|████▌     | 30/65 [00:05<00:06,  5.36it/s, v_num=5-22]Epoch 6:  48%|████▊     | 31/65 [00:05<00:06,  5.29it/s, v_num=5-22]Epoch 6:  48%|████▊     | 31/65 [00:05<00:06,  5.29it/s, v_num=5-22]Epoch 6:  49%|████▉     | 32/65 [00:05<00:06,  5.34it/s, v_num=5-22]Epoch 6:  49%|████▉     | 32/65 [00:05<00:06,  5.34it/s, v_num=5-22]Epoch 6:  51%|█████     | 33/65 [00:06<00:05,  5.39it/s, v_num=5-22]Epoch 6:  51%|█████     | 33/65 [00:06<00:05,  5.39it/s, v_num=5-22]Epoch 6:  52%|█████▏    | 34/65 [00:06<00:05,  5.43it/s, v_num=5-22]Epoch 6:  52%|█████▏    | 34/65 [00:06<00:05,  5.43it/s, v_num=5-22]Epoch 6:  54%|█████▍    | 35/65 [00:06<00:05,  5.48it/s, v_num=5-22]Epoch 6:  54%|█████▍    | 35/65 [00:06<00:05,  5.48it/s, v_num=5-22]Epoch 6:  55%|█████▌    | 36/65 [00:06<00:05,  5.52it/s, v_num=5-22]Epoch 6:  55%|█████▌    | 36/65 [00:06<00:05,  5.52it/s, v_num=5-22]Epoch 6:  57%|█████▋    | 37/65 [00:06<00:05,  5.56it/s, v_num=5-22]Epoch 6:  57%|█████▋    | 37/65 [00:06<00:05,  5.56it/s, v_num=5-22]Epoch 6:  58%|█████▊    | 38/65 [00:06<00:04,  5.60it/s, v_num=5-22]Epoch 6:  58%|█████▊    | 38/65 [00:06<00:04,  5.60it/s, v_num=5-22]Epoch 6:  60%|██████    | 39/65 [00:06<00:04,  5.64it/s, v_num=5-22]Epoch 6:  60%|██████    | 39/65 [00:06<00:04,  5.64it/s, v_num=5-22]Epoch 6:  62%|██████▏   | 40/65 [00:07<00:04,  5.67it/s, v_num=5-22]Epoch 6:  62%|██████▏   | 40/65 [00:07<00:04,  5.67it/s, v_num=5-22]Epoch 6:  63%|██████▎   | 41/65 [00:08<00:04,  4.83it/s, v_num=5-22]Epoch 6:  63%|██████▎   | 41/65 [00:08<00:04,  4.83it/s, v_num=5-22]Epoch 6:  65%|██████▍   | 42/65 [00:08<00:04,  4.87it/s, v_num=5-22]Epoch 6:  65%|██████▍   | 42/65 [00:08<00:04,  4.87it/s, v_num=5-22]Epoch 6:  66%|██████▌   | 43/65 [00:08<00:04,  4.91it/s, v_num=5-22]Epoch 6:  66%|██████▌   | 43/65 [00:08<00:04,  4.91it/s, v_num=5-22]Epoch 6:  68%|██████▊   | 44/65 [00:08<00:04,  4.95it/s, v_num=5-22]Epoch 6:  68%|██████▊   | 44/65 [00:08<00:04,  4.95it/s, v_num=5-22]Epoch 6:  69%|██████▉   | 45/65 [00:09<00:04,  4.99it/s, v_num=5-22]Epoch 6:  69%|██████▉   | 45/65 [00:09<00:04,  4.99it/s, v_num=5-22]Epoch 6:  71%|███████   | 46/65 [00:09<00:03,  5.03it/s, v_num=5-22]Epoch 6:  71%|███████   | 46/65 [00:09<00:03,  5.03it/s, v_num=5-22]Epoch 6:  72%|███████▏  | 47/65 [00:09<00:03,  5.06it/s, v_num=5-22]Epoch 6:  72%|███████▏  | 47/65 [00:09<00:03,  5.06it/s, v_num=5-22]Epoch 6:  74%|███████▍  | 48/65 [00:09<00:03,  5.10it/s, v_num=5-22]Epoch 6:  74%|███████▍  | 48/65 [00:09<00:03,  5.10it/s, v_num=5-22]Epoch 6:  75%|███████▌  | 49/65 [00:09<00:03,  5.13it/s, v_num=5-22]Epoch 6:  75%|███████▌  | 49/65 [00:09<00:03,  5.13it/s, v_num=5-22]Epoch 6:  77%|███████▋  | 50/65 [00:09<00:02,  5.17it/s, v_num=5-22]Epoch 6:  77%|███████▋  | 50/65 [00:09<00:02,  5.17it/s, v_num=5-22]Epoch 6:  78%|███████▊  | 51/65 [00:11<00:03,  4.30it/s, v_num=5-22]Epoch 6:  78%|███████▊  | 51/65 [00:11<00:03,  4.30it/s, v_num=5-22]Epoch 6:  80%|████████  | 52/65 [00:11<00:02,  4.33it/s, v_num=5-22]Epoch 6:  80%|████████  | 52/65 [00:11<00:02,  4.33it/s, v_num=5-22]Epoch 6:  82%|████████▏ | 53/65 [00:12<00:02,  4.37it/s, v_num=5-22]Epoch 6:  82%|████████▏ | 53/65 [00:12<00:02,  4.37it/s, v_num=5-22]Epoch 6:  83%|████████▎ | 54/65 [00:12<00:02,  4.41it/s, v_num=5-22]Epoch 6:  83%|████████▎ | 54/65 [00:12<00:02,  4.41it/s, v_num=5-22]Epoch 6:  85%|████████▍ | 55/65 [00:12<00:02,  4.44it/s, v_num=5-22]Epoch 6:  85%|████████▍ | 55/65 [00:12<00:02,  4.44it/s, v_num=5-22]Epoch 6:  86%|████████▌ | 56/65 [00:12<00:02,  4.47it/s, v_num=5-22]Epoch 6:  86%|████████▌ | 56/65 [00:12<00:02,  4.47it/s, v_num=5-22]Epoch 6:  88%|████████▊ | 57/65 [00:12<00:01,  4.51it/s, v_num=5-22]Epoch 6:  88%|████████▊ | 57/65 [00:12<00:01,  4.51it/s, v_num=5-22]Epoch 6:  89%|████████▉ | 58/65 [00:12<00:01,  4.54it/s, v_num=5-22]Epoch 6:  89%|████████▉ | 58/65 [00:12<00:01,  4.54it/s, v_num=5-22]Epoch 6:  91%|█████████ | 59/65 [00:12<00:01,  4.57it/s, v_num=5-22]Epoch 6:  91%|█████████ | 59/65 [00:12<00:01,  4.57it/s, v_num=5-22]Epoch 6:  92%|█████████▏| 60/65 [00:13<00:01,  4.60it/s, v_num=5-22]Epoch 6:  92%|█████████▏| 60/65 [00:13<00:01,  4.60it/s, v_num=5-22]Epoch 6:  94%|█████████▍| 61/65 [00:14<00:00,  4.07it/s, v_num=5-22]Epoch 6:  94%|█████████▍| 61/65 [00:14<00:00,  4.07it/s, v_num=5-22]Epoch 6:  95%|█████████▌| 62/65 [00:15<00:00,  4.11it/s, v_num=5-22]Epoch 6:  95%|█████████▌| 62/65 [00:15<00:00,  4.11it/s, v_num=5-22]Epoch 6:  97%|█████████▋| 63/65 [00:15<00:00,  4.14it/s, v_num=5-22]Epoch 6:  97%|█████████▋| 63/65 [00:15<00:00,  4.14it/s, v_num=5-22]Epoch 6:  98%|█████████▊| 64/65 [00:15<00:00,  4.17it/s, v_num=5-22]Epoch 6:  98%|█████████▊| 64/65 [00:15<00:00,  4.17it/s, v_num=5-22]Epoch 6: 100%|██████████| 65/65 [00:15<00:00,  4.21it/s, v_num=5-22]Epoch 6: 100%|██████████| 65/65 [00:15<00:00,  4.21it/s, v_num=5-22]
Validation: |          | 0/? [00:00<?, ?it/s][A
Validation: |          | 0/? [00:00<?, ?it/s][A
Validation DataLoader 0:   0%|          | 0/9 [00:00<?, ?it/s][A
Validation DataLoader 0:  11%|█         | 1/9 [00:00<00:00, 51.32it/s][A
Validation DataLoader 0:  22%|██▏       | 2/9 [00:00<00:00, 12.91it/s][A
Validation DataLoader 0:  33%|███▎      | 3/9 [00:00<00:00, 10.31it/s][A
Validation DataLoader 0:  44%|████▍     | 4/9 [00:00<00:00,  9.31it/s][A
Validation DataLoader 0:  56%|█████▌    | 5/9 [00:00<00:00,  8.83it/s][A
Validation DataLoader 0:  67%|██████▋   | 6/9 [00:00<00:00,  8.53it/s][A
Validation DataLoader 0:  78%|███████▊  | 7/9 [00:00<00:00,  8.34it/s][A
Validation DataLoader 0:  89%|████████▉ | 8/9 [00:00<00:00,  8.20it/s][A
Validation DataLoader 0: 100%|██████████| 9/9 [00:00<00:00,  9.09it/s][A
                                                                      [AEpoch 6: 100%|██████████| 65/65 [00:16<00:00,  3.89it/s, v_num=5-22]Epoch 6: 100%|██████████| 65/65 [00:16<00:00,  3.89it/s, v_num=5-22]Epoch 6:   0%|          | 0/65 [00:00<?, ?it/s, v_num=5-22]         Epoch 7:   0%|          | 0/65 [00:00<?, ?it/s, v_num=5-22]Epoch 7:   2%|▏         | 1/65 [00:00<00:09,  6.92it/s, v_num=5-22]Epoch 7:   2%|▏         | 1/65 [00:00<00:09,  6.91it/s, v_num=5-22]Epoch 7:   3%|▎         | 2/65 [00:00<00:08,  7.26it/s, v_num=5-22]Epoch 7:   3%|▎         | 2/65 [00:00<00:08,  7.25it/s, v_num=5-22]Epoch 7:   5%|▍         | 3/65 [00:00<00:08,  7.36it/s, v_num=5-22]Epoch 7:   5%|▍         | 3/65 [00:00<00:08,  7.36it/s, v_num=5-22]Epoch 7:   6%|▌         | 4/65 [00:00<00:08,  7.32it/s, v_num=5-22]Epoch 7:   6%|▌         | 4/65 [00:00<00:08,  7.32it/s, v_num=5-22]Epoch 7:   8%|▊         | 5/65 [00:00<00:10,  5.93it/s, v_num=5-22]Epoch 7:   8%|▊         | 5/65 [00:00<00:10,  5.93it/s, v_num=5-22]Epoch 7:   9%|▉         | 6/65 [00:02<00:29,  2.01it/s, v_num=5-22]Epoch 7:   9%|▉         | 6/65 [00:02<00:29,  2.01it/s, v_num=5-22]Epoch 7:  11%|█         | 7/65 [00:03<00:25,  2.24it/s, v_num=5-22]Epoch 7:  11%|█         | 7/65 [00:03<00:25,  2.24it/s, v_num=5-22]Epoch 7:  12%|█▏        | 8/65 [00:03<00:23,  2.46it/s, v_num=5-22]Epoch 7:  12%|█▏        | 8/65 [00:03<00:23,  2.46it/s, v_num=5-22]Epoch 7:  14%|█▍        | 9/65 [00:03<00:21,  2.66it/s, v_num=5-22]Epoch 7:  14%|█▍        | 9/65 [00:03<00:21,  2.66it/s, v_num=5-22]Epoch 7:  15%|█▌        | 10/65 [00:03<00:19,  2.84it/s, v_num=5-22]Epoch 7:  15%|█▌        | 10/65 [00:03<00:19,  2.84it/s, v_num=5-22]Epoch 7:  17%|█▋        | 11/65 [00:03<00:17,  3.01it/s, v_num=5-22]Epoch 7:  17%|█▋        | 11/65 [00:03<00:17,  3.01it/s, v_num=5-22]Epoch 7:  18%|█▊        | 12/65 [00:03<00:16,  3.18it/s, v_num=5-22]Epoch 7:  18%|█▊        | 12/65 [00:03<00:16,  3.17it/s, v_num=5-22]Epoch 7:  20%|██        | 13/65 [00:03<00:15,  3.32it/s, v_num=5-22]Epoch 7:  20%|██        | 13/65 [00:03<00:15,  3.32it/s, v_num=5-22]Epoch 7:  22%|██▏       | 14/65 [00:04<00:14,  3.46it/s, v_num=5-22]Epoch 7:  22%|██▏       | 14/65 [00:04<00:14,  3.46it/s, v_num=5-22]Epoch 7:  23%|██▎       | 15/65 [00:04<00:13,  3.59it/s, v_num=5-22]Epoch 7:  23%|██▎       | 15/65 [00:04<00:13,  3.59it/s, v_num=5-22]Epoch 7:  25%|██▍       | 16/65 [00:04<00:13,  3.61it/s, v_num=5-22]Epoch 7:  25%|██▍       | 16/65 [00:04<00:13,  3.61it/s, v_num=5-22]Epoch 7:  26%|██▌       | 17/65 [00:04<00:12,  3.73it/s, v_num=5-22]Epoch 7:  26%|██▌       | 17/65 [00:04<00:12,  3.73it/s, v_num=5-22]Epoch 7:  28%|██▊       | 18/65 [00:04<00:12,  3.84it/s, v_num=5-22]Epoch 7:  28%|██▊       | 18/65 [00:04<00:12,  3.84it/s, v_num=5-22]Epoch 7:  29%|██▉       | 19/65 [00:04<00:11,  3.94it/s, v_num=5-22]Epoch 7:  29%|██▉       | 19/65 [00:04<00:11,  3.94it/s, v_num=5-22]Epoch 7:  31%|███       | 20/65 [00:04<00:11,  4.04it/s, v_num=5-22]Epoch 7:  31%|███       | 20/65 [00:04<00:11,  4.04it/s, v_num=5-22]Epoch 7:  32%|███▏      | 21/65 [00:05<00:10,  4.13it/s, v_num=5-22]Epoch 7:  32%|███▏      | 21/65 [00:05<00:10,  4.13it/s, v_num=5-22]Epoch 7:  34%|███▍      | 22/65 [00:05<00:10,  4.21it/s, v_num=5-22]Epoch 7:  34%|███▍      | 22/65 [00:05<00:10,  4.21it/s, v_num=5-22]Epoch 7:  35%|███▌      | 23/65 [00:05<00:09,  4.29it/s, v_num=5-22]Epoch 7:  35%|███▌      | 23/65 [00:05<00:09,  4.29it/s, v_num=5-22]Epoch 7:  37%|███▋      | 24/65 [00:05<00:09,  4.37it/s, v_num=5-22]Epoch 7:  37%|███▋      | 24/65 [00:05<00:09,  4.37it/s, v_num=5-22]Epoch 7:  38%|███▊      | 25/65 [00:05<00:08,  4.45it/s, v_num=5-22]Epoch 7:  38%|███▊      | 25/65 [00:05<00:08,  4.45it/s, v_num=5-22]Epoch 7:  40%|████      | 26/65 [00:05<00:08,  4.43it/s, v_num=5-22]Epoch 7:  40%|████      | 26/65 [00:05<00:08,  4.43it/s, v_num=5-22]Epoch 7:  42%|████▏     | 27/65 [00:06<00:08,  4.50it/s, v_num=5-22]Epoch 7:  42%|████▏     | 27/65 [00:06<00:08,  4.50it/s, v_num=5-22]Epoch 7:  43%|████▎     | 28/65 [00:06<00:08,  4.56it/s, v_num=5-22]Epoch 7:  43%|████▎     | 28/65 [00:06<00:08,  4.56it/s, v_num=5-22]Epoch 7:  45%|████▍     | 29/65 [00:06<00:07,  4.63it/s, v_num=5-22]Epoch 7:  45%|████▍     | 29/65 [00:06<00:07,  4.63it/s, v_num=5-22]Epoch 7:  46%|████▌     | 30/65 [00:06<00:07,  4.69it/s, v_num=5-22]Epoch 7:  46%|████▌     | 30/65 [00:06<00:07,  4.69it/s, v_num=5-22]Epoch 7:  48%|████▊     | 31/65 [00:06<00:07,  4.74it/s, v_num=5-22]Epoch 7:  48%|████▊     | 31/65 [00:06<00:07,  4.74it/s, v_num=5-22]Epoch 7:  49%|████▉     | 32/65 [00:06<00:06,  4.80it/s, v_num=5-22]Epoch 7:  49%|████▉     | 32/65 [00:06<00:06,  4.80it/s, v_num=5-22]Epoch 7:  51%|█████     | 33/65 [00:06<00:06,  4.86it/s, v_num=5-22]Epoch 7:  51%|█████     | 33/65 [00:06<00:06,  4.86it/s, v_num=5-22]Epoch 7:  52%|█████▏    | 34/65 [00:06<00:06,  4.91it/s, v_num=5-22]Epoch 7:  52%|█████▏    | 34/65 [00:06<00:06,  4.91it/s, v_num=5-22]Epoch 7:  54%|█████▍    | 35/65 [00:07<00:06,  4.96it/s, v_num=5-22]Epoch 7:  54%|█████▍    | 35/65 [00:07<00:06,  4.96it/s, v_num=5-22]Epoch 7:  55%|█████▌    | 36/65 [00:07<00:05,  4.92it/s, v_num=5-22]Epoch 7:  55%|█████▌    | 36/65 [00:07<00:05,  4.92it/s, v_num=5-22]Epoch 7:  57%|█████▋    | 37/65 [00:07<00:05,  4.96it/s, v_num=5-22]Epoch 7:  57%|█████▋    | 37/65 [00:07<00:05,  4.96it/s, v_num=5-22]Epoch 7:  58%|█████▊    | 38/65 [00:07<00:05,  5.01it/s, v_num=5-22]Epoch 7:  58%|█████▊    | 38/65 [00:07<00:05,  5.01it/s, v_num=5-22]Epoch 7:  60%|██████    | 39/65 [00:07<00:05,  5.05it/s, v_num=5-22]Epoch 7:  60%|██████    | 39/65 [00:07<00:05,  5.05it/s, v_num=5-22]Epoch 7:  62%|██████▏   | 40/65 [00:07<00:04,  5.10it/s, v_num=5-22]Epoch 7:  62%|██████▏   | 40/65 [00:07<00:04,  5.10it/s, v_num=5-22]Epoch 7:  63%|██████▎   | 41/65 [00:07<00:04,  5.13it/s, v_num=5-22]Epoch 7:  63%|██████▎   | 41/65 [00:07<00:04,  5.13it/s, v_num=5-22]Epoch 7:  65%|██████▍   | 42/65 [00:08<00:04,  5.17it/s, v_num=5-22]Epoch 7:  65%|██████▍   | 42/65 [00:08<00:04,  5.17it/s, v_num=5-22]Epoch 7:  66%|██████▌   | 43/65 [00:08<00:04,  5.21it/s, v_num=5-22]Epoch 7:  66%|██████▌   | 43/65 [00:08<00:04,  5.21it/s, v_num=5-22]Epoch 7:  68%|██████▊   | 44/65 [00:08<00:04,  5.24it/s, v_num=5-22]Epoch 7:  68%|██████▊   | 44/65 [00:08<00:04,  5.24it/s, v_num=5-22]Epoch 7:  69%|██████▉   | 45/65 [00:08<00:03,  5.27it/s, v_num=5-22]Epoch 7:  69%|██████▉   | 45/65 [00:08<00:03,  5.27it/s, v_num=5-22]Epoch 7:  71%|███████   | 46/65 [00:12<00:05,  3.69it/s, v_num=5-22]Epoch 7:  71%|███████   | 46/65 [00:12<00:05,  3.69it/s, v_num=5-22]Epoch 7:  72%|███████▏  | 47/65 [00:12<00:04,  3.73it/s, v_num=5-22]Epoch 7:  72%|███████▏  | 47/65 [00:12<00:04,  3.73it/s, v_num=5-22]Epoch 7:  74%|███████▍  | 48/65 [00:12<00:04,  3.77it/s, v_num=5-22]Epoch 7:  74%|███████▍  | 48/65 [00:12<00:04,  3.77it/s, v_num=5-22]Epoch 7:  75%|███████▌  | 49/65 [00:12<00:04,  3.80it/s, v_num=5-22]Epoch 7:  75%|███████▌  | 49/65 [00:12<00:04,  3.80it/s, v_num=5-22]Epoch 7:  77%|███████▋  | 50/65 [00:13<00:03,  3.84it/s, v_num=5-22]Epoch 7:  77%|███████▋  | 50/65 [00:13<00:03,  3.84it/s, v_num=5-22]Epoch 7:  78%|███████▊  | 51/65 [00:13<00:03,  3.88it/s, v_num=5-22]Epoch 7:  78%|███████▊  | 51/65 [00:13<00:03,  3.88it/s, v_num=5-22]Epoch 7:  80%|████████  | 52/65 [00:13<00:03,  3.87it/s, v_num=5-22]Epoch 7:  80%|████████  | 52/65 [00:13<00:03,  3.87it/s, v_num=5-22]Epoch 7:  82%|████████▏ | 53/65 [00:13<00:03,  3.91it/s, v_num=5-22]Epoch 7:  82%|████████▏ | 53/65 [00:13<00:03,  3.91it/s, v_num=5-22]Epoch 7:  83%|████████▎ | 54/65 [00:13<00:02,  3.94it/s, v_num=5-22]Epoch 7:  83%|████████▎ | 54/65 [00:13<00:02,  3.94it/s, v_num=5-22]Epoch 7:  85%|████████▍ | 55/65 [00:13<00:02,  3.98it/s, v_num=5-22]Epoch 7:  85%|████████▍ | 55/65 [00:13<00:02,  3.98it/s, v_num=5-22]Epoch 7:  86%|████████▌ | 56/65 [00:14<00:02,  3.97it/s, v_num=5-22]Epoch 7:  86%|████████▌ | 56/65 [00:14<00:02,  3.97it/s, v_num=5-22]Epoch 7:  88%|████████▊ | 57/65 [00:14<00:01,  4.01it/s, v_num=5-22]Epoch 7:  88%|████████▊ | 57/65 [00:14<00:01,  4.01it/s, v_num=5-22]Epoch 7:  89%|████████▉ | 58/65 [00:14<00:01,  4.04it/s, v_num=5-22]Epoch 7:  89%|████████▉ | 58/65 [00:14<00:01,  4.04it/s, v_num=5-22]Epoch 7:  91%|█████████ | 59/65 [00:14<00:01,  4.07it/s, v_num=5-22]Epoch 7:  91%|█████████ | 59/65 [00:14<00:01,  4.07it/s, v_num=5-22]Epoch 7:  92%|█████████▏| 60/65 [00:14<00:01,  4.10it/s, v_num=5-22]Epoch 7:  92%|█████████▏| 60/65 [00:14<00:01,  4.10it/s, v_num=5-22]Epoch 7:  94%|█████████▍| 61/65 [00:14<00:00,  4.13it/s, v_num=5-22]Epoch 7:  94%|█████████▍| 61/65 [00:14<00:00,  4.13it/s, v_num=5-22]Epoch 7:  95%|█████████▌| 62/65 [00:14<00:00,  4.16it/s, v_num=5-22]Epoch 7:  95%|█████████▌| 62/65 [00:14<00:00,  4.16it/s, v_num=5-22]Epoch 7:  97%|█████████▋| 63/65 [00:15<00:00,  4.19it/s, v_num=5-22]Epoch 7:  97%|█████████▋| 63/65 [00:15<00:00,  4.19it/s, v_num=5-22]Epoch 7:  98%|█████████▊| 64/65 [00:15<00:00,  4.22it/s, v_num=5-22]Epoch 7:  98%|█████████▊| 64/65 [00:15<00:00,  4.22it/s, v_num=5-22]Epoch 7: 100%|██████████| 65/65 [00:15<00:00,  4.27it/s, v_num=5-22]Epoch 7: 100%|██████████| 65/65 [00:15<00:00,  4.27it/s, v_num=5-22]
Validation: |          | 0/? [00:00<?, ?it/s][A
Validation: |          | 0/? [00:00<?, ?it/s][A
Validation DataLoader 0:   0%|          | 0/9 [00:00<?, ?it/s][A
Validation DataLoader 0:  11%|█         | 1/9 [00:00<00:00, 48.31it/s][A
Validation DataLoader 0:  22%|██▏       | 2/9 [00:00<00:00, 12.64it/s][A
Validation DataLoader 0:  33%|███▎      | 3/9 [00:00<00:00, 10.21it/s][A
Validation DataLoader 0:  44%|████▍     | 4/9 [00:00<00:00,  9.31it/s][A
Validation DataLoader 0:  56%|█████▌    | 5/9 [00:00<00:00,  8.82it/s][A
Validation DataLoader 0:  67%|██████▋   | 6/9 [00:00<00:00,  8.53it/s][A
Validation DataLoader 0:  78%|███████▊  | 7/9 [00:00<00:00,  8.33it/s][A
Validation DataLoader 0:  89%|████████▉ | 8/9 [00:00<00:00,  8.19it/s][A
Validation DataLoader 0: 100%|██████████| 9/9 [00:00<00:00,  9.08it/s][A
                                                                      [AEpoch 7: 100%|██████████| 65/65 [00:20<00:00,  3.22it/s, v_num=5-22]Epoch 7: 100%|██████████| 65/65 [00:20<00:00,  3.22it/s, v_num=5-22]Epoch 7:   0%|          | 0/65 [00:00<?, ?it/s, v_num=5-22]         Epoch 8:   0%|          | 0/65 [00:00<?, ?it/s, v_num=5-22]Epoch 8:   2%|▏         | 1/65 [00:00<00:09,  6.82it/s, v_num=5-22]Epoch 8:   2%|▏         | 1/65 [00:00<00:09,  6.81it/s, v_num=5-22]Epoch 8:   3%|▎         | 2/65 [00:00<00:08,  7.15it/s, v_num=5-22]Epoch 8:   3%|▎         | 2/65 [00:00<00:08,  7.14it/s, v_num=5-22]Epoch 8:   5%|▍         | 3/65 [00:00<00:08,  7.25it/s, v_num=5-22]Epoch 8:   5%|▍         | 3/65 [00:00<00:08,  7.25it/s, v_num=5-22]Epoch 8:   6%|▌         | 4/65 [00:00<00:08,  7.36it/s, v_num=5-22]Epoch 8:   6%|▌         | 4/65 [00:00<00:08,  7.36it/s, v_num=5-22]Epoch 8:   8%|▊         | 5/65 [00:00<00:08,  7.43it/s, v_num=5-22]Epoch 8:   8%|▊         | 5/65 [00:00<00:08,  7.43it/s, v_num=5-22]Epoch 8:   9%|▉         | 6/65 [00:00<00:07,  7.48it/s, v_num=5-22]Epoch 8:   9%|▉         | 6/65 [00:00<00:07,  7.47it/s, v_num=5-22]Epoch 8:  11%|█         | 7/65 [00:00<00:07,  7.51it/s, v_num=5-22]Epoch 8:  11%|█         | 7/65 [00:00<00:07,  7.51it/s, v_num=5-22]Epoch 8:  12%|█▏        | 8/65 [00:01<00:07,  7.53it/s, v_num=5-22]Epoch 8:  12%|█▏        | 8/65 [00:01<00:07,  7.53it/s, v_num=5-22]Epoch 8:  14%|█▍        | 9/65 [00:01<00:07,  7.55it/s, v_num=5-22]Epoch 8:  14%|█▍        | 9/65 [00:01<00:07,  7.55it/s, v_num=5-22]Epoch 8:  15%|█▌        | 10/65 [00:01<00:07,  7.57it/s, v_num=5-22]Epoch 8:  15%|█▌        | 10/65 [00:01<00:07,  7.57it/s, v_num=5-22]Epoch 8:  17%|█▋        | 11/65 [00:01<00:07,  6.87it/s, v_num=5-22]Epoch 8:  17%|█▋        | 11/65 [00:01<00:07,  6.87it/s, v_num=5-22]Epoch 8:  18%|█▊        | 12/65 [00:01<00:07,  6.90it/s, v_num=5-22]Epoch 8:  18%|█▊        | 12/65 [00:01<00:07,  6.90it/s, v_num=5-22]Epoch 8:  20%|██        | 13/65 [00:01<00:07,  6.95it/s, v_num=5-22]Epoch 8:  20%|██        | 13/65 [00:01<00:07,  6.95it/s, v_num=5-22]Epoch 8:  22%|██▏       | 14/65 [00:02<00:07,  6.99it/s, v_num=5-22]Epoch 8:  22%|██▏       | 14/65 [00:02<00:07,  6.99it/s, v_num=5-22]Epoch 8:  23%|██▎       | 15/65 [00:02<00:07,  7.03it/s, v_num=5-22]Epoch 8:  23%|██▎       | 15/65 [00:02<00:07,  7.03it/s, v_num=5-22]Epoch 8:  25%|██▍       | 16/65 [00:02<00:06,  7.06it/s, v_num=5-22]Epoch 8:  25%|██▍       | 16/65 [00:02<00:06,  7.06it/s, v_num=5-22]Epoch 8:  26%|██▌       | 17/65 [00:02<00:06,  7.10it/s, v_num=5-22]Epoch 8:  26%|██▌       | 17/65 [00:02<00:06,  7.10it/s, v_num=5-22]Epoch 8:  28%|██▊       | 18/65 [00:02<00:06,  7.13it/s, v_num=5-22]Epoch 8:  28%|██▊       | 18/65 [00:02<00:06,  7.13it/s, v_num=5-22]Epoch 8:  29%|██▉       | 19/65 [00:02<00:06,  7.16it/s, v_num=5-22]Epoch 8:  29%|██▉       | 19/65 [00:02<00:06,  7.16it/s, v_num=5-22]Epoch 8:  31%|███       | 20/65 [00:02<00:06,  7.18it/s, v_num=5-22]Epoch 8:  31%|███       | 20/65 [00:02<00:06,  7.18it/s, v_num=5-22]Epoch 8:  32%|███▏      | 21/65 [00:03<00:06,  6.91it/s, v_num=5-22]Epoch 8:  32%|███▏      | 21/65 [00:03<00:06,  6.91it/s, v_num=5-22]Epoch 8:  34%|███▍      | 22/65 [00:03<00:06,  6.93it/s, v_num=5-22]Epoch 8:  34%|███▍      | 22/65 [00:03<00:06,  6.93it/s, v_num=5-22]Epoch 8:  35%|███▌      | 23/65 [00:03<00:06,  6.96it/s, v_num=5-22]Epoch 8:  35%|███▌      | 23/65 [00:03<00:06,  6.96it/s, v_num=5-22]Epoch 8:  37%|███▋      | 24/65 [00:03<00:05,  6.99it/s, v_num=5-22]Epoch 8:  37%|███▋      | 24/65 [00:03<00:05,  6.99it/s, v_num=5-22]Epoch 8:  38%|███▊      | 25/65 [00:03<00:05,  7.01it/s, v_num=5-22]Epoch 8:  38%|███▊      | 25/65 [00:03<00:05,  7.01it/s, v_num=5-22]Epoch 8:  40%|████      | 26/65 [00:03<00:05,  7.03it/s, v_num=5-22]Epoch 8:  40%|████      | 26/65 [00:03<00:05,  7.03it/s, v_num=5-22]Epoch 8:  42%|████▏     | 27/65 [00:03<00:05,  7.05it/s, v_num=5-22]Epoch 8:  42%|████▏     | 27/65 [00:03<00:05,  7.05it/s, v_num=5-22]Epoch 8:  43%|████▎     | 28/65 [00:04<00:05,  6.77it/s, v_num=5-22]Epoch 8:  43%|████▎     | 28/65 [00:04<00:05,  6.77it/s, v_num=5-22]Epoch 8:  45%|████▍     | 29/65 [00:04<00:05,  6.79it/s, v_num=5-22]Epoch 8:  45%|████▍     | 29/65 [00:04<00:05,  6.79it/s, v_num=5-22]Epoch 8:  46%|████▌     | 30/65 [00:04<00:05,  6.81it/s, v_num=5-22]Epoch 8:  46%|████▌     | 30/65 [00:04<00:05,  6.81it/s, v_num=5-22]Epoch 8:  48%|████▊     | 31/65 [00:09<00:10,  3.11it/s, v_num=5-22]Epoch 8:  48%|████▊     | 31/65 [00:09<00:10,  3.11it/s, v_num=5-22]Epoch 8:  49%|████▉     | 32/65 [00:10<00:10,  3.17it/s, v_num=5-22]Epoch 8:  49%|████▉     | 32/65 [00:10<00:10,  3.17it/s, v_num=5-22]Epoch 8:  51%|█████     | 33/65 [00:10<00:09,  3.23it/s, v_num=5-22]Epoch 8:  51%|█████     | 33/65 [00:10<00:09,  3.23it/s, v_num=5-22]Epoch 8:  52%|█████▏    | 34/65 [00:10<00:09,  3.28it/s, v_num=5-22]Epoch 8:  52%|█████▏    | 34/65 [00:10<00:09,  3.28it/s, v_num=5-22]Epoch 8:  54%|█████▍    | 35/65 [00:10<00:08,  3.34it/s, v_num=5-22]Epoch 8:  54%|█████▍    | 35/65 [00:10<00:08,  3.34it/s, v_num=5-22]Epoch 8:  55%|█████▌    | 36/65 [00:10<00:08,  3.39it/s, v_num=5-22]Epoch 8:  55%|█████▌    | 36/65 [00:10<00:08,  3.39it/s, v_num=5-22]Epoch 8:  57%|█████▋    | 37/65 [00:10<00:08,  3.44it/s, v_num=5-22]Epoch 8:  57%|█████▋    | 37/65 [00:10<00:08,  3.44it/s, v_num=5-22]Epoch 8:  58%|█████▊    | 38/65 [00:10<00:07,  3.49it/s, v_num=5-22]Epoch 8:  58%|█████▊    | 38/65 [00:10<00:07,  3.49it/s, v_num=5-22]Epoch 8:  60%|██████    | 39/65 [00:11<00:07,  3.54it/s, v_num=5-22]Epoch 8:  60%|██████    | 39/65 [00:11<00:07,  3.54it/s, v_num=5-22]Epoch 8:  62%|██████▏   | 40/65 [00:11<00:06,  3.59it/s, v_num=5-22]Epoch 8:  62%|██████▏   | 40/65 [00:11<00:06,  3.59it/s, v_num=5-22]Epoch 8:  63%|██████▎   | 41/65 [00:11<00:06,  3.60it/s, v_num=5-22]Epoch 8:  63%|██████▎   | 41/65 [00:11<00:06,  3.60it/s, v_num=5-22]Epoch 8:  65%|██████▍   | 42/65 [00:11<00:06,  3.64it/s, v_num=5-22]Epoch 8:  65%|██████▍   | 42/65 [00:11<00:06,  3.64it/s, v_num=5-22]Epoch 8:  66%|██████▌   | 43/65 [00:11<00:05,  3.69it/s, v_num=5-22]Epoch 8:  66%|██████▌   | 43/65 [00:11<00:05,  3.69it/s, v_num=5-22]Epoch 8:  68%|██████▊   | 44/65 [00:11<00:05,  3.73it/s, v_num=5-22]Epoch 8:  68%|██████▊   | 44/65 [00:11<00:05,  3.73it/s, v_num=5-22]Epoch 8:  69%|██████▉   | 45/65 [00:11<00:05,  3.77it/s, v_num=5-22]Epoch 8:  69%|██████▉   | 45/65 [00:11<00:05,  3.77it/s, v_num=5-22]Epoch 8:  71%|███████   | 46/65 [00:12<00:04,  3.82it/s, v_num=5-22]Epoch 8:  71%|███████   | 46/65 [00:12<00:04,  3.82it/s, v_num=5-22]Epoch 8:  72%|███████▏  | 47/65 [00:12<00:04,  3.86it/s, v_num=5-22]Epoch 8:  72%|███████▏  | 47/65 [00:12<00:04,  3.86it/s, v_num=5-22]Epoch 8:  74%|███████▍  | 48/65 [00:12<00:04,  3.89it/s, v_num=5-22]Epoch 8:  74%|███████▍  | 48/65 [00:12<00:04,  3.89it/s, v_num=5-22]Epoch 8:  75%|███████▌  | 49/65 [00:12<00:04,  3.93it/s, v_num=5-22]Epoch 8:  75%|███████▌  | 49/65 [00:12<00:04,  3.93it/s, v_num=5-22]Epoch 8:  77%|███████▋  | 50/65 [00:12<00:03,  3.97it/s, v_num=5-22]Epoch 8:  77%|███████▋  | 50/65 [00:12<00:03,  3.97it/s, v_num=5-22]Epoch 8:  78%|███████▊  | 51/65 [00:12<00:03,  3.97it/s, v_num=5-22]Epoch 8:  78%|███████▊  | 51/65 [00:12<00:03,  3.97it/s, v_num=5-22]Epoch 8:  80%|████████  | 52/65 [00:12<00:03,  4.01it/s, v_num=5-22]Epoch 8:  80%|████████  | 52/65 [00:12<00:03,  4.01it/s, v_num=5-22]Epoch 8:  82%|████████▏ | 53/65 [00:13<00:02,  4.04it/s, v_num=5-22]Epoch 8:  82%|████████▏ | 53/65 [00:13<00:02,  4.04it/s, v_num=5-22]Epoch 8:  83%|████████▎ | 54/65 [00:13<00:02,  4.08it/s, v_num=5-22]Epoch 8:  83%|████████▎ | 54/65 [00:13<00:02,  4.08it/s, v_num=5-22]Epoch 8:  85%|████████▍ | 55/65 [00:13<00:02,  4.11it/s, v_num=5-22]Epoch 8:  85%|████████▍ | 55/65 [00:13<00:02,  4.11it/s, v_num=5-22]Epoch 8:  86%|████████▌ | 56/65 [00:13<00:02,  4.15it/s, v_num=5-22]Epoch 8:  86%|████████▌ | 56/65 [00:13<00:02,  4.15it/s, v_num=5-22]Epoch 8:  88%|████████▊ | 57/65 [00:13<00:01,  4.18it/s, v_num=5-22]Epoch 8:  88%|████████▊ | 57/65 [00:13<00:01,  4.18it/s, v_num=5-22]Epoch 8:  89%|████████▉ | 58/65 [00:13<00:01,  4.21it/s, v_num=5-22]Epoch 8:  89%|████████▉ | 58/65 [00:13<00:01,  4.21it/s, v_num=5-22]Epoch 8:  91%|█████████ | 59/65 [00:13<00:01,  4.25it/s, v_num=5-22]Epoch 8:  91%|█████████ | 59/65 [00:13<00:01,  4.25it/s, v_num=5-22]Epoch 8:  92%|█████████▏| 60/65 [00:14<00:01,  4.28it/s, v_num=5-22]Epoch 8:  92%|█████████▏| 60/65 [00:14<00:01,  4.28it/s, v_num=5-22]Epoch 8:  94%|█████████▍| 61/65 [00:16<00:01,  3.80it/s, v_num=5-22]Epoch 8:  94%|█████████▍| 61/65 [00:16<00:01,  3.80it/s, v_num=5-22]Epoch 8:  95%|█████████▌| 62/65 [00:16<00:00,  3.83it/s, v_num=5-22]Epoch 8:  95%|█████████▌| 62/65 [00:16<00:00,  3.83it/s, v_num=5-22]Epoch 8:  97%|█████████▋| 63/65 [00:16<00:00,  3.86it/s, v_num=5-22]Epoch 8:  97%|█████████▋| 63/65 [00:16<00:00,  3.86it/s, v_num=5-22]Epoch 8:  98%|█████████▊| 64/65 [00:16<00:00,  3.89it/s, v_num=5-22]Epoch 8:  98%|█████████▊| 64/65 [00:16<00:00,  3.89it/s, v_num=5-22]Epoch 8: 100%|██████████| 65/65 [00:16<00:00,  3.93it/s, v_num=5-22]Epoch 8: 100%|██████████| 65/65 [00:16<00:00,  3.93it/s, v_num=5-22]
Validation: |          | 0/? [00:00<?, ?it/s][A
Validation: |          | 0/? [00:00<?, ?it/s][A
Validation DataLoader 0:   0%|          | 0/9 [00:00<?, ?it/s][A
Validation DataLoader 0:  11%|█         | 1/9 [00:00<00:00, 51.48it/s][A
Validation DataLoader 0:  22%|██▏       | 2/9 [00:00<00:00, 12.97it/s][A
Validation DataLoader 0:  33%|███▎      | 3/9 [00:00<00:00, 10.33it/s][A
Validation DataLoader 0:  44%|████▍     | 4/9 [00:00<00:00,  9.37it/s][A
Validation DataLoader 0:  56%|█████▌    | 5/9 [00:00<00:00,  8.89it/s][A
Validation DataLoader 0:  67%|██████▋   | 6/9 [00:00<00:00,  8.60it/s][A
Validation DataLoader 0:  78%|███████▊  | 7/9 [00:00<00:00,  8.39it/s][A
Validation DataLoader 0:  89%|████████▉ | 8/9 [00:01<00:00,  7.01it/s][A
Validation DataLoader 0: 100%|██████████| 9/9 [00:01<00:00,  7.79it/s][A
                                                                      [AEpoch 8: 100%|██████████| 65/65 [00:17<00:00,  3.62it/s, v_num=5-22]Epoch 8: 100%|██████████| 65/65 [00:17<00:00,  3.62it/s, v_num=5-22]Epoch 8:   0%|          | 0/65 [00:00<?, ?it/s, v_num=5-22]         Epoch 9:   0%|          | 0/65 [00:00<?, ?it/s, v_num=5-22]Epoch 9:   2%|▏         | 1/65 [00:00<00:09,  7.00it/s, v_num=5-22]Epoch 9:   2%|▏         | 1/65 [00:00<00:09,  6.99it/s, v_num=5-22]Epoch 9:   3%|▎         | 2/65 [00:00<00:08,  7.29it/s, v_num=5-22]Epoch 9:   3%|▎         | 2/65 [00:00<00:08,  7.29it/s, v_num=5-22]Epoch 9:   5%|▍         | 3/65 [00:00<00:08,  7.39it/s, v_num=5-22]Epoch 9:   5%|▍         | 3/65 [00:00<00:08,  7.39it/s, v_num=5-22]Epoch 9:   6%|▌         | 4/65 [00:00<00:08,  7.47it/s, v_num=5-22]Epoch 9:   6%|▌         | 4/65 [00:00<00:08,  7.46it/s, v_num=5-22]Epoch 9:   8%|▊         | 5/65 [00:00<00:07,  7.52it/s, v_num=5-22]Epoch 9:   8%|▊         | 5/65 [00:00<00:07,  7.51it/s, v_num=5-22]Epoch 9:   9%|▉         | 6/65 [00:02<00:21,  2.68it/s, v_num=5-22]Epoch 9:   9%|▉         | 6/65 [00:02<00:21,  2.68it/s, v_num=5-22]Epoch 9:  11%|█         | 7/65 [00:02<00:19,  2.95it/s, v_num=5-22]Epoch 9:  11%|█         | 7/65 [00:02<00:19,  2.95it/s, v_num=5-22]Epoch 9:  12%|█▏        | 8/65 [00:02<00:17,  3.19it/s, v_num=5-22]Epoch 9:  12%|█▏        | 8/65 [00:02<00:17,  3.19it/s, v_num=5-22]Epoch 9:  14%|█▍        | 9/65 [00:02<00:16,  3.41it/s, v_num=5-22]Epoch 9:  14%|█▍        | 9/65 [00:02<00:16,  3.41it/s, v_num=5-22]Epoch 9:  15%|█▌        | 10/65 [00:02<00:15,  3.62it/s, v_num=5-22]Epoch 9:  15%|█▌        | 10/65 [00:02<00:15,  3.62it/s, v_num=5-22]Epoch 9:  17%|█▋        | 11/65 [00:02<00:14,  3.80it/s, v_num=5-22]Epoch 9:  17%|█▋        | 11/65 [00:02<00:14,  3.80it/s, v_num=5-22]Epoch 9:  18%|█▊        | 12/65 [00:03<00:13,  3.97it/s, v_num=5-22]Epoch 9:  18%|█▊        | 12/65 [00:03<00:13,  3.97it/s, v_num=5-22]Epoch 9:  20%|██        | 13/65 [00:03<00:12,  4.12it/s, v_num=5-22]Epoch 9:  20%|██        | 13/65 [00:03<00:12,  4.12it/s, v_num=5-22]Epoch 9:  22%|██▏       | 14/65 [00:03<00:11,  4.26it/s, v_num=5-22]Epoch 9:  22%|██▏       | 14/65 [00:03<00:11,  4.26it/s, v_num=5-22]Epoch 9:  23%|██▎       | 15/65 [00:03<00:11,  4.39it/s, v_num=5-22]Epoch 9:  23%|██▎       | 15/65 [00:03<00:11,  4.39it/s, v_num=5-22]Epoch 9:  25%|██▍       | 16/65 [00:03<00:11,  4.35it/s, v_num=5-22]Epoch 9:  25%|██▍       | 16/65 [00:03<00:11,  4.35it/s, v_num=5-22]Epoch 9:  26%|██▌       | 17/65 [00:03<00:10,  4.46it/s, v_num=5-22]Epoch 9:  26%|██▌       | 17/65 [00:03<00:10,  4.46it/s, v_num=5-22]Epoch 9:  28%|██▊       | 18/65 [00:03<00:10,  4.57it/s, v_num=5-22]Epoch 9:  28%|██▊       | 18/65 [00:03<00:10,  4.56it/s, v_num=5-22]Epoch 9:  29%|██▉       | 19/65 [00:04<00:09,  4.66it/s, v_num=5-22]Epoch 9:  29%|██▉       | 19/65 [00:04<00:09,  4.66it/s, v_num=5-22]Epoch 9:  31%|███       | 20/65 [00:04<00:09,  4.75it/s, v_num=5-22]Epoch 9:  31%|███       | 20/65 [00:04<00:09,  4.75it/s, v_num=5-22]Epoch 9:  32%|███▏      | 21/65 [00:04<00:09,  4.84it/s, v_num=5-22]Epoch 9:  32%|███▏      | 21/65 [00:04<00:09,  4.84it/s, v_num=5-22]Epoch 9:  34%|███▍      | 22/65 [00:04<00:08,  4.92it/s, v_num=5-22]Epoch 9:  34%|███▍      | 22/65 [00:04<00:08,  4.92it/s, v_num=5-22]Epoch 9:  35%|███▌      | 23/65 [00:04<00:08,  5.00it/s, v_num=5-22]Epoch 9:  35%|███▌      | 23/65 [00:04<00:08,  5.00it/s, v_num=5-22]Epoch 9:  37%|███▋      | 24/65 [00:04<00:08,  5.07it/s, v_num=5-22]Epoch 9:  37%|███▋      | 24/65 [00:04<00:08,  5.07it/s, v_num=5-22]Epoch 9:  38%|███▊      | 25/65 [00:04<00:07,  5.14it/s, v_num=5-22]Epoch 9:  38%|███▊      | 25/65 [00:04<00:07,  5.14it/s, v_num=5-22]Epoch 9:  40%|████      | 26/65 [00:05<00:07,  5.08it/s, v_num=5-22]Epoch 9:  40%|████      | 26/65 [00:05<00:07,  5.08it/s, v_num=5-22]Epoch 9:  42%|████▏     | 27/65 [00:05<00:07,  5.14it/s, v_num=5-22]Epoch 9:  42%|████▏     | 27/65 [00:05<00:07,  5.14it/s, v_num=5-22]Epoch 9:  43%|████▎     | 28/65 [00:05<00:07,  5.20it/s, v_num=5-22]Epoch 9:  43%|████▎     | 28/65 [00:05<00:07,  5.20it/s, v_num=5-22]Epoch 9:  45%|████▍     | 29/65 [00:05<00:06,  5.26it/s, v_num=5-22]Epoch 9:  45%|████▍     | 29/65 [00:05<00:06,  5.26it/s, v_num=5-22]Epoch 9:  46%|████▌     | 30/65 [00:05<00:06,  5.32it/s, v_num=5-22]Epoch 9:  46%|████▌     | 30/65 [00:05<00:06,  5.32it/s, v_num=5-22]Epoch 9:  48%|████▊     | 31/65 [00:05<00:06,  5.37it/s, v_num=5-22]Epoch 9:  48%|████▊     | 31/65 [00:05<00:06,  5.37it/s, v_num=5-22]Epoch 9:  49%|████▉     | 32/65 [00:05<00:06,  5.42it/s, v_num=5-22]Epoch 9:  49%|████▉     | 32/65 [00:05<00:06,  5.42it/s, v_num=5-22]Epoch 9:  51%|█████     | 33/65 [00:06<00:05,  5.47it/s, v_num=5-22]Epoch 9:  51%|█████     | 33/65 [00:06<00:05,  5.47it/s, v_num=5-22]Epoch 9:  52%|█████▏    | 34/65 [00:06<00:05,  5.51it/s, v_num=5-22]Epoch 9:  52%|█████▏    | 34/65 [00:06<00:05,  5.51it/s, v_num=5-22]Epoch 9:  54%|█████▍    | 35/65 [00:06<00:05,  5.55it/s, v_num=5-22]Epoch 9:  54%|█████▍    | 35/65 [00:06<00:05,  5.55it/s, v_num=5-22]Epoch 9:  55%|█████▌    | 36/65 [00:07<00:06,  4.54it/s, v_num=5-22]Epoch 9:  55%|█████▌    | 36/65 [00:07<00:06,  4.54it/s, v_num=5-22]Epoch 9:  57%|█████▋    | 37/65 [00:08<00:06,  4.59it/s, v_num=5-22]Epoch 9:  57%|█████▋    | 37/65 [00:08<00:06,  4.59it/s, v_num=5-22]Epoch 9:  58%|█████▊    | 38/65 [00:08<00:05,  4.64it/s, v_num=5-22]Epoch 9:  58%|█████▊    | 38/65 [00:08<00:05,  4.64it/s, v_num=5-22]Epoch 9:  60%|██████    | 39/65 [00:08<00:05,  4.68it/s, v_num=5-22]Epoch 9:  60%|██████    | 39/65 [00:08<00:05,  4.68it/s, v_num=5-22]Epoch 9:  62%|██████▏   | 40/65 [00:08<00:05,  4.73it/s, v_num=5-22]Epoch 9:  62%|██████▏   | 40/65 [00:08<00:05,  4.73it/s, v_num=5-22]Epoch 9:  63%|██████▎   | 41/65 [00:08<00:05,  4.77it/s, v_num=5-22]Epoch 9:  63%|██████▎   | 41/65 [00:08<00:05,  4.77it/s, v_num=5-22]Epoch 9:  65%|██████▍   | 42/65 [00:08<00:04,  4.82it/s, v_num=5-22]Epoch 9:  65%|██████▍   | 42/65 [00:08<00:04,  4.82it/s, v_num=5-22]Epoch 9:  66%|██████▌   | 43/65 [00:08<00:04,  4.86it/s, v_num=5-22]Epoch 9:  66%|██████▌   | 43/65 [00:08<00:04,  4.86it/s, v_num=5-22]Epoch 9:  68%|██████▊   | 44/65 [00:08<00:04,  4.90it/s, v_num=5-22]Epoch 9:  68%|██████▊   | 44/65 [00:08<00:04,  4.90it/s, v_num=5-22]Epoch 9:  69%|██████▉   | 45/65 [00:09<00:04,  4.94it/s, v_num=5-22]Epoch 9:  69%|██████▉   | 45/65 [00:09<00:04,  4.94it/s, v_num=5-22]Epoch 9:  71%|███████   | 46/65 [00:12<00:04,  3.83it/s, v_num=5-22]Epoch 9:  71%|███████   | 46/65 [00:12<00:04,  3.83it/s, v_num=5-22]Epoch 9:  72%|███████▏  | 47/65 [00:12<00:04,  3.87it/s, v_num=5-22]Epoch 9:  72%|███████▏  | 47/65 [00:12<00:04,  3.87it/s, v_num=5-22]Epoch 9:  74%|███████▍  | 48/65 [00:12<00:04,  3.91it/s, v_num=5-22]Epoch 9:  74%|███████▍  | 48/65 [00:12<00:04,  3.91it/s, v_num=5-22]Epoch 9:  75%|███████▌  | 49/65 [00:12<00:04,  3.95it/s, v_num=5-22]Epoch 9:  75%|███████▌  | 49/65 [00:12<00:04,  3.95it/s, v_num=5-22]Epoch 9:  77%|███████▋  | 50/65 [00:12<00:03,  3.99it/s, v_num=5-22]Epoch 9:  77%|███████▋  | 50/65 [00:12<00:03,  3.99it/s, v_num=5-22]Epoch 9:  78%|███████▊  | 51/65 [00:12<00:03,  4.03it/s, v_num=5-22]Epoch 9:  78%|███████▊  | 51/65 [00:12<00:03,  4.03it/s, v_num=5-22]Epoch 9:  80%|████████  | 52/65 [00:12<00:03,  4.06it/s, v_num=5-22]Epoch 9:  80%|████████  | 52/65 [00:12<00:03,  4.06it/s, v_num=5-22]Epoch 9:  82%|████████▏ | 53/65 [00:12<00:02,  4.10it/s, v_num=5-22]Epoch 9:  82%|████████▏ | 53/65 [00:12<00:02,  4.10it/s, v_num=5-22]Epoch 9:  83%|████████▎ | 54/65 [00:13<00:02,  4.14it/s, v_num=5-22]Epoch 9:  83%|████████▎ | 54/65 [00:13<00:02,  4.14it/s, v_num=5-22]Epoch 9:  85%|████████▍ | 55/65 [00:13<00:02,  4.17it/s, v_num=5-22]Epoch 9:  85%|████████▍ | 55/65 [00:13<00:02,  4.17it/s, v_num=5-22]Epoch 9:  86%|████████▌ | 56/65 [00:15<00:02,  3.51it/s, v_num=5-22]Epoch 9:  86%|████████▌ | 56/65 [00:15<00:02,  3.51it/s, v_num=5-22]Epoch 9:  88%|████████▊ | 57/65 [00:16<00:02,  3.54it/s, v_num=5-22]Epoch 9:  88%|████████▊ | 57/65 [00:16<00:02,  3.54it/s, v_num=5-22]Epoch 9:  89%|████████▉ | 58/65 [00:16<00:01,  3.57it/s, v_num=5-22]Epoch 9:  89%|████████▉ | 58/65 [00:16<00:01,  3.57it/s, v_num=5-22]Epoch 9:  91%|█████████ | 59/65 [00:16<00:01,  3.60it/s, v_num=5-22]Epoch 9:  91%|█████████ | 59/65 [00:16<00:01,  3.60it/s, v_num=5-22]Epoch 9:  92%|█████████▏| 60/65 [00:16<00:01,  3.63it/s, v_num=5-22]Epoch 9:  92%|█████████▏| 60/65 [00:16<00:01,  3.63it/s, v_num=5-22]Epoch 9:  94%|█████████▍| 61/65 [00:16<00:01,  3.67it/s, v_num=5-22]Epoch 9:  94%|█████████▍| 61/65 [00:16<00:01,  3.67it/s, v_num=5-22]Epoch 9:  95%|█████████▌| 62/65 [00:16<00:00,  3.70it/s, v_num=5-22]Epoch 9:  95%|█████████▌| 62/65 [00:16<00:00,  3.70it/s, v_num=5-22]Epoch 9:  97%|█████████▋| 63/65 [00:16<00:00,  3.73it/s, v_num=5-22]Epoch 9:  97%|█████████▋| 63/65 [00:16<00:00,  3.73it/s, v_num=5-22]Epoch 9:  98%|█████████▊| 64/65 [00:17<00:00,  3.76it/s, v_num=5-22]Epoch 9:  98%|█████████▊| 64/65 [00:17<00:00,  3.76it/s, v_num=5-22]Epoch 9: 100%|██████████| 65/65 [00:17<00:00,  3.80it/s, v_num=5-22]Epoch 9: 100%|██████████| 65/65 [00:17<00:00,  3.80it/s, v_num=5-22]
Validation: |          | 0/? [00:00<?, ?it/s][A
Validation: |          | 0/? [00:00<?, ?it/s][A
Validation DataLoader 0:   0%|          | 0/9 [00:00<?, ?it/s][A
Validation DataLoader 0:  11%|█         | 1/9 [00:00<00:00, 52.02it/s][A
Validation DataLoader 0:  22%|██▏       | 2/9 [00:00<00:00, 12.96it/s][A
Validation DataLoader 0:  33%|███▎      | 3/9 [00:00<00:00, 10.39it/s][A
Validation DataLoader 0:  44%|████▍     | 4/9 [00:00<00:00,  9.44it/s][A
Validation DataLoader 0:  56%|█████▌    | 5/9 [00:00<00:00,  8.91it/s][A
Validation DataLoader 0:  67%|██████▋   | 6/9 [00:00<00:00,  8.57it/s][A
Validation DataLoader 0:  78%|███████▊  | 7/9 [00:00<00:00,  8.36it/s][A
Validation DataLoader 0:  89%|████████▉ | 8/9 [00:00<00:00,  8.23it/s][A
Validation DataLoader 0: 100%|██████████| 9/9 [00:00<00:00,  9.12it/s][A
`Trainer.fit` stopped: `max_epochs=10` reached.
                                                                      [AEpoch 9: 100%|██████████| 65/65 [00:25<00:00,  2.53it/s, v_num=5-22]Epoch 9: 100%|██████████| 65/65 [00:25<00:00,  2.53it/s, v_num=5-22]Epoch 9: 100%|██████████| 65/65 [00:25<00:00,  2.53it/s, v_num=5-22]
🏃 View run parquet_dataset__model_nlyrs_4_nheads_4_hdim_64__pred_ovrlap_F_npreds_4__nlyrs_2_activ_relunenc_1__lr_0.0002828_start_0.001_final_0_20251112_211353_epoch_0_probe at: https://block-lakehouse-production.cloud.databricks.com/ml/experiments/3770822289029490/runs/1fa95e981c204bd88fd3f9018d377883
🧪 View experiment at: https://block-lakehouse-production.cloud.databricks.com/ml/experiments/3770822289029490
LOCAL_RANK: 0 - CUDA_VISIBLE_DEVICES: [0,1,2,3]
/home/aminmohamadi_squareup_com/projects/.hermit/python/lib/python3.11/site-packages/pytorch_lightning/trainer/connectors/data_connector.py:433: The 'val_dataloader' does not have many workers which may be a bottleneck. Consider increasing the value of the `num_workers` argument` to `num_workers=63` in the `DataLoader` to improve performance.
Validation: |          | 0/? [00:00<?, ?it/s]Validation: |          | 0/? [00:00<?, ?it/s]Validation DataLoader 0:   0%|          | 0/9 [00:00<?, ?it/s]Validation DataLoader 0:  11%|█         | 1/9 [00:00<00:00, 49.33it/s]Validation DataLoader 0:  22%|██▏       | 2/9 [00:00<00:00, 12.78it/s]Validation DataLoader 0:  33%|███▎      | 3/9 [00:00<00:00, 10.22it/s]Validation DataLoader 0:  44%|████▍     | 4/9 [00:00<00:00,  9.29it/s]Validation DataLoader 0:  56%|█████▌    | 5/9 [00:00<00:00,  8.86it/s]Validation DataLoader 0:  67%|██████▋   | 6/9 [00:00<00:00,  8.58it/s]Validation DataLoader 0:  78%|███████▊  | 7/9 [00:00<00:00,  8.41it/s]Validation DataLoader 0:  89%|████████▉ | 8/9 [00:00<00:00,  8.28it/s]Validation DataLoader 0: 100%|██████████| 9/9 [00:00<00:00,  9.13it/s]Validation DataLoader 0: 100%|██████████| 9/9 [00:01<00:00,  7.86it/s]
────────────────────────────────────────────────────────────────────────────────────────────────────────────────────────
       Validate metric               DataLoader 0
────────────────────────────────────────────────────────────────────────────────────────────────────────────────────────
             lr                           0.0
parquet_dataset_val_accuracy      0.45448485016822815
parquet_dataset_val_f1-score      0.2840558588504791
  parquet_dataset_val_loss        3.5161807537078857
parquet_dataset_val_precision     0.20660080015659332
 parquet_dataset_val_recall       0.45448485016822815
 parquet_dataset_val_roc_auc      0.4573301672935486
  parquet_dataset_val_score       0.45448485016822815
 parquet_dataset_val_support        4068.8349609375
────────────────────────────────────────────────────────────────────────────────────────────────────────────────────────
🏃 View run parquet_dataset__model_nlyrs_4_nheads_4_hdim_64__pred_ovrlap_F_npreds_4__nlyrs_2_activ_relunenc_1__lr_0.0002828_start_0.001_final_0_20251112_211353_epoch_0_probe at: https://block-lakehouse-production.cloud.databricks.com/ml/experiments/3770822289029490/runs/1fa95e981c204bd88fd3f9018d377883
🧪 View experiment at: https://block-lakehouse-production.cloud.databricks.com/ml/experiments/3770822289029490
LOCAL_RANK: 0 - CUDA_VISIBLE_DEVICES: [0,1,2,3]
/home/aminmohamadi_squareup_com/projects/.hermit/python/lib/python3.11/site-packages/pytorch_lightning/trainer/connectors/data_connector.py:433: The 'test_dataloader' does not have many workers which may be a bottleneck. Consider increasing the value of the `num_workers` argument` to `num_workers=63` in the `DataLoader` to improve performance.
/home/aminmohamadi_squareup_com/projects/.hermit/python/lib/python3.11/site-packages/pytorch_lightning/trainer/connectors/logger_connector/result.py:434: It is recommended to use `self.log('parquet_dataset_test_loss', ..., sync_dist=True)` when logging on epoch level in distributed setting to accumulate the metric across devices.
/home/aminmohamadi_squareup_com/projects/.hermit/python/lib/python3.11/site-packages/pytorch_lightning/trainer/connectors/logger_connector/result.py:434: It is recommended to use `self.log('parquet_dataset_test_accuracy', ..., sync_dist=True)` when logging on epoch level in distributed setting to accumulate the metric across devices.
/home/aminmohamadi_squareup_com/projects/.hermit/python/lib/python3.11/site-packages/pytorch_lightning/trainer/connectors/logger_connector/result.py:434: It is recommended to use `self.log('parquet_dataset_test_precision', ..., sync_dist=True)` when logging on epoch level in distributed setting to accumulate the metric across devices.
/home/aminmohamadi_squareup_com/projects/.hermit/python/lib/python3.11/site-packages/pytorch_lightning/trainer/connectors/logger_connector/result.py:434: It is recommended to use `self.log('parquet_dataset_test_recall', ..., sync_dist=True)` when logging on epoch level in distributed setting to accumulate the metric across devices.
/home/aminmohamadi_squareup_com/projects/.hermit/python/lib/python3.11/site-packages/pytorch_lightning/trainer/connectors/logger_connector/result.py:434: It is recommended to use `self.log('parquet_dataset_test_f1-score', ..., sync_dist=True)` when logging on epoch level in distributed setting to accumulate the metric across devices.
/home/aminmohamadi_squareup_com/projects/.hermit/python/lib/python3.11/site-packages/pytorch_lightning/trainer/connectors/logger_connector/result.py:434: It is recommended to use `self.log('parquet_dataset_test_support', ..., sync_dist=True)` when logging on epoch level in distributed setting to accumulate the metric across devices.
/home/aminmohamadi_squareup_com/projects/.hermit/python/lib/python3.11/site-packages/pytorch_lightning/trainer/connectors/logger_connector/result.py:434: It is recommended to use `self.log('parquet_dataset_test_roc_auc', ..., sync_dist=True)` when logging on epoch level in distributed setting to accumulate the metric across devices.
/home/aminmohamadi_squareup_com/projects/.hermit/python/lib/python3.11/site-packages/pytorch_lightning/trainer/connectors/logger_connector/result.py:434: It is recommended to use `self.log('parquet_dataset_test_score', ..., sync_dist=True)` when logging on epoch level in distributed setting to accumulate the metric across devices.
Testing: |          | 0/? [00:00<?, ?it/s]Testing: |          | 0/? [00:00<?, ?it/s]Testing DataLoader 0:   0%|          | 0/9 [00:00<?, ?it/s]Testing DataLoader 0:  11%|█         | 1/9 [00:00<00:00, 49.02it/s]Testing DataLoader 0:  22%|██▏       | 2/9 [00:00<00:00, 12.97it/s]Testing DataLoader 0:  33%|███▎      | 3/9 [00:00<00:00, 10.37it/s]Testing DataLoader 0:  44%|████▍     | 4/9 [00:00<00:00,  9.43it/s]Testing DataLoader 0:  56%|█████▌    | 5/9 [00:00<00:00,  8.96it/s]Testing DataLoader 0:  67%|██████▋   | 6/9 [00:00<00:00,  8.69it/s]Testing DataLoader 0:  78%|███████▊  | 7/9 [00:00<00:00,  8.51it/s]Testing DataLoader 0:  89%|████████▉ | 8/9 [00:00<00:00,  8.37it/s]Testing DataLoader 0: 100%|██████████| 9/9 [00:00<00:00,  9.29it/s]Testing DataLoader 0: 100%|██████████| 9/9 [00:03<00:00,  2.88it/s]
────────────────────────────────────────────────────────────────────────────────────────────────────────────────────────
         Test metric                   DataLoader 0
────────────────────────────────────────────────────────────────────────────────────────────────────────────────────────
              lr                           0.0
parquet_dataset_test_accuracy       0.4488484859466553
parquet_dataset_test_f1-score       0.2781603932380676
  parquet_dataset_test_loss         3.5530641078948975
parquet_dataset_test_precision     0.20155194401741028
 parquet_dataset_test_recall        0.4488484859466553
 parquet_dataset_test_roc_auc      0.45900583267211914
  parquet_dataset_test_score        0.4488484859466553
 parquet_dataset_test_support        4068.8349609375
────────────────────────────────────────────────────────────────────────────────────────────────────────────────────────
🏃 View run parquet_dataset__model_nlyrs_4_nheads_4_hdim_64__pred_ovrlap_F_npreds_4__nlyrs_2_activ_relunenc_1__lr_0.0002828_start_0.001_final_0_20251112_211353_epoch_0_probe at: https://block-lakehouse-production.cloud.databricks.com/ml/experiments/3770822289029490/runs/1fa95e981c204bd88fd3f9018d377883
🧪 View experiment at: https://block-lakehouse-production.cloud.databricks.com/ml/experiments/3770822289029490
/home/aminmohamadi_squareup_com/projects/.hermit/python/lib/python3.11/site-packages/torch/distributed/distributed_c10d.py:4876: UserWarning: barrier(): using the device under current context. You can specify `device_id` in `init_process_group` to mute this warning.
  warnings.warn(  # warn only once
##############################Training epoch: 1/10##############################
  0%|          | 0/202 [00:00<?, ?it/s]  0%|          | 0/202 [00:00<?, ?it/s]  0%|          | 0/202 [00:00<?, ?it/s]  0%|          | 0/202 [00:00<?, ?it/s]/home/aminmohamadi_squareup_com/projects/t-jepa-parquet-scaling/src/train.py:436: UserWarning: The use of `x.T` on tensors of dimension other than 2 to reverse their shape is deprecated and it will throw an error in a future release. Consider `x.mT` to transpose batches of matrices or `x.permute(*torch.arange(x.ndim - 1, -1, -1))` to reverse the dimensions of a tensor. (Triggered internally at /pytorch/aten/src/ATen/native/TensorShape.cpp:4416.)
  _debug_values(batch[0].T, "batch[0]")
/home/aminmohamadi_squareup_com/projects/t-jepa-parquet-scaling/src/train.py:436: UserWarning: The use of `x.T` on tensors of dimension other than 2 to reverse their shape is deprecated and it will throw an error in a future release. Consider `x.mT` to transpose batches of matrices or `x.permute(*torch.arange(x.ndim - 1, -1, -1))` to reverse the dimensions of a tensor. (Triggered internally at /pytorch/aten/src/ATen/native/TensorShape.cpp:4416.)
  _debug_values(batch[0].T, "batch[0]")
/home/aminmohamadi_squareup_com/projects/t-jepa-parquet-scaling/src/train.py:436: UserWarning: The use of `x.T` on tensors of dimension other than 2 to reverse their shape is deprecated and it will throw an error in a future release. Consider `x.mT` to transpose batches of matrices or `x.permute(*torch.arange(x.ndim - 1, -1, -1))` to reverse the dimensions of a tensor. (Triggered internally at /pytorch/aten/src/ATen/native/TensorShape.cpp:4416.)
  _debug_values(batch[0].T, "batch[0]")
  0%|          | 1/202 [00:01<03:32,  1.06s/it]  0%|          | 1/202 [00:01<03:32,  1.06s/it]  0%|          | 1/202 [00:01<03:32,  1.06s/it]  0%|          | 1/202 [00:04<13:39,  4.08s/it]  1%|          | 2/202 [00:05<09:11,  2.76s/it]  1%|          | 2/202 [00:05<09:11,  2.76s/it]  1%|          | 2/202 [00:05<09:11,  2.76s/it]  1%|          | 2/202 [00:05<07:25,  2.23s/it]  1%|▏         | 3/202 [00:05<06:26,  1.94s/it]  1%|▏         | 3/202 [00:05<06:26,  1.94s/it]  1%|▏         | 3/202 [00:05<06:26,  1.94s/it]  1%|▏         | 3/202 [00:05<05:28,  1.65s/it]  2%|▏         | 4/202 [00:06<04:39,  1.41s/it]  2%|▏         | 4/202 [00:06<04:04,  1.24s/it]  2%|▏         | 4/202 [00:06<04:39,  1.41s/it]  2%|▏         | 4/202 [00:06<04:39,  1.41s/it]  2%|▏         | 5/202 [00:07<03:52,  1.18s/it]  2%|▏         | 5/202 [00:07<03:52,  1.18s/it]  2%|▏         | 5/202 [00:07<03:52,  1.18s/it]  2%|▏         | 5/202 [00:07<03:30,  1.07s/it]  3%|▎         | 6/202 [00:08<03:23,  1.04s/it]  3%|▎         | 6/202 [00:08<03:23,  1.04s/it]  3%|▎         | 6/202 [00:08<03:23,  1.04s/it]  3%|▎         | 6/202 [00:08<03:08,  1.04it/s]  3%|▎         | 7/202 [00:08<03:04,  1.05it/s]  3%|▎         | 7/202 [00:08<03:04,  1.05it/s]  3%|▎         | 7/202 [00:08<03:04,  1.05it/s]  3%|▎         | 7/202 [00:08<02:55,  1.11it/s]  4%|▍         | 8/202 [00:09<02:51,  1.13it/s]  4%|▍         | 8/202 [00:09<02:51,  1.13it/s]  4%|▍         | 8/202 [00:09<02:51,  1.13it/s]  4%|▍         | 8/202 [00:09<02:44,  1.18it/s]  4%|▍         | 9/202 [00:10<02:57,  1.09it/s]  4%|▍         | 9/202 [00:10<02:57,  1.09it/s]  4%|▍         | 9/202 [00:10<02:57,  1.09it/s]  4%|▍         | 9/202 [00:10<02:52,  1.12it/s]  5%|▍         | 10/202 [00:11<02:46,  1.15it/s]  5%|▍         | 10/202 [00:11<02:46,  1.15it/s]  5%|▍         | 10/202 [00:11<02:46,  1.15it/s]  5%|▍         | 10/202 [00:11<02:43,  1.17it/s]  5%|▌         | 11/202 [00:12<02:38,  1.20it/s]  5%|▌         | 11/202 [00:12<02:38,  1.20it/s]  5%|▌         | 11/202 [00:12<02:38,  1.20it/s]  5%|▌         | 11/202 [00:12<02:36,  1.22it/s]  6%|▌         | 12/202 [00:12<02:30,  1.26it/s]  6%|▌         | 12/202 [00:12<02:30,  1.26it/s]  6%|▌         | 12/202 [00:12<02:29,  1.27it/s]  6%|▌         | 12/202 [00:12<02:30,  1.26it/s]  6%|▋         | 13/202 [00:13<02:26,  1.29it/s]  6%|▋         | 13/202 [00:13<02:26,  1.29it/s]  6%|▋         | 13/202 [00:13<02:26,  1.29it/s]  6%|▋         | 13/202 [00:13<02:25,  1.30it/s]  7%|▋         | 14/202 [00:14<02:22,  1.32it/s]  7%|▋         | 14/202 [00:14<02:22,  1.32it/s]  7%|▋         | 14/202 [00:14<02:22,  1.32it/s]  7%|▋         | 14/202 [00:14<02:21,  1.33it/s]  7%|▋         | 15/202 [00:15<02:32,  1.23it/s]  7%|▋         | 15/202 [00:15<02:32,  1.23it/s]  7%|▋         | 15/202 [00:15<02:32,  1.23it/s]  7%|▋         | 15/202 [00:15<02:32,  1.23it/s]  8%|▊         | 16/202 [00:15<02:26,  1.27it/s]  8%|▊         | 16/202 [00:15<02:26,  1.27it/s]  8%|▊         | 16/202 [00:15<02:26,  1.27it/s]  8%|▊         | 16/202 [00:15<02:26,  1.27it/s]  8%|▊         | 17/202 [00:16<02:21,  1.30it/s]  8%|▊         | 17/202 [00:16<02:21,  1.30it/s]  8%|▊         | 17/202 [00:16<02:21,  1.30it/s]  8%|▊         | 17/202 [00:16<02:21,  1.31it/s]  9%|▉         | 18/202 [00:17<02:20,  1.31it/s]  9%|▉         | 18/202 [00:17<02:20,  1.31it/s]  9%|▉         | 18/202 [00:17<02:20,  1.31it/s]  9%|▉         | 18/202 [00:17<02:20,  1.31it/s]  9%|▉         | 19/202 [00:18<02:18,  1.32it/s]  9%|▉         | 19/202 [00:18<02:18,  1.32it/s]  9%|▉         | 19/202 [00:18<02:18,  1.32it/s]  9%|▉         | 19/202 [00:18<02:18,  1.32it/s] 10%|▉         | 20/202 [00:18<02:19,  1.30it/s] 10%|▉         | 20/202 [00:18<02:19,  1.30it/s] 10%|▉         | 20/202 [00:18<02:19,  1.30it/s] 10%|▉         | 20/202 [00:18<02:19,  1.30it/s] 10%|█         | 21/202 [00:19<02:17,  1.31it/s] 10%|█         | 21/202 [00:19<02:17,  1.31it/s] 10%|█         | 21/202 [00:19<02:17,  1.31it/s] 10%|█         | 21/202 [00:19<02:17,  1.31it/s] 11%|█         | 22/202 [00:20<02:29,  1.20it/s] 11%|█         | 22/202 [00:20<02:29,  1.20it/s] 11%|█         | 22/202 [00:20<02:29,  1.20it/s] 11%|█         | 22/202 [00:20<02:29,  1.21it/s] 11%|█▏        | 23/202 [00:21<02:24,  1.24it/s] 11%|█▏        | 23/202 [00:21<02:24,  1.24it/s] 11%|█▏        | 23/202 [00:21<02:24,  1.24it/s] 11%|█▏        | 23/202 [00:21<02:24,  1.24it/s] 12%|█▏        | 24/202 [00:22<02:20,  1.27it/s] 12%|█▏        | 24/202 [00:22<02:20,  1.27it/s] 12%|█▏        | 24/202 [00:22<02:20,  1.27it/s] 12%|█▏        | 24/202 [00:22<02:20,  1.27it/s] 12%|█▏        | 25/202 [00:22<02:18,  1.28it/s] 12%|█▏        | 25/202 [00:22<02:18,  1.28it/s] 12%|█▏        | 25/202 [00:22<02:18,  1.28it/s] 12%|█▏        | 25/202 [00:22<02:18,  1.28it/s] 13%|█▎        | 26/202 [00:23<02:16,  1.29it/s] 13%|█▎        | 26/202 [00:23<02:16,  1.29it/s] 13%|█▎        | 26/202 [00:23<02:16,  1.29it/s] 13%|█▎        | 26/202 [00:23<02:16,  1.29it/s] 13%|█▎        | 27/202 [00:24<02:16,  1.28it/s] 13%|█▎        | 27/202 [00:24<02:16,  1.28it/s] 13%|█▎        | 27/202 [00:24<02:16,  1.28it/s] 13%|█▎        | 27/202 [00:24<02:16,  1.28it/s] 14%|█▍        | 28/202 [00:25<02:25,  1.19it/s] 14%|█▍        | 28/202 [00:25<02:25,  1.19it/s] 14%|█▍        | 28/202 [00:25<02:25,  1.19it/s] 14%|█▍        | 28/202 [00:25<02:25,  1.19it/s] 14%|█▍        | 29/202 [00:26<02:22,  1.22it/s] 14%|█▍        | 29/202 [00:26<02:22,  1.22it/s] 14%|█▍        | 29/202 [00:26<02:22,  1.22it/s] 14%|█▍        | 29/202 [00:26<02:22,  1.22it/s] 15%|█▍        | 30/202 [00:26<02:16,  1.26it/s] 15%|█▍        | 30/202 [00:26<02:16,  1.26it/s] 15%|█▍        | 30/202 [00:26<02:16,  1.26it/s] 15%|█▍        | 30/202 [00:26<02:16,  1.26it/s] 15%|█▌        | 31/202 [00:27<02:16,  1.25it/s] 15%|█▌        | 31/202 [00:27<02:16,  1.25it/s] 15%|█▌        | 31/202 [00:27<02:16,  1.25it/s] 15%|█▌        | 31/202 [00:27<02:16,  1.25it/s] 16%|█▌        | 32/202 [00:28<02:12,  1.29it/s] 16%|█▌        | 32/202 [00:28<02:12,  1.29it/s] 16%|█▌        | 32/202 [00:28<02:12,  1.29it/s] 16%|█▌        | 32/202 [00:28<02:12,  1.29it/s] 16%|█▋        | 33/202 [00:29<02:11,  1.29it/s] 16%|█▋        | 33/202 [00:29<02:11,  1.29it/s] 16%|█▋        | 33/202 [00:29<02:11,  1.29it/s] 16%|█▋        | 33/202 [00:29<02:11,  1.29it/s] 17%|█▋        | 34/202 [00:30<02:20,  1.20it/s] 17%|█▋        | 34/202 [00:30<02:20,  1.20it/s] 17%|█▋        | 34/202 [00:30<02:20,  1.20it/s] 17%|█▋        | 34/202 [00:30<02:20,  1.20it/s] 17%|█▋        | 35/202 [00:31<02:24,  1.16it/s] 17%|█▋        | 35/202 [00:31<02:24,  1.16it/s] 17%|█▋        | 35/202 [00:31<02:24,  1.16it/s] 17%|█▋        | 35/202 [00:31<02:24,  1.16it/s] 18%|█▊        | 36/202 [00:31<02:12,  1.26it/s] 18%|█▊        | 36/202 [00:31<02:12,  1.26it/s] 18%|█▊        | 36/202 [00:31<02:12,  1.26it/s] 18%|█▊        | 36/202 [00:31<02:12,  1.26it/s] 18%|█▊        | 37/202 [00:32<02:08,  1.28it/s] 18%|█▊        | 37/202 [00:32<02:08,  1.28it/s] 18%|█▊        | 37/202 [00:32<02:08,  1.28it/s] 18%|█▊        | 37/202 [00:32<02:08,  1.28it/s] 19%|█▉        | 38/202 [00:33<02:08,  1.27it/s] 19%|█▉        | 38/202 [00:33<02:08,  1.27it/s] 19%|█▉        | 38/202 [00:33<02:08,  1.27it/s] 19%|█▉        | 38/202 [00:33<02:08,  1.27it/s] 19%|█▉        | 39/202 [00:34<02:06,  1.29it/s] 19%|█▉        | 39/202 [00:34<02:06,  1.29it/s] 19%|█▉        | 39/202 [00:34<02:06,  1.29it/s] 19%|█▉        | 39/202 [00:34<02:06,  1.29it/s] 20%|█▉        | 40/202 [00:34<02:08,  1.26it/s] 20%|█▉        | 40/202 [00:34<02:08,  1.26it/s] 20%|█▉        | 40/202 [00:34<02:08,  1.26it/s] 20%|█▉        | 40/202 [00:34<02:08,  1.26it/s] 20%|██        | 41/202 [00:35<02:14,  1.20it/s] 20%|██        | 41/202 [00:35<02:14,  1.20it/s] 20%|██        | 41/202 [00:35<02:14,  1.20it/s] 20%|██        | 41/202 [00:35<02:14,  1.20it/s] 21%|██        | 42/202 [00:36<02:04,  1.29it/s] 21%|██        | 42/202 [00:36<02:04,  1.29it/s] 21%|██        | 42/202 [00:36<02:04,  1.29it/s] 21%|██        | 42/202 [00:36<02:04,  1.29it/s] 21%|██▏       | 43/202 [00:37<02:13,  1.20it/s] 21%|██▏       | 43/202 [00:37<02:13,  1.20it/s] 21%|██▏       | 43/202 [00:37<02:13,  1.20it/s] 21%|██▏       | 43/202 [00:37<02:13,  1.20it/s] 22%|██▏       | 44/202 [00:38<02:07,  1.24it/s] 22%|██▏       | 44/202 [00:38<02:07,  1.24it/s] 22%|██▏       | 44/202 [00:38<02:07,  1.24it/s] 22%|██▏       | 44/202 [00:38<02:07,  1.24it/s] 22%|██▏       | 45/202 [00:39<02:05,  1.25it/s] 22%|██▏       | 45/202 [00:39<02:05,  1.25it/s] 22%|██▏       | 45/202 [00:39<02:05,  1.25it/s] 22%|██▏       | 45/202 [00:39<02:05,  1.25it/s] 23%|██▎       | 46/202 [00:39<02:02,  1.28it/s] 23%|██▎       | 46/202 [00:39<02:02,  1.28it/s] 23%|██▎       | 46/202 [00:39<02:02,  1.28it/s] 23%|██▎       | 46/202 [00:39<02:02,  1.28it/s] 23%|██▎       | 47/202 [00:40<02:09,  1.20it/s] 23%|██▎       | 47/202 [00:40<02:09,  1.20it/s] 23%|██▎       | 47/202 [00:40<02:09,  1.20it/s] 23%|██▎       | 47/202 [00:40<02:09,  1.20it/s] 24%|██▍       | 48/202 [00:41<02:05,  1.23it/s] 24%|██▍       | 48/202 [00:41<02:05,  1.23it/s] 24%|██▍       | 48/202 [00:41<02:05,  1.23it/s] 24%|██▍       | 48/202 [00:41<02:05,  1.23it/s] 24%|██▍       | 49/202 [00:42<02:01,  1.26it/s] 24%|██▍       | 49/202 [00:42<02:01,  1.26it/s] 24%|██▍       | 49/202 [00:42<02:01,  1.26it/s] 24%|██▍       | 49/202 [00:42<02:01,  1.26it/s] 25%|██▍       | 50/202 [00:42<01:51,  1.36it/s] 25%|██▍       | 50/202 [00:42<01:51,  1.36it/s] 25%|██▍       | 50/202 [00:42<01:51,  1.36it/s] 25%|██▍       | 50/202 [00:42<01:51,  1.36it/s] 25%|██▌       | 51/202 [00:43<01:51,  1.36it/s] 25%|██▌       | 51/202 [00:43<01:51,  1.36it/s] 25%|██▌       | 51/202 [00:43<01:51,  1.36it/s] 25%|██▌       | 51/202 [00:43<01:51,  1.36it/s] 26%|██▌       | 52/202 [00:44<01:54,  1.32it/s] 26%|██▌       | 52/202 [00:44<01:54,  1.32it/s] 26%|██▌       | 52/202 [00:44<01:54,  1.32it/s] 26%|██▌       | 52/202 [00:44<01:54,  1.32it/s] 26%|██▌       | 53/202 [00:45<02:04,  1.20it/s] 26%|██▌       | 53/202 [00:45<02:04,  1.20it/s] 26%|██▌       | 53/202 [00:45<02:04,  1.20it/s] 26%|██▌       | 53/202 [00:45<02:04,  1.20it/s] 27%|██▋       | 54/202 [00:46<02:08,  1.15it/s] 27%|██▋       | 54/202 [00:46<02:08,  1.15it/s] 27%|██▋       | 54/202 [00:46<02:08,  1.15it/s] 27%|██▋       | 54/202 [00:46<02:08,  1.15it/s] 27%|██▋       | 55/202 [00:47<02:03,  1.19it/s] 27%|██▋       | 55/202 [00:47<02:03,  1.19it/s] 27%|██▋       | 55/202 [00:47<02:03,  1.19it/s] 27%|██▋       | 55/202 [00:47<02:03,  1.19it/s] 28%|██▊       | 56/202 [00:48<02:05,  1.16it/s] 28%|██▊       | 56/202 [00:48<02:05,  1.16it/s] 28%|██▊       | 56/202 [00:48<02:06,  1.16it/s] 28%|██▊       | 56/202 [00:48<02:06,  1.16it/s] 28%|██▊       | 57/202 [00:48<02:02,  1.19it/s] 28%|██▊       | 57/202 [00:48<02:02,  1.19it/s] 28%|██▊       | 57/202 [00:48<02:02,  1.19it/s] 28%|██▊       | 57/202 [00:48<02:02,  1.19it/s] 29%|██▊       | 58/202 [00:49<01:57,  1.23it/s] 29%|██▊       | 58/202 [00:49<01:57,  1.23it/s] 29%|██▊       | 58/202 [00:49<01:57,  1.23it/s] 29%|██▊       | 58/202 [00:49<01:57,  1.23it/s] 29%|██▉       | 59/202 [00:50<02:02,  1.17it/s] 29%|██▉       | 59/202 [00:50<02:02,  1.17it/s] 29%|██▉       | 59/202 [00:50<02:02,  1.17it/s] 29%|██▉       | 59/202 [00:50<02:02,  1.17it/s] 30%|██▉       | 60/202 [00:51<01:58,  1.19it/s] 30%|██▉       | 60/202 [00:51<01:58,  1.19it/s] 30%|██▉       | 60/202 [00:51<01:58,  1.19it/s] 30%|██▉       | 60/202 [00:51<01:58,  1.19it/s] 30%|███       | 61/202 [00:52<01:57,  1.20it/s] 30%|███       | 61/202 [00:52<01:57,  1.20it/s] 30%|███       | 61/202 [00:52<01:57,  1.20it/s] 30%|███       | 61/202 [00:52<01:57,  1.20it/s] 31%|███       | 62/202 [00:52<01:51,  1.26it/s] 31%|███       | 62/202 [00:52<01:51,  1.26it/s] 31%|███       | 62/202 [00:52<01:51,  1.26it/s] 31%|███       | 62/202 [00:52<01:51,  1.26it/s] 31%|███       | 63/202 [00:53<01:50,  1.26it/s] 31%|███       | 63/202 [00:53<01:50,  1.26it/s] 31%|███       | 63/202 [00:53<01:50,  1.26it/s] 31%|███       | 63/202 [00:53<01:50,  1.26it/s] 32%|███▏      | 64/202 [00:54<01:49,  1.26it/s] 32%|███▏      | 64/202 [00:54<01:49,  1.26it/s] 32%|███▏      | 64/202 [00:54<01:49,  1.26it/s] 32%|███▏      | 64/202 [00:54<01:49,  1.26it/s] 32%|███▏      | 65/202 [00:55<01:53,  1.20it/s] 32%|███▏      | 65/202 [00:55<01:53,  1.20it/s] 32%|███▏      | 65/202 [00:55<01:53,  1.20it/s] 32%|███▏      | 65/202 [00:55<01:53,  1.20it/s] 33%|███▎      | 66/202 [00:56<01:51,  1.22it/s] 33%|███▎      | 66/202 [00:56<01:51,  1.22it/s] 33%|███▎      | 66/202 [00:56<01:51,  1.22it/s] 33%|███▎      | 66/202 [00:56<01:51,  1.22it/s] 33%|███▎      | 67/202 [00:57<01:54,  1.18it/s] 33%|███▎      | 67/202 [00:57<01:54,  1.18it/s] 33%|███▎      | 67/202 [00:57<01:54,  1.18it/s] 33%|███▎      | 67/202 [00:57<01:54,  1.18it/s] 34%|███▎      | 68/202 [00:57<01:50,  1.22it/s] 34%|███▎      | 68/202 [00:57<01:50,  1.22it/s] 34%|███▎      | 68/202 [00:57<01:50,  1.21it/s] 34%|███▎      | 68/202 [00:57<01:50,  1.22it/s] 34%|███▍      | 69/202 [00:58<01:46,  1.25it/s] 34%|███▍      | 69/202 [00:58<01:46,  1.25it/s] 34%|███▍      | 69/202 [00:58<01:46,  1.25it/s] 34%|███▍      | 69/202 [00:58<01:46,  1.25it/s] 35%|███▍      | 70/202 [00:59<01:45,  1.25it/s] 35%|███▍      | 70/202 [00:59<01:45,  1.25it/s] 35%|███▍      | 70/202 [00:59<01:45,  1.25it/s] 35%|███▍      | 70/202 [00:59<01:45,  1.25it/s] 35%|███▌      | 71/202 [01:00<01:42,  1.28it/s] 35%|███▌      | 71/202 [01:00<01:42,  1.28it/s] 35%|███▌      | 71/202 [01:00<01:42,  1.28it/s] 35%|███▌      | 71/202 [01:00<01:42,  1.28it/s] 36%|███▌      | 72/202 [01:01<01:48,  1.20it/s] 36%|███▌      | 72/202 [01:01<01:48,  1.20it/s] 36%|███▌      | 72/202 [01:01<01:48,  1.20it/s] 36%|███▌      | 72/202 [01:01<01:48,  1.20it/s] 36%|███▌      | 73/202 [01:01<01:43,  1.25it/s] 36%|███▌      | 73/202 [01:01<01:43,  1.25it/s] 36%|███▌      | 73/202 [01:01<01:43,  1.25it/s] 36%|███▌      | 73/202 [01:01<01:43,  1.25it/s] 37%|███▋      | 74/202 [01:02<01:46,  1.20it/s] 37%|███▋      | 74/202 [01:02<01:46,  1.20it/s] 37%|███▋      | 74/202 [01:02<01:46,  1.20it/s] 37%|███▋      | 74/202 [01:02<01:46,  1.20it/s] 37%|███▋      | 75/202 [01:03<01:44,  1.22it/s] 37%|███▋      | 75/202 [01:03<01:44,  1.22it/s] 37%|███▋      | 75/202 [01:03<01:44,  1.22it/s] 37%|███▋      | 75/202 [01:03<01:44,  1.22it/s] 38%|███▊      | 76/202 [01:04<01:40,  1.25it/s] 38%|███▊      | 76/202 [01:04<01:40,  1.25it/s] 38%|███▊      | 76/202 [01:04<01:40,  1.25it/s] 38%|███▊      | 76/202 [01:04<01:40,  1.25it/s] 38%|███▊      | 77/202 [01:05<01:38,  1.27it/s] 38%|███▊      | 77/202 [01:05<01:38,  1.27it/s] 38%|███▊      | 77/202 [01:05<01:38,  1.27it/s] 38%|███▊      | 77/202 [01:05<01:38,  1.27it/s] 39%|███▊      | 78/202 [01:05<01:43,  1.20it/s] 39%|███▊      | 78/202 [01:05<01:43,  1.20it/s] 39%|███▊      | 78/202 [01:05<01:43,  1.20it/s] 39%|███▊      | 78/202 [01:05<01:43,  1.20it/s] 39%|███▉      | 79/202 [01:06<01:38,  1.25it/s] 39%|███▉      | 79/202 [01:06<01:38,  1.25it/s] 39%|███▉      | 79/202 [01:06<01:38,  1.25it/s] 39%|███▉      | 79/202 [01:06<01:38,  1.25it/s] 40%|███▉      | 80/202 [01:07<01:37,  1.25it/s] 40%|███▉      | 80/202 [01:07<01:37,  1.25it/s] 40%|███▉      | 80/202 [01:07<01:37,  1.25it/s] 40%|███▉      | 80/202 [01:07<01:37,  1.25it/s] 40%|████      | 81/202 [01:08<01:34,  1.28it/s] 40%|████      | 81/202 [01:08<01:34,  1.28it/s] 40%|████      | 81/202 [01:08<01:34,  1.28it/s] 40%|████      | 81/202 [01:08<01:34,  1.28it/s] 41%|████      | 82/202 [01:09<01:38,  1.22it/s] 41%|████      | 82/202 [01:09<01:38,  1.22it/s] 41%|████      | 82/202 [01:09<01:38,  1.22it/s] 41%|████      | 82/202 [01:09<01:38,  1.22it/s] 41%|████      | 83/202 [01:09<01:35,  1.25it/s] 41%|████      | 83/202 [01:09<01:35,  1.25it/s] 41%|████      | 83/202 [01:09<01:35,  1.25it/s] 41%|████      | 83/202 [01:09<01:35,  1.25it/s] 42%|████▏     | 84/202 [01:10<01:41,  1.16it/s] 42%|████▏     | 84/202 [01:10<01:41,  1.16it/s] 42%|████▏     | 84/202 [01:10<01:41,  1.16it/s] 42%|████▏     | 84/202 [01:10<01:41,  1.16it/s] 42%|████▏     | 85/202 [01:11<01:38,  1.19it/s] 42%|████▏     | 85/202 [01:11<01:38,  1.19it/s] 42%|████▏     | 85/202 [01:11<01:38,  1.19it/s] 42%|████▏     | 85/202 [01:11<01:38,  1.19it/s] 43%|████▎     | 86/202 [01:12<01:35,  1.22it/s] 43%|████▎     | 86/202 [01:12<01:35,  1.22it/s] 43%|████▎     | 86/202 [01:12<01:35,  1.22it/s] 43%|████▎     | 86/202 [01:12<01:35,  1.22it/s] 43%|████▎     | 87/202 [01:13<01:38,  1.16it/s] 43%|████▎     | 87/202 [01:13<01:38,  1.16it/s] 43%|████▎     | 87/202 [01:13<01:38,  1.16it/s] 43%|████▎     | 87/202 [01:13<01:38,  1.16it/s] 44%|████▎     | 88/202 [01:14<01:33,  1.22it/s] 44%|████▎     | 88/202 [01:14<01:33,  1.22it/s] 44%|████▎     | 88/202 [01:14<01:33,  1.22it/s] 44%|████▎     | 88/202 [01:14<01:33,  1.22it/s] 44%|████▍     | 89/202 [01:14<01:31,  1.24it/s] 44%|████▍     | 89/202 [01:14<01:31,  1.24it/s] 44%|████▍     | 89/202 [01:14<01:31,  1.24it/s] 44%|████▍     | 89/202 [01:14<01:31,  1.24it/s] 45%|████▍     | 90/202 [01:15<01:36,  1.16it/s] 45%|████▍     | 90/202 [01:15<01:36,  1.16it/s] 45%|████▍     | 90/202 [01:15<01:36,  1.16it/s] 45%|████▍     | 90/202 [01:15<01:36,  1.16it/s] 45%|████▌     | 91/202 [01:16<01:31,  1.22it/s] 45%|████▌     | 91/202 [01:16<01:31,  1.22it/s] 45%|████▌     | 91/202 [01:16<01:31,  1.22it/s] 45%|████▌     | 91/202 [01:16<01:31,  1.22it/s] 46%|████▌     | 92/202 [01:17<01:28,  1.25it/s] 46%|████▌     | 92/202 [01:17<01:28,  1.25it/s] 46%|████▌     | 92/202 [01:17<01:28,  1.25it/s] 46%|████▌     | 92/202 [01:17<01:28,  1.25it/s] 46%|████▌     | 93/202 [01:18<01:37,  1.12it/s] 46%|████▌     | 93/202 [01:18<01:37,  1.12it/s] 46%|████▌     | 93/202 [01:18<01:37,  1.12it/s] 46%|████▌     | 93/202 [01:18<01:37,  1.12it/s] 47%|████▋     | 94/202 [01:19<01:31,  1.19it/s] 47%|████▋     | 94/202 [01:19<01:31,  1.19it/s] 47%|████▋     | 94/202 [01:19<01:31,  1.19it/s] 47%|████▋     | 94/202 [01:19<01:31,  1.19it/s] 47%|████▋     | 95/202 [01:19<01:22,  1.30it/s] 47%|████▋     | 95/202 [01:19<01:22,  1.30it/s] 47%|████▋     | 95/202 [01:19<01:22,  1.30it/s] 47%|████▋     | 95/202 [01:19<01:22,  1.30it/s] 48%|████▊     | 96/202 [01:20<01:20,  1.31it/s] 48%|████▊     | 96/202 [01:20<01:20,  1.31it/s] 48%|████▊     | 96/202 [01:20<01:20,  1.31it/s] 48%|████▊     | 96/202 [01:20<01:20,  1.31it/s] 48%|████▊     | 97/202 [01:21<01:28,  1.19it/s] 48%|████▊     | 97/202 [01:21<01:28,  1.19it/s] 48%|████▊     | 97/202 [01:21<01:28,  1.19it/s] 48%|████▊     | 97/202 [01:21<01:28,  1.19it/s] 49%|████▊     | 98/202 [01:22<01:23,  1.24it/s] 49%|████▊     | 98/202 [01:22<01:23,  1.24it/s] 49%|████▊     | 98/202 [01:22<01:23,  1.24it/s] 49%|████▊     | 98/202 [01:22<01:23,  1.24it/s] 49%|████▉     | 99/202 [01:23<01:20,  1.28it/s] 49%|████▉     | 99/202 [01:23<01:20,  1.28it/s] 49%|████▉     | 99/202 [01:23<01:20,  1.28it/s] 49%|████▉     | 99/202 [01:23<01:20,  1.28it/s] 50%|████▉     | 100/202 [01:23<01:24,  1.21it/s] 50%|████▉     | 100/202 [01:23<01:24,  1.21it/s] 50%|████▉     | 100/202 [01:23<01:24,  1.21it/s] 50%|████▉     | 100/202 [01:23<01:24,  1.21it/s] 50%|█████     | 101/202 [01:24<01:20,  1.26it/s] 50%|█████     | 101/202 [01:24<01:20,  1.26it/s] 50%|█████     | 101/202 [01:24<01:20,  1.26it/s] 50%|█████     | 101/202 [01:24<01:20,  1.26it/s] 50%|█████     | 102/202 [01:25<01:17,  1.30it/s] 50%|█████     | 102/202 [01:25<01:17,  1.30it/s] 50%|█████     | 102/202 [01:25<01:17,  1.30it/s] 50%|█████     | 102/202 [01:25<01:17,  1.30it/s] 51%|█████     | 103/202 [01:26<01:20,  1.23it/s] 51%|█████     | 103/202 [01:26<01:20,  1.23it/s] 51%|█████     | 103/202 [01:26<01:20,  1.23it/s] 51%|█████     | 103/202 [01:26<01:20,  1.23it/s] 51%|█████▏    | 104/202 [01:27<01:18,  1.25it/s] 51%|█████▏    | 104/202 [01:27<01:18,  1.25it/s] 51%|█████▏    | 104/202 [01:27<01:18,  1.25it/s] 51%|█████▏    | 104/202 [01:27<01:18,  1.25it/s] 52%|█████▏    | 105/202 [01:27<01:17,  1.25it/s] 52%|█████▏    | 105/202 [01:27<01:17,  1.25it/s] 52%|█████▏    | 105/202 [01:27<01:17,  1.25it/s] 52%|█████▏    | 105/202 [01:27<01:17,  1.25it/s] 52%|█████▏    | 106/202 [01:28<01:17,  1.23it/s] 52%|█████▏    | 106/202 [01:28<01:17,  1.23it/s] 52%|█████▏    | 106/202 [01:28<01:17,  1.23it/s] 52%|█████▏    | 106/202 [01:28<01:17,  1.23it/s] 53%|█████▎    | 107/202 [01:29<01:14,  1.27it/s] 53%|█████▎    | 107/202 [01:29<01:14,  1.27it/s] 53%|█████▎    | 107/202 [01:29<01:14,  1.27it/s] 53%|█████▎    | 107/202 [01:29<01:14,  1.27it/s] 53%|█████▎    | 108/202 [01:30<01:13,  1.27it/s] 53%|█████▎    | 108/202 [01:30<01:13,  1.27it/s] 53%|█████▎    | 108/202 [01:30<01:13,  1.27it/s] 53%|█████▎    | 108/202 [01:30<01:13,  1.27it/s] 54%|█████▍    | 109/202 [01:31<01:18,  1.18it/s] 54%|█████▍    | 109/202 [01:31<01:18,  1.18it/s] 54%|█████▍    | 109/202 [01:31<01:18,  1.18it/s] 54%|█████▍    | 109/202 [01:31<01:18,  1.18it/s] 54%|█████▍    | 110/202 [01:32<01:15,  1.21it/s] 54%|█████▍    | 110/202 [01:32<01:15,  1.21it/s] 54%|█████▍    | 110/202 [01:32<01:15,  1.21it/s] 54%|█████▍    | 110/202 [01:32<01:15,  1.21it/s] 55%|█████▍    | 111/202 [01:32<01:13,  1.24it/s] 55%|█████▍    | 111/202 [01:32<01:13,  1.24it/s] 55%|█████▍    | 111/202 [01:32<01:13,  1.24it/s] 55%|█████▍    | 111/202 [01:32<01:13,  1.24it/s] 55%|█████▌    | 112/202 [01:33<01:12,  1.24it/s] 55%|█████▌    | 112/202 [01:33<01:12,  1.24it/s] 55%|█████▌    | 112/202 [01:33<01:12,  1.24it/s] 55%|█████▌    | 112/202 [01:33<01:12,  1.24it/s] 56%|█████▌    | 113/202 [01:34<01:11,  1.25it/s] 56%|█████▌    | 113/202 [01:34<01:11,  1.25it/s] 56%|█████▌    | 113/202 [01:34<01:11,  1.25it/s] 56%|█████▌    | 113/202 [01:34<01:11,  1.25it/s] 56%|█████▋    | 114/202 [01:35<01:08,  1.29it/s] 56%|█████▋    | 114/202 [01:35<01:08,  1.29it/s] 56%|█████▋    | 114/202 [01:35<01:08,  1.29it/s] 56%|█████▋    | 114/202 [01:35<01:08,  1.29it/s] 57%|█████▋    | 115/202 [01:36<01:12,  1.20it/s] 57%|█████▋    | 115/202 [01:36<01:12,  1.20it/s] 57%|█████▋    | 115/202 [01:36<01:12,  1.20it/s] 57%|█████▋    | 115/202 [01:36<01:12,  1.20it/s] 57%|█████▋    | 116/202 [01:36<01:08,  1.25it/s] 57%|█████▋    | 116/202 [01:36<01:08,  1.25it/s] 57%|█████▋    | 116/202 [01:36<01:08,  1.25it/s] 57%|█████▋    | 116/202 [01:36<01:08,  1.25it/s] 58%|█████▊    | 117/202 [01:37<01:05,  1.29it/s] 58%|█████▊    | 117/202 [01:37<01:05,  1.29it/s] 58%|█████▊    | 117/202 [01:37<01:05,  1.29it/s] 58%|█████▊    | 117/202 [01:37<01:05,  1.29it/s] 58%|█████▊    | 118/202 [01:38<01:04,  1.30it/s] 58%|█████▊    | 118/202 [01:38<01:04,  1.30it/s] 58%|█████▊    | 118/202 [01:38<01:04,  1.30it/s] 58%|█████▊    | 118/202 [01:38<01:04,  1.30it/s] 59%|█████▉    | 119/202 [01:39<01:07,  1.23it/s] 59%|█████▉    | 119/202 [01:39<01:07,  1.23it/s] 59%|█████▉    | 119/202 [01:39<01:07,  1.23it/s] 59%|█████▉    | 119/202 [01:39<01:07,  1.23it/s] 59%|█████▉    | 120/202 [01:39<01:04,  1.27it/s] 59%|█████▉    | 120/202 [01:39<01:04,  1.27it/s] 59%|█████▉    | 120/202 [01:39<01:04,  1.27it/s] 59%|█████▉    | 120/202 [01:39<01:04,  1.27it/s] 60%|█████▉    | 121/202 [01:40<01:03,  1.28it/s] 60%|█████▉    | 121/202 [01:40<01:03,  1.28it/s] 60%|█████▉    | 121/202 [01:40<01:03,  1.28it/s] 60%|█████▉    | 121/202 [01:40<01:03,  1.28it/s] 60%|██████    | 122/202 [01:41<01:07,  1.19it/s] 60%|██████    | 122/202 [01:41<01:07,  1.19it/s] 60%|██████    | 122/202 [01:41<01:07,  1.19it/s] 60%|██████    | 122/202 [01:41<01:07,  1.19it/s] 61%|██████    | 123/202 [01:42<01:04,  1.23it/s] 61%|██████    | 123/202 [01:42<01:04,  1.23it/s] 61%|██████    | 123/202 [01:42<01:04,  1.23it/s] 61%|██████    | 123/202 [01:42<01:04,  1.23it/s] 61%|██████▏   | 124/202 [01:43<01:01,  1.26it/s] 61%|██████▏   | 124/202 [01:43<01:01,  1.26it/s] 61%|██████▏   | 124/202 [01:43<01:01,  1.26it/s] 61%|██████▏   | 124/202 [01:43<01:01,  1.26it/s] 62%|██████▏   | 125/202 [01:43<00:59,  1.30it/s] 62%|██████▏   | 125/202 [01:43<00:59,  1.30it/s] 62%|██████▏   | 125/202 [01:43<00:59,  1.30it/s] 62%|██████▏   | 125/202 [01:43<00:59,  1.30it/s] 62%|██████▏   | 126/202 [01:44<01:02,  1.21it/s] 62%|██████▏   | 126/202 [01:44<01:02,  1.21it/s] 62%|██████▏   | 126/202 [01:44<01:02,  1.21it/s] 62%|██████▏   | 126/202 [01:44<01:02,  1.21it/s] 63%|██████▎   | 127/202 [01:45<01:01,  1.21it/s] 63%|██████▎   | 127/202 [01:45<01:01,  1.21it/s] 63%|██████▎   | 127/202 [01:45<01:01,  1.21it/s] 63%|██████▎   | 127/202 [01:45<01:01,  1.21it/s] 63%|██████▎   | 128/202 [01:46<01:01,  1.21it/s] 63%|██████▎   | 128/202 [01:46<01:01,  1.21it/s] 63%|██████▎   | 128/202 [01:46<01:01,  1.21it/s] 63%|██████▎   | 128/202 [01:46<01:01,  1.21it/s] 64%|██████▍   | 129/202 [01:47<00:59,  1.23it/s] 64%|██████▍   | 129/202 [01:47<00:59,  1.23it/s] 64%|██████▍   | 129/202 [01:47<00:59,  1.23it/s] 64%|██████▍   | 129/202 [01:47<00:59,  1.23it/s] 64%|██████▍   | 130/202 [01:47<00:56,  1.27it/s] 64%|██████▍   | 130/202 [01:47<00:56,  1.27it/s] 64%|██████▍   | 130/202 [01:47<00:56,  1.27it/s] 64%|██████▍   | 130/202 [01:47<00:56,  1.27it/s] 65%|██████▍   | 131/202 [01:48<00:54,  1.29it/s] 65%|██████▍   | 131/202 [01:48<00:54,  1.29it/s] 65%|██████▍   | 131/202 [01:48<00:54,  1.29it/s] 65%|██████▍   | 131/202 [01:48<00:54,  1.29it/s] 65%|██████▌   | 132/202 [01:49<00:55,  1.26it/s] 65%|██████▌   | 132/202 [01:49<00:55,  1.26it/s] 65%|██████▌   | 132/202 [01:49<00:55,  1.26it/s] 65%|██████▌   | 132/202 [01:49<00:55,  1.26it/s] 66%|██████▌   | 133/202 [01:50<00:54,  1.26it/s] 66%|██████▌   | 133/202 [01:50<00:54,  1.26it/s] 66%|██████▌   | 133/202 [01:50<00:54,  1.26it/s] 66%|██████▌   | 133/202 [01:50<00:54,  1.26it/s] 66%|██████▋   | 134/202 [01:51<00:57,  1.19it/s] 66%|██████▋   | 134/202 [01:51<00:57,  1.19it/s] 66%|██████▋   | 134/202 [01:51<00:57,  1.19it/s] 66%|██████▋   | 134/202 [01:51<00:57,  1.19it/s] 67%|██████▋   | 135/202 [01:52<00:55,  1.21it/s] 67%|██████▋   | 135/202 [01:52<00:55,  1.21it/s] 67%|██████▋   | 135/202 [01:52<00:55,  1.21it/s] 67%|██████▋   | 135/202 [01:52<00:55,  1.21it/s] 67%|██████▋   | 136/202 [01:52<00:53,  1.24it/s] 67%|██████▋   | 136/202 [01:52<00:53,  1.24it/s] 67%|██████▋   | 136/202 [01:52<00:53,  1.24it/s] 67%|██████▋   | 136/202 [01:52<00:53,  1.24it/s] 68%|██████▊   | 137/202 [01:53<00:50,  1.28it/s] 68%|██████▊   | 137/202 [01:53<00:50,  1.28it/s] 68%|██████▊   | 137/202 [01:53<00:50,  1.28it/s] 68%|██████▊   | 137/202 [01:53<00:50,  1.28it/s] 68%|██████▊   | 138/202 [01:54<00:50,  1.28it/s] 68%|██████▊   | 138/202 [01:54<00:50,  1.28it/s] 68%|██████▊   | 138/202 [01:54<00:50,  1.28it/s] 68%|██████▊   | 138/202 [01:54<00:50,  1.28it/s] 69%|██████▉   | 139/202 [01:55<00:55,  1.13it/s] 69%|██████▉   | 139/202 [01:55<00:55,  1.13it/s] 69%|██████▉   | 139/202 [01:55<00:55,  1.13it/s] 69%|██████▉   | 139/202 [01:55<00:55,  1.13it/s] 69%|██████▉   | 140/202 [01:56<00:57,  1.08it/s] 69%|██████▉   | 140/202 [01:56<00:57,  1.08it/s] 69%|██████▉   | 140/202 [01:56<00:57,  1.08it/s] 69%|██████▉   | 140/202 [01:56<00:57,  1.08it/s] 70%|██████▉   | 141/202 [01:57<00:53,  1.13it/s] 70%|██████▉   | 141/202 [01:57<00:53,  1.13it/s] 70%|██████▉   | 141/202 [01:57<00:53,  1.13it/s] 70%|██████▉   | 141/202 [01:57<00:53,  1.13it/s] 70%|███████   | 142/202 [01:58<00:50,  1.18it/s] 70%|███████   | 142/202 [01:58<00:50,  1.18it/s] 70%|███████   | 142/202 [01:58<00:50,  1.18it/s] 70%|███████   | 142/202 [01:58<00:50,  1.18it/s] 71%|███████   | 143/202 [01:58<00:49,  1.20it/s] 71%|███████   | 143/202 [01:58<00:49,  1.20it/s] 71%|███████   | 143/202 [01:58<00:49,  1.20it/s] 71%|███████   | 143/202 [01:58<00:49,  1.20it/s] 71%|███████▏  | 144/202 [01:59<00:47,  1.23it/s] 71%|███████▏  | 144/202 [01:59<00:47,  1.23it/s] 71%|███████▏  | 144/202 [01:59<00:47,  1.23it/s] 71%|███████▏  | 144/202 [01:59<00:47,  1.23it/s] 72%|███████▏  | 145/202 [02:00<00:49,  1.15it/s] 72%|███████▏  | 145/202 [02:00<00:49,  1.15it/s] 72%|███████▏  | 145/202 [02:00<00:49,  1.15it/s] 72%|███████▏  | 145/202 [02:00<00:49,  1.15it/s] 72%|███████▏  | 146/202 [02:01<00:47,  1.18it/s] 72%|███████▏  | 146/202 [02:01<00:47,  1.18it/s] 72%|███████▏  | 146/202 [02:01<00:47,  1.18it/s] 72%|███████▏  | 146/202 [02:01<00:47,  1.18it/s] 73%|███████▎  | 147/202 [02:02<00:48,  1.13it/s] 73%|███████▎  | 147/202 [02:02<00:48,  1.13it/s] 73%|███████▎  | 147/202 [02:02<00:48,  1.13it/s] 73%|███████▎  | 147/202 [02:02<00:48,  1.13it/s] 73%|███████▎  | 148/202 [02:03<00:46,  1.17it/s] 73%|███████▎  | 148/202 [02:03<00:46,  1.17it/s] 73%|███████▎  | 148/202 [02:03<00:46,  1.17it/s] 73%|███████▎  | 148/202 [02:03<00:46,  1.17it/s] 74%|███████▍  | 149/202 [02:03<00:41,  1.27it/s] 74%|███████▍  | 149/202 [02:03<00:41,  1.27it/s] 74%|███████▍  | 149/202 [02:03<00:41,  1.27it/s] 74%|███████▍  | 149/202 [02:03<00:41,  1.27it/s] 74%|███████▍  | 150/202 [02:04<00:40,  1.29it/s] 74%|███████▍  | 150/202 [02:04<00:40,  1.29it/s] 74%|███████▍  | 150/202 [02:04<00:40,  1.29it/s] 74%|███████▍  | 150/202 [02:04<00:40,  1.29it/s] 75%|███████▍  | 151/202 [02:05<00:39,  1.29it/s] 75%|███████▍  | 151/202 [02:05<00:39,  1.29it/s] 75%|███████▍  | 151/202 [02:05<00:39,  1.29it/s] 75%|███████▍  | 151/202 [02:05<00:39,  1.29it/s] 75%|███████▌  | 152/202 [02:06<00:40,  1.23it/s] 75%|███████▌  | 152/202 [02:06<00:40,  1.23it/s] 75%|███████▌  | 152/202 [02:06<00:40,  1.23it/s] 75%|███████▌  | 152/202 [02:06<00:40,  1.23it/s] 76%|███████▌  | 153/202 [02:07<00:42,  1.16it/s] 76%|███████▌  | 153/202 [02:07<00:42,  1.16it/s] 76%|███████▌  | 153/202 [02:07<00:42,  1.16it/s] 76%|███████▌  | 153/202 [02:07<00:42,  1.16it/s] 76%|███████▌  | 154/202 [02:07<00:40,  1.19it/s] 76%|███████▌  | 154/202 [02:07<00:40,  1.19it/s] 76%|███████▌  | 154/202 [02:07<00:40,  1.19it/s] 76%|███████▌  | 154/202 [02:07<00:40,  1.19it/s] 77%|███████▋  | 155/202 [02:08<00:39,  1.20it/s] 77%|███████▋  | 155/202 [02:08<00:39,  1.20it/s] 77%|███████▋  | 155/202 [02:08<00:39,  1.20it/s] 77%|███████▋  | 155/202 [02:08<00:39,  1.20it/s] 77%|███████▋  | 156/202 [02:09<00:40,  1.14it/s] 77%|███████▋  | 156/202 [02:09<00:40,  1.14it/s] 77%|███████▋  | 156/202 [02:09<00:40,  1.14it/s] 77%|███████▋  | 156/202 [02:09<00:40,  1.14it/s] 78%|███████▊  | 157/202 [02:10<00:37,  1.19it/s] 78%|███████▊  | 157/202 [02:10<00:37,  1.19it/s] 78%|███████▊  | 157/202 [02:10<00:37,  1.19it/s] 78%|███████▊  | 157/202 [02:10<00:37,  1.19it/s] 78%|███████▊  | 158/202 [02:11<00:38,  1.15it/s] 78%|███████▊  | 158/202 [02:11<00:38,  1.15it/s] 78%|███████▊  | 158/202 [02:11<00:38,  1.15it/s] 78%|███████▊  | 158/202 [02:11<00:38,  1.15it/s] 79%|███████▊  | 159/202 [02:12<00:39,  1.10it/s] 79%|███████▊  | 159/202 [02:12<00:39,  1.10it/s] 79%|███████▊  | 159/202 [02:12<00:39,  1.10it/s] 79%|███████▊  | 159/202 [02:12<00:39,  1.10it/s] 79%|███████▉  | 160/202 [02:13<00:38,  1.09it/s] 79%|███████▉  | 160/202 [02:13<00:38,  1.09it/s] 79%|███████▉  | 160/202 [02:13<00:38,  1.09it/s] 79%|███████▉  | 160/202 [02:13<00:38,  1.09it/s] 80%|███████▉  | 161/202 [02:14<00:35,  1.15it/s] 80%|███████▉  | 161/202 [02:14<00:35,  1.15it/s] 80%|███████▉  | 161/202 [02:14<00:35,  1.15it/s] 80%|███████▉  | 161/202 [02:14<00:35,  1.15it/s] 80%|████████  | 162/202 [02:15<00:35,  1.13it/s] 80%|████████  | 162/202 [02:15<00:35,  1.13it/s] 80%|████████  | 162/202 [02:15<00:35,  1.13it/s] 80%|████████  | 162/202 [02:15<00:35,  1.13it/s] 81%|████████  | 163/202 [02:15<00:31,  1.24it/s] 81%|████████  | 163/202 [02:15<00:31,  1.24it/s] 81%|████████  | 163/202 [02:15<00:31,  1.24it/s] 81%|████████  | 163/202 [02:15<00:31,  1.24it/s] 81%|████████  | 164/202 [02:16<00:28,  1.32it/s] 81%|████████  | 164/202 [02:16<00:28,  1.32it/s] 81%|████████  | 164/202 [02:16<00:28,  1.32it/s] 81%|████████  | 164/202 [02:16<00:28,  1.32it/s] 82%|████████▏ | 165/202 [02:17<00:30,  1.21it/s] 82%|████████▏ | 165/202 [02:17<00:30,  1.21it/s] 82%|████████▏ | 165/202 [02:17<00:30,  1.21it/s] 82%|████████▏ | 165/202 [02:17<00:30,  1.21it/s] 82%|████████▏ | 166/202 [02:18<00:28,  1.25it/s] 82%|████████▏ | 166/202 [02:18<00:28,  1.25it/s] 82%|████████▏ | 166/202 [02:18<00:28,  1.25it/s] 82%|████████▏ | 166/202 [02:18<00:28,  1.25it/s] 83%|████████▎ | 167/202 [02:18<00:27,  1.27it/s] 83%|████████▎ | 167/202 [02:18<00:27,  1.27it/s] 83%|████████▎ | 167/202 [02:18<00:27,  1.27it/s] 83%|████████▎ | 167/202 [02:18<00:27,  1.27it/s] 83%|████████▎ | 168/202 [02:19<00:28,  1.20it/s] 83%|████████▎ | 168/202 [02:19<00:28,  1.20it/s] 83%|████████▎ | 168/202 [02:19<00:28,  1.20it/s] 83%|████████▎ | 168/202 [02:19<00:28,  1.20it/s] 84%|████████▎ | 169/202 [02:20<00:26,  1.25it/s] 84%|████████▎ | 169/202 [02:20<00:26,  1.25it/s] 84%|████████▎ | 169/202 [02:20<00:26,  1.25it/s] 84%|████████▎ | 169/202 [02:20<00:26,  1.25it/s] 84%|████████▍ | 170/202 [02:21<00:25,  1.27it/s] 84%|████████▍ | 170/202 [02:21<00:25,  1.27it/s] 84%|████████▍ | 170/202 [02:21<00:25,  1.27it/s] 84%|████████▍ | 170/202 [02:21<00:25,  1.27it/s] 85%|████████▍ | 171/202 [02:22<00:25,  1.19it/s] 85%|████████▍ | 171/202 [02:22<00:26,  1.19it/s] 85%|████████▍ | 171/202 [02:22<00:25,  1.19it/s] 85%|████████▍ | 171/202 [02:22<00:26,  1.19it/s] 85%|████████▌ | 172/202 [02:23<00:25,  1.18it/s] 85%|████████▌ | 172/202 [02:23<00:25,  1.18it/s] 85%|████████▌ | 172/202 [02:23<00:25,  1.18it/s] 85%|████████▌ | 172/202 [02:23<00:25,  1.18it/s] 86%|████████▌ | 173/202 [02:23<00:22,  1.28it/s] 86%|████████▌ | 173/202 [02:23<00:22,  1.28it/s] 86%|████████▌ | 173/202 [02:23<00:22,  1.28it/s] 86%|████████▌ | 173/202 [02:23<00:22,  1.28it/s] 86%|████████▌ | 174/202 [02:24<00:21,  1.28it/s] 86%|████████▌ | 174/202 [02:24<00:21,  1.28it/s] 86%|████████▌ | 174/202 [02:24<00:21,  1.28it/s] 86%|████████▌ | 174/202 [02:24<00:21,  1.28it/s] 87%|████████▋ | 175/202 [02:25<00:21,  1.27it/s] 87%|████████▋ | 175/202 [02:25<00:21,  1.27it/s] 87%|████████▋ | 175/202 [02:25<00:21,  1.27it/s] 87%|████████▋ | 175/202 [02:25<00:21,  1.27it/s] 87%|████████▋ | 176/202 [02:26<00:20,  1.28it/s] 87%|████████▋ | 176/202 [02:26<00:20,  1.28it/s] 87%|████████▋ | 176/202 [02:26<00:20,  1.28it/s] 87%|████████▋ | 176/202 [02:26<00:20,  1.28it/s] 88%|████████▊ | 177/202 [02:26<00:19,  1.30it/s] 88%|████████▊ | 177/202 [02:26<00:19,  1.30it/s] 88%|████████▊ | 177/202 [02:26<00:19,  1.30it/s] 88%|████████▊ | 177/202 [02:26<00:19,  1.30it/s] 88%|████████▊ | 178/202 [02:27<00:19,  1.21it/s] 88%|████████▊ | 178/202 [02:27<00:19,  1.21it/s] 88%|████████▊ | 178/202 [02:27<00:19,  1.21it/s] 88%|████████▊ | 178/202 [02:27<00:19,  1.21it/s] 89%|████████▊ | 179/202 [02:28<00:18,  1.25it/s] 89%|████████▊ | 179/202 [02:28<00:18,  1.25it/s] 89%|████████▊ | 179/202 [02:28<00:18,  1.25it/s] 89%|████████▊ | 179/202 [02:28<00:18,  1.25it/s] 89%|████████▉ | 180/202 [02:29<00:16,  1.33it/s] 89%|████████▉ | 180/202 [02:29<00:16,  1.33it/s] 89%|████████▉ | 180/202 [02:29<00:16,  1.32it/s] 89%|████████▉ | 180/202 [02:29<00:16,  1.33it/s] 90%|████████▉ | 181/202 [02:29<00:14,  1.41it/s] 90%|████████▉ | 181/202 [02:29<00:14,  1.41it/s] 90%|████████▉ | 181/202 [02:29<00:14,  1.41it/s] 90%|████████▉ | 181/202 [02:29<00:14,  1.41it/s] 90%|█████████ | 182/202 [02:30<00:14,  1.40it/s] 90%|█████████ | 182/202 [02:30<00:14,  1.40it/s] 90%|█████████ | 182/202 [02:30<00:14,  1.40it/s] 90%|█████████ | 182/202 [02:30<00:14,  1.40it/s] 91%|█████████ | 183/202 [02:31<00:13,  1.39it/s] 91%|█████████ | 183/202 [02:31<00:13,  1.39it/s] 91%|█████████ | 183/202 [02:31<00:13,  1.39it/s] 91%|█████████ | 183/202 [02:31<00:13,  1.39it/s] 91%|█████████ | 184/202 [02:32<00:14,  1.24it/s] 91%|█████████ | 184/202 [02:32<00:14,  1.24it/s] 91%|█████████ | 184/202 [02:32<00:14,  1.24it/s] 91%|█████████ | 184/202 [02:32<00:14,  1.24it/s] 92%|█████████▏| 185/202 [02:32<00:13,  1.27it/s] 92%|█████████▏| 185/202 [02:32<00:13,  1.27it/s] 92%|█████████▏| 185/202 [02:32<00:13,  1.27it/s] 92%|█████████▏| 185/202 [02:32<00:13,  1.27it/s] 92%|█████████▏| 186/202 [02:33<00:12,  1.29it/s] 92%|█████████▏| 186/202 [02:33<00:12,  1.29it/s] 92%|█████████▏| 186/202 [02:33<00:12,  1.29it/s] 92%|█████████▏| 186/202 [02:33<00:12,  1.30it/s] 93%|█████████▎| 187/202 [02:34<00:11,  1.30it/s] 93%|█████████▎| 187/202 [02:34<00:11,  1.30it/s] 93%|█████████▎| 187/202 [02:34<00:11,  1.30it/s] 93%|█████████▎| 187/202 [02:34<00:11,  1.30it/s] 93%|█████████▎| 188/202 [02:35<00:10,  1.29it/s] 93%|█████████▎| 188/202 [02:35<00:10,  1.29it/s] 93%|█████████▎| 188/202 [02:35<00:10,  1.29it/s] 93%|█████████▎| 188/202 [02:35<00:10,  1.29it/s] 94%|█████████▎| 189/202 [02:35<00:09,  1.32it/s] 94%|█████████▎| 189/202 [02:35<00:09,  1.32it/s] 94%|█████████▎| 189/202 [02:35<00:09,  1.32it/s] 94%|█████████▎| 189/202 [02:35<00:09,  1.32it/s] 94%|█████████▍| 190/202 [02:36<00:09,  1.29it/s] 94%|█████████▍| 190/202 [02:36<00:09,  1.29it/s] 94%|█████████▍| 190/202 [02:36<00:09,  1.29it/s] 94%|█████████▍| 190/202 [02:36<00:09,  1.29it/s] 95%|█████████▍| 191/202 [02:37<00:09,  1.20it/s] 95%|█████████▍| 191/202 [02:37<00:09,  1.20it/s] 95%|█████████▍| 191/202 [02:37<00:09,  1.20it/s] 95%|█████████▍| 191/202 [02:37<00:09,  1.20it/s] 95%|█████████▌| 192/202 [02:38<00:08,  1.22it/s] 95%|█████████▌| 192/202 [02:38<00:08,  1.22it/s] 95%|█████████▌| 192/202 [02:38<00:08,  1.22it/s] 95%|█████████▌| 192/202 [02:38<00:08,  1.22it/s] 96%|█████████▌| 193/202 [02:39<00:07,  1.23it/s] 96%|█████████▌| 193/202 [02:39<00:07,  1.23it/s] 96%|█████████▌| 193/202 [02:39<00:07,  1.23it/s] 96%|█████████▌| 193/202 [02:39<00:07,  1.23it/s] 96%|█████████▌| 194/202 [02:40<00:06,  1.18it/s] 96%|█████████▌| 194/202 [02:40<00:06,  1.19it/s] 96%|█████████▌| 194/202 [02:40<00:06,  1.18it/s] 96%|█████████▌| 194/202 [02:40<00:06,  1.18it/s] 97%|█████████▋| 195/202 [02:41<00:05,  1.21it/s] 97%|█████████▋| 195/202 [02:41<00:05,  1.21it/s] 97%|█████████▋| 195/202 [02:41<00:05,  1.21it/s] 97%|█████████▋| 195/202 [02:41<00:05,  1.21it/s] 97%|█████████▋| 196/202 [02:41<00:04,  1.25it/s] 97%|█████████▋| 196/202 [02:41<00:04,  1.25it/s] 97%|█████████▋| 196/202 [02:41<00:04,  1.25it/s] 97%|█████████▋| 196/202 [02:41<00:04,  1.25it/s] 98%|█████████▊| 197/202 [02:42<00:04,  1.18it/s] 98%|█████████▊| 197/202 [02:42<00:04,  1.18it/s] 98%|█████████▊| 197/202 [02:42<00:04,  1.18it/s] 98%|█████████▊| 197/202 [02:42<00:04,  1.18it/s] 98%|█████████▊| 198/202 [02:43<00:03,  1.28it/s] 98%|█████████▊| 198/202 [02:43<00:03,  1.28it/s] 98%|█████████▊| 198/202 [02:43<00:03,  1.28it/s] 98%|█████████▊| 198/202 [02:43<00:03,  1.28it/s] 99%|█████████▊| 199/202 [02:44<00:02,  1.32it/s] 99%|█████████▊| 199/202 [02:44<00:02,  1.32it/s] 99%|█████████▊| 199/202 [02:44<00:02,  1.32it/s] 99%|█████████▊| 199/202 [02:44<00:02,  1.32it/s] 99%|█████████▉| 200/202 [02:44<00:01,  1.32it/s] 99%|█████████▉| 200/202 [02:44<00:01,  1.32it/s] 99%|█████████▉| 200/202 [02:44<00:01,  1.32it/s] 99%|█████████▉| 200/202 [02:44<00:01,  1.32it/s]100%|█████████▉| 201/202 [02:45<00:00,  1.32it/s]100%|█████████▉| 201/202 [02:45<00:00,  1.32it/s]100%|█████████▉| 201/202 [02:45<00:00,  1.32it/s]100%|█████████▉| 201/202 [02:45<00:00,  1.32it/s]100%|█████████▉| 201/202 [02:45<00:00,  1.21it/s]
100%|█████████▉| 201/202 [02:45<00:00,  1.21it/s]
100%|█████████▉| 201/202 [02:45<00:00,  1.21it/s]
[rank1]:[E1112 21:31:10.583493746 ProcessGroupNCCL.cpp:683] [Rank 1] Watchdog caught collective operation timeout: WorkNCCL(SeqNum=1416, OpType=BROADCAST, NumelIn=1, NumelOut=1, Timeout(ms)=600000) ran for 600019 milliseconds before timing out.
[rank1]:[E1112 21:31:10.585205188 ProcessGroupNCCL.cpp:2241] [PG ID 0 PG GUID 0(default_pg) Rank 1]  failure detected by watchdog at work sequence id: 1416 PG status: last enqueued work: 1416, last completed work: 1415
[rank1]:[E1112 21:31:10.585220806 ProcessGroupNCCL.cpp:730] Stack trace of the failed collective not found, potentially because FlightRecorder is disabled. You can enable it by setting TORCH_NCCL_TRACE_BUFFER_SIZE to a non-zero value.
[rank1]:[E1112 21:31:10.585253325 ProcessGroupNCCL.cpp:2573] [PG ID 0 PG GUID 0(default_pg) Rank 1] First PG on this rank to signal dumping.
[rank2]:[E1112 21:31:10.596619230 ProcessGroupNCCL.cpp:683] [Rank 2] Watchdog caught collective operation timeout: WorkNCCL(SeqNum=1416, OpType=BROADCAST, NumelIn=1, NumelOut=1, Timeout(ms)=600000) ran for 600035 milliseconds before timing out.
[rank2]:[E1112 21:31:10.596815828 ProcessGroupNCCL.cpp:2241] [PG ID 0 PG GUID 0(default_pg) Rank 2]  failure detected by watchdog at work sequence id: 1416 PG status: last enqueued work: 1416, last completed work: 1415
[rank2]:[E1112 21:31:10.596829569 ProcessGroupNCCL.cpp:730] Stack trace of the failed collective not found, potentially because FlightRecorder is disabled. You can enable it by setting TORCH_NCCL_TRACE_BUFFER_SIZE to a non-zero value.
[rank2]:[E1112 21:31:10.596862006 ProcessGroupNCCL.cpp:2573] [PG ID 0 PG GUID 0(default_pg) Rank 2] First PG on this rank to signal dumping.
[rank3]:[E1112 21:31:10.632015939 ProcessGroupNCCL.cpp:683] [Rank 3] Watchdog caught collective operation timeout: WorkNCCL(SeqNum=1416, OpType=BROADCAST, NumelIn=1, NumelOut=1, Timeout(ms)=600000) ran for 600072 milliseconds before timing out.
[rank3]:[E1112 21:31:10.632184967 ProcessGroupNCCL.cpp:2241] [PG ID 0 PG GUID 0(default_pg) Rank 3]  failure detected by watchdog at work sequence id: 1416 PG status: last enqueued work: 1416, last completed work: 1415
[rank3]:[E1112 21:31:10.632193682 ProcessGroupNCCL.cpp:730] Stack trace of the failed collective not found, potentially because FlightRecorder is disabled. You can enable it by setting TORCH_NCCL_TRACE_BUFFER_SIZE to a non-zero value.
[rank3]:[E1112 21:31:10.632223119 ProcessGroupNCCL.cpp:2573] [PG ID 0 PG GUID 0(default_pg) Rank 3] First PG on this rank to signal dumping.
[rank0]:[E1112 21:31:10.983113691 ProcessGroupNCCL.cpp:683] [Rank 0] Watchdog caught collective operation timeout: WorkNCCL(SeqNum=1417, OpType=ALLREDUCE, NumelIn=1, NumelOut=1, Timeout(ms)=600000) ran for 600037 milliseconds before timing out.
[rank0]:[E1112 21:31:10.983311515 ProcessGroupNCCL.cpp:2241] [PG ID 0 PG GUID 0(default_pg) Rank 0]  failure detected by watchdog at work sequence id: 1417 PG status: last enqueued work: 1422, last completed work: 1416
[rank0]:[E1112 21:31:10.983326712 ProcessGroupNCCL.cpp:730] Stack trace of the failed collective not found, potentially because FlightRecorder is disabled. You can enable it by setting TORCH_NCCL_TRACE_BUFFER_SIZE to a non-zero value.
[rank0]:[E1112 21:31:10.983366318 ProcessGroupNCCL.cpp:2573] [PG ID 0 PG GUID 0(default_pg) Rank 0] First PG on this rank to signal dumping.
[rank1]:[E1112 21:31:10.070908350 ProcessGroupNCCL.cpp:1858] [PG ID 0 PG GUID 0(default_pg) Rank 1] Received a dump signal due to a collective timeout from this local rank and we will try our best to dump the debug info. Last enqueued NCCL work: 1416, last completed NCCL work: 1415.This is most likely caused by incorrect usages of collectives, e.g., wrong sizes used across ranks, the order of collectives is not same for all ranks or the scheduled collective, for some reason, didn't run. Additionally, this can be caused by GIL deadlock or other reasons such as network errors or bugs in the communications library (e.g. NCCL), etc. 
[rank2]:[E1112 21:31:10.070992837 ProcessGroupNCCL.cpp:1858] [PG ID 0 PG GUID 0(default_pg) Rank 2] Received a dump signal due to a collective timeout from this local rank and we will try our best to dump the debug info. Last enqueued NCCL work: 1416, last completed NCCL work: 1415.This is most likely caused by incorrect usages of collectives, e.g., wrong sizes used across ranks, the order of collectives is not same for all ranks or the scheduled collective, for some reason, didn't run. Additionally, this can be caused by GIL deadlock or other reasons such as network errors or bugs in the communications library (e.g. NCCL), etc. 
[rank1]:[E1112 21:31:10.072885265 ProcessGroupNCCL.cpp:1575] [PG ID 0 PG GUID 0(default_pg) Rank 1] ProcessGroupNCCL preparing to dump debug info. Include stack trace: 1
[rank2]:[E1112 21:31:10.072899487 ProcessGroupNCCL.cpp:1575] [PG ID 0 PG GUID 0(default_pg) Rank 2] ProcessGroupNCCL preparing to dump debug info. Include stack trace: 1
[rank0]:[E1112 21:31:10.095734134 ProcessGroupNCCL.cpp:1858] [PG ID 0 PG GUID 0(default_pg) Rank 0] Received a dump signal due to a collective timeout from this local rank and we will try our best to dump the debug info. Last enqueued NCCL work: 1422, last completed NCCL work: 1416.This is most likely caused by incorrect usages of collectives, e.g., wrong sizes used across ranks, the order of collectives is not same for all ranks or the scheduled collective, for some reason, didn't run. Additionally, this can be caused by GIL deadlock or other reasons such as network errors or bugs in the communications library (e.g. NCCL), etc. 
[rank3]:[E1112 21:31:10.095736269 ProcessGroupNCCL.cpp:1858] [PG ID 0 PG GUID 0(default_pg) Rank 3] Received a dump signal due to a collective timeout from this local rank and we will try our best to dump the debug info. Last enqueued NCCL work: 1416, last completed NCCL work: 1415.This is most likely caused by incorrect usages of collectives, e.g., wrong sizes used across ranks, the order of collectives is not same for all ranks or the scheduled collective, for some reason, didn't run. Additionally, this can be caused by GIL deadlock or other reasons such as network errors or bugs in the communications library (e.g. NCCL), etc. 
[rank0]:[E1112 21:31:10.095865637 ProcessGroupNCCL.cpp:1575] [PG ID 0 PG GUID 0(default_pg) Rank 0] ProcessGroupNCCL preparing to dump debug info. Include stack trace: 1
[rank3]:[E1112 21:31:10.096234364 ProcessGroupNCCL.cpp:1575] [PG ID 0 PG GUID 0(default_pg) Rank 3] ProcessGroupNCCL preparing to dump debug info. Include stack trace: 1
[rank2]: Traceback (most recent call last):
[rank2]:   File "/home/aminmohamadi_squareup_com/projects/t-jepa-parquet-scaling/run.py", line 470, in <module>
[rank2]:     main(args)
[rank2]:   File "/home/aminmohamadi_squareup_com/projects/t-jepa-parquet-scaling/run.py", line 417, in main
[rank2]:     trainer.train()
[rank2]:   File "/home/aminmohamadi_squareup_com/projects/t-jepa-parquet-scaling/src/train.py", line 641, in train
[rank2]:     early_stop_signal = EarlyStopSignal(signal_tensor.item())
[rank2]:                         ^^^^^^^^^^^^^^^^^^^^^^^^^^^^^^^^^^^^^
[rank2]:   File "/home/aminmohamadi_squareup_com/.cache/hermit/pkg/python3@3.11/install/lib/python3.11/enum.py", line 714, in __call__
[rank2]:     return cls.__new__(cls, value)
[rank2]:            ^^^^^^^^^^^^^^^^^^^^^^^
[rank2]:   File "/home/aminmohamadi_squareup_com/.cache/hermit/pkg/python3@3.11/install/lib/python3.11/enum.py", line 1137, in __new__
[rank2]:     raise ve_exc
[rank2]: ValueError: 750607978 is not a valid EarlyStopSignal
[rank1]: Traceback (most recent call last):
[rank1]:   File "/home/aminmohamadi_squareup_com/projects/t-jepa-parquet-scaling/run.py", line 470, in <module>
[rank1]:     main(args)
[rank1]:   File "/home/aminmohamadi_squareup_com/projects/t-jepa-parquet-scaling/run.py", line 417, in main
[rank1]:     trainer.train()
[rank1]:   File "/home/aminmohamadi_squareup_com/projects/t-jepa-parquet-scaling/src/train.py", line 641, in train
[rank1]:     early_stop_signal = EarlyStopSignal(signal_tensor.item())
[rank1]:                         ^^^^^^^^^^^^^^^^^^^^^^^^^^^^^^^^^^^^^
[rank1]:   File "/home/aminmohamadi_squareup_com/.cache/hermit/pkg/python3@3.11/install/lib/python3.11/enum.py", line 714, in __call__
[rank1]:     return cls.__new__(cls, value)
[rank1]:            ^^^^^^^^^^^^^^^^^^^^^^^
[rank1]:   File "/home/aminmohamadi_squareup_com/.cache/hermit/pkg/python3@3.11/install/lib/python3.11/enum.py", line 1137, in __new__
[rank1]:     raise ve_exc
[rank1]: ValueError: 750607978 is not a valid EarlyStopSignal
[rank3]: Traceback (most recent call last):
[rank3]:   File "/home/aminmohamadi_squareup_com/projects/t-jepa-parquet-scaling/run.py", line 470, in <module>
[rank3]:     main(args)
[rank3]:   File "/home/aminmohamadi_squareup_com/projects/t-jepa-parquet-scaling/run.py", line 417, in main
[rank3]:     trainer.train()
[rank3]:   File "/home/aminmohamadi_squareup_com/projects/t-jepa-parquet-scaling/src/train.py", line 641, in train
[rank3]:     early_stop_signal = EarlyStopSignal(signal_tensor.item())
[rank3]:                         ^^^^^^^^^^^^^^^^^^^^^^^^^^^^^^^^^^^^^
[rank3]:   File "/home/aminmohamadi_squareup_com/.cache/hermit/pkg/python3@3.11/install/lib/python3.11/enum.py", line 714, in __call__
[rank3]:     return cls.__new__(cls, value)
[rank3]:            ^^^^^^^^^^^^^^^^^^^^^^^
[rank3]:   File "/home/aminmohamadi_squareup_com/.cache/hermit/pkg/python3@3.11/install/lib/python3.11/enum.py", line 1137, in __new__
[rank3]:     raise ve_exc
[rank3]: ValueError: 750607978 is not a valid EarlyStopSignal
[rank2]:[E1112 21:32:10.975550443 ProcessGroupNCCL.cpp:744] [Rank 2] Some NCCL operations have failed or timed out. Due to the asynchronous nature of CUDA kernels, subsequent GPU operations might run on corrupted/incomplete data.
[rank2]:[E1112 21:32:10.975580283 ProcessGroupNCCL.cpp:758] [Rank 2] To avoid data inconsistency, we are taking the entire process down.
[rank2]:[E1112 21:32:10.977987547 ProcessGroupNCCL.cpp:2057] [PG ID 0 PG GUID 0(default_pg) Rank 2] Process group watchdog thread terminated with exception: [Rank 2] Watchdog caught collective operation timeout: WorkNCCL(SeqNum=1416, OpType=BROADCAST, NumelIn=1, NumelOut=1, Timeout(ms)=600000) ran for 600035 milliseconds before timing out.
Exception raised from checkTimeout at /pytorch/torch/csrc/distributed/c10d/ProcessGroupNCCL.cpp:686 (most recent call first):
frame #0: c10::Error::Error(c10::SourceLocation, std::__cxx11::basic_string<char, std::char_traits<char>, std::allocator<char> >) + 0x80 (0x7fe48c939b80 in /home/aminmohamadi_squareup_com/projects/.hermit/python/lib/python3.11/site-packages/torch/lib/libc10.so)
frame #1: c10d::ProcessGroupNCCL::WorkNCCL::checkTimeout(std::optional<std::chrono::duration<long, std::ratio<1l, 1000l> > >) + 0x247 (0x7fe42aaf4407 in /home/aminmohamadi_squareup_com/projects/.hermit/python/lib/python3.11/site-packages/torch/lib/libtorch_cuda.so)
frame #2: c10d::ProcessGroupNCCL::Watchdog::runLoop() + 0x1691 (0x7fe42aaf9011 in /home/aminmohamadi_squareup_com/projects/.hermit/python/lib/python3.11/site-packages/torch/lib/libtorch_cuda.so)
frame #3: c10d::ProcessGroupNCCL::Watchdog::run() + 0xdf (0x7fe42aafa25f in /home/aminmohamadi_squareup_com/projects/.hermit/python/lib/python3.11/site-packages/torch/lib/libtorch_cuda.so)
frame #4: <unknown function> + 0xc2b23 (0x7fe4a7df7b23 in /lib64/libstdc++.so.6)
frame #5: <unknown function> + 0x81ca (0x7fe4ab23c1ca in /lib64/libpthread.so.0)
frame #6: clone + 0x43 (0x7fe4aa5048d3 in /lib64/libc.so.6)

terminate called after throwing an instance of 'c10::DistBackendError'
  what():  [PG ID 0 PG GUID 0(default_pg) Rank 2] Process group watchdog thread terminated with exception: [Rank 2] Watchdog caught collective operation timeout: WorkNCCL(SeqNum=1416, OpType=BROADCAST, NumelIn=1, NumelOut=1, Timeout(ms)=600000) ran for 600035 milliseconds before timing out.
Exception raised from checkTimeout at /pytorch/torch/csrc/distributed/c10d/ProcessGroupNCCL.cpp:686 (most recent call first):
frame #0: c10::Error::Error(c10::SourceLocation, std::__cxx11::basic_string<char, std::char_traits<char>, std::allocator<char> >) + 0x80 (0x7fe48c939b80 in /home/aminmohamadi_squareup_com/projects/.hermit/python/lib/python3.11/site-packages/torch/lib/libc10.so)
frame #1: c10d::ProcessGroupNCCL::WorkNCCL::checkTimeout(std::optional<std::chrono::duration<long, std::ratio<1l, 1000l> > >) + 0x247 (0x7fe42aaf4407 in /home/aminmohamadi_squareup_com/projects/.hermit/python/lib/python3.11/site-packages/torch/lib/libtorch_cuda.so)
frame #2: c10d::ProcessGroupNCCL::Watchdog::runLoop() + 0x1691 (0x7fe42aaf9011 in /home/aminmohamadi_squareup_com/projects/.hermit/python/lib/python3.11/site-packages/torch/lib/libtorch_cuda.so)
frame #3: c10d::ProcessGroupNCCL::Watchdog::run() + 0xdf (0x7fe42aafa25f in /home/aminmohamadi_squareup_com/projects/.hermit/python/lib/python3.11/site-packages/torch/lib/libtorch_cuda.so)
frame #4: <unknown function> + 0xc2b23 (0x7fe4a7df7b23 in /lib64/libstdc++.so.6)
frame #5: <unknown function> + 0x81ca (0x7fe4ab23c1ca in /lib64/libpthread.so.0)
frame #6: clone + 0x43 (0x7fe4aa5048d3 in /lib64/libc.so.6)

Exception raised from run at /pytorch/torch/csrc/distributed/c10d/ProcessGroupNCCL.cpp:2063 (most recent call first):
frame #0: c10::Error::Error(c10::SourceLocation, std::__cxx11::basic_string<char, std::char_traits<char>, std::allocator<char> >) + 0x80 (0x7fe48c939b80 in /home/aminmohamadi_squareup_com/projects/.hermit/python/lib/python3.11/site-packages/torch/lib/libc10.so)
frame #1: <unknown function> + 0xe336d1 (0x7fe42aad06d1 in /home/aminmohamadi_squareup_com/projects/.hermit/python/lib/python3.11/site-packages/torch/lib/libtorch_cuda.so)
frame #2: <unknown function> + 0x95044f (0x7fe42a5ed44f in /home/aminmohamadi_squareup_com/projects/.hermit/python/lib/python3.11/site-packages/torch/lib/libtorch_cuda.so)
frame #3: <unknown function> + 0xc2b23 (0x7fe4a7df7b23 in /lib64/libstdc++.so.6)
frame #4: <unknown function> + 0x81ca (0x7fe4ab23c1ca in /lib64/libpthread.so.0)
frame #5: clone + 0x43 (0x7fe4aa5048d3 in /lib64/libc.so.6)

100%|██████████| 202/202 [13:46<00:00, 198.73s/it]100%|██████████| 202/202 [13:46<00:00,  4.09s/it] 
[rank1]:[E1112 21:32:11.234776615 ProcessGroupNCCL.cpp:744] [Rank 1] Some NCCL operations have failed or timed out. Due to the asynchronous nature of CUDA kernels, subsequent GPU operations might run on corrupted/incomplete data.
[rank3]:[E1112 21:32:11.234775691 ProcessGroupNCCL.cpp:744] [Rank 3] Some NCCL operations have failed or timed out. Due to the asynchronous nature of CUDA kernels, subsequent GPU operations might run on corrupted/incomplete data.
[rank3]:[E1112 21:32:11.234797381 ProcessGroupNCCL.cpp:758] [Rank 3] To avoid data inconsistency, we are taking the entire process down.
[rank1]:[E1112 21:32:11.234798316 ProcessGroupNCCL.cpp:758] [Rank 1] To avoid data inconsistency, we are taking the entire process down.
[rank3]:[E1112 21:32:11.235715655 ProcessGroupNCCL.cpp:2057] [PG ID 0 PG GUID 0(default_pg) Rank 3] Process group watchdog thread terminated with exception: [Rank 3] Watchdog caught collective operation timeout: WorkNCCL(SeqNum=1416, OpType=BROADCAST, NumelIn=1, NumelOut=1, Timeout(ms)=600000) ran for 600072 milliseconds before timing out.
Exception raised from checkTimeout at /pytorch/torch/csrc/distributed/c10d/ProcessGroupNCCL.cpp:686 (most recent call first):
frame #0: c10::Error::Error(c10::SourceLocation, std::__cxx11::basic_string<char, std::char_traits<char>, std::allocator<char> >) + 0x80 (0x7f470c968b80 in /home/aminmohamadi_squareup_com/projects/.hermit/python/lib/python3.11/site-packages/torch/lib/libc10.so)
frame #1: c10d::ProcessGroupNCCL::WorkNCCL::checkTimeout(std::optional<std::chrono::duration<long, std::ratio<1l, 1000l> > >) + 0x247 (0x7f46aaaf4407 in /home/aminmohamadi_squareup_com/projects/.hermit/python/lib/python3.11/site-packages/torch/lib/libtorch_cuda.so)
frame #2: c10d::ProcessGroupNCCL::Watchdog::runLoop() + 0x1691 (0x7f46aaaf9011 in /home/aminmohamadi_squareup_com/projects/.hermit/python/lib/python3.11/site-packages/torch/lib/libtorch_cuda.so)
frame #3: c10d::ProcessGroupNCCL::Watchdog::run() + 0xdf (0x7f46aaafa25f in /home/aminmohamadi_squareup_com/projects/.hermit/python/lib/python3.11/site-packages/torch/lib/libtorch_cuda.so)
frame #4: <unknown function> + 0xc2b23 (0x7f4727e26b23 in /lib64/libstdc++.so.6)
frame #5: <unknown function> + 0x81ca (0x7f472b26b1ca in /lib64/libpthread.so.0)
frame #6: clone + 0x43 (0x7f472a5338d3 in /lib64/libc.so.6)

[rank1]:[E1112 21:32:11.235716410 ProcessGroupNCCL.cpp:2057] [PG ID 0 PG GUID 0(default_pg) Rank 1] Process group watchdog thread terminated with exception: [Rank 1] Watchdog caught collective operation timeout: WorkNCCL(SeqNum=1416, OpType=BROADCAST, NumelIn=1, NumelOut=1, Timeout(ms)=600000) ran for 600019 milliseconds before timing out.
Exception raised from checkTimeout at /pytorch/torch/csrc/distributed/c10d/ProcessGroupNCCL.cpp:686 (most recent call first):
frame #0: c10::Error::Error(c10::SourceLocation, std::__cxx11::basic_string<char, std::char_traits<char>, std::allocator<char> >) + 0x80 (0x7f743940db80 in /home/aminmohamadi_squareup_com/projects/.hermit/python/lib/python3.11/site-packages/torch/lib/libc10.so)
frame #1: c10d::ProcessGroupNCCL::WorkNCCL::checkTimeout(std::optional<std::chrono::duration<long, std::ratio<1l, 1000l> > >) + 0x247 (0x7f743a2e8407 in /home/aminmohamadi_squareup_com/projects/.hermit/python/lib/python3.11/site-packages/torch/lib/libtorch_cuda.so)
frame #2: c10d::ProcessGroupNCCL::Watchdog::runLoop() + 0x1691 (0x7f743a2ed011 in /home/aminmohamadi_squareup_com/projects/.hermit/python/lib/python3.11/site-packages/torch/lib/libtorch_cuda.so)
frame #3: c10d::ProcessGroupNCCL::Watchdog::run() + 0xdf (0x7f743a2ee25f in /home/aminmohamadi_squareup_com/projects/.hermit/python/lib/python3.11/site-packages/torch/lib/libtorch_cuda.so)
frame #4: <unknown function> + 0xc2b23 (0x7f74b6c8bb23 in /lib64/libstdc++.so.6)
frame #5: <unknown function> + 0x81ca (0x7f74ba0d01ca in /lib64/libpthread.so.0)
frame #6: clone + 0x43 (0x7f74b93988d3 in /lib64/libc.so.6)

terminate called after throwing an instance of 'terminate called after throwing an instance of 'c10::DistBackendErrorc10::DistBackendError'
'
  what():  [PG ID 0 PG GUID 0(default_pg) Rank 3] Process group watchdog thread terminated with exception: [Rank 3] Watchdog caught collective operation timeout: WorkNCCL(SeqNum=1416, OpType=BROADCAST, NumelIn=1, NumelOut=1, Timeout(ms)=600000) ran for 600072 milliseconds before timing out.
Exception raised from checkTimeout at /pytorch/torch/csrc/distributed/c10d/ProcessGroupNCCL.cpp:686 (most recent call first):
frame #0: c10::Error::Error(c10::SourceLocation, std::__cxx11::basic_string<char, std::char_traits<char>, std::allocator<char> >) + 0x80 (0x7f470c968b80 in /home/aminmohamadi_squareup_com/projects/.hermit/python/lib/python3.11/site-packages/torch/lib/libc10.so)
frame #1: c10d::ProcessGroupNCCL::WorkNCCL::checkTimeout(std::optional<std::chrono::duration<long, std::ratio<1l, 1000l> > >) + 0x247 (0x7f46aaaf4407 in /home/aminmohamadi_squareup_com/projects/.hermit/python/lib/python3.11/site-packages/torch/lib/libtorch_cuda.so)
frame #2: c10d::ProcessGroupNCCL::Watchdog::runLoop() + 0x1691 (0x7f46aaaf9011 in /home/aminmohamadi_squareup_com/projects/.hermit/python/lib/python3.11/site-packages/torch/lib/libtorch_cuda.so)
frame #3: c10d::ProcessGroupNCCL::Watchdog::run() + 0xdf (0x7f46aaafa25f in /home/aminmohamadi_squareup_com/projects/.hermit/python/lib/python3.11/site-packages/torch/lib/libtorch_cuda.so)
frame #4: <unknown function> + 0xc2b23 (0x7f4727e26b23 in /lib64/libstdc++.so.6)
frame #5: <unknown function> + 0x81ca (0x7f472b26b1ca in /lib64/libpthread.so.0)
frame #6: clone + 0x43 (0x7f472a5338d3 in /lib64/libc.so.6)

Exception raised from run at /pytorch/torch/csrc/distributed/c10d/ProcessGroupNCCL.cpp:2063 (most recent call first):
frame #0: c10::Error::Error(c10::SourceLocation, std::__cxx11::basic_string<char, std::char_traits<char>, std::allocator<char> >) + 0x80 (0x7f470c968b80 in /home/aminmohamadi_squareup_com/projects/.hermit/python/lib/python3.11/site-packages/torch/lib/libc10.so)
frame #1: <unknown function> + 0xe336d1 (0x7f46aaad06d1 in /home/aminmohamadi_squareup_com/projects/.hermit/python/lib/python3.11/site-packages/torch/lib/libtorch_cuda.so)
frame #2: <unknown function> + 0x95044f (0x7f46aa5ed44f in /home/aminmohamadi_squareup_com/projects/.hermit/python/lib/python3.11/site-packages/torch/lib/libtorch_cuda.so)
frame #3: <unknown function> + 0xc2b23 (0x7f4727e26b23 in /lib64/libstdc++.so.6)
frame #4: <unknown function> + 0x81ca (0x7f472b26b1ca in /lib64/libpthread.so.0)
frame #5: clone + 0x43 (0x7f472a5338d3 in /lib64/libc.so.6)

  what():  [PG ID 0 PG GUID 0(default_pg) Rank 1] Process group watchdog thread terminated with exception: [Rank 1] Watchdog caught collective operation timeout: WorkNCCL(SeqNum=1416, OpType=BROADCAST, NumelIn=1, NumelOut=1, Timeout(ms)=600000) ran for 600019 milliseconds before timing out.
Exception raised from checkTimeout at /pytorch/torch/csrc/distributed/c10d/ProcessGroupNCCL.cpp:686 (most recent call first):
frame #0: c10::Error::Error(c10::SourceLocation, std::__cxx11::basic_string<char, std::char_traits<char>, std::allocator<char> >) + 0x80 (0x7f743940db80 in /home/aminmohamadi_squareup_com/projects/.hermit/python/lib/python3.11/site-packages/torch/lib/libc10.so)
frame #1: c10d::ProcessGroupNCCL::WorkNCCL::checkTimeout(std::optional<std::chrono::duration<long, std::ratio<1l, 1000l> > >) + 0x247 (0x7f743a2e8407 in /home/aminmohamadi_squareup_com/projects/.hermit/python/lib/python3.11/site-packages/torch/lib/libtorch_cuda.so)
frame #2: c10d::ProcessGroupNCCL::Watchdog::runLoop() + 0x1691 (0x7f743a2ed011 in /home/aminmohamadi_squareup_com/projects/.hermit/python/lib/python3.11/site-packages/torch/lib/libtorch_cuda.so)
frame #3: c10d::ProcessGroupNCCL::Watchdog::run() + 0xdf (0x7f743a2ee25f in /home/aminmohamadi_squareup_com/projects/.hermit/python/lib/python3.11/site-packages/torch/lib/libtorch_cuda.so)
frame #4: <unknown function> + 0xc2b23 (0x7f74b6c8bb23 in /lib64/libstdc++.so.6)
frame #5: <unknown function> + 0x81ca (0x7f74ba0d01ca in /lib64/libpthread.so.0)
frame #6: clone + 0x43 (0x7f74b93988d3 in /lib64/libc.so.6)

Exception raised from run at /pytorch/torch/csrc/distributed/c10d/ProcessGroupNCCL.cpp:2063 (most recent call first):
frame #0: c10::Error::Error(c10::SourceLocation, std::__cxx11::basic_string<char, std::char_traits<char>, std::allocator<char> >) + 0x80 (0x7f743940db80 in /home/aminmohamadi_squareup_com/projects/.hermit/python/lib/python3.11/site-packages/torch/lib/libc10.so)
frame #1: <unknown function> + 0xe336d1 (0x7f743a2c46d1 in /home/aminmohamadi_squareup_com/projects/.hermit/python/lib/python3.11/site-packages/torch/lib/libtorch_cuda.so)
frame #2: <unknown function> + 0x95044f (0x7f7439de144f in /home/aminmohamadi_squareup_com/projects/.hermit/python/lib/python3.11/site-packages/torch/lib/libtorch_cuda.so)
frame #3: <unknown function> + 0xc2b23 (0x7f74b6c8bb23 in /lib64/libstdc++.so.6)
frame #4: <unknown function> + 0x81ca (0x7f74ba0d01ca in /lib64/libpthread.so.0)
frame #5: clone + 0x43 (0x7f74b93988d3 in /lib64/libc.so.6)

self.num_val_improvements_since_cache:  1
self.val_cache_cadence:  1
Model checkpointing attempts: 0.
Stored epoch 0 model checkpoint to ./checkpoints/parquet_dataset/parquet_dataset__model_nlyrs_4_nheads_4_hdim_64__pred_ovrlap_F_npreds_4__nlyrs_2_activ_relunenc_1__lr_0.0002828_start_0.001_final_0_20251112_211353/epoch_0.pth.
Validation score has improved 1 times since last caching the model. Caching now.
Model checkpointing attempts: 0.
W1112 21:32:11.255000 385439 torch/distributed/elastic/multiprocessing/api.py:908] Sending process 385613 closing signal SIGTERM
W1112 21:32:11.260000 385439 torch/distributed/elastic/multiprocessing/api.py:908] Sending process 385614 closing signal SIGTERM
W1112 21:32:11.261000 385439 torch/distributed/elastic/multiprocessing/api.py:908] Sending process 385616 closing signal SIGTERM
E1112 21:32:12.126000 385439 torch/distributed/elastic/multiprocessing/api.py:882] failed (exitcode: -6) local_rank: 2 (pid: 385615) of binary: /home/aminmohamadi_squareup_com/.cache/hermit/pkg/python3@3.11/install/bin/python3.11
Traceback (most recent call last):
  File "/home/aminmohamadi_squareup_com/projects/.hermit/python/bin/torchrun", line 8, in <module>
    sys.exit(main())
             ^^^^^^
  File "/home/aminmohamadi_squareup_com/projects/.hermit/python/lib/python3.11/site-packages/torch/distributed/elastic/multiprocessing/errors/__init__.py", line 357, in wrapper
    return f(*args, **kwargs)
           ^^^^^^^^^^^^^^^^^^
  File "/home/aminmohamadi_squareup_com/projects/.hermit/python/lib/python3.11/site-packages/torch/distributed/run.py", line 936, in main
    run(args)
  File "/home/aminmohamadi_squareup_com/projects/.hermit/python/lib/python3.11/site-packages/torch/distributed/run.py", line 927, in run
    elastic_launch(
  File "/home/aminmohamadi_squareup_com/projects/.hermit/python/lib/python3.11/site-packages/torch/distributed/launcher/api.py", line 156, in __call__
    return launch_agent(self._config, self._entrypoint, list(args))
           ^^^^^^^^^^^^^^^^^^^^^^^^^^^^^^^^^^^^^^^^^^^^^^^^^^^^^^^^
  File "/home/aminmohamadi_squareup_com/projects/.hermit/python/lib/python3.11/site-packages/torch/distributed/launcher/api.py", line 293, in launch_agent
    raise ChildFailedError(
torch.distributed.elastic.multiprocessing.errors.ChildFailedError: 
============================================================
run.py FAILED
------------------------------------------------------------
Failures:
  <NO_OTHER_FAILURES>
------------------------------------------------------------
Root Cause (first observed failure):
[0]:
  time      : 2025-11-12_21:32:11
  host      : smallslurm-a38-1.c.sq-cash-ml-slurm-prod.internal
  rank      : 2 (local_rank: 2)
  exitcode  : -6 (pid: 385615)
  error_file: <N/A>
  traceback : Signal 6 (SIGABRT) received by PID 385615
============================================================
srun: error: smallslurm-a38-1: task 0: Exited with exit code 1

========================================================================
Training completed with exit code: 1
========================================================================
✗ FAILED: Training exited with error code 1

Checking for common issues...
Last 50 lines of output:
self.val_cache_cadence:  1
Model checkpointing attempts: 0.
Stored epoch 0 model checkpoint to ./checkpoints/parquet_dataset/parquet_dataset__model_nlyrs_4_nheads_4_hdim_64__pred_ovrlap_F_npreds_4__nlyrs_2_activ_relunenc_1__lr_0.0002828_start_0.001_final_0_20251112_211353/epoch_0.pth.
Validation score has improved 1 times since last caching the model. Caching now.
Model checkpointing attempts: 0.
W1112 21:32:11.255000 385439 torch/distributed/elastic/multiprocessing/api.py:908] Sending process 385613 closing signal SIGTERM
W1112 21:32:11.260000 385439 torch/distributed/elastic/multiprocessing/api.py:908] Sending process 385614 closing signal SIGTERM
W1112 21:32:11.261000 385439 torch/distributed/elastic/multiprocessing/api.py:908] Sending process 385616 closing signal SIGTERM
E1112 21:32:12.126000 385439 torch/distributed/elastic/multiprocessing/api.py:882] failed (exitcode: -6) local_rank: 2 (pid: 385615) of binary: /home/aminmohamadi_squareup_com/.cache/hermit/pkg/python3@3.11/install/bin/python3.11
Traceback (most recent call last):
  File "/home/aminmohamadi_squareup_com/projects/.hermit/python/bin/torchrun", line 8, in <module>
    sys.exit(main())
             ^^^^^^
  File "/home/aminmohamadi_squareup_com/projects/.hermit/python/lib/python3.11/site-packages/torch/distributed/elastic/multiprocessing/errors/__init__.py", line 357, in wrapper
    return f(*args, **kwargs)
           ^^^^^^^^^^^^^^^^^^
  File "/home/aminmohamadi_squareup_com/projects/.hermit/python/lib/python3.11/site-packages/torch/distributed/run.py", line 936, in main
    run(args)
  File "/home/aminmohamadi_squareup_com/projects/.hermit/python/lib/python3.11/site-packages/torch/distributed/run.py", line 927, in run
    elastic_launch(
  File "/home/aminmohamadi_squareup_com/projects/.hermit/python/lib/python3.11/site-packages/torch/distributed/launcher/api.py", line 156, in __call__
    return launch_agent(self._config, self._entrypoint, list(args))
           ^^^^^^^^^^^^^^^^^^^^^^^^^^^^^^^^^^^^^^^^^^^^^^^^^^^^^^^^
  File "/home/aminmohamadi_squareup_com/projects/.hermit/python/lib/python3.11/site-packages/torch/distributed/launcher/api.py", line 293, in launch_agent
    raise ChildFailedError(
torch.distributed.elastic.multiprocessing.errors.ChildFailedError: 
============================================================
run.py FAILED
------------------------------------------------------------
Failures:
  <NO_OTHER_FAILURES>
------------------------------------------------------------
Root Cause (first observed failure):
[0]:
  time      : 2025-11-12_21:32:11
  host      : smallslurm-a38-1.c.sq-cash-ml-slurm-prod.internal
  rank      : 2 (local_rank: 2)
  exitcode  : -6 (pid: 385615)
  error_file: <N/A>
  traceback : Signal 6 (SIGABRT) received by PID 385615
============================================================
srun: error: smallslurm-a38-1: task 0: Exited with exit code 1

========================================================================
Training completed with exit code: 1
========================================================================
✗ FAILED: Training exited with error code 1

Checking for common issues...
Last 50 lines of output:
