========================================================================
Scaled Configuration Test
========================================================================
Job ID: 14671
Node: smallslurm-a38msp-0
Date: Wed Nov 12 16:27:09 UTC 2025
========================================================================
Configuration:
  - Data: chunk_10 to chunk_20 (11 files)
  - Features: 128 (up from 30)
  - Batch size: 4096 (up from 512)
  - Learning rate: 2.828e-4 (scaled by sqrt(8))
  - Scaling: IQR + asinh transform
  - Categorize NaN: True (doubles features to 256)
========================================================================
Hermit environment /home/aminmohamadi_squareup_com/projects activated
Available GPUs:
GPU 0: NVIDIA H100 80GB HBM3 (UUID: GPU-ad1de790-2739-9261-ed11-427725d9325a)

Wed Nov 12 16:27:09 2025       
+-----------------------------------------------------------------------------------------+
| NVIDIA-SMI 550.90.12              Driver Version: 550.90.12      CUDA Version: 12.4     |
|-----------------------------------------+------------------------+----------------------+
| GPU  Name                 Persistence-M | Bus-Id          Disp.A | Volatile Uncorr. ECC |
| Fan  Temp   Perf          Pwr:Usage/Cap |           Memory-Usage | GPU-Util  Compute M. |
|                                         |                        |               MIG M. |
|=========================================+========================+======================|
|   0  NVIDIA H100 80GB HBM3          On  |   00000000:0C:00.0 Off |                    0 |
| N/A   30C    P0             70W /  700W |       1MiB /  81559MiB |      0%      Default |
|                                         |                        |             Disabled |
+-----------------------------------------+------------------------+----------------------+
                                                                                         
+-----------------------------------------------------------------------------------------+
| Processes:                                                                              |
|  GPU   GI   CI        PID   Type   Process name                              GPU Memory |
|        ID   ID                                                               Usage      |
|=========================================================================================|
|  No running processes found                                                             |
+-----------------------------------------------------------------------------------------+

========================================================================
Starting T-JEPA training with scaled configuration...
========================================================================
2025/11/12 16:27:27 INFO mlflow.tracking.fluent: Experiment with name '/groups/block-aird-team/scaled_config_test' does not exist. Creating a new experiment.
Not SLURM job.
✓ MLflow logging configured for project: scaled_config_test
[Debug] Using parquet dataset from LocalFilesDataset
[Debug] Parquet dataset created: N=3300000, D=256
╒═══════════════════════════════╤════════════════════════════════════════════════════════════════════════════════════════════════════════════════════════════════════════════════════════════════════════════════════════════╕
│ mock                          │ False                                                                                                                                                                                      │
├───────────────────────────────┼────────────────────────────────────────────────────────────────────────────────────────────────────────────────────────────────────────────────────────────────────────────────────────────┤
│ res_dir                       │ ./                                                                                                                                                                                         │
├───────────────────────────────┼────────────────────────────────────────────────────────────────────────────────────────────────────────────────────────────────────────────────────────────────────────────────────────────┤
│ data_path                     │ data                                                                                                                                                                                       │
├───────────────────────────────┼────────────────────────────────────────────────────────────────────────────────────────────────────────────────────────────────────────────────────────────────────────────────────────────┤
│ data_set                      │ parquet_dataset                                                                                                                                                                            │
├───────────────────────────────┼────────────────────────────────────────────────────────────────────────────────────────────────────────────────────────────────────────────────────────────────────────────────────────────┤
│ test_size_ratio               │ 0.0                                                                                                                                                                                        │
├───────────────────────────────┼────────────────────────────────────────────────────────────────────────────────────────────────────────────────────────────────────────────────────────────────────────────────────────────┤
│ val_size_ratio                │ 0.0                                                                                                                                                                                        │
├───────────────────────────────┼────────────────────────────────────────────────────────────────────────────────────────────────────────────────────────────────────────────────────────────────────────────────────────────┤
│ random_state                  │ 42                                                                                                                                                                                         │
├───────────────────────────────┼────────────────────────────────────────────────────────────────────────────────────────────────────────────────────────────────────────────────────────────────────────────────────────────┤
│ full_dataset_cuda             │ False                                                                                                                                                                                      │
├───────────────────────────────┼────────────────────────────────────────────────────────────────────────────────────────────────────────────────────────────────────────────────────────────────────────────────────────────┤
│ verbose                       │ False                                                                                                                                                                                      │
├───────────────────────────────┼────────────────────────────────────────────────────────────────────────────────────────────────────────────────────────────────────────────────────────────────────────────────────────────┤
│ use_parquet_dataset           │ True                                                                                                                                                                                       │
├───────────────────────────────┼────────────────────────────────────────────────────────────────────────────────────────────────────────────────────────────────────────────────────────────────────────────────────────────┤
│ parquet_data_dir              │ /projects/risk-tabular/general_chargebacks/202207-202407-all-positives-negative-ratio-1.0-v0/train                                                                                         │
├───────────────────────────────┼────────────────────────────────────────────────────────────────────────────────────────────────────────────────────────────────────────────────────────────────────────────────────────────┤
│ parquet_data_files            │ chunk_10.parquet,chunk_11.parquet,chunk_12.parquet,chunk_13.parquet,chunk_14.parquet,chunk_15.parquet,chunk_16.parquet,chunk_17.parquet,chunk_18.parquet,chunk_19.parquet,chunk_20.parquet │
├───────────────────────────────┼────────────────────────────────────────────────────────────────────────────────────────────────────────────────────────────────────────────────────────────────────────────────────────────┤
│ parquet_scaling_stats_file    │ /projects/risk-tabular/general_chargebacks/202207-202407-all-positives-negative-ratio-1.0-v0/train/stats_bootstrap.pq                                                                      │
├───────────────────────────────┼────────────────────────────────────────────────────────────────────────────────────────────────────────────────────────────────────────────────────────────────────────────────────────────┤
│ parquet_feature_names_file    │ /projects/risk-tabular/general_chargebacks/20240724_feature_selection/xgboost_importances_seed_1_sample_0.5.csv                                                                            │
├───────────────────────────────┼────────────────────────────────────────────────────────────────────────────────────────────────────────────────────────────────────────────────────────────────────────────────────────────┤
│ parquet_num_features          │ 128                                                                                                                                                                                        │
├───────────────────────────────┼────────────────────────────────────────────────────────────────────────────────────────────────────────────────────────────────────────────────────────────────────────────────────────────┤
│ parquet_target_col            │ target                                                                                                                                                                                     │
├───────────────────────────────┼────────────────────────────────────────────────────────────────────────────────────────────────────────────────────────────────────────────────────────────────────────────────────────────┤
│ parquet_task_type             │ binary_class                                                                                                                                                                               │
├───────────────────────────────┼────────────────────────────────────────────────────────────────────────────────────────────────────────────────────────────────────────────────────────────────────────────────────────────┤
│ parquet_id_col                │ ID                                                                                                                                                                                         │
├───────────────────────────────┼────────────────────────────────────────────────────────────────────────────────────────────────────────────────────────────────────────────────────────────────────────────────────────────┤
│ parquet_preload_data          │ True                                                                                                                                                                                       │
├───────────────────────────────┼────────────────────────────────────────────────────────────────────────────────────────────────────────────────────────────────────────────────────────────────────────────────────────────┤
│ parquet_shuffle               │ True                                                                                                                                                                                       │
├───────────────────────────────┼────────────────────────────────────────────────────────────────────────────────────────────────────────────────────────────────────────────────────────────────────────────────────────────┤
│ parquet_scaling_method        │ IQR                                                                                                                                                                                        │
├───────────────────────────────┼────────────────────────────────────────────────────────────────────────────────────────────────────────────────────────────────────────────────────────────────────────────────────────────┤
│ parquet_infill_value          │ zero                                                                                                                                                                                       │
├───────────────────────────────┼────────────────────────────────────────────────────────────────────────────────────────────────────────────────────────────────────────────────────────────────────────────────────────────┤
│ parquet_transform             │ asinh                                                                                                                                                                                      │
├───────────────────────────────┼────────────────────────────────────────────────────────────────────────────────────────────────────────────────────────────────────────────────────────────────────────────────────────────┤
│ parquet_categorize_nan        │ True                                                                                                                                                                                       │
├───────────────────────────────┼────────────────────────────────────────────────────────────────────────────────────────────────────────────────────────────────────────────────────────────────────────────────────────────┤
│ parquet_clip_min              │                                                                                                                                                                                            │
├───────────────────────────────┼────────────────────────────────────────────────────────────────────────────────────────────────────────────────────────────────────────────────────────────────────────────────────────────┤
│ parquet_clip_max              │                                                                                                                                                                                            │
├───────────────────────────────┼────────────────────────────────────────────────────────────────────────────────────────────────────────────────────────────────────────────────────────────────────────────────────────────┤
│ tag                           │                                                                                                                                                                                            │
├───────────────────────────────┼────────────────────────────────────────────────────────────────────────────────────────────────────────────────────────────────────────────────────────────────────────────────────────────┤
│ project_name                  │ scaled_config_test                                                                                                                                                                         │
├───────────────────────────────┼────────────────────────────────────────────────────────────────────────────────────────────────────────────────────────────────────────────────────────────────────────────────────────────┤
│ test                          │ False                                                                                                                                                                                      │
├───────────────────────────────┼────────────────────────────────────────────────────────────────────────────────────────────────────────────────────────────────────────────────────────────────────────────────────────────┤
│ exp_n_runs                    │ 1                                                                                                                                                                                          │
├───────────────────────────────┼────────────────────────────────────────────────────────────────────────────────────────────────────────────────────────────────────────────────────────────────────────────────────────────┤
│ exp_device                    │                                                                                                                                                                                            │
├───────────────────────────────┼────────────────────────────────────────────────────────────────────────────────────────────────────────────────────────────────────────────────────────────────────────────────────────────┤
│ np_seed                       │ 42                                                                                                                                                                                         │
├───────────────────────────────┼────────────────────────────────────────────────────────────────────────────────────────────────────────────────────────────────────────────────────────────────────────────────────────────┤
│ torch_seed                    │ 42                                                                                                                                                                                         │
├───────────────────────────────┼────────────────────────────────────────────────────────────────────────────────────────────────────────────────────────────────────────────────────────────────────────────────────────────┤
│ random                        │ False                                                                                                                                                                                      │
├───────────────────────────────┼────────────────────────────────────────────────────────────────────────────────────────────────────────────────────────────────────────────────────────────────────────────────────────────┤
│ batch_size                    │ 4096                                                                                                                                                                                       │
├───────────────────────────────┼────────────────────────────────────────────────────────────────────────────────────────────────────────────────────────────────────────────────────────────────────────────────────────────┤
│ val_batch_size                │ -1                                                                                                                                                                                         │
├───────────────────────────────┼────────────────────────────────────────────────────────────────────────────────────────────────────────────────────────────────────────────────────────────────────────────────────────────┤
│ exp_train_total_epochs        │ 10                                                                                                                                                                                         │
├───────────────────────────────┼────────────────────────────────────────────────────────────────────────────────────────────────────────────────────────────────────────────────────────────────────────────────────────────┤
│ exp_patience                  │ 10                                                                                                                                                                                         │
├───────────────────────────────┼────────────────────────────────────────────────────────────────────────────────────────────────────────────────────────────────────────────────────────────────────────────────────────────┤
│ log_tensorboard               │ False                                                                                                                                                                                      │
├───────────────────────────────┼────────────────────────────────────────────────────────────────────────────────────────────────────────────────────────────────────────────────────────────────────────────────────────────┤
│ exp_cadence_type              │ improvement                                                                                                                                                                                │
├───────────────────────────────┼────────────────────────────────────────────────────────────────────────────────────────────────────────────────────────────────────────────────────────────────────────────────────────────┤
│ exp_cache_cadence             │ 1                                                                                                                                                                                          │
├───────────────────────────────┼────────────────────────────────────────────────────────────────────────────────────────────────────────────────────────────────────────────────────────────────────────────────────────────┤
│ exp_val_cache_cadence         │ 1                                                                                                                                                                                          │
├───────────────────────────────┼────────────────────────────────────────────────────────────────────────────────────────────────────────────────────────────────────────────────────────────────────────────────────────────┤
│ init_type                     │ kaiming                                                                                                                                                                                    │
├───────────────────────────────┼────────────────────────────────────────────────────────────────────────────────────────────────────────────────────────────────────────────────────────────────────────────────────────────┤
│ exp_scheduler                 │ True                                                                                                                                                                                       │
├───────────────────────────────┼────────────────────────────────────────────────────────────────────────────────────────────────────────────────────────────────────────────────────────────────────────────────────────────┤
│ exp_weight_decay_scheduler    │ True                                                                                                                                                                                       │
├───────────────────────────────┼────────────────────────────────────────────────────────────────────────────────────────────────────────────────────────────────────────────────────────────────────────────────────────────┤
│ exp_start_lr                  │ 0.001                                                                                                                                                                                      │
├───────────────────────────────┼────────────────────────────────────────────────────────────────────────────────────────────────────────────────────────────────────────────────────────────────────────────────────────────┤
│ exp_lr                        │ 0.0002828                                                                                                                                                                                  │
├───────────────────────────────┼────────────────────────────────────────────────────────────────────────────────────────────────────────────────────────────────────────────────────────────────────────────────────────────┤
│ exp_final_lr                  │ 0                                                                                                                                                                                          │
├───────────────────────────────┼────────────────────────────────────────────────────────────────────────────────────────────────────────────────────────────────────────────────────────────────────────────────────────────┤
│ exp_warmup                    │ 0.05                                                                                                                                                                                       │
├───────────────────────────────┼────────────────────────────────────────────────────────────────────────────────────────────────────────────────────────────────────────────────────────────────────────────────────────────┤
│ exp_weight_decay              │ 1e-05                                                                                                                                                                                      │
├───────────────────────────────┼────────────────────────────────────────────────────────────────────────────────────────────────────────────────────────────────────────────────────────────────────────────────────────────┤
│ exp_final_weight_decay        │ 0.01                                                                                                                                                                                       │
├───────────────────────────────┼────────────────────────────────────────────────────────────────────────────────────────────────────────────────────────────────────────────────────────────────────────────────────────────┤
│ exp_ipe_scale                 │ 1.0                                                                                                                                                                                        │
├───────────────────────────────┼────────────────────────────────────────────────────────────────────────────────────────────────────────────────────────────────────────────────────────────────────────────────────────────┤
│ exp_gradient_clipping         │ 1.0                                                                                                                                                                                        │
├───────────────────────────────┼────────────────────────────────────────────────────────────────────────────────────────────────────────────────────────────────────────────────────────────────────────────────────────────┤
│ mp_distributed                │ False                                                                                                                                                                                      │
├───────────────────────────────┼────────────────────────────────────────────────────────────────────────────────────────────────────────────────────────────────────────────────────────────────────────────────────────────┤
│ mp_nodes                      │ 1                                                                                                                                                                                          │
├───────────────────────────────┼────────────────────────────────────────────────────────────────────────────────────────────────────────────────────────────────────────────────────────────────────────────────────────────┤
│ mp_gpus                       │ 1                                                                                                                                                                                          │
├───────────────────────────────┼────────────────────────────────────────────────────────────────────────────────────────────────────────────────────────────────────────────────────────────────────────────────────────────┤
│ mp_nr                         │ 0                                                                                                                                                                                          │
├───────────────────────────────┼────────────────────────────────────────────────────────────────────────────────────────────────────────────────────────────────────────────────────────────────────────────────────────────┤
│ pin_memory                    │ True                                                                                                                                                                                       │
├───────────────────────────────┼────────────────────────────────────────────────────────────────────────────────────────────────────────────────────────────────────────────────────────────────────────────────────────────┤
│ using_embedding               │ False                                                                                                                                                                                      │
├───────────────────────────────┼────────────────────────────────────────────────────────────────────────────────────────────────────────────────────────────────────────────────────────────────────────────────────────────┤
│ model_dtype                   │ float32                                                                                                                                                                                    │
├───────────────────────────────┼────────────────────────────────────────────────────────────────────────────────────────────────────────────────────────────────────────────────────────────────────────────────────────────┤
│ data_loader_nprocs            │ 0                                                                                                                                                                                          │
├───────────────────────────────┼────────────────────────────────────────────────────────────────────────────────────────────────────────────────────────────────────────────────────────────────────────────────────────────┤
│ load_from_checkpoint          │ False                                                                                                                                                                                      │
├───────────────────────────────┼────────────────────────────────────────────────────────────────────────────────────────────────────────────────────────────────────────────────────────────────────────────────────────────┤
│ load_path                     │                                                                                                                                                                                            │
├───────────────────────────────┼────────────────────────────────────────────────────────────────────────────────────────────────────────────────────────────────────────────────────────────────────────────────────────────┤
│ model_amp                     │ False                                                                                                                                                                                      │
├───────────────────────────────┼────────────────────────────────────────────────────────────────────────────────────────────────────────────────────────────────────────────────────────────────────────────────────────────┤
│ model_feature_type_embedding  │ True                                                                                                                                                                                       │
├───────────────────────────────┼────────────────────────────────────────────────────────────────────────────────────────────────────────────────────────────────────────────────────────────────────────────────────────────┤
│ model_feature_index_embedding │ True                                                                                                                                                                                       │
├───────────────────────────────┼────────────────────────────────────────────────────────────────────────────────────────────────────────────────────────────────────────────────────────────────────────────────────────────┤
│ model_dropout_prob            │ 0.1                                                                                                                                                                                        │
├───────────────────────────────┼────────────────────────────────────────────────────────────────────────────────────────────────────────────────────────────────────────────────────────────────────────────────────────────┤
│ model_layer_norm_eps          │ 1e-05                                                                                                                                                                                      │
├───────────────────────────────┼────────────────────────────────────────────────────────────────────────────────────────────────────────────────────────────────────────────────────────────────────────────────────────────┤
│ model_dim_hidden              │ 64                                                                                                                                                                                         │
├───────────────────────────────┼────────────────────────────────────────────────────────────────────────────────────────────────────────────────────────────────────────────────────────────────────────────────────────────┤
│ model_dim_feedforward         │ 256                                                                                                                                                                                        │
├───────────────────────────────┼────────────────────────────────────────────────────────────────────────────────────────────────────────────────────────────────────────────────────────────────────────────────────────────┤
│ model_num_heads               │ 4                                                                                                                                                                                          │
├───────────────────────────────┼────────────────────────────────────────────────────────────────────────────────────────────────────────────────────────────────────────────────────────────────────────────────────────────┤
│ model_num_layers              │ 4                                                                                                                                                                                          │
├───────────────────────────────┼────────────────────────────────────────────────────────────────────────────────────────────────────────────────────────────────────────────────────────────────────────────────────────────┤
│ model_ema_end                 │ 1                                                                                                                                                                                          │
├───────────────────────────────┼────────────────────────────────────────────────────────────────────────────────────────────────────────────────────────────────────────────────────────────────────────────────────────────┤
│ model_ema_start               │ 0.996                                                                                                                                                                                      │
├───────────────────────────────┼────────────────────────────────────────────────────────────────────────────────────────────────────────────────────────────────────────────────────────────────────────────────────────────┤
│ model_act_func                │ relu                                                                                                                                                                                       │
├───────────────────────────────┼────────────────────────────────────────────────────────────────────────────────────────────────────────────────────────────────────────────────────────────────────────────────────────────┤
│ probe_cadence                 │ 0                                                                                                                                                                                          │
├───────────────────────────────┼────────────────────────────────────────────────────────────────────────────────────────────────────────────────────────────────────────────────────────────────────────────────────────────┤
│ probe_model                   │ mlp                                                                                                                                                                                        │
├───────────────────────────────┼────────────────────────────────────────────────────────────────────────────────────────────────────────────────────────────────────────────────────────────────────────────────────────────┤
│ n_cls_tokens                  │ 1                                                                                                                                                                                          │
├───────────────────────────────┼────────────────────────────────────────────────────────────────────────────────────────────────────────────────────────────────────────────────────────────────────────────────────────────┤
│ n_reg_tokens                  │ 1                                                                                                                                                                                          │
├───────────────────────────────┼────────────────────────────────────────────────────────────────────────────────────────────────────────────────────────────────────────────────────────────────────────────────────────────┤
│ pred_type                     │ transformer                                                                                                                                                                                │
├───────────────────────────────┼────────────────────────────────────────────────────────────────────────────────────────────────────────────────────────────────────────────────────────────────────────────────────────────┤
│ pred_num_layers               │ 2                                                                                                                                                                                          │
├───────────────────────────────┼────────────────────────────────────────────────────────────────────────────────────────────────────────────────────────────────────────────────────────────────────────────────────────────┤
│ pred_embed_dim                │ 64                                                                                                                                                                                         │
├───────────────────────────────┼────────────────────────────────────────────────────────────────────────────────────────────────────────────────────────────────────────────────────────────────────────────────────────────┤
│ pred_num_heads                │ 4                                                                                                                                                                                          │
├───────────────────────────────┼────────────────────────────────────────────────────────────────────────────────────────────────────────────────────────────────────────────────────────────────────────────────────────────┤
│ pred_p_dropout                │ 0.1                                                                                                                                                                                        │
├───────────────────────────────┼────────────────────────────────────────────────────────────────────────────────────────────────────────────────────────────────────────────────────────────────────────────────────────────┤
│ pred_layer_norm_eps           │ 1e-05                                                                                                                                                                                      │
├───────────────────────────────┼────────────────────────────────────────────────────────────────────────────────────────────────────────────────────────────────────────────────────────────────────────────────────────────┤
│ pred_activation               │ relu                                                                                                                                                                                       │
├───────────────────────────────┼────────────────────────────────────────────────────────────────────────────────────────────────────────────────────────────────────────────────────────────────────────────────────────────┤
│ pred_dim_feedforward          │ 256                                                                                                                                                                                        │
├───────────────────────────────┼────────────────────────────────────────────────────────────────────────────────────────────────────────────────────────────────────────────────────────────────────────────────────────────┤
│ mask_allow_overlap            │ False                                                                                                                                                                                      │
├───────────────────────────────┼────────────────────────────────────────────────────────────────────────────────────────────────────────────────────────────────────────────────────────────────────────────────────────────┤
│ mask_min_ctx_share            │ 0.2                                                                                                                                                                                        │
├───────────────────────────────┼────────────────────────────────────────────────────────────────────────────────────────────────────────────────────────────────────────────────────────────────────────────────────────────┤
│ mask_max_ctx_share            │ 0.4                                                                                                                                                                                        │
├───────────────────────────────┼────────────────────────────────────────────────────────────────────────────────────────────────────────────────────────────────────────────────────────────────────────────────────────────┤
│ mask_min_trgt_share           │ 0.2                                                                                                                                                                                        │
├───────────────────────────────┼────────────────────────────────────────────────────────────────────────────────────────────────────────────────────────────────────────────────────────────────────────────────────────────┤
│ mask_max_trgt_share           │ 0.4                                                                                                                                                                                        │
├───────────────────────────────┼────────────────────────────────────────────────────────────────────────────────────────────────────────────────────────────────────────────────────────────────────────────────────────────┤
│ mask_num_preds                │ 4                                                                                                                                                                                          │
├───────────────────────────────┼────────────────────────────────────────────────────────────────────────────────────────────────────────────────────────────────────────────────────────────────────────────────────────────┤
│ mask_num_encs                 │ 1                                                                                                                                                                                          │
├───────────────────────────────┼────────────────────────────────────────────────────────────────────────────────────────────────────────────────────────────────────────────────────────────────────────────────────────────┤
│ optuna_study_name             │                                                                                                                                                                                            │
├───────────────────────────────┼────────────────────────────────────────────────────────────────────────────────────────────────────────────────────────────────────────────────────────────────────────────────────────────┤
│ optuna_trial_number           │                                                                                                                                                                                            │
├───────────────────────────────┼────────────────────────────────────────────────────────────────────────────────────────────────────────────────────────────────────────────────────────────────────────────────────────────┤
│ optuna_output_dir             │                                                                                                                                                                                            │
├───────────────────────────────┼────────────────────────────────────────────────────────────────────────────────────────────────────────────────────────────────────────────────────────────────────────────────────────────┤
│ is_batchlearning              │ True                                                                                                                                                                                       │
├───────────────────────────────┼────────────────────────────────────────────────────────────────────────────────────────────────────────────────────────────────────────────────────────────────────────────────────────────┤
│ iteration                     │ 0                                                                                                                                                                                          │
╘═══════════════════════════════╧════════════════════════════════════════════════════════════════════════════════════════════════════════════════════════════════════════════════════════════════════════════════════════════╛
[Debug] Loading dataset …
[Debug] Parquet dataset ready (preprocessing handled by LocalFilesDataset)
/home/aminmohamadi_squareup_com/projects/t-jepa-parquet-scaling/src/tjepa_transformer.py:172: UserWarning: enable_nested_tensor is True, but self.use_nested_tensor is False because encoder_layer was not TransformerEncoderLayer
  warnings.warn(
/home/aminmohamadi_squareup_com/projects/t-jepa-parquet-scaling/run.py:232: FutureWarning: `torch.cuda.amp.GradScaler(args...)` is deprecated. Please use `torch.amp.GradScaler('cuda', args...)` instead.
  scaler = GradScaler(enabled=args.model_amp)
Encoder Module parameters:
+-------------------+--------------------------------------------------------------------------------------------------------------------------------------------------------------------------------------------------------------------------------------------------------------------------------------------------------------------------------------------------------------------------------------------------------------------------------------------------------------------------------------------------------------------------------------------------------------------------------------------------------------------------------------------------------------------------------------------------------------------------------------------------------------------------------------------------------------------------------------------------------------------------------------------------------------------------------------------------------------------------------------------------------------------------------------------------------------------------------------------------------------------------------------------------------------------------------------------------------------------+
|     Parameter     |                                                                                                                                                                                                                                                                                                                                                                                                                                                                                                                                                                                                       Value                                                                                                                                                                                                                                                                                                                                                                                                                                                                                                                                                                                                        |
+-------------------+--------------------------------------------------------------------------------------------------------------------------------------------------------------------------------------------------------------------------------------------------------------------------------------------------------------------------------------------------------------------------------------------------------------------------------------------------------------------------------------------------------------------------------------------------------------------------------------------------------------------------------------------------------------------------------------------------------------------------------------------------------------------------------------------------------------------------------------------------------------------------------------------------------------------------------------------------------------------------------------------------------------------------------------------------------------------------------------------------------------------------------------------------------------------------------------------------------------------+
|    hidden_dim     |                                                                                                                                                                                                                                                                                                                                                                                                                                                                                                                                                                                                         64                                                                                                                                                                                                                                                                                                                                                                                                                                                                                                                                                                                                         |
| idx_num_features  | [0, 1, 2, 3, 4, 5, 6, 7, 8, 9, 10, 11, 12, 13, 14, 15, 16, 17, 18, 19, 20, 21, 22, 23, 24, 25, 26, 27, 28, 29, 30, 31, 32, 33, 34, 35, 36, 37, 38, 39, 40, 41, 42, 43, 44, 45, 46, 47, 48, 49, 50, 51, 52, 53, 54, 55, 56, 57, 58, 59, 60, 61, 62, 63, 64, 65, 66, 67, 68, 69, 70, 71, 72, 73, 74, 75, 76, 77, 78, 79, 80, 81, 82, 83, 84, 85, 86, 87, 88, 89, 90, 91, 92, 93, 94, 95, 96, 97, 98, 99, 100, 101, 102, 103, 104, 105, 106, 107, 108, 109, 110, 111, 112, 113, 114, 115, 116, 117, 118, 119, 120, 121, 122, 123, 124, 125, 126, 127, 128, 129, 130, 131, 132, 133, 134, 135, 136, 137, 138, 139, 140, 141, 142, 143, 144, 145, 146, 147, 148, 149, 150, 151, 152, 153, 154, 155, 156, 157, 158, 159, 160, 161, 162, 163, 164, 165, 166, 167, 168, 169, 170, 171, 172, 173, 174, 175, 176, 177, 178, 179, 180, 181, 182, 183, 184, 185, 186, 187, 188, 189, 190, 191, 192, 193, 194, 195, 196, 197, 198, 199, 200, 201, 202, 203, 204, 205, 206, 207, 208, 209, 210, 211, 212, 213, 214, 215, 216, 217, 218, 219, 220, 221, 222, 223, 224, 225, 226, 227, 228, 229, 230, 231, 232, 233, 234, 235, 236, 237, 238, 239, 240, 241, 242, 243, 244, 245, 246, 247, 248, 249, 250, 251, 252, 253, 254, 255] |
| idx_cat_features  |                                                                                                                                                                                                                                                                                                                                                                                                                                                                                                                                                                                                         []                                                                                                                                                                                                                                                                                                                                                                                                                                                                                                                                                                                                         |
|   cardinalities   |                                                                                                                                                                                                                                                                                                                                                                                                                                                                                                                                                                                                         []                                                                                                                                                                                                                                                                                                                                                                                                                                                                                                                                                                                                         |
| n_input_features  |                                                                                                                                                                                                                                                                                                                                                                                                                                                                                                                                                                                                        256                                                                                                                                                                                                                                                                                                                                                                                                                                                                                                                                                                                                         |
|      device       |                                                                                                                                                                                                                                                                                                                                                                                                                                                                                                                                                                                                       cuda:0                                                                                                                                                                                                                                                                                                                                                                                                                                                                                                                                                                                                       |
|    num_layers     |                                                                                                                                                                                                                                                                                                                                                                                                                                                                                                                                                                                                         4                                                                                                                                                                                                                                                                                                                                                                                                                                                                                                                                                                                                          |
|     num_heads     |                                                                                                                                                                                                                                                                                                                                                                                                                                                                                                                                                                                                         4                                                                                                                                                                                                                                                                                                                                                                                                                                                                                                                                                                                                          |
|     p_dropout     |                                                                                                                                                                                                                                                                                                                                                                                                                                                                                                                                                                                                        0.1                                                                                                                                                                                                                                                                                                                                                                                                                                                                                                                                                                                                         |
|  layer_norm_eps   |                                                                                                                                                                                                                                                                                                                                                                                                                                                                                                                                                                                                       1e-05                                                                                                                                                                                                                                                                                                                                                                                                                                                                                                                                                                                                        |
| gradient_clipping |                                                                                                                                                                                                                                                                                                                                                                                                                                                                                                                                                                                                        1.0                                                                                                                                                                                                                                                                                                                                                                                                                                                                                                                                                                                                         |
|  dim_feedforward  |                                                                                                                                                                                                                                                                                                                                                                                                                                                                                                                                                                                                        256                                                                                                                                                                                                                                                                                                                                                                                                                                                                                                                                                                                                         |
+-------------------+--------------------------------------------------------------------------------------------------------------------------------------------------------------------------------------------------------------------------------------------------------------------------------------------------------------------------------------------------------------------------------------------------------------------------------------------------------------------------------------------------------------------------------------------------------------------------------------------------------------------------------------------------------------------------------------------------------------------------------------------------------------------------------------------------------------------------------------------------------------------------------------------------------------------------------------------------------------------------------------------------------------------------------------------------------------------------------------------------------------------------------------------------------------------------------------------------------------------+
Using feature index embedding (unique embedding for each column).
Clipping gradients to value 1.0.
Predictors Module parameters:
+-----------------+--------+
|    Parameter    | Value  |
+-----------------+--------+
|   hidden_dim    |   64   |
|  num_features   |  256   |
|   num_layers    |   2    |
|    num_heads    |   4    |
|    p_dropout    |  0.1   |
| layer_norm_eps  | 1e-05  |
|   activation    |  relu  |
| pred_embed_dim  |   64   |
|     device      | cuda:0 |
|  cardinalities  |   []   |
| dim_feedforward |  256   |
+-----------------+--------+
MaskCollator params:
-----------------  -----
Allow overlap      False
Min context share  0.2
Max context share  0.4
Min target share   0.2
Max target share   0.4
Min context        51
Max context        102
Min target         51
Max target         102
Num preds          4
Num encs           1
Num features       256
Cardinalities      []
-----------------  -----
[Debug] Building DataLoader …
[Debug] Parquet DataLoader created (pre-batched, batch_size=4096)
[Debug] DataLoader built
[Debug] ipe (iterations per epoch) = 805
[Debug] Instantiating Trainer
[Debug] is_main_process=True
[Debug] Trainer instantiated
Starting training…
2025/11/12 16:27:32 INFO mlflow.system_metrics.system_metrics_monitor: Skip logging GPU metrics. Set logger level to DEBUG for more details.
2025/11/12 16:27:32 INFO mlflow.system_metrics.system_metrics_monitor: Started monitoring system metrics.
##############################Training epoch: 1/10##############################
  0%|          | 0/805 [00:00<?, ?it/s]/home/aminmohamadi_squareup_com/projects/t-jepa-parquet-scaling/src/train.py:426: UserWarning: The use of `x.T` on tensors of dimension other than 2 to reverse their shape is deprecated and it will throw an error in a future release. Consider `x.mT` to transpose batches of matrices or `x.permute(*torch.arange(x.ndim - 1, -1, -1))` to reverse the dimensions of a tensor. (Triggered internally at /pytorch/aten/src/ATen/native/TensorShape.cpp:4416.)
  _debug_values(batch[0].T, "batch[0]")
  0%|          | 1/805 [00:03<52:41,  3.93s/it]  0%|          | 2/805 [00:04<29:11,  2.18s/it]  0%|          | 3/805 [00:05<20:22,  1.52s/it]  0%|          | 4/805 [00:06<15:24,  1.15s/it]  1%|          | 5/805 [00:06<13:28,  1.01s/it]  1%|          | 6/805 [00:07<12:16,  1.09it/s]  1%|          | 7/805 [00:08<11:32,  1.15it/s]  1%|          | 8/805 [00:09<11:38,  1.14it/s]  1%|          | 9/805 [00:10<11:19,  1.17it/s]  1%|          | 10/805 [00:10<10:58,  1.21it/s]  1%|▏         | 11/805 [00:11<10:35,  1.25it/s]  1%|▏         | 12/805 [00:12<10:11,  1.30it/s]  2%|▏         | 13/805 [00:13<09:59,  1.32it/s]  2%|▏         | 14/805 [00:13<09:43,  1.36it/s]  2%|▏         | 15/805 [00:14<10:15,  1.28it/s]  2%|▏         | 16/805 [00:15<09:59,  1.32it/s]  2%|▏         | 17/805 [00:16<09:45,  1.35it/s]  2%|▏         | 18/805 [00:16<09:45,  1.34it/s]  2%|▏         | 19/805 [00:17<09:42,  1.35it/s]  2%|▏         | 20/805 [00:18<09:50,  1.33it/s]  3%|▎         | 21/805 [00:19<10:28,  1.25it/s]  3%|▎         | 22/805 [00:20<10:16,  1.27it/s]  3%|▎         | 23/805 [00:20<10:10,  1.28it/s]  3%|▎         | 24/805 [00:21<09:56,  1.31it/s]  3%|▎         | 25/805 [00:22<09:54,  1.31it/s]  3%|▎         | 26/805 [00:23<09:50,  1.32it/s]  3%|▎         | 27/805 [00:23<10:39,  1.22it/s]  3%|▎         | 28/805 [00:24<10:31,  1.23it/s]  4%|▎         | 29/805 [00:25<10:21,  1.25it/s]  4%|▎         | 30/805 [00:26<10:01,  1.29it/s]  4%|▍         | 31/805 [00:27<10:11,  1.27it/s]  4%|▍         | 32/805 [00:27<09:54,  1.30it/s]  4%|▍         | 33/805 [00:28<10:44,  1.20it/s]  4%|▍         | 34/805 [00:29<10:25,  1.23it/s]  4%|▍         | 35/805 [00:30<10:15,  1.25it/s]  4%|▍         | 36/805 [00:30<09:34,  1.34it/s]  5%|▍         | 37/805 [00:31<09:32,  1.34it/s]  5%|▍         | 38/805 [00:32<09:40,  1.32it/s]  5%|▍         | 39/805 [00:33<10:24,  1.23it/s]  5%|▍         | 40/805 [00:34<09:35,  1.33it/s]  5%|▌         | 41/805 [00:34<09:35,  1.33it/s]  5%|▌         | 42/805 [00:35<09:05,  1.40it/s]  5%|▌         | 43/805 [00:36<09:58,  1.27it/s]  5%|▌         | 44/805 [00:37<09:43,  1.30it/s]  6%|▌         | 45/805 [00:37<09:44,  1.30it/s]  6%|▌         | 46/805 [00:38<10:15,  1.23it/s]  6%|▌         | 47/805 [00:39<09:56,  1.27it/s]  6%|▌         | 48/805 [00:40<09:10,  1.38it/s]  6%|▌         | 49/805 [00:40<09:14,  1.36it/s]  6%|▌         | 50/805 [00:41<08:42,  1.44it/s]  6%|▋         | 51/805 [00:42<08:50,  1.42it/s]  6%|▋         | 52/805 [00:43<09:51,  1.27it/s]  7%|▋         | 53/805 [00:43<09:51,  1.27it/s]  7%|▋         | 54/805 [00:44<09:50,  1.27it/s]  7%|▋         | 55/805 [00:45<09:43,  1.29it/s]  7%|▋         | 56/805 [00:46<10:12,  1.22it/s]  7%|▋         | 57/805 [00:47<10:04,  1.24it/s]  7%|▋         | 58/805 [00:48<10:24,  1.20it/s]  7%|▋         | 59/805 [00:48<10:00,  1.24it/s]  7%|▋         | 60/805 [00:49<09:53,  1.26it/s]  8%|▊         | 61/805 [00:50<09:11,  1.35it/s]  8%|▊         | 62/805 [00:50<09:10,  1.35it/s]  8%|▊         | 63/805 [00:51<09:20,  1.32it/s]  8%|▊         | 64/805 [00:52<10:08,  1.22it/s]  8%|▊         | 65/805 [00:53<09:40,  1.28it/s]  8%|▊         | 66/805 [00:54<09:41,  1.27it/s]  8%|▊         | 67/805 [00:54<09:27,  1.30it/s]  8%|▊         | 68/805 [00:55<09:25,  1.30it/s]  9%|▊         | 69/805 [00:56<09:18,  1.32it/s]  9%|▊         | 70/805 [00:57<09:25,  1.30it/s]  9%|▉         | 71/805 [00:58<09:53,  1.24it/s]  9%|▉         | 72/805 [00:58<09:35,  1.27it/s]  9%|▉         | 73/805 [00:59<09:19,  1.31it/s]  9%|▉         | 74/805 [01:00<09:10,  1.33it/s]  9%|▉         | 75/805 [01:01<09:15,  1.31it/s]  9%|▉         | 76/805 [01:01<09:11,  1.32it/s] 10%|▉         | 77/805 [01:02<09:49,  1.24it/s] 10%|▉         | 78/805 [01:03<09:26,  1.28it/s] 10%|▉         | 79/805 [01:04<09:12,  1.31it/s] 10%|▉         | 80/805 [01:04<08:38,  1.40it/s] 10%|█         | 81/805 [01:05<08:39,  1.39it/s] 10%|█         | 82/805 [01:06<09:18,  1.29it/s] 10%|█         | 83/805 [01:07<09:49,  1.23it/s] 10%|█         | 84/805 [01:08<09:42,  1.24it/s] 11%|█         | 85/805 [01:08<09:31,  1.26it/s] 11%|█         | 86/805 [01:09<09:26,  1.27it/s] 11%|█         | 87/805 [01:10<09:19,  1.28it/s] 11%|█         | 88/805 [01:11<09:03,  1.32it/s] 11%|█         | 89/805 [01:11<09:07,  1.31it/s] 11%|█         | 90/805 [01:12<09:44,  1.22it/s] 11%|█▏        | 91/805 [01:13<09:20,  1.27it/s] 11%|█▏        | 92/805 [01:14<09:10,  1.30it/s] 12%|█▏        | 93/805 [01:15<09:34,  1.24it/s] 12%|█▏        | 94/805 [01:15<09:13,  1.28it/s] 12%|█▏        | 95/805 [01:16<08:32,  1.38it/s] 12%|█▏        | 96/805 [01:17<09:10,  1.29it/s] 12%|█▏        | 97/805 [01:18<09:13,  1.28it/s] 12%|█▏        | 98/805 [01:18<08:56,  1.32it/s] 12%|█▏        | 99/805 [01:19<08:46,  1.34it/s] 12%|█▏        | 100/805 [01:20<08:38,  1.36it/s] 13%|█▎        | 101/805 [01:21<08:32,  1.37it/s] 13%|█▎        | 102/805 [01:21<09:02,  1.30it/s] 13%|█▎        | 103/805 [01:22<08:45,  1.34it/s] 13%|█▎        | 104/805 [01:23<08:44,  1.34it/s] 13%|█▎        | 105/805 [01:24<08:52,  1.31it/s] 13%|█▎        | 106/805 [01:24<08:26,  1.38it/s] 13%|█▎        | 107/805 [01:25<08:23,  1.39it/s] 13%|█▎        | 108/805 [01:26<09:06,  1.28it/s] 14%|█▎        | 109/805 [01:27<08:58,  1.29it/s] 14%|█▎        | 110/805 [01:27<08:55,  1.30it/s] 14%|█▍        | 111/805 [01:28<08:47,  1.32it/s] 14%|█▍        | 112/805 [01:29<08:52,  1.30it/s] 14%|█▍        | 113/805 [01:30<08:13,  1.40it/s] 14%|█▍        | 114/805 [01:30<08:08,  1.42it/s] 14%|█▍        | 115/805 [01:31<08:53,  1.29it/s] 14%|█▍        | 116/805 [01:32<08:38,  1.33it/s] 15%|█▍        | 117/805 [01:33<08:26,  1.36it/s] 15%|█▍        | 118/805 [01:33<08:26,  1.36it/s] 15%|█▍        | 119/805 [01:34<08:20,  1.37it/s] 15%|█▍        | 120/805 [01:35<08:16,  1.38it/s] 15%|█▌        | 121/805 [01:36<08:57,  1.27it/s] 15%|█▌        | 122/805 [01:36<08:50,  1.29it/s] 15%|█▌        | 123/805 [01:37<08:37,  1.32it/s] 15%|█▌        | 124/805 [01:38<08:31,  1.33it/s] 16%|█▌        | 125/805 [01:39<08:20,  1.36it/s] 16%|█▌        | 126/805 [01:39<08:24,  1.35it/s] 16%|█▌        | 127/805 [01:40<09:06,  1.24it/s] 16%|█▌        | 128/805 [01:41<08:21,  1.35it/s] 16%|█▌        | 129/805 [01:42<08:26,  1.34it/s] 16%|█▌        | 130/805 [01:42<08:15,  1.36it/s] 16%|█▋        | 131/805 [01:43<08:12,  1.37it/s] 16%|█▋        | 132/805 [01:44<07:51,  1.43it/s] 17%|█▋        | 133/805 [01:45<08:34,  1.31it/s] 17%|█▋        | 134/805 [01:45<08:31,  1.31it/s] 17%|█▋        | 135/805 [01:46<08:34,  1.30it/s] 17%|█▋        | 136/805 [01:47<08:26,  1.32it/s] 17%|█▋        | 137/805 [01:48<08:16,  1.35it/s] 17%|█▋        | 138/805 [01:48<08:21,  1.33it/s] 17%|█▋        | 139/805 [01:49<09:20,  1.19it/s] 17%|█▋        | 140/805 [01:50<09:06,  1.22it/s] 18%|█▊        | 141/805 [01:51<08:52,  1.25it/s] 18%|█▊        | 142/805 [01:52<08:41,  1.27it/s] 18%|█▊        | 143/805 [01:52<08:37,  1.28it/s] 18%|█▊        | 144/805 [01:53<08:29,  1.30it/s] 18%|█▊        | 145/805 [01:54<08:28,  1.30it/s] 18%|█▊        | 146/805 [01:55<08:56,  1.23it/s] 18%|█▊        | 147/805 [01:56<08:42,  1.26it/s] 18%|█▊        | 148/805 [01:56<08:33,  1.28it/s] 19%|█▊        | 149/805 [01:57<08:01,  1.36it/s] 19%|█▊        | 150/805 [01:58<08:00,  1.36it/s] 19%|█▉        | 151/805 [01:58<08:03,  1.35it/s] 19%|█▉        | 152/805 [01:59<08:24,  1.29it/s] 19%|█▉        | 153/805 [02:00<08:21,  1.30it/s] 19%|█▉        | 154/805 [02:01<08:18,  1.30it/s] 19%|█▉        | 155/805 [02:02<08:19,  1.30it/s] 19%|█▉        | 156/805 [02:03<08:53,  1.22it/s] 20%|█▉        | 157/805 [02:03<08:36,  1.26it/s] 20%|█▉        | 158/805 [02:04<08:47,  1.23it/s] 20%|█▉        | 159/805 [02:05<08:38,  1.25it/s] 20%|█▉        | 160/805 [02:06<08:56,  1.20it/s] 20%|██        | 161/805 [02:07<08:40,  1.24it/s] 20%|██        | 162/805 [02:07<08:55,  1.20it/s] 20%|██        | 163/805 [02:08<08:15,  1.30it/s] 20%|██        | 164/805 [02:09<07:45,  1.38it/s] 20%|██        | 165/805 [02:10<08:18,  1.28it/s] 21%|██        | 166/805 [02:10<08:08,  1.31it/s] 21%|██        | 167/805 [02:11<08:00,  1.33it/s] 21%|██        | 168/805 [02:12<08:31,  1.25it/s] 21%|██        | 169/805 [02:13<08:11,  1.29it/s] 21%|██        | 170/805 [02:13<08:04,  1.31it/s] 21%|██        | 171/805 [02:14<08:36,  1.23it/s] 21%|██▏       | 172/805 [02:15<08:01,  1.32it/s] 21%|██▏       | 173/805 [02:16<07:36,  1.38it/s] 22%|██▏       | 174/805 [02:16<07:45,  1.36it/s] 22%|██▏       | 175/805 [02:17<07:53,  1.33it/s] 22%|██▏       | 176/805 [02:18<07:54,  1.33it/s] 22%|██▏       | 177/805 [02:19<08:19,  1.26it/s] 22%|██▏       | 178/805 [02:20<08:12,  1.27it/s] 22%|██▏       | 179/805 [02:20<07:57,  1.31it/s] 22%|██▏       | 180/805 [02:21<07:31,  1.38it/s] 22%|██▏       | 181/805 [02:22<07:07,  1.46it/s] 23%|██▎       | 182/805 [02:22<07:14,  1.43it/s] 23%|██▎       | 183/805 [02:23<07:20,  1.41it/s] 23%|██▎       | 184/805 [02:24<08:03,  1.29it/s] 23%|██▎       | 185/805 [02:25<07:55,  1.30it/s] 23%|██▎       | 186/805 [02:25<07:46,  1.33it/s] 23%|██▎       | 187/805 [02:26<07:45,  1.33it/s] 23%|██▎       | 188/805 [02:27<07:49,  1.31it/s] 23%|██▎       | 189/805 [02:28<07:36,  1.35it/s] 24%|██▎       | 190/805 [02:28<07:36,  1.35it/s] 24%|██▎       | 191/805 [02:29<07:35,  1.35it/s] 24%|██▍       | 192/805 [02:30<07:40,  1.33it/s] 24%|██▍       | 193/805 [02:31<07:45,  1.31it/s] 24%|██▍       | 194/805 [02:32<08:12,  1.24it/s] 24%|██▍       | 195/805 [02:32<08:05,  1.26it/s] 24%|██▍       | 196/805 [02:33<08:21,  1.21it/s] 24%|██▍       | 197/805 [02:34<08:05,  1.25it/s] 25%|██▍       | 198/805 [02:35<07:31,  1.34it/s] 25%|██▍       | 199/805 [02:35<07:22,  1.37it/s] 25%|██▍       | 200/805 [02:36<07:23,  1.37it/s] 25%|██▍       | 201/805 [02:37<07:25,  1.36it/s] 25%|██▌       | 202/805 [02:38<07:51,  1.28it/s] 25%|██▌       | 203/805 [02:38<07:46,  1.29it/s] 25%|██▌       | 204/805 [02:39<07:33,  1.33it/s] 25%|██▌       | 205/805 [02:40<07:26,  1.34it/s] 26%|██▌       | 206/805 [02:41<07:29,  1.33it/s] 26%|██▌       | 207/805 [02:41<07:28,  1.33it/s] 26%|██▌       | 208/805 [02:42<07:26,  1.34it/s] 26%|██▌       | 209/805 [02:43<07:56,  1.25it/s] 26%|██▌       | 210/805 [02:44<07:52,  1.26it/s] 26%|██▌       | 211/805 [02:45<07:47,  1.27it/s] 26%|██▋       | 212/805 [02:45<07:31,  1.31it/s] 26%|██▋       | 213/805 [02:46<07:31,  1.31it/s] 27%|██▋       | 214/805 [02:47<07:34,  1.30it/s] 27%|██▋       | 215/805 [02:48<07:39,  1.28it/s] 27%|██▋       | 216/805 [02:48<07:30,  1.31it/s] 27%|██▋       | 217/805 [02:49<07:17,  1.34it/s] 27%|██▋       | 218/805 [02:50<07:11,  1.36it/s] 27%|██▋       | 219/805 [02:51<07:15,  1.35it/s] 27%|██▋       | 220/805 [02:51<07:16,  1.34it/s] 27%|██▋       | 221/805 [02:52<07:07,  1.37it/s] 28%|██▊       | 222/805 [02:53<07:46,  1.25it/s] 28%|██▊       | 223/805 [02:54<07:37,  1.27it/s] 28%|██▊       | 224/805 [02:55<07:35,  1.27it/s] 28%|██▊       | 225/805 [02:55<07:25,  1.30it/s] 28%|██▊       | 226/805 [02:56<07:22,  1.31it/s] 28%|██▊       | 227/805 [02:57<07:39,  1.26it/s] 28%|██▊       | 228/805 [02:58<07:34,  1.27it/s] 28%|██▊       | 229/805 [02:58<07:28,  1.28it/s] 29%|██▊       | 230/805 [02:59<07:47,  1.23it/s] 29%|██▊       | 231/805 [03:00<07:35,  1.26it/s] 29%|██▉       | 232/805 [03:01<06:59,  1.37it/s] 29%|██▉       | 233/805 [03:01<07:07,  1.34it/s] 29%|██▉       | 234/805 [03:02<07:15,  1.31it/s] 29%|██▉       | 235/805 [03:03<07:19,  1.30it/s] 29%|██▉       | 236/805 [03:04<07:07,  1.33it/s] 29%|██▉       | 237/805 [03:05<07:33,  1.25it/s] 30%|██▉       | 238/805 [03:05<07:27,  1.27it/s] 30%|██▉       | 239/805 [03:06<07:25,  1.27it/s] 30%|██▉       | 240/805 [03:07<07:50,  1.20it/s] 30%|██▉       | 241/805 [03:08<07:28,  1.26it/s] 30%|███       | 242/805 [03:09<07:18,  1.28it/s] 30%|███       | 243/805 [03:09<07:10,  1.31it/s] 30%|███       | 244/805 [03:10<07:00,  1.34it/s] 30%|███       | 245/805 [03:11<06:39,  1.40it/s] 31%|███       | 246/805 [03:12<07:11,  1.30it/s] 31%|███       | 247/805 [03:12<07:31,  1.24it/s] 31%|███       | 248/805 [03:13<07:19,  1.27it/s] 31%|███       | 249/805 [03:14<07:05,  1.31it/s] 31%|███       | 250/805 [03:15<07:03,  1.31it/s] 31%|███       | 251/805 [03:15<07:03,  1.31it/s] 31%|███▏      | 252/805 [03:16<06:40,  1.38it/s] 31%|███▏      | 253/805 [03:17<07:13,  1.27it/s] 32%|███▏      | 254/805 [03:18<06:57,  1.32it/s] 32%|███▏      | 255/805 [03:18<06:46,  1.35it/s] 32%|███▏      | 256/805 [03:19<06:45,  1.36it/s] 32%|███▏      | 257/805 [03:20<06:49,  1.34it/s] 32%|███▏      | 258/805 [03:20<06:22,  1.43it/s] 32%|███▏      | 259/805 [03:21<07:01,  1.30it/s] 32%|███▏      | 260/805 [03:22<06:57,  1.30it/s] 32%|███▏      | 261/805 [03:23<06:56,  1.31it/s] 33%|███▎      | 262/805 [03:24<06:45,  1.34it/s] 33%|███▎      | 263/805 [03:24<06:38,  1.36it/s] 33%|███▎      | 264/805 [03:25<06:39,  1.35it/s] 33%|███▎      | 265/805 [03:26<07:35,  1.19it/s] 33%|███▎      | 266/805 [03:27<07:19,  1.23it/s] 33%|███▎      | 267/805 [03:28<07:03,  1.27it/s] 33%|███▎      | 268/805 [03:28<06:47,  1.32it/s] 33%|███▎      | 269/805 [03:29<06:36,  1.35it/s] 34%|███▎      | 270/805 [03:30<06:32,  1.36it/s] 34%|███▎      | 271/805 [03:31<07:11,  1.24it/s] 34%|███▍      | 272/805 [03:31<06:58,  1.27it/s] 34%|███▍      | 273/805 [03:32<06:53,  1.29it/s] 34%|███▍      | 274/805 [03:33<06:51,  1.29it/s] 34%|███▍      | 275/805 [03:34<06:41,  1.32it/s] 34%|███▍      | 276/805 [03:34<06:43,  1.31it/s] 34%|███▍      | 277/805 [03:35<06:41,  1.32it/s] 35%|███▍      | 278/805 [03:36<06:41,  1.31it/s] 35%|███▍      | 279/805 [03:37<06:31,  1.34it/s] 35%|███▍      | 280/805 [03:37<06:36,  1.33it/s] 35%|███▍      | 281/805 [03:38<06:26,  1.36it/s] 35%|███▌      | 282/805 [03:39<06:24,  1.36it/s] 35%|███▌      | 283/805 [03:40<06:26,  1.35it/s] 35%|███▌      | 284/805 [03:41<06:57,  1.25it/s] 35%|███▌      | 285/805 [03:41<06:50,  1.27it/s] 36%|███▌      | 286/805 [03:42<06:44,  1.28it/s] 36%|███▌      | 287/805 [03:43<06:16,  1.38it/s] 36%|███▌      | 288/805 [03:43<06:21,  1.35it/s] 36%|███▌      | 289/805 [03:44<06:26,  1.33it/s] 36%|███▌      | 290/805 [03:45<06:02,  1.42it/s] 36%|███▌      | 291/805 [03:46<06:35,  1.30it/s] 36%|███▋      | 292/805 [03:46<06:10,  1.39it/s] 36%|███▋      | 293/805 [03:47<06:10,  1.38it/s] 37%|███▋      | 294/805 [03:48<06:18,  1.35it/s] 37%|███▋      | 295/805 [03:49<06:12,  1.37it/s] 37%|███▋      | 296/805 [03:49<06:13,  1.36it/s] 37%|███▋      | 297/805 [03:50<07:04,  1.20it/s] 37%|███▋      | 298/805 [03:51<06:26,  1.31it/s] 37%|███▋      | 299/805 [03:52<06:02,  1.40it/s] 37%|███▋      | 300/805 [03:52<06:05,  1.38it/s] 37%|███▋      | 301/805 [03:53<06:07,  1.37it/s] 38%|███▊      | 302/805 [03:54<05:50,  1.43it/s] 38%|███▊      | 303/805 [03:55<06:20,  1.32it/s] 38%|███▊      | 304/805 [03:55<05:54,  1.41it/s] 38%|███▊      | 305/805 [03:56<06:01,  1.38it/s] 38%|███▊      | 306/805 [03:57<06:01,  1.38it/s] 38%|███▊      | 307/805 [03:57<06:05,  1.36it/s] 38%|███▊      | 308/805 [03:58<05:59,  1.38it/s] 38%|███▊      | 309/805 [03:59<06:46,  1.22it/s] 39%|███▊      | 310/805 [04:00<06:41,  1.23it/s] 39%|███▊      | 311/805 [04:01<06:26,  1.28it/s] 39%|███▉      | 312/805 [04:01<06:16,  1.31it/s] 39%|███▉      | 313/805 [04:02<06:11,  1.33it/s] 39%|███▉      | 314/805 [04:03<06:09,  1.33it/s] 39%|███▉      | 315/805 [04:04<06:11,  1.32it/s] 39%|███▉      | 316/805 [04:05<06:53,  1.18it/s] 39%|███▉      | 317/805 [04:05<06:37,  1.23it/s] 40%|███▉      | 318/805 [04:06<06:27,  1.26it/s] 40%|███▉      | 319/805 [04:07<06:14,  1.30it/s] 40%|███▉      | 320/805 [04:08<06:07,  1.32it/s] 40%|███▉      | 321/805 [04:09<06:27,  1.25it/s] 40%|████      | 322/805 [04:09<06:41,  1.20it/s] 40%|████      | 323/805 [04:10<06:27,  1.24it/s] 40%|████      | 324/805 [04:11<06:14,  1.29it/s] 40%|████      | 325/805 [04:12<06:05,  1.31it/s] 40%|████      | 326/805 [04:12<06:02,  1.32it/s] 41%|████      | 327/805 [04:13<06:03,  1.32it/s] 41%|████      | 328/805 [04:14<06:04,  1.31it/s] 41%|████      | 329/805 [04:15<06:03,  1.31it/s] 41%|████      | 330/805 [04:16<06:22,  1.24it/s] 41%|████      | 331/805 [04:16<06:17,  1.26it/s] 41%|████      | 332/805 [04:17<06:08,  1.28it/s] 41%|████▏     | 333/805 [04:18<05:41,  1.38it/s] 41%|████▏     | 334/805 [04:19<06:01,  1.30it/s] 42%|████▏     | 335/805 [04:19<06:05,  1.28it/s] 42%|████▏     | 336/805 [04:20<05:59,  1.30it/s] 42%|████▏     | 337/805 [04:21<05:58,  1.31it/s] 42%|████▏     | 338/805 [04:22<05:56,  1.31it/s] 42%|████▏     | 339/805 [04:22<05:34,  1.39it/s] 42%|████▏     | 340/805 [04:23<05:20,  1.45it/s] 42%|████▏     | 341/805 [04:24<05:44,  1.35it/s] 42%|████▏     | 342/805 [04:25<05:52,  1.31it/s] 43%|████▎     | 343/805 [04:25<05:50,  1.32it/s] 43%|████▎     | 344/805 [04:26<05:28,  1.41it/s] 43%|████▎     | 345/805 [04:27<05:33,  1.38it/s] 43%|████▎     | 346/805 [04:27<05:36,  1.36it/s] 43%|████▎     | 347/805 [04:28<06:06,  1.25it/s] 43%|████▎     | 348/805 [04:29<05:56,  1.28it/s] 43%|████▎     | 349/805 [04:30<05:53,  1.29it/s] 43%|████▎     | 350/805 [04:31<05:53,  1.29it/s] 44%|████▎     | 351/805 [04:31<05:50,  1.30it/s] 44%|████▎     | 352/805 [04:32<05:47,  1.30it/s] 44%|████▍     | 353/805 [04:33<06:02,  1.25it/s] 44%|████▍     | 354/805 [04:34<05:55,  1.27it/s] 44%|████▍     | 355/805 [04:35<05:46,  1.30it/s] 44%|████▍     | 356/805 [04:35<05:35,  1.34it/s] 44%|████▍     | 357/805 [04:36<05:34,  1.34it/s] 44%|████▍     | 358/805 [04:37<05:13,  1.43it/s] 45%|████▍     | 359/805 [04:37<05:39,  1.31it/s] 45%|████▍     | 360/805 [04:38<05:20,  1.39it/s] 45%|████▍     | 361/805 [04:39<05:22,  1.38it/s] 45%|████▍     | 362/805 [04:39<05:06,  1.44it/s] 45%|████▌     | 363/805 [04:40<05:05,  1.44it/s] 45%|████▌     | 364/805 [04:41<05:14,  1.40it/s] 45%|████▌     | 365/805 [04:42<05:18,  1.38it/s] 45%|████▌     | 366/805 [04:43<05:40,  1.29it/s] 46%|████▌     | 367/805 [04:43<05:46,  1.26it/s] 46%|████▌     | 368/805 [04:44<05:23,  1.35it/s] 46%|████▌     | 369/805 [04:45<05:22,  1.35it/s] 46%|████▌     | 370/805 [04:45<05:21,  1.35it/s] 46%|████▌     | 371/805 [04:46<05:20,  1.35it/s] 46%|████▌     | 372/805 [04:47<05:44,  1.26it/s] 46%|████▋     | 373/805 [04:48<05:43,  1.26it/s] 46%|████▋     | 374/805 [04:49<05:35,  1.29it/s] 47%|████▋     | 375/805 [04:49<05:34,  1.29it/s] 47%|████▋     | 376/805 [04:50<05:14,  1.36it/s] 47%|████▋     | 377/805 [04:51<05:10,  1.38it/s] 47%|████▋     | 378/805 [04:52<05:18,  1.34it/s] 47%|████▋     | 379/805 [04:52<05:10,  1.37it/s] 47%|████▋     | 380/805 [04:53<05:13,  1.35it/s] 47%|████▋     | 381/805 [04:54<05:13,  1.35it/s] 47%|████▋     | 382/805 [04:55<05:32,  1.27it/s] 48%|████▊     | 383/805 [04:55<05:09,  1.36it/s] 48%|████▊     | 384/805 [04:56<05:33,  1.26it/s] 48%|████▊     | 385/805 [04:57<05:08,  1.36it/s] 48%|████▊     | 386/805 [04:57<04:54,  1.42it/s] 48%|████▊     | 387/805 [04:58<05:04,  1.37it/s] 48%|████▊     | 388/805 [04:59<05:06,  1.36it/s] 48%|████▊     | 389/805 [05:00<05:07,  1.35it/s] 48%|████▊     | 390/805 [05:01<05:30,  1.25it/s] 49%|████▊     | 391/805 [05:01<05:25,  1.27it/s] 49%|████▊     | 392/805 [05:02<05:23,  1.28it/s] 49%|████▉     | 393/805 [05:03<05:18,  1.29it/s] 49%|████▉     | 394/805 [05:04<04:55,  1.39it/s] 49%|████▉     | 395/805 [05:04<04:57,  1.38it/s] 49%|████▉     | 396/805 [05:05<04:45,  1.43it/s] 49%|████▉     | 397/805 [05:06<05:16,  1.29it/s] 49%|████▉     | 398/805 [05:07<05:08,  1.32it/s] 50%|████▉     | 399/805 [05:07<05:07,  1.32it/s] 50%|████▉     | 400/805 [05:08<04:48,  1.40it/s] 50%|████▉     | 401/805 [05:09<04:47,  1.40it/s] 50%|████▉     | 402/805 [05:09<04:52,  1.38it/s] 50%|█████     | 403/805 [05:10<04:59,  1.34it/s] 50%|█████     | 404/805 [05:11<05:03,  1.32it/s] 50%|█████     | 405/805 [05:12<04:45,  1.40it/s] 50%|█████     | 406/805 [05:12<04:51,  1.37it/s] 51%|█████     | 407/805 [05:13<04:33,  1.45it/s] 51%|█████     | 408/805 [05:14<04:38,  1.43it/s] 51%|█████     | 409/805 [05:15<04:58,  1.32it/s] 51%|█████     | 410/805 [05:15<04:51,  1.36it/s] 51%|█████     | 411/805 [05:16<04:47,  1.37it/s] 51%|█████     | 412/805 [05:17<04:47,  1.37it/s] 51%|█████▏    | 413/805 [05:17<04:51,  1.34it/s] 51%|█████▏    | 414/805 [05:18<04:46,  1.36it/s] 52%|█████▏    | 415/805 [05:19<05:05,  1.28it/s] 52%|█████▏    | 416/805 [05:20<04:42,  1.37it/s] 52%|█████▏    | 417/805 [05:20<04:46,  1.35it/s] 52%|█████▏    | 418/805 [05:21<04:47,  1.35it/s] 52%|█████▏    | 419/805 [05:22<04:40,  1.38it/s] 52%|█████▏    | 420/805 [05:23<04:42,  1.36it/s] 52%|█████▏    | 421/805 [05:24<05:03,  1.26it/s] 52%|█████▏    | 422/805 [05:24<05:02,  1.26it/s] 53%|█████▎    | 423/805 [05:25<04:53,  1.30it/s] 53%|█████▎    | 424/805 [05:26<04:51,  1.31it/s] 53%|█████▎    | 425/805 [05:27<04:50,  1.31it/s] 53%|█████▎    | 426/805 [05:27<04:42,  1.34it/s] 53%|█████▎    | 427/805 [05:28<04:56,  1.28it/s] 53%|█████▎    | 428/805 [05:29<04:51,  1.30it/s] 53%|█████▎    | 429/805 [05:30<04:50,  1.29it/s] 53%|█████▎    | 430/805 [05:31<05:04,  1.23it/s] 54%|█████▎    | 431/805 [05:31<05:02,  1.24it/s] 54%|█████▎    | 432/805 [05:32<04:55,  1.26it/s] 54%|█████▍    | 433/805 [05:33<04:46,  1.30it/s] 54%|█████▍    | 434/805 [05:34<04:59,  1.24it/s] 54%|█████▍    | 435/805 [05:34<04:51,  1.27it/s] 54%|█████▍    | 436/805 [05:35<04:49,  1.28it/s] 54%|█████▍    | 437/805 [05:36<04:46,  1.28it/s] 54%|█████▍    | 438/805 [05:37<04:42,  1.30it/s] 55%|█████▍    | 439/805 [05:38<04:40,  1.31it/s] 55%|█████▍    | 440/805 [05:38<04:52,  1.25it/s] 55%|█████▍    | 441/805 [05:39<04:49,  1.26it/s] 55%|█████▍    | 442/805 [05:40<04:45,  1.27it/s] 55%|█████▌    | 443/805 [05:41<04:35,  1.31it/s] 55%|█████▌    | 444/805 [05:41<04:35,  1.31it/s] 55%|█████▌    | 445/805 [05:42<04:34,  1.31it/s] 55%|█████▌    | 446/805 [05:43<04:50,  1.24it/s] 56%|█████▌    | 447/805 [05:44<04:37,  1.29it/s] 56%|█████▌    | 448/805 [05:45<04:31,  1.31it/s] 56%|█████▌    | 449/805 [05:45<04:27,  1.33it/s] 56%|█████▌    | 450/805 [05:46<04:21,  1.36it/s] 56%|█████▌    | 451/805 [05:47<04:22,  1.35it/s] 56%|█████▌    | 452/805 [05:48<04:41,  1.25it/s] 56%|█████▋    | 453/805 [05:48<04:36,  1.27it/s] 56%|█████▋    | 454/805 [05:49<04:33,  1.28it/s] 57%|█████▋    | 455/805 [05:50<04:14,  1.38it/s] 57%|█████▋    | 456/805 [05:51<04:15,  1.37it/s] 57%|█████▋    | 457/805 [05:51<04:14,  1.36it/s] 57%|█████▋    | 458/805 [05:52<04:31,  1.28it/s] 57%|█████▋    | 459/805 [05:53<04:24,  1.31it/s] 57%|█████▋    | 460/805 [05:54<04:20,  1.32it/s] 57%|█████▋    | 461/805 [05:54<04:16,  1.34it/s] 57%|█████▋    | 462/805 [05:55<04:13,  1.35it/s] 58%|█████▊    | 463/805 [05:56<04:10,  1.36it/s] 58%|█████▊    | 464/805 [05:57<04:21,  1.30it/s] 58%|█████▊    | 465/805 [05:57<04:06,  1.38it/s] 58%|█████▊    | 466/805 [05:58<04:07,  1.37it/s] 58%|█████▊    | 467/805 [05:59<04:12,  1.34it/s] 58%|█████▊    | 468/805 [06:00<04:12,  1.33it/s] 58%|█████▊    | 469/805 [06:00<04:11,  1.33it/s] 58%|█████▊    | 470/805 [06:01<04:26,  1.26it/s] 59%|█████▊    | 471/805 [06:02<04:31,  1.23it/s] 59%|█████▊    | 472/805 [06:03<04:09,  1.33it/s] 59%|█████▉    | 473/805 [06:03<03:59,  1.39it/s] 59%|█████▉    | 474/805 [06:04<04:05,  1.35it/s] 59%|█████▉    | 475/805 [06:05<04:10,  1.32it/s] 59%|█████▉    | 476/805 [06:06<03:56,  1.39it/s] 59%|█████▉    | 477/805 [06:06<04:18,  1.27it/s] 59%|█████▉    | 478/805 [06:07<04:13,  1.29it/s] 60%|█████▉    | 479/805 [06:08<04:12,  1.29it/s] 60%|█████▉    | 480/805 [06:09<04:05,  1.32it/s] 60%|█████▉    | 481/805 [06:09<03:58,  1.36it/s] 60%|█████▉    | 482/805 [06:10<04:13,  1.27it/s] 60%|██████    | 483/805 [06:11<04:09,  1.29it/s] 60%|██████    | 484/805 [06:12<04:20,  1.23it/s] 60%|██████    | 485/805 [06:13<04:29,  1.19it/s] 60%|██████    | 486/805 [06:14<04:14,  1.26it/s] 60%|██████    | 487/805 [06:14<04:05,  1.29it/s] 61%|██████    | 488/805 [06:15<04:02,  1.31it/s] 61%|██████    | 489/805 [06:16<03:45,  1.40it/s] 61%|██████    | 490/805 [06:16<03:51,  1.36it/s] 61%|██████    | 491/805 [06:17<03:47,  1.38it/s] 61%|██████    | 492/805 [06:18<03:43,  1.40it/s] 61%|██████    | 493/805 [06:19<03:48,  1.36it/s] 61%|██████▏   | 494/805 [06:19<03:52,  1.34it/s] 61%|██████▏   | 495/805 [06:20<03:45,  1.37it/s] 62%|██████▏   | 496/805 [06:21<04:04,  1.27it/s] 62%|██████▏   | 497/805 [06:22<04:03,  1.26it/s] 62%|██████▏   | 498/805 [06:22<03:53,  1.32it/s] 62%|██████▏   | 499/805 [06:23<03:49,  1.33it/s] 62%|██████▏   | 500/805 [06:24<03:44,  1.36it/s] 62%|██████▏   | 501/805 [06:25<03:43,  1.36it/s] 62%|██████▏   | 502/805 [06:25<03:44,  1.35it/s] 62%|██████▏   | 503/805 [06:26<03:57,  1.27it/s] 63%|██████▎   | 504/805 [06:27<03:52,  1.29it/s] 63%|██████▎   | 505/805 [06:28<03:52,  1.29it/s] 63%|██████▎   | 506/805 [06:29<03:53,  1.28it/s] 63%|██████▎   | 507/805 [06:29<03:44,  1.32it/s] 63%|██████▎   | 508/805 [06:30<03:57,  1.25it/s] 63%|██████▎   | 509/805 [06:31<03:51,  1.28it/s] 63%|██████▎   | 510/805 [06:32<03:45,  1.31it/s] 63%|██████▎   | 511/805 [06:32<03:42,  1.32it/s] 64%|██████▎   | 512/805 [06:33<03:53,  1.25it/s] 64%|██████▎   | 513/805 [06:34<03:49,  1.27it/s] 64%|██████▍   | 514/805 [06:35<03:42,  1.31it/s] 64%|██████▍   | 515/805 [06:36<03:53,  1.24it/s] 64%|██████▍   | 516/805 [06:36<03:51,  1.25it/s] 64%|██████▍   | 517/805 [06:37<03:48,  1.26it/s] 64%|██████▍   | 518/805 [06:38<03:44,  1.28it/s] 64%|██████▍   | 519/805 [06:39<03:41,  1.29it/s] 65%|██████▍   | 520/805 [06:39<03:35,  1.32it/s] 65%|██████▍   | 521/805 [06:40<03:44,  1.27it/s] 65%|██████▍   | 522/805 [06:41<03:39,  1.29it/s] 65%|██████▍   | 523/805 [06:42<03:38,  1.29it/s] 65%|██████▌   | 524/805 [06:43<03:37,  1.29it/s] 65%|██████▌   | 525/805 [06:43<03:31,  1.32it/s] 65%|██████▌   | 526/805 [06:44<03:26,  1.35it/s] 65%|██████▌   | 527/805 [06:45<03:40,  1.26it/s] 66%|██████▌   | 528/805 [06:46<03:32,  1.30it/s] 66%|██████▌   | 529/805 [06:46<03:32,  1.30it/s] 66%|██████▌   | 530/805 [06:47<03:29,  1.31it/s] 66%|██████▌   | 531/805 [06:48<03:15,  1.40it/s] 66%|██████▌   | 532/805 [06:48<03:17,  1.38it/s] 66%|██████▌   | 533/805 [06:49<03:21,  1.35it/s] 66%|██████▋   | 534/805 [06:50<03:34,  1.26it/s] 66%|██████▋   | 535/805 [06:51<03:26,  1.30it/s] 67%|██████▋   | 536/805 [06:52<03:28,  1.29it/s] 67%|██████▋   | 537/805 [06:52<03:14,  1.38it/s] 67%|██████▋   | 538/805 [06:53<03:16,  1.36it/s] 67%|██████▋   | 539/805 [06:54<03:14,  1.37it/s] 67%|██████▋   | 540/805 [06:55<03:29,  1.26it/s] 67%|██████▋   | 541/805 [06:55<03:27,  1.27it/s] 67%|██████▋   | 542/805 [06:56<03:21,  1.30it/s] 67%|██████▋   | 543/805 [06:57<03:16,  1.33it/s] 68%|██████▊   | 544/805 [06:58<03:05,  1.40it/s] 68%|██████▊   | 545/805 [06:58<03:11,  1.36it/s] 68%|██████▊   | 546/805 [06:59<03:00,  1.44it/s] 68%|██████▊   | 547/805 [07:00<03:13,  1.33it/s] 68%|██████▊   | 548/805 [07:00<03:08,  1.37it/s] 68%|██████▊   | 549/805 [07:01<03:10,  1.35it/s] 68%|██████▊   | 550/805 [07:02<03:11,  1.33it/s] 68%|██████▊   | 551/805 [07:03<02:58,  1.43it/s] 69%|██████▊   | 552/805 [07:03<03:03,  1.38it/s] 69%|██████▊   | 553/805 [07:04<03:15,  1.29it/s] 69%|██████▉   | 554/805 [07:05<03:10,  1.31it/s] 69%|██████▉   | 555/805 [07:06<02:58,  1.40it/s] 69%|██████▉   | 556/805 [07:06<03:01,  1.37it/s] 69%|██████▉   | 557/805 [07:07<03:00,  1.37it/s] 69%|██████▉   | 558/805 [07:08<03:03,  1.35it/s] 69%|██████▉   | 559/805 [07:09<02:59,  1.37it/s] 70%|██████▉   | 560/805 [07:10<03:17,  1.24it/s] 70%|██████▉   | 561/805 [07:10<03:10,  1.28it/s] 70%|██████▉   | 562/805 [07:11<03:07,  1.30it/s] 70%|██████▉   | 563/805 [07:12<03:01,  1.34it/s] 70%|███████   | 564/805 [07:12<03:01,  1.33it/s] 70%|███████   | 565/805 [07:13<02:59,  1.34it/s] 70%|███████   | 566/805 [07:14<03:05,  1.29it/s] 70%|███████   | 567/805 [07:15<03:02,  1.30it/s] 71%|███████   | 568/805 [07:15<02:56,  1.34it/s] 71%|███████   | 569/805 [07:16<02:57,  1.33it/s] 71%|███████   | 570/805 [07:17<02:55,  1.34it/s] 71%|███████   | 571/805 [07:18<02:54,  1.34it/s] 71%|███████   | 572/805 [07:19<03:06,  1.25it/s] 71%|███████   | 573/805 [07:19<03:04,  1.25it/s] 71%|███████▏  | 574/805 [07:20<02:57,  1.30it/s] 71%|███████▏  | 575/805 [07:21<02:57,  1.29it/s] 72%|███████▏  | 576/805 [07:22<02:56,  1.30it/s] 72%|███████▏  | 577/805 [07:22<02:51,  1.33it/s] 72%|███████▏  | 578/805 [07:23<02:53,  1.31it/s] 72%|███████▏  | 579/805 [07:24<03:12,  1.17it/s] 72%|███████▏  | 580/805 [07:25<03:04,  1.22it/s] 72%|███████▏  | 581/805 [07:26<02:59,  1.25it/s] 72%|███████▏  | 582/805 [07:26<02:51,  1.30it/s] 72%|███████▏  | 583/805 [07:27<02:49,  1.31it/s] 73%|███████▎  | 584/805 [07:28<02:48,  1.31it/s] 73%|███████▎  | 585/805 [07:29<02:49,  1.30it/s] 73%|███████▎  | 586/805 [07:30<02:47,  1.31it/s] 73%|███████▎  | 587/805 [07:30<02:37,  1.39it/s] 73%|███████▎  | 588/805 [07:31<02:37,  1.37it/s] 73%|███████▎  | 589/805 [07:32<02:41,  1.34it/s] 73%|███████▎  | 590/805 [07:32<02:31,  1.42it/s] 73%|███████▎  | 591/805 [07:33<02:43,  1.31it/s] 74%|███████▎  | 592/805 [07:34<02:39,  1.33it/s] 74%|███████▎  | 593/805 [07:35<02:38,  1.33it/s] 74%|███████▍  | 594/805 [07:35<02:40,  1.31it/s] 74%|███████▍  | 595/805 [07:36<02:37,  1.33it/s] 74%|███████▍  | 596/805 [07:37<02:27,  1.41it/s] 74%|███████▍  | 597/805 [07:38<02:41,  1.29it/s] 74%|███████▍  | 598/805 [07:38<02:39,  1.30it/s] 74%|███████▍  | 599/805 [07:39<02:36,  1.32it/s] 75%|███████▍  | 600/805 [07:40<02:34,  1.33it/s] 75%|███████▍  | 601/805 [07:41<02:33,  1.33it/s] 75%|███████▍  | 602/805 [07:41<02:30,  1.35it/s] 75%|███████▍  | 603/805 [07:42<02:42,  1.24it/s] 75%|███████▌  | 604/805 [07:43<02:38,  1.27it/s] 75%|███████▌  | 605/805 [07:44<02:37,  1.27it/s] 75%|███████▌  | 606/805 [07:45<02:33,  1.29it/s] 75%|███████▌  | 607/805 [07:45<02:28,  1.33it/s] 76%|███████▌  | 608/805 [07:46<02:28,  1.32it/s] 76%|███████▌  | 609/805 [07:47<02:29,  1.31it/s] 76%|███████▌  | 610/805 [07:48<02:38,  1.23it/s] 76%|███████▌  | 611/805 [07:49<02:36,  1.24it/s] 76%|███████▌  | 612/805 [07:49<02:31,  1.27it/s] 76%|███████▌  | 613/805 [07:50<02:30,  1.28it/s] 76%|███████▋  | 614/805 [07:51<02:28,  1.28it/s] 76%|███████▋  | 615/805 [07:52<02:26,  1.29it/s] 77%|███████▋  | 616/805 [07:53<02:36,  1.21it/s] 77%|███████▋  | 617/805 [07:53<02:30,  1.25it/s] 77%|███████▋  | 618/805 [07:54<02:19,  1.34it/s] 77%|███████▋  | 619/805 [07:55<02:19,  1.33it/s] 77%|███████▋  | 620/805 [07:55<02:20,  1.31it/s] 77%|███████▋  | 621/805 [07:56<02:19,  1.32it/s] 77%|███████▋  | 622/805 [07:57<02:28,  1.23it/s] 77%|███████▋  | 623/805 [07:58<02:23,  1.27it/s] 78%|███████▊  | 624/805 [07:59<02:18,  1.31it/s] 78%|███████▊  | 625/805 [07:59<02:19,  1.29it/s] 78%|███████▊  | 626/805 [08:00<02:15,  1.32it/s] 78%|███████▊  | 627/805 [08:01<02:14,  1.33it/s] 78%|███████▊  | 628/805 [08:02<02:22,  1.24it/s] 78%|███████▊  | 629/805 [08:03<02:16,  1.29it/s] 78%|███████▊  | 630/805 [08:03<02:15,  1.30it/s] 78%|███████▊  | 631/805 [08:04<02:15,  1.29it/s] 79%|███████▊  | 632/805 [08:05<02:15,  1.28it/s] 79%|███████▊  | 633/805 [08:06<02:14,  1.27it/s] 79%|███████▉  | 634/805 [08:06<02:12,  1.29it/s] 79%|███████▉  | 635/805 [08:07<02:20,  1.21it/s] 79%|███████▉  | 636/805 [08:08<02:14,  1.25it/s] 79%|███████▉  | 637/805 [08:09<02:08,  1.31it/s] 79%|███████▉  | 638/805 [08:10<02:06,  1.32it/s] 79%|███████▉  | 639/805 [08:10<02:06,  1.32it/s] 80%|███████▉  | 640/805 [08:11<02:02,  1.35it/s] 80%|███████▉  | 641/805 [08:12<02:10,  1.26it/s] 80%|███████▉  | 642/805 [08:13<02:06,  1.29it/s] 80%|███████▉  | 643/805 [08:13<02:02,  1.32it/s] 80%|████████  | 644/805 [08:14<02:00,  1.34it/s] 80%|████████  | 645/805 [08:15<01:58,  1.35it/s] 80%|████████  | 646/805 [08:16<01:57,  1.36it/s] 80%|████████  | 647/805 [08:16<01:58,  1.34it/s] 80%|████████  | 648/805 [08:17<01:54,  1.37it/s] 81%|████████  | 649/805 [08:18<01:53,  1.37it/s] 81%|████████  | 650/805 [08:18<01:55,  1.34it/s] 81%|████████  | 651/805 [08:19<01:55,  1.34it/s] 81%|████████  | 652/805 [08:20<01:47,  1.42it/s] 81%|████████  | 653/805 [08:20<01:42,  1.49it/s] 81%|████████  | 654/805 [08:21<01:52,  1.34it/s] 81%|████████▏ | 655/805 [08:22<01:54,  1.31it/s] 81%|████████▏ | 656/805 [08:23<01:51,  1.34it/s] 82%|████████▏ | 657/805 [08:24<01:49,  1.35it/s] 82%|████████▏ | 658/805 [08:24<01:47,  1.37it/s] 82%|████████▏ | 659/805 [08:25<01:40,  1.46it/s] 82%|████████▏ | 660/805 [08:26<01:51,  1.30it/s] 82%|████████▏ | 661/805 [08:27<01:51,  1.29it/s] 82%|████████▏ | 662/805 [08:27<01:49,  1.31it/s] 82%|████████▏ | 663/805 [08:28<01:45,  1.34it/s] 82%|████████▏ | 664/805 [08:29<01:44,  1.35it/s] 83%|████████▎ | 665/805 [08:30<01:43,  1.36it/s] 83%|████████▎ | 666/805 [08:30<01:48,  1.28it/s] 83%|████████▎ | 667/805 [08:31<01:44,  1.32it/s] 83%|████████▎ | 668/805 [08:32<01:43,  1.32it/s] 83%|████████▎ | 669/805 [08:33<01:43,  1.31it/s] 83%|████████▎ | 670/805 [08:33<01:43,  1.31it/s] 83%|████████▎ | 671/805 [08:34<01:40,  1.33it/s] 83%|████████▎ | 672/805 [08:35<01:43,  1.28it/s] 84%|████████▎ | 673/805 [08:36<01:43,  1.28it/s] 84%|████████▎ | 674/805 [08:36<01:36,  1.36it/s] 84%|████████▍ | 675/805 [08:37<01:36,  1.34it/s] 84%|████████▍ | 676/805 [08:38<01:37,  1.32it/s] 84%|████████▍ | 677/805 [08:39<01:31,  1.40it/s] 84%|████████▍ | 678/805 [08:39<01:27,  1.45it/s] 84%|████████▍ | 679/805 [08:40<01:34,  1.33it/s] 84%|████████▍ | 680/805 [08:41<01:32,  1.35it/s] 85%|████████▍ | 681/805 [08:42<01:31,  1.36it/s] 85%|████████▍ | 682/805 [08:42<01:30,  1.35it/s] 85%|████████▍ | 683/805 [08:43<01:24,  1.44it/s] 85%|████████▍ | 684/805 [08:44<01:26,  1.40it/s] 85%|████████▌ | 685/805 [08:44<01:30,  1.33it/s] 85%|████████▌ | 686/805 [08:45<01:29,  1.33it/s] 85%|████████▌ | 687/805 [08:46<01:28,  1.33it/s] 85%|████████▌ | 688/805 [08:47<01:28,  1.33it/s] 86%|████████▌ | 689/805 [08:47<01:26,  1.34it/s] 86%|████████▌ | 690/805 [08:48<01:20,  1.43it/s] 86%|████████▌ | 691/805 [08:49<01:19,  1.43it/s] 86%|████████▌ | 692/805 [08:50<01:25,  1.32it/s] 86%|████████▌ | 693/805 [08:50<01:23,  1.35it/s] 86%|████████▌ | 694/805 [08:51<01:20,  1.38it/s] 86%|████████▋ | 695/805 [08:52<01:19,  1.39it/s] 86%|████████▋ | 696/805 [08:53<01:23,  1.30it/s] 87%|████████▋ | 697/805 [08:53<01:22,  1.31it/s] 87%|████████▋ | 698/805 [08:54<01:26,  1.24it/s] 87%|████████▋ | 699/805 [08:55<01:22,  1.28it/s] 87%|████████▋ | 700/805 [08:56<01:19,  1.32it/s] 87%|████████▋ | 701/805 [08:56<01:13,  1.41it/s] 87%|████████▋ | 702/805 [08:57<01:14,  1.39it/s] 87%|████████▋ | 703/805 [08:58<01:14,  1.37it/s] 87%|████████▋ | 704/805 [08:59<01:20,  1.26it/s] 88%|████████▊ | 705/805 [08:59<01:17,  1.29it/s] 88%|████████▊ | 706/805 [09:00<01:15,  1.31it/s] 88%|████████▊ | 707/805 [09:01<01:13,  1.34it/s] 88%|████████▊ | 708/805 [09:02<01:11,  1.35it/s] 88%|████████▊ | 709/805 [09:03<01:15,  1.27it/s] 88%|████████▊ | 710/805 [09:04<01:20,  1.19it/s] 88%|████████▊ | 711/805 [09:04<01:17,  1.22it/s] 88%|████████▊ | 712/805 [09:05<01:15,  1.23it/s] 89%|████████▊ | 713/805 [09:06<01:12,  1.27it/s] 89%|████████▊ | 714/805 [09:07<01:09,  1.32it/s] 89%|████████▉ | 715/805 [09:07<01:07,  1.34it/s] 89%|████████▉ | 716/805 [09:08<01:10,  1.26it/s] 89%|████████▉ | 717/805 [09:09<01:08,  1.28it/s] 89%|████████▉ | 718/805 [09:10<01:08,  1.28it/s] 89%|████████▉ | 719/805 [09:10<01:06,  1.30it/s] 89%|████████▉ | 720/805 [09:11<01:04,  1.32it/s] 90%|████████▉ | 721/805 [09:12<01:03,  1.33it/s] 90%|████████▉ | 722/805 [09:13<01:02,  1.33it/s] 90%|████████▉ | 723/805 [09:14<01:06,  1.23it/s] 90%|████████▉ | 724/805 [09:14<01:00,  1.34it/s] 90%|█████████ | 725/805 [09:15<00:56,  1.41it/s] 90%|█████████ | 726/805 [09:16<00:57,  1.37it/s] 90%|█████████ | 727/805 [09:16<00:58,  1.34it/s] 90%|█████████ | 728/805 [09:17<00:57,  1.34it/s] 91%|█████████ | 729/805 [09:18<01:00,  1.25it/s] 91%|█████████ | 730/805 [09:19<00:59,  1.26it/s] 91%|█████████ | 731/805 [09:20<00:57,  1.29it/s] 91%|█████████ | 732/805 [09:20<00:53,  1.38it/s] 91%|█████████ | 733/805 [09:21<00:56,  1.28it/s] 91%|█████████ | 734/805 [09:22<00:54,  1.29it/s] 91%|█████████▏| 735/805 [09:23<00:56,  1.24it/s] 91%|█████████▏| 736/805 [09:23<00:54,  1.26it/s] 92%|█████████▏| 737/805 [09:24<00:53,  1.27it/s] 92%|█████████▏| 738/805 [09:25<00:51,  1.31it/s] 92%|█████████▏| 739/805 [09:26<00:49,  1.34it/s] 92%|█████████▏| 740/805 [09:26<00:48,  1.33it/s] 92%|█████████▏| 741/805 [09:27<00:51,  1.23it/s] 92%|█████████▏| 742/805 [09:28<00:49,  1.28it/s] 92%|█████████▏| 743/805 [09:29<00:48,  1.29it/s] 92%|█████████▏| 744/805 [09:30<00:46,  1.31it/s] 93%|█████████▎| 745/805 [09:30<00:45,  1.32it/s] 93%|█████████▎| 746/805 [09:31<00:44,  1.32it/s] 93%|█████████▎| 747/805 [09:32<00:44,  1.31it/s] 93%|█████████▎| 748/805 [09:33<00:45,  1.25it/s] 93%|█████████▎| 749/805 [09:34<00:44,  1.27it/s] 93%|█████████▎| 750/805 [09:34<00:42,  1.29it/s] 93%|█████████▎| 751/805 [09:35<00:41,  1.30it/s] 93%|█████████▎| 752/805 [09:36<00:40,  1.29it/s] 94%|█████████▎| 753/805 [09:37<00:40,  1.29it/s] 94%|█████████▎| 754/805 [09:38<00:42,  1.21it/s] 94%|█████████▍| 755/805 [09:38<00:40,  1.24it/s] 94%|█████████▍| 756/805 [09:39<00:38,  1.27it/s] 94%|█████████▍| 757/805 [09:40<00:37,  1.28it/s] 94%|█████████▍| 758/805 [09:41<00:35,  1.31it/s] 94%|█████████▍| 759/805 [09:41<00:35,  1.29it/s] 94%|█████████▍| 760/805 [09:42<00:36,  1.22it/s] 95%|█████████▍| 761/805 [09:43<00:35,  1.24it/s] 95%|█████████▍| 762/805 [09:44<00:33,  1.28it/s] 95%|█████████▍| 763/805 [09:44<00:31,  1.32it/s] 95%|█████████▍| 764/805 [09:45<00:31,  1.31it/s] 95%|█████████▌| 765/805 [09:46<00:30,  1.29it/s] 95%|█████████▌| 766/805 [09:47<00:32,  1.22it/s] 95%|█████████▌| 767/805 [09:48<00:30,  1.23it/s] 95%|█████████▌| 768/805 [09:48<00:27,  1.33it/s] 96%|█████████▌| 769/805 [09:49<00:27,  1.33it/s] 96%|█████████▌| 770/805 [09:50<00:26,  1.32it/s] 96%|█████████▌| 771/805 [09:51<00:26,  1.31it/s] 96%|█████████▌| 772/805 [09:52<00:26,  1.24it/s] 96%|█████████▌| 773/805 [09:52<00:24,  1.28it/s] 96%|█████████▌| 774/805 [09:53<00:23,  1.30it/s] 96%|█████████▋| 775/805 [09:54<00:21,  1.38it/s] 96%|█████████▋| 776/805 [09:54<00:20,  1.40it/s] 97%|█████████▋| 777/805 [09:55<00:20,  1.40it/s] 97%|█████████▋| 778/805 [09:56<00:20,  1.31it/s] 97%|█████████▋| 779/805 [09:57<00:19,  1.31it/s] 97%|█████████▋| 780/805 [09:57<00:18,  1.34it/s] 97%|█████████▋| 781/805 [09:58<00:17,  1.34it/s] 97%|█████████▋| 782/805 [09:59<00:16,  1.37it/s] 97%|█████████▋| 783/805 [10:00<00:15,  1.38it/s] 97%|█████████▋| 784/805 [10:00<00:14,  1.40it/s] 98%|█████████▊| 785/805 [10:01<00:15,  1.30it/s] 98%|█████████▊| 786/805 [10:02<00:13,  1.38it/s] 98%|█████████▊| 787/805 [10:03<00:13,  1.35it/s] 98%|█████████▊| 788/805 [10:03<00:12,  1.36it/s] 98%|█████████▊| 789/805 [10:04<00:11,  1.35it/s] 98%|█████████▊| 790/805 [10:05<00:11,  1.32it/s] 98%|█████████▊| 791/805 [10:06<00:10,  1.33it/s] 98%|█████████▊| 792/805 [10:06<00:09,  1.33it/s] 99%|█████████▊| 793/805 [10:07<00:08,  1.35it/s] 99%|█████████▊| 794/805 [10:08<00:08,  1.37it/s] 99%|█████████▉| 795/805 [10:08<00:07,  1.37it/s] 99%|█████████▉| 796/805 [10:09<00:06,  1.37it/s] 99%|█████████▉| 797/805 [10:10<00:06,  1.30it/s] 99%|█████████▉| 798/805 [10:11<00:05,  1.29it/s] 99%|█████████▉| 799/805 [10:12<00:04,  1.30it/s] 99%|█████████▉| 800/805 [10:12<00:03,  1.34it/s]100%|█████████▉| 801/805 [10:13<00:02,  1.34it/s]100%|█████████▉| 802/805 [10:14<00:02,  1.43it/s]100%|█████████▉| 803/805 [10:14<00:01,  1.39it/s]100%|█████████▉| 804/805 [10:15<00:00,  1.29it/s]100%|██████████| 805/805 [10:16<00:00,  1.23it/s]100%|██████████| 805/805 [10:16<00:00,  1.31it/s]
Model checkpointing attempts: 0.
Stored epoch 0 model checkpoint to ./checkpoints/parquet_dataset/parquet_dataset__model_nlyrs_4_nheads_4_hdim_64__pred_ovrlap_F_npreds_4__nlyrs_2_activ_relunenc_1__lr_0.0002828_start_0.001_final_0_20251112_162731/epoch_0.pth.
Training loss has improved 1 times since last caching the model. Caching now.
##############################Training epoch: 2/10##############################
  0%|          | 0/805 [00:00<?, ?it/s]  0%|          | 1/805 [00:05<1:12:26,  5.41s/it]  0%|          | 2/805 [00:06<36:04,  2.69s/it]    0%|          | 3/805 [00:06<24:05,  1.80s/it]  0%|          | 4/805 [00:07<18:26,  1.38s/it]  1%|          | 5/805 [00:08<16:28,  1.24s/it]  1%|          | 6/805 [00:09<14:15,  1.07s/it]  1%|          | 7/805 [00:10<13:00,  1.02it/s]  1%|          | 8/805 [00:10<11:53,  1.12it/s]  1%|          | 9/805 [00:11<11:22,  1.17it/s]  1%|          | 10/805 [00:12<11:00,  1.20it/s]  1%|▏         | 11/805 [00:13<11:34,  1.14it/s]  1%|▏         | 12/805 [00:14<11:38,  1.14it/s]  2%|▏         | 13/805 [00:15<11:03,  1.19it/s]  2%|▏         | 14/805 [00:15<10:50,  1.22it/s]  2%|▏         | 15/805 [00:16<10:32,  1.25it/s]  2%|▏         | 16/805 [00:17<10:16,  1.28it/s]  2%|▏         | 17/805 [00:18<10:36,  1.24it/s]  2%|▏         | 18/805 [00:18<09:52,  1.33it/s]  2%|▏         | 19/805 [00:19<09:58,  1.31it/s]  2%|▏         | 20/805 [00:20<10:01,  1.30it/s]  3%|▎         | 21/805 [00:21<09:53,  1.32it/s]  3%|▎         | 22/805 [00:21<09:44,  1.34it/s]  3%|▎         | 23/805 [00:22<09:12,  1.41it/s]  3%|▎         | 24/805 [00:23<10:05,  1.29it/s]  3%|▎         | 25/805 [00:24<10:09,  1.28it/s]  3%|▎         | 26/805 [00:24<09:51,  1.32it/s]  3%|▎         | 27/805 [00:25<09:47,  1.32it/s]  3%|▎         | 28/805 [00:26<09:47,  1.32it/s]  4%|▎         | 29/805 [00:27<09:52,  1.31it/s]  4%|▎         | 30/805 [00:28<10:39,  1.21it/s]  4%|▍         | 31/805 [00:28<10:29,  1.23it/s]  4%|▍         | 32/805 [00:29<10:15,  1.26it/s]  4%|▍         | 33/805 [00:30<09:56,  1.29it/s]  4%|▍         | 34/805 [00:31<09:55,  1.30it/s]  4%|▍         | 35/805 [00:31<09:38,  1.33it/s]  4%|▍         | 36/805 [00:32<10:24,  1.23it/s]  5%|▍         | 37/805 [00:33<10:23,  1.23it/s]  5%|▍         | 38/805 [00:34<09:34,  1.34it/s]  5%|▍         | 39/805 [00:35<09:40,  1.32it/s]  5%|▍         | 40/805 [00:35<09:37,  1.32it/s]  5%|▌         | 41/805 [00:36<09:39,  1.32it/s]  5%|▌         | 42/805 [00:37<09:47,  1.30it/s]  5%|▌         | 43/805 [00:38<09:34,  1.33it/s]  5%|▌         | 44/805 [00:38<09:28,  1.34it/s]  6%|▌         | 45/805 [00:39<09:35,  1.32it/s]  6%|▌         | 46/805 [00:40<09:31,  1.33it/s]  6%|▌         | 47/805 [00:41<09:24,  1.34it/s]  6%|▌         | 48/805 [00:41<09:30,  1.33it/s]  6%|▌         | 49/805 [00:42<10:07,  1.24it/s]  6%|▌         | 50/805 [00:43<09:51,  1.28it/s]  6%|▋         | 51/805 [00:44<09:41,  1.30it/s]  6%|▋         | 52/805 [00:44<09:29,  1.32it/s]  7%|▋         | 53/805 [00:45<09:14,  1.36it/s]  7%|▋         | 54/805 [00:46<09:49,  1.27it/s]  7%|▋         | 55/805 [00:47<09:41,  1.29it/s]  7%|▋         | 56/805 [00:48<09:37,  1.30it/s]  7%|▋         | 57/805 [00:48<09:27,  1.32it/s]  7%|▋         | 58/805 [00:49<09:32,  1.31it/s]  7%|▋         | 59/805 [00:50<09:15,  1.34it/s]  7%|▋         | 60/805 [00:50<09:01,  1.37it/s]  8%|▊         | 61/805 [00:51<09:11,  1.35it/s]  8%|▊         | 62/805 [00:52<09:48,  1.26it/s]  8%|▊         | 63/805 [00:53<09:32,  1.30it/s]  8%|▊         | 64/805 [00:54<09:33,  1.29it/s]  8%|▊         | 65/805 [00:54<09:22,  1.32it/s]  8%|▊         | 66/805 [00:55<09:14,  1.33it/s]  8%|▊         | 67/805 [00:56<09:01,  1.36it/s]  8%|▊         | 68/805 [00:57<09:26,  1.30it/s]  9%|▊         | 69/805 [00:57<09:08,  1.34it/s]  9%|▊         | 70/805 [00:58<09:05,  1.35it/s]  9%|▉         | 71/805 [00:59<09:08,  1.34it/s]  9%|▉         | 72/805 [01:00<09:16,  1.32it/s]  9%|▉         | 73/805 [01:00<09:20,  1.31it/s]  9%|▉         | 74/805 [01:01<09:56,  1.22it/s]  9%|▉         | 75/805 [01:02<09:48,  1.24it/s]  9%|▉         | 76/805 [01:03<09:33,  1.27it/s] 10%|▉         | 77/805 [01:04<09:28,  1.28it/s] 10%|▉         | 78/805 [01:04<09:14,  1.31it/s] 10%|▉         | 79/805 [01:05<09:44,  1.24it/s] 10%|▉         | 80/805 [01:06<09:34,  1.26it/s] 10%|█         | 81/805 [01:07<09:24,  1.28it/s] 10%|█         | 82/805 [01:07<09:15,  1.30it/s] 10%|█         | 83/805 [01:08<08:58,  1.34it/s] 10%|█         | 84/805 [01:09<08:46,  1.37it/s] 11%|█         | 85/805 [01:10<08:57,  1.34it/s] 11%|█         | 86/805 [01:10<09:00,  1.33it/s] 11%|█         | 87/805 [01:11<09:29,  1.26it/s] 11%|█         | 88/805 [01:12<09:26,  1.26it/s] 11%|█         | 89/805 [01:13<09:08,  1.30it/s] 11%|█         | 90/805 [01:14<09:08,  1.30it/s] 11%|█▏        | 91/805 [01:14<09:04,  1.31it/s] 11%|█▏        | 92/805 [01:15<08:53,  1.34it/s] 12%|█▏        | 93/805 [01:16<09:35,  1.24it/s] 12%|█▏        | 94/805 [01:17<09:23,  1.26it/s] 12%|█▏        | 95/805 [01:17<08:40,  1.36it/s] 12%|█▏        | 96/805 [01:18<08:46,  1.35it/s] 12%|█▏        | 97/805 [01:19<08:56,  1.32it/s] 12%|█▏        | 98/805 [01:20<08:56,  1.32it/s] 12%|█▏        | 99/805 [01:21<10:01,  1.17it/s] 12%|█▏        | 100/805 [01:21<09:43,  1.21it/s] 13%|█▎        | 101/805 [01:22<09:36,  1.22it/s] 13%|█▎        | 102/805 [01:23<09:22,  1.25it/s] 13%|█▎        | 103/805 [01:24<09:17,  1.26it/s] 13%|█▎        | 104/805 [01:25<08:57,  1.30it/s] 13%|█▎        | 105/805 [01:25<09:30,  1.23it/s] 13%|█▎        | 106/805 [01:26<09:06,  1.28it/s] 13%|█▎        | 107/805 [01:27<09:07,  1.27it/s] 13%|█▎        | 108/805 [01:28<09:01,  1.29it/s] 14%|█▎        | 109/805 [01:28<08:50,  1.31it/s] 14%|█▎        | 110/805 [01:29<08:55,  1.30it/s] 14%|█▍        | 111/805 [01:30<08:53,  1.30it/s] 14%|█▍        | 112/805 [01:31<09:11,  1.26it/s] 14%|█▍        | 113/805 [01:32<08:59,  1.28it/s] 14%|█▍        | 114/805 [01:32<08:48,  1.31it/s] 14%|█▍        | 115/805 [01:33<08:44,  1.32it/s] 14%|█▍        | 116/805 [01:34<08:43,  1.32it/s] 15%|█▍        | 117/805 [01:35<08:37,  1.33it/s] 15%|█▍        | 118/805 [01:35<08:44,  1.31it/s] 15%|█▍        | 119/805 [01:36<08:39,  1.32it/s] 15%|█▍        | 120/805 [01:37<09:09,  1.25it/s] 15%|█▌        | 121/805 [01:38<08:58,  1.27it/s] 15%|█▌        | 122/805 [01:39<09:24,  1.21it/s] 15%|█▌        | 123/805 [01:39<09:19,  1.22it/s] 15%|█▌        | 124/805 [01:40<08:59,  1.26it/s] 16%|█▌        | 125/805 [01:41<09:34,  1.18it/s] 16%|█▌        | 126/805 [01:42<09:06,  1.24it/s] 16%|█▌        | 127/805 [01:43<08:53,  1.27it/s] 16%|█▌        | 128/805 [01:44<09:17,  1.22it/s] 16%|█▌        | 129/805 [01:44<09:07,  1.24it/s] 16%|█▌        | 130/805 [01:45<08:53,  1.26it/s] 16%|█▋        | 131/805 [01:46<09:08,  1.23it/s] 16%|█▋        | 132/805 [01:47<08:42,  1.29it/s] 17%|█▋        | 133/805 [01:47<08:42,  1.29it/s] 17%|█▋        | 134/805 [01:48<08:34,  1.31it/s] 17%|█▋        | 135/805 [01:49<08:27,  1.32it/s] 17%|█▋        | 136/805 [01:50<08:21,  1.33it/s] 17%|█▋        | 137/805 [01:51<08:58,  1.24it/s] 17%|█▋        | 138/805 [01:51<08:36,  1.29it/s] 17%|█▋        | 139/805 [01:52<08:05,  1.37it/s] 17%|█▋        | 140/805 [01:53<08:01,  1.38it/s] 18%|█▊        | 141/805 [01:53<08:00,  1.38it/s] 18%|█▊        | 142/805 [01:54<08:03,  1.37it/s] 18%|█▊        | 143/805 [01:55<08:22,  1.32it/s] 18%|█▊        | 144/805 [01:56<08:13,  1.34it/s] 18%|█▊        | 145/805 [01:56<08:14,  1.33it/s] 18%|█▊        | 146/805 [01:57<08:17,  1.33it/s] 18%|█▊        | 147/805 [01:58<08:17,  1.32it/s] 18%|█▊        | 148/805 [01:59<08:25,  1.30it/s] 19%|█▊        | 149/805 [01:59<08:18,  1.32it/s] 19%|█▊        | 150/805 [02:00<08:51,  1.23it/s] 19%|█▉        | 151/805 [02:01<08:37,  1.26it/s] 19%|█▉        | 152/805 [02:02<08:33,  1.27it/s] 19%|█▉        | 153/805 [02:03<08:32,  1.27it/s] 19%|█▉        | 154/805 [02:03<08:26,  1.28it/s] 19%|█▉        | 155/805 [02:04<08:16,  1.31it/s] 19%|█▉        | 156/805 [02:05<08:40,  1.25it/s] 20%|█▉        | 157/805 [02:06<08:26,  1.28it/s] 20%|█▉        | 158/805 [02:07<08:14,  1.31it/s] 20%|█▉        | 159/805 [02:07<08:08,  1.32it/s] 20%|█▉        | 160/805 [02:08<08:08,  1.32it/s] 20%|██        | 161/805 [02:09<08:06,  1.32it/s] 20%|██        | 162/805 [02:10<08:43,  1.23it/s] 20%|██        | 163/805 [02:10<08:31,  1.26it/s] 20%|██        | 164/805 [02:11<07:52,  1.36it/s] 20%|██        | 165/805 [02:12<07:48,  1.37it/s] 21%|██        | 166/805 [02:12<07:46,  1.37it/s] 21%|██        | 167/805 [02:13<07:48,  1.36it/s] 21%|██        | 168/805 [02:14<08:14,  1.29it/s] 21%|██        | 169/805 [02:15<08:05,  1.31it/s] 21%|██        | 170/805 [02:16<07:58,  1.33it/s] 21%|██        | 171/805 [02:16<08:00,  1.32it/s] 21%|██▏       | 172/805 [02:17<07:32,  1.40it/s] 21%|██▏       | 173/805 [02:18<07:46,  1.35it/s] 22%|██▏       | 174/805 [02:19<08:17,  1.27it/s] 22%|██▏       | 175/805 [02:19<08:18,  1.26it/s] 22%|██▏       | 176/805 [02:20<08:05,  1.29it/s] 22%|██▏       | 177/805 [02:21<07:57,  1.31it/s] 22%|██▏       | 178/805 [02:22<07:55,  1.32it/s] 22%|██▏       | 179/805 [02:22<07:56,  1.31it/s] 22%|██▏       | 180/805 [02:23<08:01,  1.30it/s] 22%|██▏       | 181/805 [02:24<08:29,  1.23it/s] 23%|██▎       | 182/805 [02:25<07:44,  1.34it/s] 23%|██▎       | 183/805 [02:26<07:48,  1.33it/s] 23%|██▎       | 184/805 [02:26<07:53,  1.31it/s] 23%|██▎       | 185/805 [02:27<07:52,  1.31it/s] 23%|██▎       | 186/805 [02:28<07:22,  1.40it/s] 23%|██▎       | 187/805 [02:29<07:50,  1.31it/s] 23%|██▎       | 188/805 [02:29<07:50,  1.31it/s] 23%|██▎       | 189/805 [02:30<07:24,  1.39it/s] 24%|██▎       | 190/805 [02:31<07:27,  1.37it/s] 24%|██▎       | 191/805 [02:31<07:30,  1.36it/s] 24%|██▍       | 192/805 [02:32<07:38,  1.34it/s] 24%|██▍       | 193/805 [02:33<07:38,  1.33it/s] 24%|██▍       | 194/805 [02:34<07:47,  1.31it/s] 24%|██▍       | 195/805 [02:35<07:47,  1.31it/s] 24%|██▍       | 196/805 [02:35<07:40,  1.32it/s] 24%|██▍       | 197/805 [02:36<07:34,  1.34it/s] 25%|██▍       | 198/805 [02:37<07:26,  1.36it/s] 25%|██▍       | 199/805 [02:37<06:59,  1.44it/s] 25%|██▍       | 200/805 [02:38<07:42,  1.31it/s] 25%|██▍       | 201/805 [02:39<07:40,  1.31it/s] 25%|██▌       | 202/805 [02:40<07:14,  1.39it/s] 25%|██▌       | 203/805 [02:40<06:56,  1.45it/s] 25%|██▌       | 204/805 [02:41<06:38,  1.51it/s] 25%|██▌       | 205/805 [02:42<06:50,  1.46it/s] 26%|██▌       | 206/805 [02:43<07:54,  1.26it/s] 26%|██▌       | 207/805 [02:43<07:46,  1.28it/s] 26%|██▌       | 208/805 [02:44<07:44,  1.29it/s] 26%|██▌       | 209/805 [02:45<07:42,  1.29it/s] 26%|██▌       | 210/805 [02:46<07:34,  1.31it/s] 26%|██▌       | 211/805 [02:46<07:35,  1.31it/s] 26%|██▋       | 212/805 [02:47<07:31,  1.31it/s] 26%|██▋       | 213/805 [02:48<08:01,  1.23it/s] 27%|██▋       | 214/805 [02:49<07:50,  1.26it/s] 27%|██▋       | 215/805 [02:50<07:49,  1.26it/s] 27%|██▋       | 216/805 [02:50<07:37,  1.29it/s] 27%|██▋       | 217/805 [02:51<07:14,  1.35it/s] 27%|██▋       | 218/805 [02:52<06:48,  1.44it/s] 27%|██▋       | 219/805 [02:52<06:56,  1.41it/s] 27%|██▋       | 220/805 [02:53<07:08,  1.36it/s] 27%|██▋       | 221/805 [02:54<06:43,  1.45it/s] 28%|██▊       | 222/805 [02:54<06:45,  1.44it/s] 28%|██▊       | 223/805 [02:55<06:46,  1.43it/s] 28%|██▊       | 224/805 [02:56<06:56,  1.40it/s] 28%|██▊       | 225/805 [02:57<07:30,  1.29it/s] 28%|██▊       | 226/805 [02:58<07:19,  1.32it/s] 28%|██▊       | 227/805 [02:58<07:14,  1.33it/s] 28%|██▊       | 228/805 [02:59<07:15,  1.32it/s] 28%|██▊       | 229/805 [03:00<07:15,  1.32it/s] 29%|██▊       | 230/805 [03:01<07:11,  1.33it/s] 29%|██▊       | 231/805 [03:01<07:16,  1.32it/s] 29%|██▉       | 232/805 [03:02<07:14,  1.32it/s] 29%|██▉       | 233/805 [03:03<07:11,  1.33it/s] 29%|██▉       | 234/805 [03:04<07:11,  1.32it/s] 29%|██▉       | 235/805 [03:04<07:03,  1.35it/s] 29%|██▉       | 236/805 [03:05<07:01,  1.35it/s] 29%|██▉       | 237/805 [03:06<06:59,  1.36it/s] 30%|██▉       | 238/805 [03:07<07:02,  1.34it/s] 30%|██▉       | 239/805 [03:07<06:54,  1.37it/s] 30%|██▉       | 240/805 [03:08<07:00,  1.34it/s] 30%|██▉       | 241/805 [03:09<06:53,  1.36it/s] 30%|███       | 242/805 [03:09<06:53,  1.36it/s] 30%|███       | 243/805 [03:10<06:35,  1.42it/s] 30%|███       | 244/805 [03:11<07:22,  1.27it/s] 30%|███       | 245/805 [03:12<06:49,  1.37it/s] 31%|███       | 246/805 [03:12<06:52,  1.35it/s] 31%|███       | 247/805 [03:13<06:57,  1.34it/s] 31%|███       | 248/805 [03:14<06:52,  1.35it/s] 31%|███       | 249/805 [03:15<07:00,  1.32it/s] 31%|███       | 250/805 [03:16<07:25,  1.24it/s] 31%|███       | 251/805 [03:16<07:21,  1.26it/s] 31%|███▏      | 252/805 [03:17<07:17,  1.26it/s] 31%|███▏      | 253/805 [03:18<07:10,  1.28it/s] 32%|███▏      | 254/805 [03:19<07:11,  1.28it/s] 32%|███▏      | 255/805 [03:19<06:55,  1.32it/s] 32%|███▏      | 256/805 [03:20<06:51,  1.33it/s] 32%|███▏      | 257/805 [03:21<07:18,  1.25it/s] 32%|███▏      | 258/805 [03:22<06:59,  1.30it/s] 32%|███▏      | 259/805 [03:22<06:55,  1.31it/s] 32%|███▏      | 260/805 [03:23<06:30,  1.40it/s] 32%|███▏      | 261/805 [03:24<06:12,  1.46it/s] 33%|███▎      | 262/805 [03:24<06:16,  1.44it/s] 33%|███▎      | 263/805 [03:25<06:48,  1.33it/s] 33%|███▎      | 264/805 [03:26<06:55,  1.30it/s] 33%|███▎      | 265/805 [03:27<06:40,  1.35it/s] 33%|███▎      | 266/805 [03:28<06:38,  1.35it/s] 33%|███▎      | 267/805 [03:28<06:39,  1.35it/s] 33%|███▎      | 268/805 [03:29<06:41,  1.34it/s] 33%|███▎      | 269/805 [03:30<07:18,  1.22it/s] 34%|███▎      | 270/805 [03:31<07:07,  1.25it/s] 34%|███▎      | 271/805 [03:32<07:01,  1.27it/s] 34%|███▍      | 272/805 [03:32<07:01,  1.26it/s] 34%|███▍      | 273/805 [03:33<07:00,  1.26it/s] 34%|███▍      | 274/805 [03:34<06:57,  1.27it/s] 34%|███▍      | 275/805 [03:35<07:17,  1.21it/s] 34%|███▍      | 276/805 [03:36<07:02,  1.25it/s] 34%|███▍      | 277/805 [03:36<06:48,  1.29it/s] 35%|███▍      | 278/805 [03:37<06:40,  1.32it/s] 35%|███▍      | 279/805 [03:38<06:17,  1.39it/s] 35%|███▍      | 280/805 [03:38<06:28,  1.35it/s] 35%|███▍      | 281/805 [03:39<06:48,  1.28it/s] 35%|███▌      | 282/805 [03:40<06:36,  1.32it/s] 35%|███▌      | 283/805 [03:41<06:28,  1.34it/s] 35%|███▌      | 284/805 [03:41<06:24,  1.35it/s] 35%|███▌      | 285/805 [03:42<06:21,  1.36it/s] 36%|███▌      | 286/805 [03:43<06:17,  1.38it/s] 36%|███▌      | 287/805 [03:44<07:11,  1.20it/s] 36%|███▌      | 288/805 [03:45<06:59,  1.23it/s] 36%|███▌      | 289/805 [03:45<06:26,  1.33it/s] 36%|███▌      | 290/805 [03:46<06:30,  1.32it/s] 36%|███▌      | 291/805 [03:47<06:06,  1.40it/s] 36%|███▋      | 292/805 [03:47<06:03,  1.41it/s] 36%|███▋      | 293/805 [03:48<06:09,  1.39it/s] 37%|███▋      | 294/805 [03:49<06:40,  1.27it/s] 37%|███▋      | 295/805 [03:50<06:37,  1.28it/s] 37%|███▋      | 296/805 [03:51<06:24,  1.32it/s] 37%|███▋      | 297/805 [03:51<06:27,  1.31it/s] 37%|███▋      | 298/805 [03:52<06:17,  1.34it/s] 37%|███▋      | 299/805 [03:53<05:54,  1.43it/s] 37%|███▋      | 300/805 [03:54<06:27,  1.30it/s] 37%|███▋      | 301/805 [03:54<06:16,  1.34it/s] 38%|███▊      | 302/805 [03:55<05:51,  1.43it/s] 38%|███▊      | 303/805 [03:56<05:55,  1.41it/s] 38%|███▊      | 304/805 [03:56<05:40,  1.47it/s] 38%|███▊      | 305/805 [03:57<05:48,  1.44it/s] 38%|███▊      | 306/805 [03:58<06:23,  1.30it/s] 38%|███▊      | 307/805 [03:59<06:14,  1.33it/s] 38%|███▊      | 308/805 [03:59<06:08,  1.35it/s] 38%|███▊      | 309/805 [04:00<05:46,  1.43it/s] 39%|███▊      | 310/805 [04:01<06:00,  1.37it/s] 39%|███▊      | 311/805 [04:01<06:07,  1.34it/s] 39%|███▉      | 312/805 [04:02<06:14,  1.31it/s] 39%|███▉      | 313/805 [04:03<06:38,  1.23it/s] 39%|███▉      | 314/805 [04:04<06:31,  1.26it/s] 39%|███▉      | 315/805 [04:05<06:15,  1.31it/s] 39%|███▉      | 316/805 [04:05<06:11,  1.32it/s] 39%|███▉      | 317/805 [04:06<06:15,  1.30it/s] 40%|███▉      | 318/805 [04:07<06:11,  1.31it/s] 40%|███▉      | 319/805 [04:08<06:27,  1.25it/s] 40%|███▉      | 320/805 [04:09<06:28,  1.25it/s] 40%|███▉      | 321/805 [04:09<06:02,  1.33it/s] 40%|████      | 322/805 [04:10<05:57,  1.35it/s] 40%|████      | 323/805 [04:11<05:59,  1.34it/s] 40%|████      | 324/805 [04:11<05:50,  1.37it/s] 40%|████      | 325/805 [04:12<06:25,  1.25it/s] 40%|████      | 326/805 [04:13<06:10,  1.29it/s] 41%|████      | 327/805 [04:14<05:59,  1.33it/s] 41%|████      | 328/805 [04:15<06:03,  1.31it/s] 41%|████      | 329/805 [04:15<05:40,  1.40it/s] 41%|████      | 330/805 [04:16<06:05,  1.30it/s] 41%|████      | 331/805 [04:17<06:25,  1.23it/s] 41%|████      | 332/805 [04:18<06:10,  1.28it/s] 41%|████▏     | 333/805 [04:18<06:01,  1.31it/s] 41%|████▏     | 334/805 [04:19<05:35,  1.40it/s] 42%|████▏     | 335/805 [04:20<05:40,  1.38it/s] 42%|████▏     | 336/805 [04:20<05:19,  1.47it/s] 42%|████▏     | 337/805 [04:21<05:07,  1.52it/s] 42%|████▏     | 338/805 [04:22<05:37,  1.38it/s] 42%|████▏     | 339/805 [04:23<05:37,  1.38it/s] 42%|████▏     | 340/805 [04:23<05:33,  1.40it/s] 42%|████▏     | 341/805 [04:24<05:40,  1.36it/s] 42%|████▏     | 342/805 [04:25<05:36,  1.37it/s] 43%|████▎     | 343/805 [04:25<05:34,  1.38it/s] 43%|████▎     | 344/805 [04:26<06:00,  1.28it/s] 43%|████▎     | 345/805 [04:27<05:56,  1.29it/s] 43%|████▎     | 346/805 [04:28<05:48,  1.32it/s] 43%|████▎     | 347/805 [04:28<05:29,  1.39it/s] 43%|████▎     | 348/805 [04:29<05:39,  1.35it/s] 43%|████▎     | 349/805 [04:30<05:34,  1.36it/s] 43%|████▎     | 350/805 [04:31<05:19,  1.43it/s] 44%|████▎     | 351/805 [04:32<05:49,  1.30it/s] 44%|████▎     | 352/805 [04:32<05:44,  1.32it/s] 44%|████▍     | 353/805 [04:33<05:44,  1.31it/s] 44%|████▍     | 354/805 [04:34<05:40,  1.33it/s] 44%|████▍     | 355/805 [04:34<05:33,  1.35it/s] 44%|████▍     | 356/805 [04:35<05:29,  1.36it/s] 44%|████▍     | 357/805 [04:36<05:33,  1.34it/s] 44%|████▍     | 358/805 [04:37<05:34,  1.33it/s] 45%|████▍     | 359/805 [04:37<05:26,  1.37it/s] 45%|████▍     | 360/805 [04:38<05:12,  1.42it/s] 45%|████▍     | 361/805 [04:39<05:11,  1.42it/s] 45%|████▍     | 362/805 [04:40<05:17,  1.39it/s] 45%|████▌     | 363/805 [04:40<05:38,  1.31it/s] 45%|████▌     | 364/805 [04:41<05:37,  1.31it/s] 45%|████▌     | 365/805 [04:42<05:29,  1.33it/s] 45%|████▌     | 366/805 [04:43<05:21,  1.37it/s] 46%|████▌     | 367/805 [04:43<05:25,  1.35it/s] 46%|████▌     | 368/805 [04:44<05:21,  1.36it/s] 46%|████▌     | 369/805 [04:45<05:18,  1.37it/s] 46%|████▌     | 370/805 [04:46<05:44,  1.26it/s] 46%|████▌     | 371/805 [04:46<05:34,  1.30it/s] 46%|████▌     | 372/805 [04:47<05:28,  1.32it/s] 46%|████▋     | 373/805 [04:48<05:29,  1.31it/s] 46%|████▋     | 374/805 [04:49<05:27,  1.32it/s] 47%|████▋     | 375/805 [04:49<05:28,  1.31it/s] 47%|████▋     | 376/805 [04:50<05:45,  1.24it/s] 47%|████▋     | 377/805 [04:51<05:33,  1.28it/s] 47%|████▋     | 378/805 [04:52<05:07,  1.39it/s] 47%|████▋     | 379/805 [04:52<05:05,  1.40it/s] 47%|████▋     | 380/805 [04:53<05:13,  1.36it/s] 47%|████▋     | 381/805 [04:54<04:58,  1.42it/s] 47%|████▋     | 382/805 [04:55<05:26,  1.30it/s] 48%|████▊     | 383/805 [04:55<05:24,  1.30it/s] 48%|████▊     | 384/805 [04:56<05:16,  1.33it/s] 48%|████▊     | 385/805 [04:57<05:12,  1.35it/s] 48%|████▊     | 386/805 [04:58<05:15,  1.33it/s] 48%|████▊     | 387/805 [04:58<05:14,  1.33it/s] 48%|████▊     | 388/805 [04:59<05:36,  1.24it/s] 48%|████▊     | 389/805 [05:00<05:25,  1.28it/s] 48%|████▊     | 390/805 [05:01<05:22,  1.29it/s] 49%|████▊     | 391/805 [05:02<05:18,  1.30it/s] 49%|████▊     | 392/805 [05:02<05:07,  1.34it/s] 49%|████▉     | 393/805 [05:03<05:07,  1.34it/s] 49%|████▉     | 394/805 [05:04<05:32,  1.24it/s] 49%|████▉     | 395/805 [05:05<05:25,  1.26it/s] 49%|████▉     | 396/805 [05:06<05:22,  1.27it/s] 49%|████▉     | 397/805 [05:06<05:22,  1.27it/s] 49%|████▉     | 398/805 [05:07<05:08,  1.32it/s] 50%|████▉     | 399/805 [05:08<05:08,  1.32it/s] 50%|████▉     | 400/805 [05:09<05:27,  1.24it/s] 50%|████▉     | 401/805 [05:09<05:15,  1.28it/s] 50%|████▉     | 402/805 [05:10<05:13,  1.29it/s] 50%|█████     | 403/805 [05:11<05:05,  1.32it/s] 50%|█████     | 404/805 [05:12<04:55,  1.36it/s] 50%|█████     | 405/805 [05:12<04:56,  1.35it/s] 50%|█████     | 406/805 [05:13<05:01,  1.32it/s] 51%|█████     | 407/805 [05:14<05:22,  1.23it/s] 51%|█████     | 408/805 [05:15<05:14,  1.26it/s] 51%|█████     | 409/805 [05:16<05:10,  1.27it/s] 51%|█████     | 410/805 [05:16<04:47,  1.37it/s] 51%|█████     | 411/805 [05:17<04:46,  1.37it/s] 51%|█████     | 412/805 [05:18<04:54,  1.33it/s] 51%|█████▏    | 413/805 [05:19<05:12,  1.26it/s] 51%|█████▏    | 414/805 [05:19<05:09,  1.26it/s] 52%|█████▏    | 415/805 [05:20<05:01,  1.29it/s] 52%|█████▏    | 416/805 [05:21<04:39,  1.39it/s] 52%|█████▏    | 417/805 [05:21<04:38,  1.39it/s] 52%|█████▏    | 418/805 [05:22<04:40,  1.38it/s] 52%|█████▏    | 419/805 [05:23<05:04,  1.27it/s] 52%|█████▏    | 420/805 [05:24<04:57,  1.29it/s] 52%|█████▏    | 421/805 [05:25<04:54,  1.30it/s] 52%|█████▏    | 422/805 [05:25<04:52,  1.31it/s] 53%|█████▎    | 423/805 [05:26<04:54,  1.30it/s] 53%|█████▎    | 424/805 [05:27<04:53,  1.30it/s] 53%|█████▎    | 425/805 [05:28<05:09,  1.23it/s] 53%|█████▎    | 426/805 [05:29<05:19,  1.19it/s] 53%|█████▎    | 427/805 [05:29<05:08,  1.23it/s] 53%|█████▎    | 428/805 [05:30<04:59,  1.26it/s] 53%|█████▎    | 429/805 [05:31<04:52,  1.28it/s] 53%|█████▎    | 430/805 [05:32<04:33,  1.37it/s] 54%|█████▎    | 431/805 [05:32<04:28,  1.39it/s] 54%|█████▎    | 432/805 [05:33<04:33,  1.37it/s] 54%|█████▍    | 433/805 [05:34<04:17,  1.44it/s] 54%|█████▍    | 434/805 [05:34<04:24,  1.40it/s] 54%|█████▍    | 435/805 [05:35<04:31,  1.36it/s] 54%|█████▍    | 436/805 [05:36<04:48,  1.28it/s] 54%|█████▍    | 437/805 [05:37<04:29,  1.36it/s] 54%|█████▍    | 438/805 [05:38<04:51,  1.26it/s] 55%|█████▍    | 439/805 [05:38<04:44,  1.29it/s] 55%|█████▍    | 440/805 [05:39<04:34,  1.33it/s] 55%|█████▍    | 441/805 [05:40<04:31,  1.34it/s] 55%|█████▍    | 442/805 [05:41<04:33,  1.33it/s] 55%|█████▌    | 443/805 [05:41<04:33,  1.33it/s] 55%|█████▌    | 444/805 [05:42<04:54,  1.23it/s] 55%|█████▌    | 445/805 [05:43<04:40,  1.29it/s] 55%|█████▌    | 446/805 [05:44<04:22,  1.37it/s] 56%|█████▌    | 447/805 [05:44<04:07,  1.45it/s] 56%|█████▌    | 448/805 [05:45<04:09,  1.43it/s] 56%|█████▌    | 449/805 [05:46<04:19,  1.37it/s] 56%|█████▌    | 450/805 [05:47<04:39,  1.27it/s] 56%|█████▌    | 451/805 [05:47<04:37,  1.28it/s] 56%|█████▌    | 452/805 [05:48<04:28,  1.31it/s] 56%|█████▋    | 453/805 [05:49<04:19,  1.36it/s] 56%|█████▋    | 454/805 [05:50<04:20,  1.35it/s] 57%|█████▋    | 455/805 [05:50<04:19,  1.35it/s] 57%|█████▋    | 456/805 [05:51<04:23,  1.32it/s] 57%|█████▋    | 457/805 [05:52<04:36,  1.26it/s] 57%|█████▋    | 458/805 [05:53<04:31,  1.28it/s] 57%|█████▋    | 459/805 [05:53<04:25,  1.30it/s] 57%|█████▋    | 460/805 [05:54<04:22,  1.31it/s] 57%|█████▋    | 461/805 [05:55<04:15,  1.35it/s] 57%|█████▋    | 462/805 [05:56<04:13,  1.35it/s] 58%|█████▊    | 463/805 [05:57<04:33,  1.25it/s] 58%|█████▊    | 464/805 [05:57<04:27,  1.27it/s] 58%|█████▊    | 465/805 [05:58<04:21,  1.30it/s] 58%|█████▊    | 466/805 [05:59<04:19,  1.31it/s] 58%|█████▊    | 467/805 [06:00<04:18,  1.31it/s] 58%|█████▊    | 468/805 [06:00<04:10,  1.34it/s] 58%|█████▊    | 469/805 [06:01<04:24,  1.27it/s] 58%|█████▊    | 470/805 [06:02<04:23,  1.27it/s] 59%|█████▊    | 471/805 [06:03<04:22,  1.27it/s] 59%|█████▊    | 472/805 [06:03<04:19,  1.28it/s] 59%|█████▉    | 473/805 [06:04<04:04,  1.36it/s] 59%|█████▉    | 474/805 [06:05<04:09,  1.33it/s] 59%|█████▉    | 475/805 [06:06<04:06,  1.34it/s] 59%|█████▉    | 476/805 [06:07<04:19,  1.27it/s] 59%|█████▉    | 477/805 [06:07<04:11,  1.31it/s] 59%|█████▉    | 478/805 [06:08<04:09,  1.31it/s] 60%|█████▉    | 479/805 [06:09<04:06,  1.32it/s] 60%|█████▉    | 480/805 [06:09<03:53,  1.39it/s] 60%|█████▉    | 481/805 [06:10<04:01,  1.34it/s] 60%|█████▉    | 482/805 [06:11<04:19,  1.25it/s] 60%|██████    | 483/805 [06:12<03:58,  1.35it/s] 60%|██████    | 484/805 [06:12<03:52,  1.38it/s] 60%|██████    | 485/805 [06:13<03:56,  1.35it/s] 60%|██████    | 486/805 [06:14<03:59,  1.33it/s] 60%|██████    | 487/805 [06:15<03:58,  1.33it/s] 61%|██████    | 488/805 [06:16<04:06,  1.28it/s] 61%|██████    | 489/805 [06:16<03:51,  1.37it/s] 61%|██████    | 490/805 [06:17<03:36,  1.45it/s] 61%|██████    | 491/805 [06:17<03:40,  1.43it/s] 61%|██████    | 492/805 [06:18<03:44,  1.39it/s] 61%|██████    | 493/805 [06:19<03:43,  1.39it/s] 61%|██████▏   | 494/805 [06:20<03:42,  1.40it/s] 61%|██████▏   | 495/805 [06:21<04:03,  1.27it/s] 62%|██████▏   | 496/805 [06:21<03:54,  1.31it/s] 62%|██████▏   | 497/805 [06:22<03:55,  1.31it/s] 62%|██████▏   | 498/805 [06:23<03:54,  1.31it/s] 62%|██████▏   | 499/805 [06:24<03:49,  1.33it/s] 62%|██████▏   | 500/805 [06:24<03:46,  1.35it/s] 62%|██████▏   | 501/805 [06:25<04:01,  1.26it/s] 62%|██████▏   | 502/805 [06:26<04:10,  1.21it/s] 62%|██████▏   | 503/805 [06:27<04:04,  1.24it/s] 63%|██████▎   | 504/805 [06:28<03:59,  1.26it/s] 63%|██████▎   | 505/805 [06:28<03:53,  1.29it/s] 63%|██████▎   | 506/805 [06:29<03:36,  1.38it/s] 63%|██████▎   | 507/805 [06:30<03:40,  1.35it/s] 63%|██████▎   | 508/805 [06:31<03:39,  1.35it/s] 63%|██████▎   | 509/805 [06:31<03:34,  1.38it/s] 63%|██████▎   | 510/805 [06:32<03:40,  1.34it/s] 63%|██████▎   | 511/805 [06:33<03:25,  1.43it/s] 64%|██████▎   | 512/805 [06:33<03:31,  1.38it/s] 64%|██████▎   | 513/805 [06:34<03:54,  1.25it/s] 64%|██████▍   | 514/805 [06:35<03:46,  1.29it/s] 64%|██████▍   | 515/805 [06:36<03:44,  1.29it/s] 64%|██████▍   | 516/805 [06:37<03:41,  1.30it/s] 64%|██████▍   | 517/805 [06:37<03:40,  1.30it/s] 64%|██████▍   | 518/805 [06:38<03:38,  1.31it/s] 64%|██████▍   | 519/805 [06:39<03:23,  1.40it/s] 65%|██████▍   | 520/805 [06:40<03:42,  1.28it/s] 65%|██████▍   | 521/805 [06:40<03:37,  1.30it/s] 65%|██████▍   | 522/805 [06:41<03:37,  1.30it/s] 65%|██████▍   | 523/805 [06:42<03:33,  1.32it/s] 65%|██████▌   | 524/805 [06:43<03:30,  1.34it/s] 65%|██████▌   | 525/805 [06:43<03:32,  1.32it/s] 65%|██████▌   | 526/805 [06:44<03:48,  1.22it/s] 65%|██████▌   | 527/805 [06:45<03:44,  1.24it/s] 66%|██████▌   | 528/805 [06:46<03:33,  1.30it/s] 66%|██████▌   | 529/805 [06:47<03:30,  1.31it/s] 66%|██████▌   | 530/805 [06:47<03:24,  1.34it/s] 66%|██████▌   | 531/805 [06:48<03:26,  1.32it/s] 66%|██████▌   | 532/805 [06:49<03:26,  1.32it/s] 66%|██████▌   | 533/805 [06:50<03:32,  1.28it/s] 66%|██████▋   | 534/805 [06:50<03:29,  1.29it/s] 66%|██████▋   | 535/805 [06:51<03:30,  1.28it/s] 67%|██████▋   | 536/805 [06:52<03:26,  1.30it/s] 67%|██████▋   | 537/805 [06:53<03:26,  1.30it/s] 67%|██████▋   | 538/805 [06:53<03:27,  1.29it/s] 67%|██████▋   | 539/805 [06:54<03:21,  1.32it/s] 67%|██████▋   | 540/805 [06:55<03:16,  1.35it/s] 67%|██████▋   | 541/805 [06:56<03:15,  1.35it/s] 67%|██████▋   | 542/805 [06:56<03:13,  1.36it/s] 67%|██████▋   | 543/805 [06:57<03:14,  1.35it/s] 68%|██████▊   | 544/805 [06:58<03:14,  1.34it/s] 68%|██████▊   | 545/805 [06:59<03:26,  1.26it/s] 68%|██████▊   | 546/805 [07:00<03:26,  1.26it/s] 68%|██████▊   | 547/805 [07:00<03:22,  1.28it/s] 68%|██████▊   | 548/805 [07:01<03:18,  1.30it/s] 68%|██████▊   | 549/805 [07:02<03:16,  1.30it/s] 68%|██████▊   | 550/805 [07:03<03:11,  1.33it/s] 68%|██████▊   | 551/805 [07:04<03:27,  1.23it/s] 69%|██████▊   | 552/805 [07:04<03:25,  1.23it/s] 69%|██████▊   | 553/805 [07:05<03:18,  1.27it/s] 69%|██████▉   | 554/805 [07:06<03:13,  1.30it/s] 69%|██████▉   | 555/805 [07:07<03:09,  1.32it/s] 69%|██████▉   | 556/805 [07:07<03:08,  1.32it/s] 69%|██████▉   | 557/805 [07:08<03:19,  1.25it/s] 69%|██████▉   | 558/805 [07:09<03:16,  1.26it/s] 69%|██████▉   | 559/805 [07:10<03:11,  1.29it/s] 70%|██████▉   | 560/805 [07:10<03:06,  1.31it/s] 70%|██████▉   | 561/805 [07:11<03:15,  1.25it/s] 70%|██████▉   | 562/805 [07:12<03:14,  1.25it/s] 70%|██████▉   | 563/805 [07:13<03:11,  1.26it/s] 70%|███████   | 564/805 [07:14<03:19,  1.21it/s] 70%|███████   | 565/805 [07:15<03:09,  1.26it/s] 70%|███████   | 566/805 [07:15<03:06,  1.28it/s] 70%|███████   | 567/805 [07:16<03:05,  1.28it/s] 71%|███████   | 568/805 [07:17<03:00,  1.31it/s] 71%|███████   | 569/805 [07:18<03:00,  1.31it/s] 71%|███████   | 570/805 [07:18<03:13,  1.22it/s] 71%|███████   | 571/805 [07:19<03:10,  1.23it/s] 71%|███████   | 572/805 [07:20<03:06,  1.25it/s] 71%|███████   | 573/805 [07:21<03:01,  1.28it/s] 71%|███████▏  | 574/805 [07:22<03:00,  1.28it/s] 71%|███████▏  | 575/805 [07:22<02:54,  1.32it/s] 72%|███████▏  | 576/805 [07:23<03:05,  1.23it/s] 72%|███████▏  | 577/805 [07:24<02:57,  1.29it/s] 72%|███████▏  | 578/805 [07:25<02:56,  1.28it/s] 72%|███████▏  | 579/805 [07:25<02:53,  1.31it/s] 72%|███████▏  | 580/805 [07:26<02:51,  1.31it/s] 72%|███████▏  | 581/805 [07:27<02:46,  1.34it/s] 72%|███████▏  | 582/805 [07:28<02:47,  1.33it/s] 72%|███████▏  | 583/805 [07:29<02:59,  1.24it/s] 73%|███████▎  | 584/805 [07:29<02:54,  1.27it/s] 73%|███████▎  | 585/805 [07:30<02:53,  1.27it/s] 73%|███████▎  | 586/805 [07:31<02:51,  1.28it/s] 73%|███████▎  | 587/805 [07:32<02:46,  1.31it/s] 73%|███████▎  | 588/805 [07:32<02:45,  1.31it/s] 73%|███████▎  | 589/805 [07:33<02:55,  1.23it/s] 73%|███████▎  | 590/805 [07:34<02:53,  1.24it/s] 73%|███████▎  | 591/805 [07:35<02:51,  1.24it/s] 74%|███████▎  | 592/805 [07:36<02:49,  1.26it/s] 74%|███████▎  | 593/805 [07:36<02:44,  1.29it/s] 74%|███████▍  | 594/805 [07:37<02:42,  1.30it/s] 74%|███████▍  | 595/805 [07:38<02:49,  1.24it/s] 74%|███████▍  | 596/805 [07:39<02:46,  1.26it/s] 74%|███████▍  | 597/805 [07:40<02:42,  1.28it/s] 74%|███████▍  | 598/805 [07:40<02:37,  1.31it/s] 74%|███████▍  | 599/805 [07:41<02:37,  1.31it/s] 75%|███████▍  | 600/805 [07:42<02:36,  1.31it/s] 75%|███████▍  | 601/805 [07:43<02:43,  1.24it/s] 75%|███████▍  | 602/805 [07:43<02:36,  1.30it/s] 75%|███████▍  | 603/805 [07:44<02:34,  1.31it/s] 75%|███████▌  | 604/805 [07:45<02:41,  1.24it/s] 75%|███████▌  | 605/805 [07:46<02:35,  1.28it/s] 75%|███████▌  | 606/805 [07:46<02:25,  1.37it/s] 75%|███████▌  | 607/805 [07:47<02:34,  1.28it/s] 76%|███████▌  | 608/805 [07:48<02:23,  1.37it/s] 76%|███████▌  | 609/805 [07:49<02:23,  1.37it/s] 76%|███████▌  | 610/805 [07:50<02:33,  1.27it/s] 76%|███████▌  | 611/805 [07:50<02:31,  1.28it/s] 76%|███████▌  | 612/805 [07:51<02:30,  1.28it/s] 76%|███████▌  | 613/805 [07:52<02:36,  1.23it/s] 76%|███████▋  | 614/805 [07:53<02:22,  1.34it/s] 76%|███████▋  | 615/805 [07:53<02:23,  1.32it/s] 77%|███████▋  | 616/805 [07:54<02:21,  1.34it/s] 77%|███████▋  | 617/805 [07:55<02:19,  1.34it/s] 77%|███████▋  | 618/805 [07:56<02:17,  1.36it/s] 77%|███████▋  | 619/805 [07:56<02:18,  1.34it/s] 77%|███████▋  | 620/805 [07:57<02:35,  1.19it/s] 77%|███████▋  | 621/805 [07:58<02:28,  1.24it/s] 77%|███████▋  | 622/805 [07:59<02:24,  1.27it/s] 77%|███████▋  | 623/805 [08:00<02:23,  1.27it/s] 78%|███████▊  | 624/805 [08:00<02:20,  1.29it/s] 78%|███████▊  | 625/805 [08:01<02:21,  1.28it/s] 78%|███████▊  | 626/805 [08:02<02:30,  1.19it/s] 78%|███████▊  | 627/805 [08:03<02:24,  1.23it/s] 78%|███████▊  | 628/805 [08:04<02:21,  1.26it/s] 78%|███████▊  | 629/805 [08:04<02:14,  1.31it/s] 78%|███████▊  | 630/805 [08:05<02:04,  1.40it/s] 78%|███████▊  | 631/805 [08:06<02:06,  1.38it/s] 79%|███████▊  | 632/805 [08:07<02:15,  1.27it/s] 79%|███████▊  | 633/805 [08:07<02:13,  1.28it/s] 79%|███████▉  | 634/805 [08:08<02:13,  1.28it/s] 79%|███████▉  | 635/805 [08:09<02:05,  1.36it/s] 79%|███████▉  | 636/805 [08:10<02:03,  1.37it/s] 79%|███████▉  | 637/805 [08:10<02:05,  1.34it/s] 79%|███████▉  | 638/805 [08:11<02:13,  1.25it/s] 79%|███████▉  | 639/805 [08:12<02:17,  1.20it/s] 80%|███████▉  | 640/805 [08:13<02:13,  1.24it/s] 80%|███████▉  | 641/805 [08:14<02:08,  1.27it/s] 80%|███████▉  | 642/805 [08:15<02:15,  1.20it/s] 80%|███████▉  | 643/805 [08:15<02:11,  1.23it/s] 80%|████████  | 644/805 [08:16<02:08,  1.25it/s] 80%|████████  | 645/805 [08:17<02:12,  1.21it/s] 80%|████████  | 646/805 [08:18<02:08,  1.24it/s] 80%|████████  | 647/805 [08:18<02:03,  1.28it/s] 80%|████████  | 648/805 [08:19<02:03,  1.28it/s] 81%|████████  | 649/805 [08:20<02:02,  1.28it/s] 81%|████████  | 650/805 [08:21<01:59,  1.30it/s] 81%|████████  | 651/805 [08:22<02:03,  1.25it/s] 81%|████████  | 652/805 [08:22<01:54,  1.34it/s] 81%|████████  | 653/805 [08:23<01:52,  1.35it/s] 81%|████████  | 654/805 [08:24<01:52,  1.34it/s] 81%|████████▏ | 655/805 [08:24<01:51,  1.35it/s] 81%|████████▏ | 656/805 [08:25<01:51,  1.34it/s] 82%|████████▏ | 657/805 [08:26<01:49,  1.35it/s] 82%|████████▏ | 658/805 [08:27<01:55,  1.27it/s] 82%|████████▏ | 659/805 [08:28<01:52,  1.30it/s] 82%|████████▏ | 660/805 [08:28<01:51,  1.30it/s] 82%|████████▏ | 661/805 [08:29<01:48,  1.32it/s] 82%|████████▏ | 662/805 [08:30<01:54,  1.25it/s] 82%|████████▏ | 663/805 [08:31<01:49,  1.30it/s] 82%|████████▏ | 664/805 [08:32<01:54,  1.23it/s] 83%|████████▎ | 665/805 [08:32<01:51,  1.26it/s] 83%|████████▎ | 666/805 [08:33<01:47,  1.30it/s] 83%|████████▎ | 667/805 [08:34<01:46,  1.30it/s] 83%|████████▎ | 668/805 [08:34<01:39,  1.37it/s] 83%|████████▎ | 669/805 [08:35<01:38,  1.39it/s] 83%|████████▎ | 670/805 [08:36<01:44,  1.29it/s] 83%|████████▎ | 671/805 [08:37<01:41,  1.32it/s] 83%|████████▎ | 672/805 [08:37<01:35,  1.40it/s] 84%|████████▎ | 673/805 [08:38<01:34,  1.39it/s] 84%|████████▎ | 674/805 [08:39<01:37,  1.34it/s] 84%|████████▍ | 675/805 [08:40<01:36,  1.35it/s] 84%|████████▍ | 676/805 [08:41<01:41,  1.27it/s] 84%|████████▍ | 677/805 [08:41<01:41,  1.27it/s] 84%|████████▍ | 678/805 [08:42<01:36,  1.31it/s] 84%|████████▍ | 679/805 [08:43<01:34,  1.33it/s] 84%|████████▍ | 680/805 [08:44<01:33,  1.34it/s] 85%|████████▍ | 681/805 [08:44<01:31,  1.35it/s] 85%|████████▍ | 682/805 [08:45<01:32,  1.34it/s] 85%|████████▍ | 683/805 [08:46<01:36,  1.26it/s] 85%|████████▍ | 684/805 [08:47<01:35,  1.27it/s] 85%|████████▌ | 685/805 [08:47<01:31,  1.30it/s] 85%|████████▌ | 686/805 [08:48<01:30,  1.31it/s] 85%|████████▌ | 687/805 [08:49<01:29,  1.32it/s] 85%|████████▌ | 688/805 [08:50<01:26,  1.35it/s] 86%|████████▌ | 689/805 [08:50<01:26,  1.33it/s] 86%|████████▌ | 690/805 [08:51<01:31,  1.25it/s] 86%|████████▌ | 691/805 [08:52<01:28,  1.29it/s] 86%|████████▌ | 692/805 [08:53<01:27,  1.29it/s] 86%|████████▌ | 693/805 [08:53<01:20,  1.39it/s] 86%|████████▌ | 694/805 [08:54<01:20,  1.37it/s] 86%|████████▋ | 695/805 [08:55<01:17,  1.43it/s] 86%|████████▋ | 696/805 [08:56<01:18,  1.39it/s] 87%|████████▋ | 697/805 [08:56<01:18,  1.37it/s] 87%|████████▋ | 698/805 [08:57<01:19,  1.35it/s] 87%|████████▋ | 699/805 [08:58<01:18,  1.35it/s] 87%|████████▋ | 700/805 [08:59<01:18,  1.34it/s] 87%|████████▋ | 701/805 [08:59<01:18,  1.33it/s] 87%|████████▋ | 702/805 [09:00<01:21,  1.27it/s] 87%|████████▋ | 703/805 [09:01<01:14,  1.37it/s] 87%|████████▋ | 704/805 [09:02<01:15,  1.33it/s] 88%|████████▊ | 705/805 [09:02<01:13,  1.36it/s] 88%|████████▊ | 706/805 [09:03<01:14,  1.33it/s] 88%|████████▊ | 707/805 [09:04<01:12,  1.35it/s] 88%|████████▊ | 708/805 [09:05<01:18,  1.24it/s] 88%|████████▊ | 709/805 [09:05<01:12,  1.33it/s] 88%|████████▊ | 710/805 [09:06<01:12,  1.31it/s] 88%|████████▊ | 711/805 [09:07<01:06,  1.40it/s] 88%|████████▊ | 712/805 [09:07<01:05,  1.41it/s] 89%|████████▊ | 713/805 [09:08<01:05,  1.40it/s] 89%|████████▊ | 714/805 [09:09<01:06,  1.36it/s] 89%|████████▉ | 715/805 [09:10<01:11,  1.26it/s] 89%|████████▉ | 716/805 [09:11<01:09,  1.29it/s] 89%|████████▉ | 717/805 [09:11<01:06,  1.32it/s] 89%|████████▉ | 718/805 [09:12<01:04,  1.36it/s] 89%|████████▉ | 719/805 [09:13<01:04,  1.33it/s][2025-11-12T16:47:10.345] error: *** JOB 14671 ON smallslurm-a38msp-0 CANCELLED AT 2025-11-12T16:47:10 DUE to SIGNAL Terminated ***
