========================================================================
Scaled Configuration Test - 4 GPUs with Linear Probe
========================================================================
Job ID: 14696
Node: smallslurm-a38-1
Date: Wed Nov 12 23:16:48 UTC 2025
GPUs Requested: 4
========================================================================
Configuration:
  - Data: chunk_10 to chunk_20 (11 files, 3.3M samples)
  - Features: 128 → 256 (after categorize_nan)
  - Batch size: 4096 per GPU (16384 total effective)
  - Learning rate: 2.828e-4 (scaled by sqrt(8))
  - Scaling: IQR + asinh transform
  - Linear probe: DISABLED (probe_cadence=0) for clean scaling test
========================================================================
Hermit environment /home/aminmohamadi_squareup_com/projects activated
Available GPUs:
GPU 0: NVIDIA H100 80GB HBM3 (UUID: GPU-ab43c0b6-04b0-25c9-cc7e-f9e235aa1255)
GPU 1: NVIDIA H100 80GB HBM3 (UUID: GPU-7858b4d9-c03c-a3a1-655f-77e11cdcd7b0)
GPU 2: NVIDIA H100 80GB HBM3 (UUID: GPU-6bc9d1bb-14d9-1e1c-49d5-a48ad435cf4d)
GPU 3: NVIDIA H100 80GB HBM3 (UUID: GPU-18bc5140-2753-e060-cd37-860462e50548)

Wed Nov 12 23:16:48 2025       
+-----------------------------------------------------------------------------------------+
| NVIDIA-SMI 550.90.12              Driver Version: 550.90.12      CUDA Version: 12.4     |
|-----------------------------------------+------------------------+----------------------+
| GPU  Name                 Persistence-M | Bus-Id          Disp.A | Volatile Uncorr. ECC |
| Fan  Temp   Perf          Pwr:Usage/Cap |           Memory-Usage | GPU-Util  Compute M. |
|                                         |                        |               MIG M. |
|=========================================+========================+======================|
|   0  NVIDIA H100 80GB HBM3          On  |   00000000:05:00.0 Off |                    0 |
| N/A   29C    P0             69W /  700W |       1MiB /  81559MiB |      0%      Default |
|                                         |                        |             Disabled |
+-----------------------------------------+------------------------+----------------------+
|   1  NVIDIA H100 80GB HBM3          On  |   00000000:0B:00.0 Off |                    0 |
| N/A   28C    P0             68W /  700W |       1MiB /  81559MiB |      0%      Default |
|                                         |                        |             Disabled |
+-----------------------------------------+------------------------+----------------------+
|   2  NVIDIA H100 80GB HBM3          On  |   00000000:84:00.0 Off |                    0 |
| N/A   29C    P0             64W /  700W |       1MiB /  81559MiB |      0%      Default |
|                                         |                        |             Disabled |
+-----------------------------------------+------------------------+----------------------+
|   3  NVIDIA H100 80GB HBM3          On  |   00000000:85:00.0 Off |                    0 |
| N/A   28C    P0             67W /  700W |       1MiB /  81559MiB |      0%      Default |
|                                         |                        |             Disabled |
+-----------------------------------------+------------------------+----------------------+
                                                                                         
+-----------------------------------------------------------------------------------------+
| Processes:                                                                              |
|  GPU   GI   CI        PID   Type   Process name                              GPU Memory |
|        ID   ID                                                               Usage      |
|=========================================================================================|
|  No running processes found                                                             |
+-----------------------------------------------------------------------------------------+

========================================================================
SLURM Environment:
========================================================================
SLURM_GPUS: 4
SLURM_JOB_GPUS: 1,3,4,5
SLURM_STEP_GPUS: 
SLURM_GPUS_ON_NODE: 4
========================================================================

========================================================================
Starting 4-GPU T-JEPA training with scaled configuration...
========================================================================
/home/aminmohamadi_squareup_com/projects/.hermit/python/lib/python3.11/site-packages/torch/cuda/__init__.py:63: FutureWarning: The pynvml package is deprecated. Please install nvidia-ml-py instead. If you did not install pynvml directly, please report this to the maintainers of the package that installed pynvml for you.
  import pynvml  # type: ignore[import]
W1112 23:16:52.727000 469157 torch/distributed/run.py:803] 
W1112 23:16:52.727000 469157 torch/distributed/run.py:803] *****************************************
W1112 23:16:52.727000 469157 torch/distributed/run.py:803] Setting OMP_NUM_THREADS environment variable for each process to be 1 in default, to avoid your system being overloaded, please further tune the variable for optimal performance in your application as needed. 
W1112 23:16:52.727000 469157 torch/distributed/run.py:803] *****************************************
/home/aminmohamadi_squareup_com/projects/.hermit/python/lib/python3.11/site-packages/torch/cuda/__init__.py:63: FutureWarning: The pynvml package is deprecated. Please install nvidia-ml-py instead. If you did not install pynvml directly, please report this to the maintainers of the package that installed pynvml for you.
  import pynvml  # type: ignore[import]
/home/aminmohamadi_squareup_com/projects/.hermit/python/lib/python3.11/site-packages/torch/cuda/__init__.py:63: FutureWarning: The pynvml package is deprecated. Please install nvidia-ml-py instead. If you did not install pynvml directly, please report this to the maintainers of the package that installed pynvml for you.
  import pynvml  # type: ignore[import]
/home/aminmohamadi_squareup_com/projects/.hermit/python/lib/python3.11/site-packages/torch/cuda/__init__.py:63: FutureWarning: The pynvml package is deprecated. Please install nvidia-ml-py instead. If you did not install pynvml directly, please report this to the maintainers of the package that installed pynvml for you.
  import pynvml  # type: ignore[import]
/home/aminmohamadi_squareup_com/projects/.hermit/python/lib/python3.11/site-packages/torch/cuda/__init__.py:63: FutureWarning: The pynvml package is deprecated. Please install nvidia-ml-py instead. If you did not install pynvml directly, please report this to the maintainers of the package that installed pynvml for you.
  import pynvml  # type: ignore[import]
[idr_torch] rank=2 local_rank=2 size=4 | MASTER_ADDR=smallslurm-a38-1.c.sq-cash-ml-slurm-prod.internal MASTER_PORT=45225
[idr_torch] rank=0 local_rank=0 size=4 | MASTER_ADDR=smallslurm-a38-1.c.sq-cash-ml-slurm-prod.internal MASTER_PORT=45225
[idr_torch] rank=3 local_rank=3 size=4 | MASTER_ADDR=smallslurm-a38-1.c.sq-cash-ml-slurm-prod.internal MASTER_PORT=45225
[idr_torch] rank=1 local_rank=1 size=4 | MASTER_ADDR=smallslurm-a38-1.c.sq-cash-ml-slurm-prod.internal MASTER_PORT=45225
✓ MLflow logging configured for project: scaled_config_4gpu_test
[Distributed pre-init] RANK=1 WORLD_SIZE=4 LOCAL_RANK=1 MASTER_ADDR=smallslurm-a38-1.c.sq-cash-ml-slurm-prod.internal MASTER_PORT=45225
✓ MLflow logging configured for project: scaled_config_4gpu_test
[Distributed pre-init] RANK=0 WORLD_SIZE=4 LOCAL_RANK=0 MASTER_ADDR=smallslurm-a38-1.c.sq-cash-ml-slurm-prod.internal MASTER_PORT=45225
✓ MLflow logging configured for project: scaled_config_4gpu_test
[Distributed pre-init] RANK=2 WORLD_SIZE=4 LOCAL_RANK=2 MASTER_ADDR=smallslurm-a38-1.c.sq-cash-ml-slurm-prod.internal MASTER_PORT=45225
✓ MLflow logging configured for project: scaled_config_4gpu_test
[Distributed pre-init] RANK=3 WORLD_SIZE=4 LOCAL_RANK=3 MASTER_ADDR=smallslurm-a38-1.c.sq-cash-ml-slurm-prod.internal MASTER_PORT=45225
[Debug] idr_torch.world_size=4
[Debug] idr_torch.rank=0
[Debug] idr_torch.local_rank=0
[Debug] idr_torch.gpu_ids=['1', '3', '4', '5']
[Debug] idr_torch.cpus_per_task=64
[Distributed post-init] rank 0 / 4 | backend=nccl | current_device=0
[Debug] torch.cuda.set_device(0) called on PID 469281
[Debug] distributed_args={'world_size': 4, 'rank': 0, 'gpu': 0}
[Debug] Using parquet dataset from LocalFilesDataset
[Debug] idr_torch.world_size=4
[Debug] idr_torch.rank=1
[Debug] idr_torch.local_rank=1
[Debug] idr_torch.gpu_ids=['1', '3', '4', '5']
[Debug] idr_torch.cpus_per_task=64
[Distributed post-init] rank 1 / 4 | backend=nccl | current_device=1
[Debug] torch.cuda.set_device(1) called on PID 469282
[Debug] distributed_args={'world_size': 4, 'rank': 1, 'gpu': 1}
[Debug] Using parquet dataset from LocalFilesDataset
[Debug] idr_torch.world_size=4
[Debug] idr_torch.rank=2
[Debug] idr_torch.local_rank=2
[Debug] idr_torch.gpu_ids=['1', '3', '4', '5']
[Debug] idr_torch.cpus_per_task=64
[Distributed post-init] rank 2 / 4 | backend=nccl | current_device=2
[Debug] torch.cuda.set_device(2) called on PID 469283
[Debug] distributed_args={'world_size': 4, 'rank': 2, 'gpu': 2}
[Debug] Using parquet dataset from LocalFilesDataset
[Debug] idr_torch.world_size=4
[Debug] idr_torch.rank=3
[Debug] idr_torch.local_rank=3
[Debug] idr_torch.gpu_ids=['1', '3', '4', '5']
[Debug] idr_torch.cpus_per_task=64
[Distributed post-init] rank 3 / 4 | backend=nccl | current_device=3
[Debug] torch.cuda.set_device(3) called on PID 469284
[Debug] distributed_args={'world_size': 4, 'rank': 3, 'gpu': 3}
[Debug] Using parquet dataset from LocalFilesDataset
[Debug] Parquet dataset created: N=3300000, D=256
[Debug] Parquet dataset created: N=3300000, D=256
╒═══════════════════════════════╤════════════════════════════════════════════════════════════════════════════════════════════════════════════════════════════════════════════════════════════════════════════════════════════╕
│ mock                          │ False                                                                                                                                                                                      │
├───────────────────────────────┼────────────────────────────────────────────────────────────────────────────────────────────────────────────────────────────────────────────────────────────────────────────────────────────┤
│ res_dir                       │ ./                                                                                                                                                                                         │
├───────────────────────────────┼────────────────────────────────────────────────────────────────────────────────────────────────────────────────────────────────────────────────────────────────────────────────────────────┤
│ data_path                     │ data                                                                                                                                                                                       │
├───────────────────────────────┼────────────────────────────────────────────────────────────────────────────────────────────────────────────────────────────────────────────────────────────────────────────────────────────┤
│ data_set                      │ parquet_dataset                                                                                                                                                                            │
├───────────────────────────────┼────────────────────────────────────────────────────────────────────────────────────────────────────────────────────────────────────────────────────────────────────────────────────────────┤
│ test_size_ratio               │ 0.0                                                                                                                                                                                        │
├───────────────────────────────┼────────────────────────────────────────────────────────────────────────────────────────────────────────────────────────────────────────────────────────────────────────────────────────────┤
│ val_size_ratio                │ 0.0                                                                                                                                                                                        │
├───────────────────────────────┼────────────────────────────────────────────────────────────────────────────────────────────────────────────────────────────────────────────────────────────────────────────────────────────┤
│ random_state                  │ 42                                                                                                                                                                                         │
├───────────────────────────────┼────────────────────────────────────────────────────────────────────────────────────────────────────────────────────────────────────────────────────────────────────────────────────────────┤
│ full_dataset_cuda             │ False                                                                                                                                                                                      │
├───────────────────────────────┼────────────────────────────────────────────────────────────────────────────────────────────────────────────────────────────────────────────────────────────────────────────────────────────┤
│ verbose                       │ False                                                                                                                                                                                      │
├───────────────────────────────┼────────────────────────────────────────────────────────────────────────────────────────────────────────────────────────────────────────────────────────────────────────────────────────────┤
│ use_parquet_dataset           │ True                                                                                                                                                                                       │
├───────────────────────────────┼────────────────────────────────────────────────────────────────────────────────────────────────────────────────────────────────────────────────────────────────────────────────────────────┤
│ parquet_data_dir              │ /projects/risk-tabular/general_chargebacks/202207-202407-all-positives-negative-ratio-1.0-v0/train                                                                                         │
├───────────────────────────────┼────────────────────────────────────────────────────────────────────────────────────────────────────────────────────────────────────────────────────────────────────────────────────────────┤
│ parquet_data_files            │ chunk_10.parquet,chunk_11.parquet,chunk_12.parquet,chunk_13.parquet,chunk_14.parquet,chunk_15.parquet,chunk_16.parquet,chunk_17.parquet,chunk_18.parquet,chunk_19.parquet,chunk_20.parquet │
├───────────────────────────────┼────────────────────────────────────────────────────────────────────────────────────────────────────────────────────────────────────────────────────────────────────────────────────────────┤
│ parquet_scaling_stats_file    │ /projects/risk-tabular/general_chargebacks/202207-202407-all-positives-negative-ratio-1.0-v0/train/stats_bootstrap.pq                                                                      │
├───────────────────────────────┼────────────────────────────────────────────────────────────────────────────────────────────────────────────────────────────────────────────────────────────────────────────────────────────┤
│ parquet_feature_names_file    │ /projects/risk-tabular/general_chargebacks/20240724_feature_selection/xgboost_importances_seed_1_sample_0.5.csv                                                                            │
├───────────────────────────────┼────────────────────────────────────────────────────────────────────────────────────────────────────────────────────────────────────────────────────────────────────────────────────────────┤
│ parquet_num_features          │ 128                                                                                                                                                                                        │
├───────────────────────────────┼────────────────────────────────────────────────────────────────────────────────────────────────────────────────────────────────────────────────────────────────────────────────────────────┤
│ parquet_target_col            │ target                                                                                                                                                                                     │
├───────────────────────────────┼────────────────────────────────────────────────────────────────────────────────────────────────────────────────────────────────────────────────────────────────────────────────────────────┤
│ parquet_task_type             │ binary_class                                                                                                                                                                               │
├───────────────────────────────┼────────────────────────────────────────────────────────────────────────────────────────────────────────────────────────────────────────────────────────────────────────────────────────────┤
│ parquet_id_col                │ ID                                                                                                                                                                                         │
├───────────────────────────────┼────────────────────────────────────────────────────────────────────────────────────────────────────────────────────────────────────────────────────────────────────────────────────────────┤
│ parquet_preload_data          │ True                                                                                                                                                                                       │
├───────────────────────────────┼────────────────────────────────────────────────────────────────────────────────────────────────────────────────────────────────────────────────────────────────────────────────────────────┤
│ parquet_shuffle               │ True                                                                                                                                                                                       │
├───────────────────────────────┼────────────────────────────────────────────────────────────────────────────────────────────────────────────────────────────────────────────────────────────────────────────────────────────┤
│ parquet_scaling_method        │ IQR                                                                                                                                                                                        │
├───────────────────────────────┼────────────────────────────────────────────────────────────────────────────────────────────────────────────────────────────────────────────────────────────────────────────────────────────┤
│ parquet_infill_value          │ zero                                                                                                                                                                                       │
├───────────────────────────────┼────────────────────────────────────────────────────────────────────────────────────────────────────────────────────────────────────────────────────────────────────────────────────────────┤
│ parquet_transform             │ asinh                                                                                                                                                                                      │
├───────────────────────────────┼────────────────────────────────────────────────────────────────────────────────────────────────────────────────────────────────────────────────────────────────────────────────────────────┤
│ parquet_categorize_nan        │ True                                                                                                                                                                                       │
├───────────────────────────────┼────────────────────────────────────────────────────────────────────────────────────────────────────────────────────────────────────────────────────────────────────────────────────────────┤
│ parquet_clip_min              │                                                                                                                                                                                            │
├───────────────────────────────┼────────────────────────────────────────────────────────────────────────────────────────────────────────────────────────────────────────────────────────────────────────────────────────────┤
│ parquet_clip_max              │                                                                                                                                                                                            │
├───────────────────────────────┼────────────────────────────────────────────────────────────────────────────────────────────────────────────────────────────────────────────────────────────────────────────────────────────┤
│ tag                           │                                                                                                                                                                                            │
├───────────────────────────────┼────────────────────────────────────────────────────────────────────────────────────────────────────────────────────────────────────────────────────────────────────────────────────────────┤
│ project_name                  │ scaled_config_4gpu_test                                                                                                                                                                    │
├───────────────────────────────┼────────────────────────────────────────────────────────────────────────────────────────────────────────────────────────────────────────────────────────────────────────────────────────────┤
│ test                          │ False                                                                                                                                                                                      │
├───────────────────────────────┼────────────────────────────────────────────────────────────────────────────────────────────────────────────────────────────────────────────────────────────────────────────────────────────┤
│ exp_n_runs                    │ 1                                                                                                                                                                                          │
├───────────────────────────────┼────────────────────────────────────────────────────────────────────────────────────────────────────────────────────────────────────────────────────────────────────────────────────────────┤
│ exp_device                    │                                                                                                                                                                                            │
├───────────────────────────────┼────────────────────────────────────────────────────────────────────────────────────────────────────────────────────────────────────────────────────────────────────────────────────────────┤
│ np_seed                       │ 42                                                                                                                                                                                         │
├───────────────────────────────┼────────────────────────────────────────────────────────────────────────────────────────────────────────────────────────────────────────────────────────────────────────────────────────────┤
│ torch_seed                    │ 42                                                                                                                                                                                         │
├───────────────────────────────┼────────────────────────────────────────────────────────────────────────────────────────────────────────────────────────────────────────────────────────────────────────────────────────────┤
│ random                        │ False                                                                                                                                                                                      │
├───────────────────────────────┼────────────────────────────────────────────────────────────────────────────────────────────────────────────────────────────────────────────────────────────────────────────────────────────┤
│ batch_size                    │ 4096                                                                                                                                                                                       │
├───────────────────────────────┼────────────────────────────────────────────────────────────────────────────────────────────────────────────────────────────────────────────────────────────────────────────────────────────┤
│ val_batch_size                │ -1                                                                                                                                                                                         │
├───────────────────────────────┼────────────────────────────────────────────────────────────────────────────────────────────────────────────────────────────────────────────────────────────────────────────────────────────┤
│ exp_train_total_epochs        │ 10                                                                                                                                                                                         │
├───────────────────────────────┼────────────────────────────────────────────────────────────────────────────────────────────────────────────────────────────────────────────────────────────────────────────────────────────┤
│ exp_patience                  │ 10                                                                                                                                                                                         │
├───────────────────────────────┼────────────────────────────────────────────────────────────────────────────────────────────────────────────────────────────────────────────────────────────────────────────────────────────┤
│ log_tensorboard               │ False                                                                                                                                                                                      │
├───────────────────────────────┼────────────────────────────────────────────────────────────────────────────────────────────────────────────────────────────────────────────────────────────────────────────────────────────┤
│ exp_cadence_type              │ improvement                                                                                                                                                                                │
├───────────────────────────────┼────────────────────────────────────────────────────────────────────────────────────────────────────────────────────────────────────────────────────────────────────────────────────────────┤
│ exp_cache_cadence             │ 1                                                                                                                                                                                          │
├───────────────────────────────┼────────────────────────────────────────────────────────────────────────────────────────────────────────────────────────────────────────────────────────────────────────────────────────────┤
│ exp_val_cache_cadence         │ 1                                                                                                                                                                                          │
├───────────────────────────────┼────────────────────────────────────────────────────────────────────────────────────────────────────────────────────────────────────────────────────────────────────────────────────────────┤
│ init_type                     │ kaiming                                                                                                                                                                                    │
├───────────────────────────────┼────────────────────────────────────────────────────────────────────────────────────────────────────────────────────────────────────────────────────────────────────────────────────────────┤
│ exp_scheduler                 │ True                                                                                                                                                                                       │
├───────────────────────────────┼────────────────────────────────────────────────────────────────────────────────────────────────────────────────────────────────────────────────────────────────────────────────────────────┤
│ exp_weight_decay_scheduler    │ True                                                                                                                                                                                       │
├───────────────────────────────┼────────────────────────────────────────────────────────────────────────────────────────────────────────────────────────────────────────────────────────────────────────────────────────────┤
│ exp_start_lr                  │ 0.001                                                                                                                                                                                      │
├───────────────────────────────┼────────────────────────────────────────────────────────────────────────────────────────────────────────────────────────────────────────────────────────────────────────────────────────────┤
│ exp_lr                        │ 0.0002828                                                                                                                                                                                  │
├───────────────────────────────┼────────────────────────────────────────────────────────────────────────────────────────────────────────────────────────────────────────────────────────────────────────────────────────────┤
│ exp_final_lr                  │ 0                                                                                                                                                                                          │
├───────────────────────────────┼────────────────────────────────────────────────────────────────────────────────────────────────────────────────────────────────────────────────────────────────────────────────────────────┤
│ exp_warmup                    │ 0.05                                                                                                                                                                                       │
├───────────────────────────────┼────────────────────────────────────────────────────────────────────────────────────────────────────────────────────────────────────────────────────────────────────────────────────────────┤
│ exp_weight_decay              │ 1e-05                                                                                                                                                                                      │
├───────────────────────────────┼────────────────────────────────────────────────────────────────────────────────────────────────────────────────────────────────────────────────────────────────────────────────────────────┤
│ exp_final_weight_decay        │ 0.01                                                                                                                                                                                       │
├───────────────────────────────┼────────────────────────────────────────────────────────────────────────────────────────────────────────────────────────────────────────────────────────────────────────────────────────────┤
│ exp_ipe_scale                 │ 1.0                                                                                                                                                                                        │
├───────────────────────────────┼────────────────────────────────────────────────────────────────────────────────────────────────────────────────────────────────────────────────────────────────────────────────────────────┤
│ exp_gradient_clipping         │ 1.0                                                                                                                                                                                        │
├───────────────────────────────┼────────────────────────────────────────────────────────────────────────────────────────────────────────────────────────────────────────────────────────────────────────────────────────────┤
│ mp_distributed                │ True                                                                                                                                                                                       │
├───────────────────────────────┼────────────────────────────────────────────────────────────────────────────────────────────────────────────────────────────────────────────────────────────────────────────────────────────┤
│ mp_nodes                      │ 1                                                                                                                                                                                          │
├───────────────────────────────┼────────────────────────────────────────────────────────────────────────────────────────────────────────────────────────────────────────────────────────────────────────────────────────────┤
│ mp_gpus                       │ 4                                                                                                                                                                                          │
├───────────────────────────────┼────────────────────────────────────────────────────────────────────────────────────────────────────────────────────────────────────────────────────────────────────────────────────────────┤
│ mp_nr                         │ 0                                                                                                                                                                                          │
├───────────────────────────────┼────────────────────────────────────────────────────────────────────────────────────────────────────────────────────────────────────────────────────────────────────────────────────────────┤
│ pin_memory                    │ True                                                                                                                                                                                       │
├───────────────────────────────┼────────────────────────────────────────────────────────────────────────────────────────────────────────────────────────────────────────────────────────────────────────────────────────────┤
│ using_embedding               │ False                                                                                                                                                                                      │
├───────────────────────────────┼────────────────────────────────────────────────────────────────────────────────────────────────────────────────────────────────────────────────────────────────────────────────────────────┤
│ model_dtype                   │ float32                                                                                                                                                                                    │
├───────────────────────────────┼────────────────────────────────────────────────────────────────────────────────────────────────────────────────────────────────────────────────────────────────────────────────────────────┤
│ data_loader_nprocs            │ 0                                                                                                                                                                                          │
├───────────────────────────────┼────────────────────────────────────────────────────────────────────────────────────────────────────────────────────────────────────────────────────────────────────────────────────────────┤
│ load_from_checkpoint          │ False                                                                                                                                                                                      │
├───────────────────────────────┼────────────────────────────────────────────────────────────────────────────────────────────────────────────────────────────────────────────────────────────────────────────────────────────┤
│ load_path                     │                                                                                                                                                                                            │
├───────────────────────────────┼────────────────────────────────────────────────────────────────────────────────────────────────────────────────────────────────────────────────────────────────────────────────────────────┤
│ model_amp                     │ False                                                                                                                                                                                      │
├───────────────────────────────┼────────────────────────────────────────────────────────────────────────────────────────────────────────────────────────────────────────────────────────────────────────────────────────────┤
│ model_feature_type_embedding  │ True                                                                                                                                                                                       │
├───────────────────────────────┼────────────────────────────────────────────────────────────────────────────────────────────────────────────────────────────────────────────────────────────────────────────────────────────┤
│ model_feature_index_embedding │ True                                                                                                                                                                                       │
├───────────────────────────────┼────────────────────────────────────────────────────────────────────────────────────────────────────────────────────────────────────────────────────────────────────────────────────────────┤
│ model_dropout_prob            │ 0.1                                                                                                                                                                                        │
├───────────────────────────────┼────────────────────────────────────────────────────────────────────────────────────────────────────────────────────────────────────────────────────────────────────────────────────────────┤
│ model_layer_norm_eps          │ 1e-05                                                                                                                                                                                      │
├───────────────────────────────┼────────────────────────────────────────────────────────────────────────────────────────────────────────────────────────────────────────────────────────────────────────────────────────────┤
│ model_dim_hidden              │ 64                                                                                                                                                                                         │
├───────────────────────────────┼────────────────────────────────────────────────────────────────────────────────────────────────────────────────────────────────────────────────────────────────────────────────────────────┤
│ model_dim_feedforward         │ 256                                                                                                                                                                                        │
├───────────────────────────────┼────────────────────────────────────────────────────────────────────────────────────────────────────────────────────────────────────────────────────────────────────────────────────────────┤
│ model_num_heads               │ 4                                                                                                                                                                                          │
├───────────────────────────────┼────────────────────────────────────────────────────────────────────────────────────────────────────────────────────────────────────────────────────────────────────────────────────────────┤
│ model_num_layers              │ 4                                                                                                                                                                                          │
├───────────────────────────────┼────────────────────────────────────────────────────────────────────────────────────────────────────────────────────────────────────────────────────────────────────────────────────────────┤
│ model_ema_end                 │ 1                                                                                                                                                                                          │
├───────────────────────────────┼────────────────────────────────────────────────────────────────────────────────────────────────────────────────────────────────────────────────────────────────────────────────────────────┤
│ model_ema_start               │ 0.996                                                                                                                                                                                      │
├───────────────────────────────┼────────────────────────────────────────────────────────────────────────────────────────────────────────────────────────────────────────────────────────────────────────────────────────────┤
│ model_act_func                │ relu                                                                                                                                                                                       │
├───────────────────────────────┼────────────────────────────────────────────────────────────────────────────────────────────────────────────────────────────────────────────────────────────────────────────────────────────┤
│ probe_cadence                 │ 0                                                                                                                                                                                          │
├───────────────────────────────┼────────────────────────────────────────────────────────────────────────────────────────────────────────────────────────────────────────────────────────────────────────────────────────────┤
│ probe_model                   │ mlp                                                                                                                                                                                        │
├───────────────────────────────┼────────────────────────────────────────────────────────────────────────────────────────────────────────────────────────────────────────────────────────────────────────────────────────────┤
│ probe_sample_fraction         │ 0.1                                                                                                                                                                                        │
├───────────────────────────────┼────────────────────────────────────────────────────────────────────────────────────────────────────────────────────────────────────────────────────────────────────────────────────────────┤
│ n_cls_tokens                  │ 1                                                                                                                                                                                          │
├───────────────────────────────┼────────────────────────────────────────────────────────────────────────────────────────────────────────────────────────────────────────────────────────────────────────────────────────────┤
│ n_reg_tokens                  │ 1                                                                                                                                                                                          │
├───────────────────────────────┼────────────────────────────────────────────────────────────────────────────────────────────────────────────────────────────────────────────────────────────────────────────────────────────┤
│ pred_type                     │ transformer                                                                                                                                                                                │
├───────────────────────────────┼────────────────────────────────────────────────────────────────────────────────────────────────────────────────────────────────────────────────────────────────────────────────────────────┤
│ pred_num_layers               │ 2                                                                                                                                                                                          │
├───────────────────────────────┼────────────────────────────────────────────────────────────────────────────────────────────────────────────────────────────────────────────────────────────────────────────────────────────┤
│ pred_embed_dim                │ 64                                                                                                                                                                                         │
├───────────────────────────────┼────────────────────────────────────────────────────────────────────────────────────────────────────────────────────────────────────────────────────────────────────────────────────────────┤
│ pred_num_heads                │ 4                                                                                                                                                                                          │
├───────────────────────────────┼────────────────────────────────────────────────────────────────────────────────────────────────────────────────────────────────────────────────────────────────────────────────────────────┤
│ pred_p_dropout                │ 0.1                                                                                                                                                                                        │
├───────────────────────────────┼────────────────────────────────────────────────────────────────────────────────────────────────────────────────────────────────────────────────────────────────────────────────────────────┤
│ pred_layer_norm_eps           │ 1e-05                                                                                                                                                                                      │
├───────────────────────────────┼────────────────────────────────────────────────────────────────────────────────────────────────────────────────────────────────────────────────────────────────────────────────────────────┤
│ pred_activation               │ relu                                                                                                                                                                                       │
├───────────────────────────────┼────────────────────────────────────────────────────────────────────────────────────────────────────────────────────────────────────────────────────────────────────────────────────────────┤
│ pred_dim_feedforward          │ 256                                                                                                                                                                                        │
├───────────────────────────────┼────────────────────────────────────────────────────────────────────────────────────────────────────────────────────────────────────────────────────────────────────────────────────────────┤
│ mask_allow_overlap            │ False                                                                                                                                                                                      │
├───────────────────────────────┼────────────────────────────────────────────────────────────────────────────────────────────────────────────────────────────────────────────────────────────────────────────────────────────┤
│ mask_min_ctx_share            │ 0.2                                                                                                                                                                                        │
├───────────────────────────────┼────────────────────────────────────────────────────────────────────────────────────────────────────────────────────────────────────────────────────────────────────────────────────────────┤
│ mask_max_ctx_share            │ 0.4                                                                                                                                                                                        │
├───────────────────────────────┼────────────────────────────────────────────────────────────────────────────────────────────────────────────────────────────────────────────────────────────────────────────────────────────┤
│ mask_min_trgt_share           │ 0.2                                                                                                                                                                                        │
├───────────────────────────────┼────────────────────────────────────────────────────────────────────────────────────────────────────────────────────────────────────────────────────────────────────────────────────────────┤
│ mask_max_trgt_share           │ 0.4                                                                                                                                                                                        │
├───────────────────────────────┼────────────────────────────────────────────────────────────────────────────────────────────────────────────────────────────────────────────────────────────────────────────────────────────┤
│ mask_num_preds                │ 4                                                                                                                                                                                          │
├───────────────────────────────┼────────────────────────────────────────────────────────────────────────────────────────────────────────────────────────────────────────────────────────────────────────────────────────────┤
│ mask_num_encs                 │ 1                                                                                                                                                                                          │
├───────────────────────────────┼────────────────────────────────────────────────────────────────────────────────────────────────────────────────────────────────────────────────────────────────────────────────────────────┤
│ optuna_study_name             │                                                                                                                                                                                            │
├───────────────────────────────┼────────────────────────────────────────────────────────────────────────────────────────────────────────────────────────────────────────────────────────────────────────────────────────────┤
│ optuna_trial_number           │                                                                                                                                                                                            │
├───────────────────────────────┼────────────────────────────────────────────────────────────────────────────────────────────────────────────────────────────────────────────────────────────────────────────────────────────┤
│ optuna_output_dir             │                                                                                                                                                                                            │
├───────────────────────────────┼────────────────────────────────────────────────────────────────────────────────────────────────────────────────────────────────────────────────────────────────────────────────────────────┤
│ is_batchlearning              │ True                                                                                                                                                                                       │
├───────────────────────────────┼────────────────────────────────────────────────────────────────────────────────────────────────────────────────────────────────────────────────────────────────────────────────────────────┤
│ iteration                     │ 0                                                                                                                                                                                          │
╘═══════════════════════════════╧════════════════════════════════════════════════════════════════════════════════════════════════════════════════════════════════════════════════════════════════════════════════════════════╛
[Debug] Loading dataset …
[Debug] Parquet dataset ready (preprocessing handled by LocalFilesDataset)
Encoder Module parameters:
+-------------------+--------------------------------------------------------------------------------------------------------------------------------------------------------------------------------------------------------------------------------------------------------------------------------------------------------------------------------------------------------------------------------------------------------------------------------------------------------------------------------------------------------------------------------------------------------------------------------------------------------------------------------------------------------------------------------------------------------------------------------------------------------------------------------------------------------------------------------------------------------------------------------------------------------------------------------------------------------------------------------------------------------------------------------------------------------------------------------------------------------------------------------------------------------------------------------------------------------------------+
|     Parameter     |                                                                                                                                                                                                                                                                                                                                                                                                                                                                                                                                                                                                       Value                                                                                                                                                                                                                                                                                                                                                                                                                                                                                                                                                                                                        |
+-------------------+--------------------------------------------------------------------------------------------------------------------------------------------------------------------------------------------------------------------------------------------------------------------------------------------------------------------------------------------------------------------------------------------------------------------------------------------------------------------------------------------------------------------------------------------------------------------------------------------------------------------------------------------------------------------------------------------------------------------------------------------------------------------------------------------------------------------------------------------------------------------------------------------------------------------------------------------------------------------------------------------------------------------------------------------------------------------------------------------------------------------------------------------------------------------------------------------------------------------+
|    hidden_dim     |                                                                                                                                                                                                                                                                                                                                                                                                                                                                                                                                                                                                         64                                                                                                                                                                                                                                                                                                                                                                                                                                                                                                                                                                                                         |
| idx_num_features  | [0, 1, 2, 3, 4, 5, 6, 7, 8, 9, 10, 11, 12, 13, 14, 15, 16, 17, 18, 19, 20, 21, 22, 23, 24, 25, 26, 27, 28, 29, 30, 31, 32, 33, 34, 35, 36, 37, 38, 39, 40, 41, 42, 43, 44, 45, 46, 47, 48, 49, 50, 51, 52, 53, 54, 55, 56, 57, 58, 59, 60, 61, 62, 63, 64, 65, 66, 67, 68, 69, 70, 71, 72, 73, 74, 75, 76, 77, 78, 79, 80, 81, 82, 83, 84, 85, 86, 87, 88, 89, 90, 91, 92, 93, 94, 95, 96, 97, 98, 99, 100, 101, 102, 103, 104, 105, 106, 107, 108, 109, 110, 111, 112, 113, 114, 115, 116, 117, 118, 119, 120, 121, 122, 123, 124, 125, 126, 127, 128, 129, 130, 131, 132, 133, 134, 135, 136, 137, 138, 139, 140, 141, 142, 143, 144, 145, 146, 147, 148, 149, 150, 151, 152, 153, 154, 155, 156, 157, 158, 159, 160, 161, 162, 163, 164, 165, 166, 167, 168, 169, 170, 171, 172, 173, 174, 175, 176, 177, 178, 179, 180, 181, 182, 183, 184, 185, 186, 187, 188, 189, 190, 191, 192, 193, 194, 195, 196, 197, 198, 199, 200, 201, 202, 203, 204, 205, 206, 207, 208, 209, 210, 211, 212, 213, 214, 215, 216, 217, 218, 219, 220, 221, 222, 223, 224, 225, 226, 227, 228, 229, 230, 231, 232, 233, 234, 235, 236, 237, 238, 239, 240, 241, 242, 243, 244, 245, 246, 247, 248, 249, 250, 251, 252, 253, 254, 255] |
| idx_cat_features  |                                                                                                                                                                                                                                                                                                                                                                                                                                                                                                                                                                                                         []                                                                                                                                                                                                                                                                                                                                                                                                                                                                                                                                                                                                         |
|   cardinalities   |                                                                                                                                                                                                                                                                                                                                                                                                                                                                                                                                                                                                         []                                                                                                                                                                                                                                                                                                                                                                                                                                                                                                                                                                                                         |
| n_input_features  |                                                                                                                                                                                                                                                                                                                                                                                                                                                                                                                                                                                                        256                                                                                                                                                                                                                                                                                                                                                                                                                                                                                                                                                                                                         |
|      device       |                                                                                                                                                                                                                                                                                                                                                                                                                                                                                                                                                                                                       cuda:2                                                                                                                                                                                                                                                                                                                                                                                                                                                                                                                                                                                                       |
|    num_layers     |                                                                                                                                                                                                                                                                                                                                                                                                                                                                                                                                                                                                         4                                                                                                                                                                                                                                                                                                                                                                                                                                                                                                                                                                                                          |
|     num_heads     |                                                                                                                                                                                                                                                                                                                                                                                                                                                                                                                                                                                                         4                                                                                                                                                                                                                                                                                                                                                                                                                                                                                                                                                                                                          |
|     p_dropout     |                                                                                                                                                                                                                                                                                                                                                                                                                                                                                                                                                                                                        0.1                                                                                                                                                                                                                                                                                                                                                                                                                                                                                                                                                                                                         |
|  layer_norm_eps   |                                                                                                                                                                                                                                                                                                                                                                                                                                                                                                                                                                                                       1e-05                                                                                                                                                                                                                                                                                                                                                                                                                                                                                                                                                                                                        |
| gradient_clipping |                                                                                                                                                                                                                                                                                                                                                                                                                                                                                                                                                                                                        1.0                                                                                                                                                                                                                                                                                                                                                                                                                                                                                                                                                                                                         |
|  dim_feedforward  |                                                                                                                                                                                                                                                                                                                                                                                                                                                                                                                                                                                                        256                                                                                                                                                                                                                                                                                                                                                                                                                                                                                                                                                                                                         |
+-------------------+--------------------------------------------------------------------------------------------------------------------------------------------------------------------------------------------------------------------------------------------------------------------------------------------------------------------------------------------------------------------------------------------------------------------------------------------------------------------------------------------------------------------------------------------------------------------------------------------------------------------------------------------------------------------------------------------------------------------------------------------------------------------------------------------------------------------------------------------------------------------------------------------------------------------------------------------------------------------------------------------------------------------------------------------------------------------------------------------------------------------------------------------------------------------------------------------------------------------+
Using feature index embedding (unique embedding for each column).
╒═══════════════════════════════╤════════════════════════════════════════════════════════════════════════════════════════════════════════════════════════════════════════════════════════════════════════════════════════════╕
│ mock                          │ False                                                                                                                                                                                      │
├───────────────────────────────┼────────────────────────────────────────────────────────────────────────────────────────────────────────────────────────────────────────────────────────────────────────────────────────────┤
│ res_dir                       │ ./                                                                                                                                                                                         │
├───────────────────────────────┼────────────────────────────────────────────────────────────────────────────────────────────────────────────────────────────────────────────────────────────────────────────────────────────┤
│ data_path                     │ data                                                                                                                                                                                       │
├───────────────────────────────┼────────────────────────────────────────────────────────────────────────────────────────────────────────────────────────────────────────────────────────────────────────────────────────────┤
│ data_set                      │ parquet_dataset                                                                                                                                                                            │
├───────────────────────────────┼────────────────────────────────────────────────────────────────────────────────────────────────────────────────────────────────────────────────────────────────────────────────────────────┤
│ test_size_ratio               │ 0.0                                                                                                                                                                                        │
├───────────────────────────────┼────────────────────────────────────────────────────────────────────────────────────────────────────────────────────────────────────────────────────────────────────────────────────────────┤
│ val_size_ratio                │ 0.0                                                                                                                                                                                        │
├───────────────────────────────┼────────────────────────────────────────────────────────────────────────────────────────────────────────────────────────────────────────────────────────────────────────────────────────────┤
│ random_state                  │ 42                                                                                                                                                                                         │
├───────────────────────────────┼────────────────────────────────────────────────────────────────────────────────────────────────────────────────────────────────────────────────────────────────────────────────────────────┤
│ full_dataset_cuda             │ False                                                                                                                                                                                      │
├───────────────────────────────┼────────────────────────────────────────────────────────────────────────────────────────────────────────────────────────────────────────────────────────────────────────────────────────────┤
│ verbose                       │ False                                                                                                                                                                                      │
├───────────────────────────────┼────────────────────────────────────────────────────────────────────────────────────────────────────────────────────────────────────────────────────────────────────────────────────────────┤
│ use_parquet_dataset           │ True                                                                                                                                                                                       │
├───────────────────────────────┼────────────────────────────────────────────────────────────────────────────────────────────────────────────────────────────────────────────────────────────────────────────────────────────┤
│ parquet_data_dir              │ /projects/risk-tabular/general_chargebacks/202207-202407-all-positives-negative-ratio-1.0-v0/train                                                                                         │
├───────────────────────────────┼────────────────────────────────────────────────────────────────────────────────────────────────────────────────────────────────────────────────────────────────────────────────────────────┤
│ parquet_data_files            │ chunk_10.parquet,chunk_11.parquet,chunk_12.parquet,chunk_13.parquet,chunk_14.parquet,chunk_15.parquet,chunk_16.parquet,chunk_17.parquet,chunk_18.parquet,chunk_19.parquet,chunk_20.parquet │
├───────────────────────────────┼────────────────────────────────────────────────────────────────────────────────────────────────────────────────────────────────────────────────────────────────────────────────────────────┤
│ parquet_scaling_stats_file    │ /projects/risk-tabular/general_chargebacks/202207-202407-all-positives-negative-ratio-1.0-v0/train/stats_bootstrap.pq                                                                      │
├───────────────────────────────┼────────────────────────────────────────────────────────────────────────────────────────────────────────────────────────────────────────────────────────────────────────────────────────────┤
│ parquet_feature_names_file    │ /projects/risk-tabular/general_chargebacks/20240724_feature_selection/xgboost_importances_seed_1_sample_0.5.csv                                                                            │
├───────────────────────────────┼────────────────────────────────────────────────────────────────────────────────────────────────────────────────────────────────────────────────────────────────────────────────────────────┤
│ parquet_num_features          │ 128                                                                                                                                                                                        │
├───────────────────────────────┼────────────────────────────────────────────────────────────────────────────────────────────────────────────────────────────────────────────────────────────────────────────────────────────┤
│ parquet_target_col            │ target                                                                                                                                                                                     │
├───────────────────────────────┼────────────────────────────────────────────────────────────────────────────────────────────────────────────────────────────────────────────────────────────────────────────────────────────┤
│ parquet_task_type             │ binary_class                                                                                                                                                                               │
├───────────────────────────────┼────────────────────────────────────────────────────────────────────────────────────────────────────────────────────────────────────────────────────────────────────────────────────────────┤
│ parquet_id_col                │ ID                                                                                                                                                                                         │
├───────────────────────────────┼────────────────────────────────────────────────────────────────────────────────────────────────────────────────────────────────────────────────────────────────────────────────────────────┤
│ parquet_preload_data          │ True                                                                                                                                                                                       │
├───────────────────────────────┼────────────────────────────────────────────────────────────────────────────────────────────────────────────────────────────────────────────────────────────────────────────────────────────┤
│ parquet_shuffle               │ True                                                                                                                                                                                       │
├───────────────────────────────┼────────────────────────────────────────────────────────────────────────────────────────────────────────────────────────────────────────────────────────────────────────────────────────────┤
│ parquet_scaling_method        │ IQR                                                                                                                                                                                        │
├───────────────────────────────┼────────────────────────────────────────────────────────────────────────────────────────────────────────────────────────────────────────────────────────────────────────────────────────────┤
│ parquet_infill_value          │ zero                                                                                                                                                                                       │
├───────────────────────────────┼────────────────────────────────────────────────────────────────────────────────────────────────────────────────────────────────────────────────────────────────────────────────────────────┤
│ parquet_transform             │ asinh                                                                                                                                                                                      │
├───────────────────────────────┼────────────────────────────────────────────────────────────────────────────────────────────────────────────────────────────────────────────────────────────────────────────────────────────┤
│ parquet_categorize_nan        │ True                                                                                                                                                                                       │
├───────────────────────────────┼────────────────────────────────────────────────────────────────────────────────────────────────────────────────────────────────────────────────────────────────────────────────────────────┤
│ parquet_clip_min              │                                                                                                                                                                                            │
├───────────────────────────────┼────────────────────────────────────────────────────────────────────────────────────────────────────────────────────────────────────────────────────────────────────────────────────────────┤
│ parquet_clip_max              │                                                                                                                                                                                            │
├───────────────────────────────┼────────────────────────────────────────────────────────────────────────────────────────────────────────────────────────────────────────────────────────────────────────────────────────────┤
│ tag                           │                                                                                                                                                                                            │
├───────────────────────────────┼────────────────────────────────────────────────────────────────────────────────────────────────────────────────────────────────────────────────────────────────────────────────────────────┤
│ project_name                  │ scaled_config_4gpu_test                                                                                                                                                                    │
├───────────────────────────────┼────────────────────────────────────────────────────────────────────────────────────────────────────────────────────────────────────────────────────────────────────────────────────────────┤
│ test                          │ False                                                                                                                                                                                      │
├───────────────────────────────┼────────────────────────────────────────────────────────────────────────────────────────────────────────────────────────────────────────────────────────────────────────────────────────────┤
│ exp_n_runs                    │ 1                                                                                                                                                                                          │
├───────────────────────────────┼────────────────────────────────────────────────────────────────────────────────────────────────────────────────────────────────────────────────────────────────────────────────────────────┤
│ exp_device                    │                                                                                                                                                                                            │
├───────────────────────────────┼────────────────────────────────────────────────────────────────────────────────────────────────────────────────────────────────────────────────────────────────────────────────────────────┤
│ np_seed                       │ 42                                                                                                                                                                                         │
├───────────────────────────────┼────────────────────────────────────────────────────────────────────────────────────────────────────────────────────────────────────────────────────────────────────────────────────────────┤
│ torch_seed                    │ 42                                                                                                                                                                                         │
├───────────────────────────────┼────────────────────────────────────────────────────────────────────────────────────────────────────────────────────────────────────────────────────────────────────────────────────────────┤
│ random                        │ False                                                                                                                                                                                      │
├───────────────────────────────┼────────────────────────────────────────────────────────────────────────────────────────────────────────────────────────────────────────────────────────────────────────────────────────────┤
│ batch_size                    │ 4096                                                                                                                                                                                       │
├───────────────────────────────┼────────────────────────────────────────────────────────────────────────────────────────────────────────────────────────────────────────────────────────────────────────────────────────────┤
│ val_batch_size                │ -1                                                                                                                                                                                         │
├───────────────────────────────┼────────────────────────────────────────────────────────────────────────────────────────────────────────────────────────────────────────────────────────────────────────────────────────────┤
│ exp_train_total_epochs        │ 10                                                                                                                                                                                         │
├───────────────────────────────┼────────────────────────────────────────────────────────────────────────────────────────────────────────────────────────────────────────────────────────────────────────────────────────────┤
│ exp_patience                  │ 10                                                                                                                                                                                         │
├───────────────────────────────┼────────────────────────────────────────────────────────────────────────────────────────────────────────────────────────────────────────────────────────────────────────────────────────────┤
│ log_tensorboard               │ False                                                                                                                                                                                      │
├───────────────────────────────┼────────────────────────────────────────────────────────────────────────────────────────────────────────────────────────────────────────────────────────────────────────────────────────────┤
│ exp_cadence_type              │ improvement                                                                                                                                                                                │
├───────────────────────────────┼────────────────────────────────────────────────────────────────────────────────────────────────────────────────────────────────────────────────────────────────────────────────────────────┤
│ exp_cache_cadence             │ 1                                                                                                                                                                                          │
├───────────────────────────────┼────────────────────────────────────────────────────────────────────────────────────────────────────────────────────────────────────────────────────────────────────────────────────────────┤
│ exp_val_cache_cadence         │ 1                                                                                                                                                                                          │
├───────────────────────────────┼────────────────────────────────────────────────────────────────────────────────────────────────────────────────────────────────────────────────────────────────────────────────────────────┤
│ init_type                     │ kaiming                                                                                                                                                                                    │
├───────────────────────────────┼────────────────────────────────────────────────────────────────────────────────────────────────────────────────────────────────────────────────────────────────────────────────────────────┤
│ exp_scheduler                 │ True                                                                                                                                                                                       │
├───────────────────────────────┼────────────────────────────────────────────────────────────────────────────────────────────────────────────────────────────────────────────────────────────────────────────────────────────┤
│ exp_weight_decay_scheduler    │ True                                                                                                                                                                                       │
├───────────────────────────────┼────────────────────────────────────────────────────────────────────────────────────────────────────────────────────────────────────────────────────────────────────────────────────────────┤
│ exp_start_lr                  │ 0.001                                                                                                                                                                                      │
├───────────────────────────────┼────────────────────────────────────────────────────────────────────────────────────────────────────────────────────────────────────────────────────────────────────────────────────────────┤
│ exp_lr                        │ 0.0002828                                                                                                                                                                                  │
├───────────────────────────────┼────────────────────────────────────────────────────────────────────────────────────────────────────────────────────────────────────────────────────────────────────────────────────────────┤
│ exp_final_lr                  │ 0                                                                                                                                                                                          │
├───────────────────────────────┼────────────────────────────────────────────────────────────────────────────────────────────────────────────────────────────────────────────────────────────────────────────────────────────┤
│ exp_warmup                    │ 0.05                                                                                                                                                                                       │
├───────────────────────────────┼────────────────────────────────────────────────────────────────────────────────────────────────────────────────────────────────────────────────────────────────────────────────────────────┤
│ exp_weight_decay              │ 1e-05                                                                                                                                                                                      │
├───────────────────────────────┼────────────────────────────────────────────────────────────────────────────────────────────────────────────────────────────────────────────────────────────────────────────────────────────┤
│ exp_final_weight_decay        │ 0.01                                                                                                                                                                                       │
├───────────────────────────────┼────────────────────────────────────────────────────────────────────────────────────────────────────────────────────────────────────────────────────────────────────────────────────────────┤
│ exp_ipe_scale                 │ 1.0                                                                                                                                                                                        │
├───────────────────────────────┼────────────────────────────────────────────────────────────────────────────────────────────────────────────────────────────────────────────────────────────────────────────────────────────┤
│ exp_gradient_clipping         │ 1.0                                                                                                                                                                                        │
├───────────────────────────────┼────────────────────────────────────────────────────────────────────────────────────────────────────────────────────────────────────────────────────────────────────────────────────────────┤
│ mp_distributed                │ True                                                                                                                                                                                       │
├───────────────────────────────┼────────────────────────────────────────────────────────────────────────────────────────────────────────────────────────────────────────────────────────────────────────────────────────────┤
│ mp_nodes                      │ 1                                                                                                                                                                                          │
├───────────────────────────────┼────────────────────────────────────────────────────────────────────────────────────────────────────────────────────────────────────────────────────────────────────────────────────────────┤
│ mp_gpus                       │ 4                                                                                                                                                                                          │
├───────────────────────────────┼────────────────────────────────────────────────────────────────────────────────────────────────────────────────────────────────────────────────────────────────────────────────────────────┤
│ mp_nr                         │ 0                                                                                                                                                                                          │
├───────────────────────────────┼────────────────────────────────────────────────────────────────────────────────────────────────────────────────────────────────────────────────────────────────────────────────────────────┤
│ pin_memory                    │ True                                                                                                                                                                                       │
├───────────────────────────────┼────────────────────────────────────────────────────────────────────────────────────────────────────────────────────────────────────────────────────────────────────────────────────────────┤
│ using_embedding               │ False                                                                                                                                                                                      │
├───────────────────────────────┼────────────────────────────────────────────────────────────────────────────────────────────────────────────────────────────────────────────────────────────────────────────────────────────┤
│ model_dtype                   │ float32                                                                                                                                                                                    │
├───────────────────────────────┼────────────────────────────────────────────────────────────────────────────────────────────────────────────────────────────────────────────────────────────────────────────────────────────┤
│ data_loader_nprocs            │ 0                                                                                                                                                                                          │
├───────────────────────────────┼────────────────────────────────────────────────────────────────────────────────────────────────────────────────────────────────────────────────────────────────────────────────────────────┤
│ load_from_checkpoint          │ False                                                                                                                                                                                      │
├───────────────────────────────┼────────────────────────────────────────────────────────────────────────────────────────────────────────────────────────────────────────────────────────────────────────────────────────────┤
│ load_path                     │                                                                                                                                                                                            │
├───────────────────────────────┼────────────────────────────────────────────────────────────────────────────────────────────────────────────────────────────────────────────────────────────────────────────────────────────┤
│ model_amp                     │ False                                                                                                                                                                                      │
├───────────────────────────────┼────────────────────────────────────────────────────────────────────────────────────────────────────────────────────────────────────────────────────────────────────────────────────────────┤
│ model_feature_type_embedding  │ True                                                                                                                                                                                       │
├───────────────────────────────┼────────────────────────────────────────────────────────────────────────────────────────────────────────────────────────────────────────────────────────────────────────────────────────────┤
│ model_feature_index_embedding │ True                                                                                                                                                                                       │
├───────────────────────────────┼────────────────────────────────────────────────────────────────────────────────────────────────────────────────────────────────────────────────────────────────────────────────────────────┤
│ model_dropout_prob            │ 0.1                                                                                                                                                                                        │
├───────────────────────────────┼────────────────────────────────────────────────────────────────────────────────────────────────────────────────────────────────────────────────────────────────────────────────────────────┤
│ model_layer_norm_eps          │ 1e-05                                                                                                                                                                                      │
├───────────────────────────────┼────────────────────────────────────────────────────────────────────────────────────────────────────────────────────────────────────────────────────────────────────────────────────────────┤
│ model_dim_hidden              │ 64                                                                                                                                                                                         │
├───────────────────────────────┼────────────────────────────────────────────────────────────────────────────────────────────────────────────────────────────────────────────────────────────────────────────────────────────┤
│ model_dim_feedforward         │ 256                                                                                                                                                                                        │
├───────────────────────────────┼────────────────────────────────────────────────────────────────────────────────────────────────────────────────────────────────────────────────────────────────────────────────────────────┤
│ model_num_heads               │ 4                                                                                                                                                                                          │
├───────────────────────────────┼────────────────────────────────────────────────────────────────────────────────────────────────────────────────────────────────────────────────────────────────────────────────────────────┤
│ model_num_layers              │ 4                                                                                                                                                                                          │
├───────────────────────────────┼────────────────────────────────────────────────────────────────────────────────────────────────────────────────────────────────────────────────────────────────────────────────────────────┤
│ model_ema_end                 │ 1                                                                                                                                                                                          │
├───────────────────────────────┼────────────────────────────────────────────────────────────────────────────────────────────────────────────────────────────────────────────────────────────────────────────────────────────┤
│ model_ema_start               │ 0.996                                                                                                                                                                                      │
├───────────────────────────────┼────────────────────────────────────────────────────────────────────────────────────────────────────────────────────────────────────────────────────────────────────────────────────────────┤
│ model_act_func                │ relu                                                                                                                                                                                       │
├───────────────────────────────┼────────────────────────────────────────────────────────────────────────────────────────────────────────────────────────────────────────────────────────────────────────────────────────────┤
│ probe_cadence                 │ 0                                                                                                                                                                                          │
├───────────────────────────────┼────────────────────────────────────────────────────────────────────────────────────────────────────────────────────────────────────────────────────────────────────────────────────────────┤
│ probe_model                   │ mlp                                                                                                                                                                                        │
├───────────────────────────────┼────────────────────────────────────────────────────────────────────────────────────────────────────────────────────────────────────────────────────────────────────────────────────────────┤
│ probe_sample_fraction         │ 0.1                                                                                                                                                                                        │
├───────────────────────────────┼────────────────────────────────────────────────────────────────────────────────────────────────────────────────────────────────────────────────────────────────────────────────────────────┤
│ n_cls_tokens                  │ 1                                                                                                                                                                                          │
├───────────────────────────────┼────────────────────────────────────────────────────────────────────────────────────────────────────────────────────────────────────────────────────────────────────────────────────────────┤
│ n_reg_tokens                  │ 1                                                                                                                                                                                          │
├───────────────────────────────┼────────────────────────────────────────────────────────────────────────────────────────────────────────────────────────────────────────────────────────────────────────────────────────────┤
│ pred_type                     │ transformer                                                                                                                                                                                │
├───────────────────────────────┼────────────────────────────────────────────────────────────────────────────────────────────────────────────────────────────────────────────────────────────────────────────────────────────┤
│ pred_num_layers               │ 2                                                                                                                                                                                          │
├───────────────────────────────┼────────────────────────────────────────────────────────────────────────────────────────────────────────────────────────────────────────────────────────────────────────────────────────────┤
│ pred_embed_dim                │ 64                                                                                                                                                                                         │
├───────────────────────────────┼────────────────────────────────────────────────────────────────────────────────────────────────────────────────────────────────────────────────────────────────────────────────────────────┤
│ pred_num_heads                │ 4                                                                                                                                                                                          │
├───────────────────────────────┼────────────────────────────────────────────────────────────────────────────────────────────────────────────────────────────────────────────────────────────────────────────────────────────┤
│ pred_p_dropout                │ 0.1                                                                                                                                                                                        │
├───────────────────────────────┼────────────────────────────────────────────────────────────────────────────────────────────────────────────────────────────────────────────────────────────────────────────────────────────┤
│ pred_layer_norm_eps           │ 1e-05                                                                                                                                                                                      │
├───────────────────────────────┼────────────────────────────────────────────────────────────────────────────────────────────────────────────────────────────────────────────────────────────────────────────────────────────┤
│ pred_activation               │ relu                                                                                                                                                                                       │
├───────────────────────────────┼────────────────────────────────────────────────────────────────────────────────────────────────────────────────────────────────────────────────────────────────────────────────────────────┤
│ pred_dim_feedforward          │ 256                                                                                                                                                                                        │
├───────────────────────────────┼────────────────────────────────────────────────────────────────────────────────────────────────────────────────────────────────────────────────────────────────────────────────────────────┤
│ mask_allow_overlap            │ False                                                                                                                                                                                      │
├───────────────────────────────┼────────────────────────────────────────────────────────────────────────────────────────────────────────────────────────────────────────────────────────────────────────────────────────────┤
│ mask_min_ctx_share            │ 0.2                                                                                                                                                                                        │
├───────────────────────────────┼────────────────────────────────────────────────────────────────────────────────────────────────────────────────────────────────────────────────────────────────────────────────────────────┤
│ mask_max_ctx_share            │ 0.4                                                                                                                                                                                        │
├───────────────────────────────┼────────────────────────────────────────────────────────────────────────────────────────────────────────────────────────────────────────────────────────────────────────────────────────────┤
│ mask_min_trgt_share           │ 0.2                                                                                                                                                                                        │
├───────────────────────────────┼────────────────────────────────────────────────────────────────────────────────────────────────────────────────────────────────────────────────────────────────────────────────────────────┤
│ mask_max_trgt_share           │ 0.4                                                                                                                                                                                        │
├───────────────────────────────┼────────────────────────────────────────────────────────────────────────────────────────────────────────────────────────────────────────────────────────────────────────────────────────────┤
│ mask_num_preds                │ 4                                                                                                                                                                                          │
├───────────────────────────────┼────────────────────────────────────────────────────────────────────────────────────────────────────────────────────────────────────────────────────────────────────────────────────────────┤
│ mask_num_encs                 │ 1                                                                                                                                                                                          │
├───────────────────────────────┼────────────────────────────────────────────────────────────────────────────────────────────────────────────────────────────────────────────────────────────────────────────────────────────┤
│ optuna_study_name             │                                                                                                                                                                                            │
├───────────────────────────────┼────────────────────────────────────────────────────────────────────────────────────────────────────────────────────────────────────────────────────────────────────────────────────────────┤
│ optuna_trial_number           │                                                                                                                                                                                            │
├───────────────────────────────┼────────────────────────────────────────────────────────────────────────────────────────────────────────────────────────────────────────────────────────────────────────────────────────────┤
│ optuna_output_dir             │                                                                                                                                                                                            │
├───────────────────────────────┼────────────────────────────────────────────────────────────────────────────────────────────────────────────────────────────────────────────────────────────────────────────────────────────┤
│ is_batchlearning              │ True                                                                                                                                                                                       │
├───────────────────────────────┼────────────────────────────────────────────────────────────────────────────────────────────────────────────────────────────────────────────────────────────────────────────────────────────┤
│ iteration                     │ 0                                                                                                                                                                                          │
╘═══════════════════════════════╧════════════════════════════════════════════════════════════════════════════════════════════════════════════════════════════════════════════════════════════════════════════════════════════╛
[Debug] Loading dataset …
[Debug] Parquet dataset ready (preprocessing handled by LocalFilesDataset)
Encoder Module parameters:
+-------------------+--------------------------------------------------------------------------------------------------------------------------------------------------------------------------------------------------------------------------------------------------------------------------------------------------------------------------------------------------------------------------------------------------------------------------------------------------------------------------------------------------------------------------------------------------------------------------------------------------------------------------------------------------------------------------------------------------------------------------------------------------------------------------------------------------------------------------------------------------------------------------------------------------------------------------------------------------------------------------------------------------------------------------------------------------------------------------------------------------------------------------------------------------------------------------------------------------------------------+
|     Parameter     |                                                                                                                                                                                                                                                                                                                                                                                                                                                                                                                                                                                                       Value                                                                                                                                                                                                                                                                                                                                                                                                                                                                                                                                                                                                        |
+-------------------+--------------------------------------------------------------------------------------------------------------------------------------------------------------------------------------------------------------------------------------------------------------------------------------------------------------------------------------------------------------------------------------------------------------------------------------------------------------------------------------------------------------------------------------------------------------------------------------------------------------------------------------------------------------------------------------------------------------------------------------------------------------------------------------------------------------------------------------------------------------------------------------------------------------------------------------------------------------------------------------------------------------------------------------------------------------------------------------------------------------------------------------------------------------------------------------------------------------------+
|    hidden_dim     |                                                                                                                                                                                                                                                                                                                                                                                                                                                                                                                                                                                                         64                                                                                                                                                                                                                                                                                                                                                                                                                                                                                                                                                                                                         |
| idx_num_features  | [0, 1, 2, 3, 4, 5, 6, 7, 8, 9, 10, 11, 12, 13, 14, 15, 16, 17, 18, 19, 20, 21, 22, 23, 24, 25, 26, 27, 28, 29, 30, 31, 32, 33, 34, 35, 36, 37, 38, 39, 40, 41, 42, 43, 44, 45, 46, 47, 48, 49, 50, 51, 52, 53, 54, 55, 56, 57, 58, 59, 60, 61, 62, 63, 64, 65, 66, 67, 68, 69, 70, 71, 72, 73, 74, 75, 76, 77, 78, 79, 80, 81, 82, 83, 84, 85, 86, 87, 88, 89, 90, 91, 92, 93, 94, 95, 96, 97, 98, 99, 100, 101, 102, 103, 104, 105, 106, 107, 108, 109, 110, 111, 112, 113, 114, 115, 116, 117, 118, 119, 120, 121, 122, 123, 124, 125, 126, 127, 128, 129, 130, 131, 132, 133, 134, 135, 136, 137, 138, 139, 140, 141, 142, 143, 144, 145, 146, 147, 148, 149, 150, 151, 152, 153, 154, 155, 156, 157, 158, 159, 160, 161, 162, 163, 164, 165, 166, 167, 168, 169, 170, 171, 172, 173, 174, 175, 176, 177, 178, 179, 180, 181, 182, 183, 184, 185, 186, 187, 188, 189, 190, 191, 192, 193, 194, 195, 196, 197, 198, 199, 200, 201, 202, 203, 204, 205, 206, 207, 208, 209, 210, 211, 212, 213, 214, 215, 216, 217, 218, 219, 220, 221, 222, 223, 224, 225, 226, 227, 228, 229, 230, 231, 232, 233, 234, 235, 236, 237, 238, 239, 240, 241, 242, 243, 244, 245, 246, 247, 248, 249, 250, 251, 252, 253, 254, 255] |
| idx_cat_features  |                                                                                                                                                                                                                                                                                                                                                                                                                                                                                                                                                                                                         []                                                                                                                                                                                                                                                                                                                                                                                                                                                                                                                                                                                                         |
|   cardinalities   |                                                                                                                                                                                                                                                                                                                                                                                                                                                                                                                                                                                                         []                                                                                                                                                                                                                                                                                                                                                                                                                                                                                                                                                                                                         |
| n_input_features  |                                                                                                                                                                                                                                                                                                                                                                                                                                                                                                                                                                                                        256                                                                                                                                                                                                                                                                                                                                                                                                                                                                                                                                                                                                         |
|      device       |                                                                                                                                                                                                                                                                                                                                                                                                                                                                                                                                                                                                       cuda:1                                                                                                                                                                                                                                                                                                                                                                                                                                                                                                                                                                                                       |
|    num_layers     |                                                                                                                                                                                                                                                                                                                                                                                                                                                                                                                                                                                                         4                                                                                                                                                                                                                                                                                                                                                                                                                                                                                                                                                                                                          |
|     num_heads     |                                                                                                                                                                                                                                                                                                                                                                                                                                                                                                                                                                                                         4                                                                                                                                                                                                                                                                                                                                                                                                                                                                                                                                                                                                          |
|     p_dropout     |                                                                                                                                                                                                                                                                                                                                                                                                                                                                                                                                                                                                        0.1                                                                                                                                                                                                                                                                                                                                                                                                                                                                                                                                                                                                         |
|  layer_norm_eps   |                                                                                                                                                                                                                                                                                                                                                                                                                                                                                                                                                                                                       1e-05                                                                                                                                                                                                                                                                                                                                                                                                                                                                                                                                                                                                        |
| gradient_clipping |                                                                                                                                                                                                                                                                                                                                                                                                                                                                                                                                                                                                        1.0                                                                                                                                                                                                                                                                                                                                                                                                                                                                                                                                                                                                         |
|  dim_feedforward  |                                                                                                                                                                                                                                                                                                                                                                                                                                                                                                                                                                                                        256                                                                                                                                                                                                                                                                                                                                                                                                                                                                                                                                                                                                         |
+-------------------+--------------------------------------------------------------------------------------------------------------------------------------------------------------------------------------------------------------------------------------------------------------------------------------------------------------------------------------------------------------------------------------------------------------------------------------------------------------------------------------------------------------------------------------------------------------------------------------------------------------------------------------------------------------------------------------------------------------------------------------------------------------------------------------------------------------------------------------------------------------------------------------------------------------------------------------------------------------------------------------------------------------------------------------------------------------------------------------------------------------------------------------------------------------------------------------------------------------------+
Using feature index embedding (unique embedding for each column).
/home/aminmohamadi_squareup_com/projects/t-jepa-parquet-scaling/src/tjepa_transformer.py:172: UserWarning: enable_nested_tensor is True, but self.use_nested_tensor is False because encoder_layer was not TransformerEncoderLayer
  warnings.warn(
Clipping gradients to value 1.0.
/home/aminmohamadi_squareup_com/projects/t-jepa-parquet-scaling/src/tjepa_transformer.py:172: UserWarning: enable_nested_tensor is True, but self.use_nested_tensor is False because encoder_layer was not TransformerEncoderLayer
  warnings.warn(
Clipping gradients to value 1.0.
Predictors Module parameters:
+-----------------+--------+
|    Parameter    | Value  |
+-----------------+--------+
|   hidden_dim    |   64   |
|  num_features   |  256   |
|   num_layers    |   2    |
|    num_heads    |   4    |
|    p_dropout    |  0.1   |
| layer_norm_eps  | 1e-05  |
|   activation    |  relu  |
| pred_embed_dim  |   64   |
|     device      | cuda:2 |
|  cardinalities  |   []   |
| dim_feedforward |  256   |
+-----------------+--------+
Predictors Module parameters:
+-----------------+--------+
|    Parameter    | Value  |
+-----------------+--------+
|   hidden_dim    |   64   |
|  num_features   |  256   |
|   num_layers    |   2    |
|    num_heads    |   4    |
|    p_dropout    |  0.1   |
| layer_norm_eps  | 1e-05  |
|   activation    |  relu  |
| pred_embed_dim  |   64   |
|     device      | cuda:1 |
|  cardinalities  |   []   |
| dim_feedforward |  256   |
+-----------------+--------+
[Debug] Parquet dataset created: N=3300000, D=256
╒═══════════════════════════════╤════════════════════════════════════════════════════════════════════════════════════════════════════════════════════════════════════════════════════════════════════════════════════════════╕
│ mock                          │ False                                                                                                                                                                                      │
├───────────────────────────────┼────────────────────────────────────────────────────────────────────────────────────────────────────────────────────────────────────────────────────────────────────────────────────────────┤
│ res_dir                       │ ./                                                                                                                                                                                         │
├───────────────────────────────┼────────────────────────────────────────────────────────────────────────────────────────────────────────────────────────────────────────────────────────────────────────────────────────────┤
│ data_path                     │ data                                                                                                                                                                                       │
├───────────────────────────────┼────────────────────────────────────────────────────────────────────────────────────────────────────────────────────────────────────────────────────────────────────────────────────────────┤
│ data_set                      │ parquet_dataset                                                                                                                                                                            │
├───────────────────────────────┼────────────────────────────────────────────────────────────────────────────────────────────────────────────────────────────────────────────────────────────────────────────────────────────┤
│ test_size_ratio               │ 0.0                                                                                                                                                                                        │
├───────────────────────────────┼────────────────────────────────────────────────────────────────────────────────────────────────────────────────────────────────────────────────────────────────────────────────────────────┤
│ val_size_ratio                │ 0.0                                                                                                                                                                                        │
├───────────────────────────────┼────────────────────────────────────────────────────────────────────────────────────────────────────────────────────────────────────────────────────────────────────────────────────────────┤
│ random_state                  │ 42                                                                                                                                                                                         │
├───────────────────────────────┼────────────────────────────────────────────────────────────────────────────────────────────────────────────────────────────────────────────────────────────────────────────────────────────┤
│ full_dataset_cuda             │ False                                                                                                                                                                                      │
├───────────────────────────────┼────────────────────────────────────────────────────────────────────────────────────────────────────────────────────────────────────────────────────────────────────────────────────────────┤
│ verbose                       │ False                                                                                                                                                                                      │
├───────────────────────────────┼────────────────────────────────────────────────────────────────────────────────────────────────────────────────────────────────────────────────────────────────────────────────────────────┤
│ use_parquet_dataset           │ True                                                                                                                                                                                       │
├───────────────────────────────┼────────────────────────────────────────────────────────────────────────────────────────────────────────────────────────────────────────────────────────────────────────────────────────────┤
│ parquet_data_dir              │ /projects/risk-tabular/general_chargebacks/202207-202407-all-positives-negative-ratio-1.0-v0/train                                                                                         │
├───────────────────────────────┼────────────────────────────────────────────────────────────────────────────────────────────────────────────────────────────────────────────────────────────────────────────────────────────┤
│ parquet_data_files            │ chunk_10.parquet,chunk_11.parquet,chunk_12.parquet,chunk_13.parquet,chunk_14.parquet,chunk_15.parquet,chunk_16.parquet,chunk_17.parquet,chunk_18.parquet,chunk_19.parquet,chunk_20.parquet │
├───────────────────────────────┼────────────────────────────────────────────────────────────────────────────────────────────────────────────────────────────────────────────────────────────────────────────────────────────┤
│ parquet_scaling_stats_file    │ /projects/risk-tabular/general_chargebacks/202207-202407-all-positives-negative-ratio-1.0-v0/train/stats_bootstrap.pq                                                                      │
├───────────────────────────────┼────────────────────────────────────────────────────────────────────────────────────────────────────────────────────────────────────────────────────────────────────────────────────────────┤
│ parquet_feature_names_file    │ /projects/risk-tabular/general_chargebacks/20240724_feature_selection/xgboost_importances_seed_1_sample_0.5.csv                                                                            │
├───────────────────────────────┼────────────────────────────────────────────────────────────────────────────────────────────────────────────────────────────────────────────────────────────────────────────────────────────┤
│ parquet_num_features          │ 128                                                                                                                                                                                        │
├───────────────────────────────┼────────────────────────────────────────────────────────────────────────────────────────────────────────────────────────────────────────────────────────────────────────────────────────────┤
│ parquet_target_col            │ target                                                                                                                                                                                     │
├───────────────────────────────┼────────────────────────────────────────────────────────────────────────────────────────────────────────────────────────────────────────────────────────────────────────────────────────────┤
│ parquet_task_type             │ binary_class                                                                                                                                                                               │
├───────────────────────────────┼────────────────────────────────────────────────────────────────────────────────────────────────────────────────────────────────────────────────────────────────────────────────────────────┤
│ parquet_id_col                │ ID                                                                                                                                                                                         │
├───────────────────────────────┼────────────────────────────────────────────────────────────────────────────────────────────────────────────────────────────────────────────────────────────────────────────────────────────┤
│ parquet_preload_data          │ True                                                                                                                                                                                       │
├───────────────────────────────┼────────────────────────────────────────────────────────────────────────────────────────────────────────────────────────────────────────────────────────────────────────────────────────────┤
│ parquet_shuffle               │ True                                                                                                                                                                                       │
├───────────────────────────────┼────────────────────────────────────────────────────────────────────────────────────────────────────────────────────────────────────────────────────────────────────────────────────────────┤
│ parquet_scaling_method        │ IQR                                                                                                                                                                                        │
├───────────────────────────────┼────────────────────────────────────────────────────────────────────────────────────────────────────────────────────────────────────────────────────────────────────────────────────────────┤
│ parquet_infill_value          │ zero                                                                                                                                                                                       │
├───────────────────────────────┼────────────────────────────────────────────────────────────────────────────────────────────────────────────────────────────────────────────────────────────────────────────────────────────┤
│ parquet_transform             │ asinh                                                                                                                                                                                      │
├───────────────────────────────┼────────────────────────────────────────────────────────────────────────────────────────────────────────────────────────────────────────────────────────────────────────────────────────────┤
│ parquet_categorize_nan        │ True                                                                                                                                                                                       │
├───────────────────────────────┼────────────────────────────────────────────────────────────────────────────────────────────────────────────────────────────────────────────────────────────────────────────────────────────┤
│ parquet_clip_min              │                                                                                                                                                                                            │
├───────────────────────────────┼────────────────────────────────────────────────────────────────────────────────────────────────────────────────────────────────────────────────────────────────────────────────────────────┤
│ parquet_clip_max              │                                                                                                                                                                                            │
├───────────────────────────────┼────────────────────────────────────────────────────────────────────────────────────────────────────────────────────────────────────────────────────────────────────────────────────────────┤
│ tag                           │                                                                                                                                                                                            │
├───────────────────────────────┼────────────────────────────────────────────────────────────────────────────────────────────────────────────────────────────────────────────────────────────────────────────────────────────┤
│ project_name                  │ scaled_config_4gpu_test                                                                                                                                                                    │
├───────────────────────────────┼────────────────────────────────────────────────────────────────────────────────────────────────────────────────────────────────────────────────────────────────────────────────────────────┤
│ test                          │ False                                                                                                                                                                                      │
├───────────────────────────────┼────────────────────────────────────────────────────────────────────────────────────────────────────────────────────────────────────────────────────────────────────────────────────────────┤
│ exp_n_runs                    │ 1                                                                                                                                                                                          │
├───────────────────────────────┼────────────────────────────────────────────────────────────────────────────────────────────────────────────────────────────────────────────────────────────────────────────────────────────┤
│ exp_device                    │                                                                                                                                                                                            │
├───────────────────────────────┼────────────────────────────────────────────────────────────────────────────────────────────────────────────────────────────────────────────────────────────────────────────────────────────┤
│ np_seed                       │ 42                                                                                                                                                                                         │
├───────────────────────────────┼────────────────────────────────────────────────────────────────────────────────────────────────────────────────────────────────────────────────────────────────────────────────────────────┤
│ torch_seed                    │ 42                                                                                                                                                                                         │
├───────────────────────────────┼────────────────────────────────────────────────────────────────────────────────────────────────────────────────────────────────────────────────────────────────────────────────────────────┤
│ random                        │ False                                                                                                                                                                                      │
├───────────────────────────────┼────────────────────────────────────────────────────────────────────────────────────────────────────────────────────────────────────────────────────────────────────────────────────────────┤
│ batch_size                    │ 4096                                                                                                                                                                                       │
├───────────────────────────────┼────────────────────────────────────────────────────────────────────────────────────────────────────────────────────────────────────────────────────────────────────────────────────────────┤
│ val_batch_size                │ -1                                                                                                                                                                                         │
├───────────────────────────────┼────────────────────────────────────────────────────────────────────────────────────────────────────────────────────────────────────────────────────────────────────────────────────────────┤
│ exp_train_total_epochs        │ 10                                                                                                                                                                                         │
├───────────────────────────────┼────────────────────────────────────────────────────────────────────────────────────────────────────────────────────────────────────────────────────────────────────────────────────────────┤
│ exp_patience                  │ 10                                                                                                                                                                                         │
├───────────────────────────────┼────────────────────────────────────────────────────────────────────────────────────────────────────────────────────────────────────────────────────────────────────────────────────────────┤
│ log_tensorboard               │ False                                                                                                                                                                                      │
├───────────────────────────────┼────────────────────────────────────────────────────────────────────────────────────────────────────────────────────────────────────────────────────────────────────────────────────────────┤
│ exp_cadence_type              │ improvement                                                                                                                                                                                │
├───────────────────────────────┼────────────────────────────────────────────────────────────────────────────────────────────────────────────────────────────────────────────────────────────────────────────────────────────┤
│ exp_cache_cadence             │ 1                                                                                                                                                                                          │
├───────────────────────────────┼────────────────────────────────────────────────────────────────────────────────────────────────────────────────────────────────────────────────────────────────────────────────────────────┤
│ exp_val_cache_cadence         │ 1                                                                                                                                                                                          │
├───────────────────────────────┼────────────────────────────────────────────────────────────────────────────────────────────────────────────────────────────────────────────────────────────────────────────────────────────┤
│ init_type                     │ kaiming                                                                                                                                                                                    │
├───────────────────────────────┼────────────────────────────────────────────────────────────────────────────────────────────────────────────────────────────────────────────────────────────────────────────────────────────┤
│ exp_scheduler                 │ True                                                                                                                                                                                       │
├───────────────────────────────┼────────────────────────────────────────────────────────────────────────────────────────────────────────────────────────────────────────────────────────────────────────────────────────────┤
│ exp_weight_decay_scheduler    │ True                                                                                                                                                                                       │
├───────────────────────────────┼────────────────────────────────────────────────────────────────────────────────────────────────────────────────────────────────────────────────────────────────────────────────────────────┤
│ exp_start_lr                  │ 0.001                                                                                                                                                                                      │
├───────────────────────────────┼────────────────────────────────────────────────────────────────────────────────────────────────────────────────────────────────────────────────────────────────────────────────────────────┤
│ exp_lr                        │ 0.0002828                                                                                                                                                                                  │
├───────────────────────────────┼────────────────────────────────────────────────────────────────────────────────────────────────────────────────────────────────────────────────────────────────────────────────────────────┤
│ exp_final_lr                  │ 0                                                                                                                                                                                          │
├───────────────────────────────┼────────────────────────────────────────────────────────────────────────────────────────────────────────────────────────────────────────────────────────────────────────────────────────────┤
│ exp_warmup                    │ 0.05                                                                                                                                                                                       │
├───────────────────────────────┼────────────────────────────────────────────────────────────────────────────────────────────────────────────────────────────────────────────────────────────────────────────────────────────┤
│ exp_weight_decay              │ 1e-05                                                                                                                                                                                      │
├───────────────────────────────┼────────────────────────────────────────────────────────────────────────────────────────────────────────────────────────────────────────────────────────────────────────────────────────────┤
│ exp_final_weight_decay        │ 0.01                                                                                                                                                                                       │
├───────────────────────────────┼────────────────────────────────────────────────────────────────────────────────────────────────────────────────────────────────────────────────────────────────────────────────────────────┤
│ exp_ipe_scale                 │ 1.0                                                                                                                                                                                        │
├───────────────────────────────┼────────────────────────────────────────────────────────────────────────────────────────────────────────────────────────────────────────────────────────────────────────────────────────────┤
│ exp_gradient_clipping         │ 1.0                                                                                                                                                                                        │
├───────────────────────────────┼────────────────────────────────────────────────────────────────────────────────────────────────────────────────────────────────────────────────────────────────────────────────────────────┤
│ mp_distributed                │ True                                                                                                                                                                                       │
├───────────────────────────────┼────────────────────────────────────────────────────────────────────────────────────────────────────────────────────────────────────────────────────────────────────────────────────────────┤
│ mp_nodes                      │ 1                                                                                                                                                                                          │
├───────────────────────────────┼────────────────────────────────────────────────────────────────────────────────────────────────────────────────────────────────────────────────────────────────────────────────────────────┤
│ mp_gpus                       │ 4                                                                                                                                                                                          │
├───────────────────────────────┼────────────────────────────────────────────────────────────────────────────────────────────────────────────────────────────────────────────────────────────────────────────────────────────┤
│ mp_nr                         │ 0                                                                                                                                                                                          │
├───────────────────────────────┼────────────────────────────────────────────────────────────────────────────────────────────────────────────────────────────────────────────────────────────────────────────────────────────┤
│ pin_memory                    │ True                                                                                                                                                                                       │
├───────────────────────────────┼────────────────────────────────────────────────────────────────────────────────────────────────────────────────────────────────────────────────────────────────────────────────────────────┤
│ using_embedding               │ False                                                                                                                                                                                      │
├───────────────────────────────┼────────────────────────────────────────────────────────────────────────────────────────────────────────────────────────────────────────────────────────────────────────────────────────────┤
│ model_dtype                   │ float32                                                                                                                                                                                    │
├───────────────────────────────┼────────────────────────────────────────────────────────────────────────────────────────────────────────────────────────────────────────────────────────────────────────────────────────────┤
│ data_loader_nprocs            │ 0                                                                                                                                                                                          │
├───────────────────────────────┼────────────────────────────────────────────────────────────────────────────────────────────────────────────────────────────────────────────────────────────────────────────────────────────┤
│ load_from_checkpoint          │ False                                                                                                                                                                                      │
├───────────────────────────────┼────────────────────────────────────────────────────────────────────────────────────────────────────────────────────────────────────────────────────────────────────────────────────────────┤
│ load_path                     │                                                                                                                                                                                            │
├───────────────────────────────┼────────────────────────────────────────────────────────────────────────────────────────────────────────────────────────────────────────────────────────────────────────────────────────────┤
│ model_amp                     │ False                                                                                                                                                                                      │
├───────────────────────────────┼────────────────────────────────────────────────────────────────────────────────────────────────────────────────────────────────────────────────────────────────────────────────────────────┤
│ model_feature_type_embedding  │ True                                                                                                                                                                                       │
├───────────────────────────────┼────────────────────────────────────────────────────────────────────────────────────────────────────────────────────────────────────────────────────────────────────────────────────────────┤
│ model_feature_index_embedding │ True                                                                                                                                                                                       │
├───────────────────────────────┼────────────────────────────────────────────────────────────────────────────────────────────────────────────────────────────────────────────────────────────────────────────────────────────┤
│ model_dropout_prob            │ 0.1                                                                                                                                                                                        │
├───────────────────────────────┼────────────────────────────────────────────────────────────────────────────────────────────────────────────────────────────────────────────────────────────────────────────────────────────┤
│ model_layer_norm_eps          │ 1e-05                                                                                                                                                                                      │
├───────────────────────────────┼────────────────────────────────────────────────────────────────────────────────────────────────────────────────────────────────────────────────────────────────────────────────────────────┤
│ model_dim_hidden              │ 64                                                                                                                                                                                         │
├───────────────────────────────┼────────────────────────────────────────────────────────────────────────────────────────────────────────────────────────────────────────────────────────────────────────────────────────────┤
│ model_dim_feedforward         │ 256                                                                                                                                                                                        │
├───────────────────────────────┼────────────────────────────────────────────────────────────────────────────────────────────────────────────────────────────────────────────────────────────────────────────────────────────┤
│ model_num_heads               │ 4                                                                                                                                                                                          │
├───────────────────────────────┼────────────────────────────────────────────────────────────────────────────────────────────────────────────────────────────────────────────────────────────────────────────────────────────┤
│ model_num_layers              │ 4                                                                                                                                                                                          │
├───────────────────────────────┼────────────────────────────────────────────────────────────────────────────────────────────────────────────────────────────────────────────────────────────────────────────────────────────┤
│ model_ema_end                 │ 1                                                                                                                                                                                          │
├───────────────────────────────┼────────────────────────────────────────────────────────────────────────────────────────────────────────────────────────────────────────────────────────────────────────────────────────────┤
│ model_ema_start               │ 0.996                                                                                                                                                                                      │
├───────────────────────────────┼────────────────────────────────────────────────────────────────────────────────────────────────────────────────────────────────────────────────────────────────────────────────────────────┤
│ model_act_func                │ relu                                                                                                                                                                                       │
├───────────────────────────────┼────────────────────────────────────────────────────────────────────────────────────────────────────────────────────────────────────────────────────────────────────────────────────────────┤
│ probe_cadence                 │ 0                                                                                                                                                                                          │
├───────────────────────────────┼────────────────────────────────────────────────────────────────────────────────────────────────────────────────────────────────────────────────────────────────────────────────────────────┤
│ probe_model                   │ mlp                                                                                                                                                                                        │
├───────────────────────────────┼────────────────────────────────────────────────────────────────────────────────────────────────────────────────────────────────────────────────────────────────────────────────────────────┤
│ probe_sample_fraction         │ 0.1                                                                                                                                                                                        │
├───────────────────────────────┼────────────────────────────────────────────────────────────────────────────────────────────────────────────────────────────────────────────────────────────────────────────────────────────┤
│ n_cls_tokens                  │ 1                                                                                                                                                                                          │
├───────────────────────────────┼────────────────────────────────────────────────────────────────────────────────────────────────────────────────────────────────────────────────────────────────────────────────────────────┤
│ n_reg_tokens                  │ 1                                                                                                                                                                                          │
├───────────────────────────────┼────────────────────────────────────────────────────────────────────────────────────────────────────────────────────────────────────────────────────────────────────────────────────────────┤
│ pred_type                     │ transformer                                                                                                                                                                                │
├───────────────────────────────┼────────────────────────────────────────────────────────────────────────────────────────────────────────────────────────────────────────────────────────────────────────────────────────────┤
│ pred_num_layers               │ 2                                                                                                                                                                                          │
├───────────────────────────────┼────────────────────────────────────────────────────────────────────────────────────────────────────────────────────────────────────────────────────────────────────────────────────────────┤
│ pred_embed_dim                │ 64                                                                                                                                                                                         │
├───────────────────────────────┼────────────────────────────────────────────────────────────────────────────────────────────────────────────────────────────────────────────────────────────────────────────────────────────┤
│ pred_num_heads                │ 4                                                                                                                                                                                          │
├───────────────────────────────┼────────────────────────────────────────────────────────────────────────────────────────────────────────────────────────────────────────────────────────────────────────────────────────────┤
│ pred_p_dropout                │ 0.1                                                                                                                                                                                        │
├───────────────────────────────┼────────────────────────────────────────────────────────────────────────────────────────────────────────────────────────────────────────────────────────────────────────────────────────────┤
│ pred_layer_norm_eps           │ 1e-05                                                                                                                                                                                      │
├───────────────────────────────┼────────────────────────────────────────────────────────────────────────────────────────────────────────────────────────────────────────────────────────────────────────────────────────────┤
│ pred_activation               │ relu                                                                                                                                                                                       │
├───────────────────────────────┼────────────────────────────────────────────────────────────────────────────────────────────────────────────────────────────────────────────────────────────────────────────────────────────┤
│ pred_dim_feedforward          │ 256                                                                                                                                                                                        │
├───────────────────────────────┼────────────────────────────────────────────────────────────────────────────────────────────────────────────────────────────────────────────────────────────────────────────────────────────┤
│ mask_allow_overlap            │ False                                                                                                                                                                                      │
├───────────────────────────────┼────────────────────────────────────────────────────────────────────────────────────────────────────────────────────────────────────────────────────────────────────────────────────────────┤
│ mask_min_ctx_share            │ 0.2                                                                                                                                                                                        │
├───────────────────────────────┼────────────────────────────────────────────────────────────────────────────────────────────────────────────────────────────────────────────────────────────────────────────────────────────┤
│ mask_max_ctx_share            │ 0.4                                                                                                                                                                                        │
├───────────────────────────────┼────────────────────────────────────────────────────────────────────────────────────────────────────────────────────────────────────────────────────────────────────────────────────────────┤
│ mask_min_trgt_share           │ 0.2                                                                                                                                                                                        │
├───────────────────────────────┼────────────────────────────────────────────────────────────────────────────────────────────────────────────────────────────────────────────────────────────────────────────────────────────┤
│ mask_max_trgt_share           │ 0.4                                                                                                                                                                                        │
├───────────────────────────────┼────────────────────────────────────────────────────────────────────────────────────────────────────────────────────────────────────────────────────────────────────────────────────────────┤
│ mask_num_preds                │ 4                                                                                                                                                                                          │
├───────────────────────────────┼────────────────────────────────────────────────────────────────────────────────────────────────────────────────────────────────────────────────────────────────────────────────────────────┤
│ mask_num_encs                 │ 1                                                                                                                                                                                          │
├───────────────────────────────┼────────────────────────────────────────────────────────────────────────────────────────────────────────────────────────────────────────────────────────────────────────────────────────────┤
│ optuna_study_name             │                                                                                                                                                                                            │
├───────────────────────────────┼────────────────────────────────────────────────────────────────────────────────────────────────────────────────────────────────────────────────────────────────────────────────────────────┤
│ optuna_trial_number           │                                                                                                                                                                                            │
├───────────────────────────────┼────────────────────────────────────────────────────────────────────────────────────────────────────────────────────────────────────────────────────────────────────────────────────────────┤
│ optuna_output_dir             │                                                                                                                                                                                            │
├───────────────────────────────┼────────────────────────────────────────────────────────────────────────────────────────────────────────────────────────────────────────────────────────────────────────────────────────────┤
│ is_batchlearning              │ True                                                                                                                                                                                       │
├───────────────────────────────┼────────────────────────────────────────────────────────────────────────────────────────────────────────────────────────────────────────────────────────────────────────────────────────────┤
│ iteration                     │ 0                                                                                                                                                                                          │
╘═══════════════════════════════╧════════════════════════════════════════════════════════════════════════════════════════════════════════════════════════════════════════════════════════════════════════════════════════════╛
[Debug] Loading dataset …
[Debug] Parquet dataset ready (preprocessing handled by LocalFilesDataset)
Encoder Module parameters:
+-------------------+--------------------------------------------------------------------------------------------------------------------------------------------------------------------------------------------------------------------------------------------------------------------------------------------------------------------------------------------------------------------------------------------------------------------------------------------------------------------------------------------------------------------------------------------------------------------------------------------------------------------------------------------------------------------------------------------------------------------------------------------------------------------------------------------------------------------------------------------------------------------------------------------------------------------------------------------------------------------------------------------------------------------------------------------------------------------------------------------------------------------------------------------------------------------------------------------------------------------+
|     Parameter     |                                                                                                                                                                                                                                                                                                                                                                                                                                                                                                                                                                                                       Value                                                                                                                                                                                                                                                                                                                                                                                                                                                                                                                                                                                                        |
+-------------------+--------------------------------------------------------------------------------------------------------------------------------------------------------------------------------------------------------------------------------------------------------------------------------------------------------------------------------------------------------------------------------------------------------------------------------------------------------------------------------------------------------------------------------------------------------------------------------------------------------------------------------------------------------------------------------------------------------------------------------------------------------------------------------------------------------------------------------------------------------------------------------------------------------------------------------------------------------------------------------------------------------------------------------------------------------------------------------------------------------------------------------------------------------------------------------------------------------------------+
|    hidden_dim     |                                                                                                                                                                                                                                                                                                                                                                                                                                                                                                                                                                                                         64                                                                                                                                                                                                                                                                                                                                                                                                                                                                                                                                                                                                         |
| idx_num_features  | [0, 1, 2, 3, 4, 5, 6, 7, 8, 9, 10, 11, 12, 13, 14, 15, 16, 17, 18, 19, 20, 21, 22, 23, 24, 25, 26, 27, 28, 29, 30, 31, 32, 33, 34, 35, 36, 37, 38, 39, 40, 41, 42, 43, 44, 45, 46, 47, 48, 49, 50, 51, 52, 53, 54, 55, 56, 57, 58, 59, 60, 61, 62, 63, 64, 65, 66, 67, 68, 69, 70, 71, 72, 73, 74, 75, 76, 77, 78, 79, 80, 81, 82, 83, 84, 85, 86, 87, 88, 89, 90, 91, 92, 93, 94, 95, 96, 97, 98, 99, 100, 101, 102, 103, 104, 105, 106, 107, 108, 109, 110, 111, 112, 113, 114, 115, 116, 117, 118, 119, 120, 121, 122, 123, 124, 125, 126, 127, 128, 129, 130, 131, 132, 133, 134, 135, 136, 137, 138, 139, 140, 141, 142, 143, 144, 145, 146, 147, 148, 149, 150, 151, 152, 153, 154, 155, 156, 157, 158, 159, 160, 161, 162, 163, 164, 165, 166, 167, 168, 169, 170, 171, 172, 173, 174, 175, 176, 177, 178, 179, 180, 181, 182, 183, 184, 185, 186, 187, 188, 189, 190, 191, 192, 193, 194, 195, 196, 197, 198, 199, 200, 201, 202, 203, 204, 205, 206, 207, 208, 209, 210, 211, 212, 213, 214, 215, 216, 217, 218, 219, 220, 221, 222, 223, 224, 225, 226, 227, 228, 229, 230, 231, 232, 233, 234, 235, 236, 237, 238, 239, 240, 241, 242, 243, 244, 245, 246, 247, 248, 249, 250, 251, 252, 253, 254, 255] |
| idx_cat_features  |                                                                                                                                                                                                                                                                                                                                                                                                                                                                                                                                                                                                         []                                                                                                                                                                                                                                                                                                                                                                                                                                                                                                                                                                                                         |
|   cardinalities   |                                                                                                                                                                                                                                                                                                                                                                                                                                                                                                                                                                                                         []                                                                                                                                                                                                                                                                                                                                                                                                                                                                                                                                                                                                         |
| n_input_features  |                                                                                                                                                                                                                                                                                                                                                                                                                                                                                                                                                                                                        256                                                                                                                                                                                                                                                                                                                                                                                                                                                                                                                                                                                                         |
|      device       |                                                                                                                                                                                                                                                                                                                                                                                                                                                                                                                                                                                                       cuda:3                                                                                                                                                                                                                                                                                                                                                                                                                                                                                                                                                                                                       |
|    num_layers     |                                                                                                                                                                                                                                                                                                                                                                                                                                                                                                                                                                                                         4                                                                                                                                                                                                                                                                                                                                                                                                                                                                                                                                                                                                          |
|     num_heads     |                                                                                                                                                                                                                                                                                                                                                                                                                                                                                                                                                                                                         4                                                                                                                                                                                                                                                                                                                                                                                                                                                                                                                                                                                                          |
|     p_dropout     |                                                                                                                                                                                                                                                                                                                                                                                                                                                                                                                                                                                                        0.1                                                                                                                                                                                                                                                                                                                                                                                                                                                                                                                                                                                                         |
|  layer_norm_eps   |                                                                                                                                                                                                                                                                                                                                                                                                                                                                                                                                                                                                       1e-05                                                                                                                                                                                                                                                                                                                                                                                                                                                                                                                                                                                                        |
| gradient_clipping |                                                                                                                                                                                                                                                                                                                                                                                                                                                                                                                                                                                                        1.0                                                                                                                                                                                                                                                                                                                                                                                                                                                                                                                                                                                                         |
|  dim_feedforward  |                                                                                                                                                                                                                                                                                                                                                                                                                                                                                                                                                                                                        256                                                                                                                                                                                                                                                                                                                                                                                                                                                                                                                                                                                                         |
+-------------------+--------------------------------------------------------------------------------------------------------------------------------------------------------------------------------------------------------------------------------------------------------------------------------------------------------------------------------------------------------------------------------------------------------------------------------------------------------------------------------------------------------------------------------------------------------------------------------------------------------------------------------------------------------------------------------------------------------------------------------------------------------------------------------------------------------------------------------------------------------------------------------------------------------------------------------------------------------------------------------------------------------------------------------------------------------------------------------------------------------------------------------------------------------------------------------------------------------------------+
Using feature index embedding (unique embedding for each column).
/home/aminmohamadi_squareup_com/projects/t-jepa-parquet-scaling/src/tjepa_transformer.py:172: UserWarning: enable_nested_tensor is True, but self.use_nested_tensor is False because encoder_layer was not TransformerEncoderLayer
  warnings.warn(
Clipping gradients to value 1.0.
Predictors Module parameters:
+-----------------+--------+
|    Parameter    | Value  |
+-----------------+--------+
|   hidden_dim    |   64   |
|  num_features   |  256   |
|   num_layers    |   2    |
|    num_heads    |   4    |
|    p_dropout    |  0.1   |
| layer_norm_eps  | 1e-05  |
|   activation    |  relu  |
| pred_embed_dim  |   64   |
|     device      | cuda:3 |
|  cardinalities  |   []   |
| dim_feedforward |  256   |
+-----------------+--------+
[Debug] Parquet dataset created: N=3300000, D=256
╒═══════════════════════════════╤════════════════════════════════════════════════════════════════════════════════════════════════════════════════════════════════════════════════════════════════════════════════════════════╕
│ mock                          │ False                                                                                                                                                                                      │
├───────────────────────────────┼────────────────────────────────────────────────────────────────────────────────────────────────────────────────────────────────────────────────────────────────────────────────────────────┤
│ res_dir                       │ ./                                                                                                                                                                                         │
├───────────────────────────────┼────────────────────────────────────────────────────────────────────────────────────────────────────────────────────────────────────────────────────────────────────────────────────────────┤
│ data_path                     │ data                                                                                                                                                                                       │
├───────────────────────────────┼────────────────────────────────────────────────────────────────────────────────────────────────────────────────────────────────────────────────────────────────────────────────────────────┤
│ data_set                      │ parquet_dataset                                                                                                                                                                            │
├───────────────────────────────┼────────────────────────────────────────────────────────────────────────────────────────────────────────────────────────────────────────────────────────────────────────────────────────────┤
│ test_size_ratio               │ 0.0                                                                                                                                                                                        │
├───────────────────────────────┼────────────────────────────────────────────────────────────────────────────────────────────────────────────────────────────────────────────────────────────────────────────────────────────┤
│ val_size_ratio                │ 0.0                                                                                                                                                                                        │
├───────────────────────────────┼────────────────────────────────────────────────────────────────────────────────────────────────────────────────────────────────────────────────────────────────────────────────────────────┤
│ random_state                  │ 42                                                                                                                                                                                         │
├───────────────────────────────┼────────────────────────────────────────────────────────────────────────────────────────────────────────────────────────────────────────────────────────────────────────────────────────────┤
│ full_dataset_cuda             │ False                                                                                                                                                                                      │
├───────────────────────────────┼────────────────────────────────────────────────────────────────────────────────────────────────────────────────────────────────────────────────────────────────────────────────────────────┤
│ verbose                       │ False                                                                                                                                                                                      │
├───────────────────────────────┼────────────────────────────────────────────────────────────────────────────────────────────────────────────────────────────────────────────────────────────────────────────────────────────┤
│ use_parquet_dataset           │ True                                                                                                                                                                                       │
├───────────────────────────────┼────────────────────────────────────────────────────────────────────────────────────────────────────────────────────────────────────────────────────────────────────────────────────────────┤
│ parquet_data_dir              │ /projects/risk-tabular/general_chargebacks/202207-202407-all-positives-negative-ratio-1.0-v0/train                                                                                         │
├───────────────────────────────┼────────────────────────────────────────────────────────────────────────────────────────────────────────────────────────────────────────────────────────────────────────────────────────────┤
│ parquet_data_files            │ chunk_10.parquet,chunk_11.parquet,chunk_12.parquet,chunk_13.parquet,chunk_14.parquet,chunk_15.parquet,chunk_16.parquet,chunk_17.parquet,chunk_18.parquet,chunk_19.parquet,chunk_20.parquet │
├───────────────────────────────┼────────────────────────────────────────────────────────────────────────────────────────────────────────────────────────────────────────────────────────────────────────────────────────────┤
│ parquet_scaling_stats_file    │ /projects/risk-tabular/general_chargebacks/202207-202407-all-positives-negative-ratio-1.0-v0/train/stats_bootstrap.pq                                                                      │
├───────────────────────────────┼────────────────────────────────────────────────────────────────────────────────────────────────────────────────────────────────────────────────────────────────────────────────────────────┤
│ parquet_feature_names_file    │ /projects/risk-tabular/general_chargebacks/20240724_feature_selection/xgboost_importances_seed_1_sample_0.5.csv                                                                            │
├───────────────────────────────┼────────────────────────────────────────────────────────────────────────────────────────────────────────────────────────────────────────────────────────────────────────────────────────────┤
│ parquet_num_features          │ 128                                                                                                                                                                                        │
├───────────────────────────────┼────────────────────────────────────────────────────────────────────────────────────────────────────────────────────────────────────────────────────────────────────────────────────────────┤
│ parquet_target_col            │ target                                                                                                                                                                                     │
├───────────────────────────────┼────────────────────────────────────────────────────────────────────────────────────────────────────────────────────────────────────────────────────────────────────────────────────────────┤
│ parquet_task_type             │ binary_class                                                                                                                                                                               │
├───────────────────────────────┼────────────────────────────────────────────────────────────────────────────────────────────────────────────────────────────────────────────────────────────────────────────────────────────┤
│ parquet_id_col                │ ID                                                                                                                                                                                         │
├───────────────────────────────┼────────────────────────────────────────────────────────────────────────────────────────────────────────────────────────────────────────────────────────────────────────────────────────────┤
│ parquet_preload_data          │ True                                                                                                                                                                                       │
├───────────────────────────────┼────────────────────────────────────────────────────────────────────────────────────────────────────────────────────────────────────────────────────────────────────────────────────────────┤
│ parquet_shuffle               │ True                                                                                                                                                                                       │
├───────────────────────────────┼────────────────────────────────────────────────────────────────────────────────────────────────────────────────────────────────────────────────────────────────────────────────────────────┤
│ parquet_scaling_method        │ IQR                                                                                                                                                                                        │
├───────────────────────────────┼────────────────────────────────────────────────────────────────────────────────────────────────────────────────────────────────────────────────────────────────────────────────────────────┤
│ parquet_infill_value          │ zero                                                                                                                                                                                       │
├───────────────────────────────┼────────────────────────────────────────────────────────────────────────────────────────────────────────────────────────────────────────────────────────────────────────────────────────────┤
│ parquet_transform             │ asinh                                                                                                                                                                                      │
├───────────────────────────────┼────────────────────────────────────────────────────────────────────────────────────────────────────────────────────────────────────────────────────────────────────────────────────────────┤
│ parquet_categorize_nan        │ True                                                                                                                                                                                       │
├───────────────────────────────┼────────────────────────────────────────────────────────────────────────────────────────────────────────────────────────────────────────────────────────────────────────────────────────────┤
│ parquet_clip_min              │                                                                                                                                                                                            │
├───────────────────────────────┼────────────────────────────────────────────────────────────────────────────────────────────────────────────────────────────────────────────────────────────────────────────────────────────┤
│ parquet_clip_max              │                                                                                                                                                                                            │
├───────────────────────────────┼────────────────────────────────────────────────────────────────────────────────────────────────────────────────────────────────────────────────────────────────────────────────────────────┤
│ tag                           │                                                                                                                                                                                            │
├───────────────────────────────┼────────────────────────────────────────────────────────────────────────────────────────────────────────────────────────────────────────────────────────────────────────────────────────────┤
│ project_name                  │ scaled_config_4gpu_test                                                                                                                                                                    │
├───────────────────────────────┼────────────────────────────────────────────────────────────────────────────────────────────────────────────────────────────────────────────────────────────────────────────────────────────┤
│ test                          │ False                                                                                                                                                                                      │
├───────────────────────────────┼────────────────────────────────────────────────────────────────────────────────────────────────────────────────────────────────────────────────────────────────────────────────────────────┤
│ exp_n_runs                    │ 1                                                                                                                                                                                          │
├───────────────────────────────┼────────────────────────────────────────────────────────────────────────────────────────────────────────────────────────────────────────────────────────────────────────────────────────────┤
│ exp_device                    │                                                                                                                                                                                            │
├───────────────────────────────┼────────────────────────────────────────────────────────────────────────────────────────────────────────────────────────────────────────────────────────────────────────────────────────────┤
│ np_seed                       │ 42                                                                                                                                                                                         │
├───────────────────────────────┼────────────────────────────────────────────────────────────────────────────────────────────────────────────────────────────────────────────────────────────────────────────────────────────┤
│ torch_seed                    │ 42                                                                                                                                                                                         │
├───────────────────────────────┼────────────────────────────────────────────────────────────────────────────────────────────────────────────────────────────────────────────────────────────────────────────────────────────┤
│ random                        │ False                                                                                                                                                                                      │
├───────────────────────────────┼────────────────────────────────────────────────────────────────────────────────────────────────────────────────────────────────────────────────────────────────────────────────────────────┤
│ batch_size                    │ 4096                                                                                                                                                                                       │
├───────────────────────────────┼────────────────────────────────────────────────────────────────────────────────────────────────────────────────────────────────────────────────────────────────────────────────────────────┤
│ val_batch_size                │ -1                                                                                                                                                                                         │
├───────────────────────────────┼────────────────────────────────────────────────────────────────────────────────────────────────────────────────────────────────────────────────────────────────────────────────────────────┤
│ exp_train_total_epochs        │ 10                                                                                                                                                                                         │
├───────────────────────────────┼────────────────────────────────────────────────────────────────────────────────────────────────────────────────────────────────────────────────────────────────────────────────────────────┤
│ exp_patience                  │ 10                                                                                                                                                                                         │
├───────────────────────────────┼────────────────────────────────────────────────────────────────────────────────────────────────────────────────────────────────────────────────────────────────────────────────────────────┤
│ log_tensorboard               │ False                                                                                                                                                                                      │
├───────────────────────────────┼────────────────────────────────────────────────────────────────────────────────────────────────────────────────────────────────────────────────────────────────────────────────────────────┤
│ exp_cadence_type              │ improvement                                                                                                                                                                                │
├───────────────────────────────┼────────────────────────────────────────────────────────────────────────────────────────────────────────────────────────────────────────────────────────────────────────────────────────────┤
│ exp_cache_cadence             │ 1                                                                                                                                                                                          │
├───────────────────────────────┼────────────────────────────────────────────────────────────────────────────────────────────────────────────────────────────────────────────────────────────────────────────────────────────┤
│ exp_val_cache_cadence         │ 1                                                                                                                                                                                          │
├───────────────────────────────┼────────────────────────────────────────────────────────────────────────────────────────────────────────────────────────────────────────────────────────────────────────────────────────────┤
│ init_type                     │ kaiming                                                                                                                                                                                    │
├───────────────────────────────┼────────────────────────────────────────────────────────────────────────────────────────────────────────────────────────────────────────────────────────────────────────────────────────────┤
│ exp_scheduler                 │ True                                                                                                                                                                                       │
├───────────────────────────────┼────────────────────────────────────────────────────────────────────────────────────────────────────────────────────────────────────────────────────────────────────────────────────────────┤
│ exp_weight_decay_scheduler    │ True                                                                                                                                                                                       │
├───────────────────────────────┼────────────────────────────────────────────────────────────────────────────────────────────────────────────────────────────────────────────────────────────────────────────────────────────┤
│ exp_start_lr                  │ 0.001                                                                                                                                                                                      │
├───────────────────────────────┼────────────────────────────────────────────────────────────────────────────────────────────────────────────────────────────────────────────────────────────────────────────────────────────┤
│ exp_lr                        │ 0.0002828                                                                                                                                                                                  │
├───────────────────────────────┼────────────────────────────────────────────────────────────────────────────────────────────────────────────────────────────────────────────────────────────────────────────────────────────┤
│ exp_final_lr                  │ 0                                                                                                                                                                                          │
├───────────────────────────────┼────────────────────────────────────────────────────────────────────────────────────────────────────────────────────────────────────────────────────────────────────────────────────────────┤
│ exp_warmup                    │ 0.05                                                                                                                                                                                       │
├───────────────────────────────┼────────────────────────────────────────────────────────────────────────────────────────────────────────────────────────────────────────────────────────────────────────────────────────────┤
│ exp_weight_decay              │ 1e-05                                                                                                                                                                                      │
├───────────────────────────────┼────────────────────────────────────────────────────────────────────────────────────────────────────────────────────────────────────────────────────────────────────────────────────────────┤
│ exp_final_weight_decay        │ 0.01                                                                                                                                                                                       │
├───────────────────────────────┼────────────────────────────────────────────────────────────────────────────────────────────────────────────────────────────────────────────────────────────────────────────────────────────┤
│ exp_ipe_scale                 │ 1.0                                                                                                                                                                                        │
├───────────────────────────────┼────────────────────────────────────────────────────────────────────────────────────────────────────────────────────────────────────────────────────────────────────────────────────────────┤
│ exp_gradient_clipping         │ 1.0                                                                                                                                                                                        │
├───────────────────────────────┼────────────────────────────────────────────────────────────────────────────────────────────────────────────────────────────────────────────────────────────────────────────────────────────┤
│ mp_distributed                │ True                                                                                                                                                                                       │
├───────────────────────────────┼────────────────────────────────────────────────────────────────────────────────────────────────────────────────────────────────────────────────────────────────────────────────────────────┤
│ mp_nodes                      │ 1                                                                                                                                                                                          │
├───────────────────────────────┼────────────────────────────────────────────────────────────────────────────────────────────────────────────────────────────────────────────────────────────────────────────────────────────┤
│ mp_gpus                       │ 4                                                                                                                                                                                          │
├───────────────────────────────┼────────────────────────────────────────────────────────────────────────────────────────────────────────────────────────────────────────────────────────────────────────────────────────────┤
│ mp_nr                         │ 0                                                                                                                                                                                          │
├───────────────────────────────┼────────────────────────────────────────────────────────────────────────────────────────────────────────────────────────────────────────────────────────────────────────────────────────────┤
│ pin_memory                    │ True                                                                                                                                                                                       │
├───────────────────────────────┼────────────────────────────────────────────────────────────────────────────────────────────────────────────────────────────────────────────────────────────────────────────────────────────┤
│ using_embedding               │ False                                                                                                                                                                                      │
├───────────────────────────────┼────────────────────────────────────────────────────────────────────────────────────────────────────────────────────────────────────────────────────────────────────────────────────────────┤
│ model_dtype                   │ float32                                                                                                                                                                                    │
├───────────────────────────────┼────────────────────────────────────────────────────────────────────────────────────────────────────────────────────────────────────────────────────────────────────────────────────────────┤
│ data_loader_nprocs            │ 0                                                                                                                                                                                          │
├───────────────────────────────┼────────────────────────────────────────────────────────────────────────────────────────────────────────────────────────────────────────────────────────────────────────────────────────────┤
│ load_from_checkpoint          │ False                                                                                                                                                                                      │
├───────────────────────────────┼────────────────────────────────────────────────────────────────────────────────────────────────────────────────────────────────────────────────────────────────────────────────────────────┤
│ load_path                     │                                                                                                                                                                                            │
├───────────────────────────────┼────────────────────────────────────────────────────────────────────────────────────────────────────────────────────────────────────────────────────────────────────────────────────────────┤
│ model_amp                     │ False                                                                                                                                                                                      │
├───────────────────────────────┼────────────────────────────────────────────────────────────────────────────────────────────────────────────────────────────────────────────────────────────────────────────────────────────┤
│ model_feature_type_embedding  │ True                                                                                                                                                                                       │
├───────────────────────────────┼────────────────────────────────────────────────────────────────────────────────────────────────────────────────────────────────────────────────────────────────────────────────────────────┤
│ model_feature_index_embedding │ True                                                                                                                                                                                       │
├───────────────────────────────┼────────────────────────────────────────────────────────────────────────────────────────────────────────────────────────────────────────────────────────────────────────────────────────────┤
│ model_dropout_prob            │ 0.1                                                                                                                                                                                        │
├───────────────────────────────┼────────────────────────────────────────────────────────────────────────────────────────────────────────────────────────────────────────────────────────────────────────────────────────────┤
│ model_layer_norm_eps          │ 1e-05                                                                                                                                                                                      │
├───────────────────────────────┼────────────────────────────────────────────────────────────────────────────────────────────────────────────────────────────────────────────────────────────────────────────────────────────┤
│ model_dim_hidden              │ 64                                                                                                                                                                                         │
├───────────────────────────────┼────────────────────────────────────────────────────────────────────────────────────────────────────────────────────────────────────────────────────────────────────────────────────────────┤
│ model_dim_feedforward         │ 256                                                                                                                                                                                        │
├───────────────────────────────┼────────────────────────────────────────────────────────────────────────────────────────────────────────────────────────────────────────────────────────────────────────────────────────────┤
│ model_num_heads               │ 4                                                                                                                                                                                          │
├───────────────────────────────┼────────────────────────────────────────────────────────────────────────────────────────────────────────────────────────────────────────────────────────────────────────────────────────────┤
│ model_num_layers              │ 4                                                                                                                                                                                          │
├───────────────────────────────┼────────────────────────────────────────────────────────────────────────────────────────────────────────────────────────────────────────────────────────────────────────────────────────────┤
│ model_ema_end                 │ 1                                                                                                                                                                                          │
├───────────────────────────────┼────────────────────────────────────────────────────────────────────────────────────────────────────────────────────────────────────────────────────────────────────────────────────────────┤
│ model_ema_start               │ 0.996                                                                                                                                                                                      │
├───────────────────────────────┼────────────────────────────────────────────────────────────────────────────────────────────────────────────────────────────────────────────────────────────────────────────────────────────┤
│ model_act_func                │ relu                                                                                                                                                                                       │
├───────────────────────────────┼────────────────────────────────────────────────────────────────────────────────────────────────────────────────────────────────────────────────────────────────────────────────────────────┤
│ probe_cadence                 │ 0                                                                                                                                                                                          │
├───────────────────────────────┼────────────────────────────────────────────────────────────────────────────────────────────────────────────────────────────────────────────────────────────────────────────────────────────┤
│ probe_model                   │ mlp                                                                                                                                                                                        │
├───────────────────────────────┼────────────────────────────────────────────────────────────────────────────────────────────────────────────────────────────────────────────────────────────────────────────────────────────┤
│ probe_sample_fraction         │ 0.1                                                                                                                                                                                        │
├───────────────────────────────┼────────────────────────────────────────────────────────────────────────────────────────────────────────────────────────────────────────────────────────────────────────────────────────────┤
│ n_cls_tokens                  │ 1                                                                                                                                                                                          │
├───────────────────────────────┼────────────────────────────────────────────────────────────────────────────────────────────────────────────────────────────────────────────────────────────────────────────────────────────┤
│ n_reg_tokens                  │ 1                                                                                                                                                                                          │
├───────────────────────────────┼────────────────────────────────────────────────────────────────────────────────────────────────────────────────────────────────────────────────────────────────────────────────────────────┤
│ pred_type                     │ transformer                                                                                                                                                                                │
├───────────────────────────────┼────────────────────────────────────────────────────────────────────────────────────────────────────────────────────────────────────────────────────────────────────────────────────────────┤
│ pred_num_layers               │ 2                                                                                                                                                                                          │
├───────────────────────────────┼────────────────────────────────────────────────────────────────────────────────────────────────────────────────────────────────────────────────────────────────────────────────────────────┤
│ pred_embed_dim                │ 64                                                                                                                                                                                         │
├───────────────────────────────┼────────────────────────────────────────────────────────────────────────────────────────────────────────────────────────────────────────────────────────────────────────────────────────────┤
│ pred_num_heads                │ 4                                                                                                                                                                                          │
├───────────────────────────────┼────────────────────────────────────────────────────────────────────────────────────────────────────────────────────────────────────────────────────────────────────────────────────────────┤
│ pred_p_dropout                │ 0.1                                                                                                                                                                                        │
├───────────────────────────────┼────────────────────────────────────────────────────────────────────────────────────────────────────────────────────────────────────────────────────────────────────────────────────────────┤
│ pred_layer_norm_eps           │ 1e-05                                                                                                                                                                                      │
├───────────────────────────────┼────────────────────────────────────────────────────────────────────────────────────────────────────────────────────────────────────────────────────────────────────────────────────────────┤
│ pred_activation               │ relu                                                                                                                                                                                       │
├───────────────────────────────┼────────────────────────────────────────────────────────────────────────────────────────────────────────────────────────────────────────────────────────────────────────────────────────────┤
│ pred_dim_feedforward          │ 256                                                                                                                                                                                        │
├───────────────────────────────┼────────────────────────────────────────────────────────────────────────────────────────────────────────────────────────────────────────────────────────────────────────────────────────────┤
│ mask_allow_overlap            │ False                                                                                                                                                                                      │
├───────────────────────────────┼────────────────────────────────────────────────────────────────────────────────────────────────────────────────────────────────────────────────────────────────────────────────────────────┤
│ mask_min_ctx_share            │ 0.2                                                                                                                                                                                        │
├───────────────────────────────┼────────────────────────────────────────────────────────────────────────────────────────────────────────────────────────────────────────────────────────────────────────────────────────────┤
│ mask_max_ctx_share            │ 0.4                                                                                                                                                                                        │
├───────────────────────────────┼────────────────────────────────────────────────────────────────────────────────────────────────────────────────────────────────────────────────────────────────────────────────────────────┤
│ mask_min_trgt_share           │ 0.2                                                                                                                                                                                        │
├───────────────────────────────┼────────────────────────────────────────────────────────────────────────────────────────────────────────────────────────────────────────────────────────────────────────────────────────────┤
│ mask_max_trgt_share           │ 0.4                                                                                                                                                                                        │
├───────────────────────────────┼────────────────────────────────────────────────────────────────────────────────────────────────────────────────────────────────────────────────────────────────────────────────────────────┤
│ mask_num_preds                │ 4                                                                                                                                                                                          │
├───────────────────────────────┼────────────────────────────────────────────────────────────────────────────────────────────────────────────────────────────────────────────────────────────────────────────────────────────┤
│ mask_num_encs                 │ 1                                                                                                                                                                                          │
├───────────────────────────────┼────────────────────────────────────────────────────────────────────────────────────────────────────────────────────────────────────────────────────────────────────────────────────────────┤
│ optuna_study_name             │                                                                                                                                                                                            │
├───────────────────────────────┼────────────────────────────────────────────────────────────────────────────────────────────────────────────────────────────────────────────────────────────────────────────────────────────┤
│ optuna_trial_number           │                                                                                                                                                                                            │
├───────────────────────────────┼────────────────────────────────────────────────────────────────────────────────────────────────────────────────────────────────────────────────────────────────────────────────────────────┤
│ optuna_output_dir             │                                                                                                                                                                                            │
├───────────────────────────────┼────────────────────────────────────────────────────────────────────────────────────────────────────────────────────────────────────────────────────────────────────────────────────────────┤
│ is_batchlearning              │ True                                                                                                                                                                                       │
├───────────────────────────────┼────────────────────────────────────────────────────────────────────────────────────────────────────────────────────────────────────────────────────────────────────────────────────────────┤
│ iteration                     │ 0                                                                                                                                                                                          │
╘═══════════════════════════════╧════════════════════════════════════════════════════════════════════════════════════════════════════════════════════════════════════════════════════════════════════════════════════════════╛
[Debug] Loading dataset …
[Debug] Parquet dataset ready (preprocessing handled by LocalFilesDataset)
Encoder Module parameters:
+-------------------+--------------------------------------------------------------------------------------------------------------------------------------------------------------------------------------------------------------------------------------------------------------------------------------------------------------------------------------------------------------------------------------------------------------------------------------------------------------------------------------------------------------------------------------------------------------------------------------------------------------------------------------------------------------------------------------------------------------------------------------------------------------------------------------------------------------------------------------------------------------------------------------------------------------------------------------------------------------------------------------------------------------------------------------------------------------------------------------------------------------------------------------------------------------------------------------------------------------------+
|     Parameter     |                                                                                                                                                                                                                                                                                                                                                                                                                                                                                                                                                                                                       Value                                                                                                                                                                                                                                                                                                                                                                                                                                                                                                                                                                                                        |
+-------------------+--------------------------------------------------------------------------------------------------------------------------------------------------------------------------------------------------------------------------------------------------------------------------------------------------------------------------------------------------------------------------------------------------------------------------------------------------------------------------------------------------------------------------------------------------------------------------------------------------------------------------------------------------------------------------------------------------------------------------------------------------------------------------------------------------------------------------------------------------------------------------------------------------------------------------------------------------------------------------------------------------------------------------------------------------------------------------------------------------------------------------------------------------------------------------------------------------------------------+
|    hidden_dim     |                                                                                                                                                                                                                                                                                                                                                                                                                                                                                                                                                                                                         64                                                                                                                                                                                                                                                                                                                                                                                                                                                                                                                                                                                                         |
| idx_num_features  | [0, 1, 2, 3, 4, 5, 6, 7, 8, 9, 10, 11, 12, 13, 14, 15, 16, 17, 18, 19, 20, 21, 22, 23, 24, 25, 26, 27, 28, 29, 30, 31, 32, 33, 34, 35, 36, 37, 38, 39, 40, 41, 42, 43, 44, 45, 46, 47, 48, 49, 50, 51, 52, 53, 54, 55, 56, 57, 58, 59, 60, 61, 62, 63, 64, 65, 66, 67, 68, 69, 70, 71, 72, 73, 74, 75, 76, 77, 78, 79, 80, 81, 82, 83, 84, 85, 86, 87, 88, 89, 90, 91, 92, 93, 94, 95, 96, 97, 98, 99, 100, 101, 102, 103, 104, 105, 106, 107, 108, 109, 110, 111, 112, 113, 114, 115, 116, 117, 118, 119, 120, 121, 122, 123, 124, 125, 126, 127, 128, 129, 130, 131, 132, 133, 134, 135, 136, 137, 138, 139, 140, 141, 142, 143, 144, 145, 146, 147, 148, 149, 150, 151, 152, 153, 154, 155, 156, 157, 158, 159, 160, 161, 162, 163, 164, 165, 166, 167, 168, 169, 170, 171, 172, 173, 174, 175, 176, 177, 178, 179, 180, 181, 182, 183, 184, 185, 186, 187, 188, 189, 190, 191, 192, 193, 194, 195, 196, 197, 198, 199, 200, 201, 202, 203, 204, 205, 206, 207, 208, 209, 210, 211, 212, 213, 214, 215, 216, 217, 218, 219, 220, 221, 222, 223, 224, 225, 226, 227, 228, 229, 230, 231, 232, 233, 234, 235, 236, 237, 238, 239, 240, 241, 242, 243, 244, 245, 246, 247, 248, 249, 250, 251, 252, 253, 254, 255] |
| idx_cat_features  |                                                                                                                                                                                                                                                                                                                                                                                                                                                                                                                                                                                                         []                                                                                                                                                                                                                                                                                                                                                                                                                                                                                                                                                                                                         |
|   cardinalities   |                                                                                                                                                                                                                                                                                                                                                                                                                                                                                                                                                                                                         []                                                                                                                                                                                                                                                                                                                                                                                                                                                                                                                                                                                                         |
| n_input_features  |                                                                                                                                                                                                                                                                                                                                                                                                                                                                                                                                                                                                        256                                                                                                                                                                                                                                                                                                                                                                                                                                                                                                                                                                                                         |
|      device       |                                                                                                                                                                                                                                                                                                                                                                                                                                                                                                                                                                                                       cuda:0                                                                                                                                                                                                                                                                                                                                                                                                                                                                                                                                                                                                       |
|    num_layers     |                                                                                                                                                                                                                                                                                                                                                                                                                                                                                                                                                                                                         4                                                                                                                                                                                                                                                                                                                                                                                                                                                                                                                                                                                                          |
|     num_heads     |                                                                                                                                                                                                                                                                                                                                                                                                                                                                                                                                                                                                         4                                                                                                                                                                                                                                                                                                                                                                                                                                                                                                                                                                                                          |
|     p_dropout     |                                                                                                                                                                                                                                                                                                                                                                                                                                                                                                                                                                                                        0.1                                                                                                                                                                                                                                                                                                                                                                                                                                                                                                                                                                                                         |
|  layer_norm_eps   |                                                                                                                                                                                                                                                                                                                                                                                                                                                                                                                                                                                                       1e-05                                                                                                                                                                                                                                                                                                                                                                                                                                                                                                                                                                                                        |
| gradient_clipping |                                                                                                                                                                                                                                                                                                                                                                                                                                                                                                                                                                                                        1.0                                                                                                                                                                                                                                                                                                                                                                                                                                                                                                                                                                                                         |
|  dim_feedforward  |                                                                                                                                                                                                                                                                                                                                                                                                                                                                                                                                                                                                        256                                                                                                                                                                                                                                                                                                                                                                                                                                                                                                                                                                                                         |
+-------------------+--------------------------------------------------------------------------------------------------------------------------------------------------------------------------------------------------------------------------------------------------------------------------------------------------------------------------------------------------------------------------------------------------------------------------------------------------------------------------------------------------------------------------------------------------------------------------------------------------------------------------------------------------------------------------------------------------------------------------------------------------------------------------------------------------------------------------------------------------------------------------------------------------------------------------------------------------------------------------------------------------------------------------------------------------------------------------------------------------------------------------------------------------------------------------------------------------------------------+
Using feature index embedding (unique embedding for each column).
/home/aminmohamadi_squareup_com/projects/t-jepa-parquet-scaling/src/tjepa_transformer.py:172: UserWarning: enable_nested_tensor is True, but self.use_nested_tensor is False because encoder_layer was not TransformerEncoderLayer
  warnings.warn(
Clipping gradients to value 1.0.
Predictors Module parameters:
+-----------------+--------+
|    Parameter    | Value  |
+-----------------+--------+
|   hidden_dim    |   64   |
|  num_features   |  256   |
|   num_layers    |   2    |
|    num_heads    |   4    |
|    p_dropout    |  0.1   |
| layer_norm_eps  | 1e-05  |
|   activation    |  relu  |
| pred_embed_dim  |   64   |
|     device      | cuda:0 |
|  cardinalities  |   []   |
| dim_feedforward |  256   |
+-----------------+--------+
[Debug] Wrapped models in DistributedDataParallel[Debug] Wrapped models in DistributedDataParallel

[Debug] Wrapped models in DistributedDataParallel
[Debug] Wrapped models in DistributedDataParallel
/home/aminmohamadi_squareup_com/projects/t-jepa-parquet-scaling/run.py:232: FutureWarning: `torch.cuda.amp.GradScaler(args...)` is deprecated. Please use `torch.amp.GradScaler('cuda', args...)` instead.
  scaler = GradScaler(enabled=args.model_amp)
/home/aminmohamadi_squareup_com/projects/t-jepa-parquet-scaling/run.py:232: FutureWarning: `torch.cuda.amp.GradScaler(args...)` is deprecated. Please use `torch.amp.GradScaler('cuda', args...)` instead.
  scaler = GradScaler(enabled=args.model_amp)
/home/aminmohamadi_squareup_com/projects/t-jepa-parquet-scaling/run.py:232: FutureWarning: `torch.cuda.amp.GradScaler(args...)` is deprecated. Please use `torch.amp.GradScaler('cuda', args...)` instead.
  scaler = GradScaler(enabled=args.model_amp)
/home/aminmohamadi_squareup_com/projects/t-jepa-parquet-scaling/run.py:232: FutureWarning: `torch.cuda.amp.GradScaler(args...)` is deprecated. Please use `torch.amp.GradScaler('cuda', args...)` instead.
  scaler = GradScaler(enabled=args.model_amp)
MaskCollator params:
-----------------  -----
Allow overlap      False
Min context share  0.2
Max context share  0.4
Min target share   0.2
Max target share   0.4
Min context        51
Max context        102
Min target         51
Max target         102
Num preds          4
Num encs           1
Num features       256
Cardinalities      []
-----------------  -----
[Debug] Building DataLoader …
[Debug] Distributed parquet DataLoader: 202 batches per rank (805 total batches ÷ 4 GPUs)
[Debug] DataLoader built
[Debug] ipe (iterations per epoch) = 201
MaskCollator params:
MaskCollator params:
-----------------  -----
Allow overlap      False
Min context share  0.2
Max context share  0.4
Min target share   0.2
Max target share   0.4
Min context        51
Max context        102
Min target         51
Max target         102
Num preds          4
Num encs           1
Num features       256
Cardinalities      []
-----------------  -----
[Debug] Building DataLoader …
[Debug] Distributed parquet DataLoader: 202 batches per rank (805 total batches ÷ 4 GPUs)
[Debug] DataLoader built
[Debug] ipe (iterations per epoch) = 201
-----------------  -----
Allow overlap      False
Min context share  0.2
Max context share  0.4
Min target share   0.2
Max target share   0.4
Min context        51
Max context        102
Min target         51
Max target         102
Num preds          4
Num encs           1
Num features       256
Cardinalities      []
-----------------  -----
[Debug] Building DataLoader …
[Debug] Distributed parquet DataLoader: 202 batches per rank (805 total batches ÷ 4 GPUs)
[Debug] DataLoader built
[Debug] ipe (iterations per epoch) = 201
[Debug] Instantiating Trainer
[Debug] is_main_process=False
MaskCollator params:
[Debug] Trainer instantiated
Starting training…
-----------------  -----
Allow overlap      False
Min context share  0.2
Max context share  0.4
Min target share   0.2
Max target share   0.4
Min context        51
Max context        102
Min target         51
Max target         102
Num preds          4
Num encs           1
Num features       256
Cardinalities      []
-----------------  -----
[Debug] Building DataLoader …
[Debug] Distributed parquet DataLoader: 202 batches per rank (805 total batches ÷ 4 GPUs)
[Debug] DataLoader built
[Debug] ipe (iterations per epoch) = 201
[Debug] Instantiating Trainer
[Debug] is_main_process=True
[Debug] Instantiating Trainer
[Debug] is_main_process=False
[Debug] Trainer instantiated
Starting training…
[Debug] Instantiating Trainer
[Debug] is_main_process=False
[Debug] Trainer instantiated
Starting training…
[Debug] Trainer instantiated
Starting training…
  0%|          | 0/201 [00:00<?, ?it/s]  0%|          | 0/201 [00:00<?, ?it/s]  0%|          | 0/201 [00:00<?, ?it/s]/home/aminmohamadi_squareup_com/projects/t-jepa-parquet-scaling/src/train.py:436: UserWarning: The use of `x.T` on tensors of dimension other than 2 to reverse their shape is deprecated and it will throw an error in a future release. Consider `x.mT` to transpose batches of matrices or `x.permute(*torch.arange(x.ndim - 1, -1, -1))` to reverse the dimensions of a tensor. (Triggered internally at /pytorch/aten/src/ATen/native/TensorShape.cpp:4416.)
  _debug_values(batch[0].T, "batch[0]")
/home/aminmohamadi_squareup_com/projects/t-jepa-parquet-scaling/src/train.py:436: UserWarning: The use of `x.T` on tensors of dimension other than 2 to reverse their shape is deprecated and it will throw an error in a future release. Consider `x.mT` to transpose batches of matrices or `x.permute(*torch.arange(x.ndim - 1, -1, -1))` to reverse the dimensions of a tensor. (Triggered internally at /pytorch/aten/src/ATen/native/TensorShape.cpp:4416.)
  _debug_values(batch[0].T, "batch[0]")
/home/aminmohamadi_squareup_com/projects/t-jepa-parquet-scaling/src/train.py:436: UserWarning: The use of `x.T` on tensors of dimension other than 2 to reverse their shape is deprecated and it will throw an error in a future release. Consider `x.mT` to transpose batches of matrices or `x.permute(*torch.arange(x.ndim - 1, -1, -1))` to reverse the dimensions of a tensor. (Triggered internally at /pytorch/aten/src/ATen/native/TensorShape.cpp:4416.)
  _debug_values(batch[0].T, "batch[0]")
2025/11/12 23:17:26 INFO mlflow.system_metrics.system_metrics_monitor: Started monitoring system metrics.
##############################Training epoch: 1/10##############################
  0%|          | 0/201 [00:00<?, ?it/s]/home/aminmohamadi_squareup_com/projects/t-jepa-parquet-scaling/src/train.py:436: UserWarning: The use of `x.T` on tensors of dimension other than 2 to reverse their shape is deprecated and it will throw an error in a future release. Consider `x.mT` to transpose batches of matrices or `x.permute(*torch.arange(x.ndim - 1, -1, -1))` to reverse the dimensions of a tensor. (Triggered internally at /pytorch/aten/src/ATen/native/TensorShape.cpp:4416.)
  _debug_values(batch[0].T, "batch[0]")
  0%|          | 1/201 [00:01<06:25,  1.93s/it]  0%|          | 1/201 [00:01<06:25,  1.93s/it]  0%|          | 1/201 [00:01<06:25,  1.93s/it]  0%|          | 1/201 [00:01<03:41,  1.11s/it]  1%|          | 2/201 [00:02<03:24,  1.03s/it]  1%|          | 2/201 [00:03<04:45,  1.43s/it]  1%|          | 2/201 [00:03<04:45,  1.43s/it]  1%|          | 2/201 [00:03<04:45,  1.44s/it]  1%|▏         | 3/201 [00:03<04:01,  1.22s/it]  1%|▏         | 3/201 [00:03<04:01,  1.22s/it]  1%|▏         | 3/201 [00:03<03:17,  1.00it/s]  1%|▏         | 3/201 [00:03<04:01,  1.22s/it]  2%|▏         | 4/201 [00:04<03:12,  1.02it/s]  2%|▏         | 4/201 [00:03<02:45,  1.19it/s]  2%|▏         | 4/201 [00:04<03:12,  1.02it/s]  2%|▏         | 4/201 [00:04<03:12,  1.02it/s]  2%|▏         | 5/201 [00:04<02:39,  1.23it/s]  2%|▏         | 5/201 [00:05<02:56,  1.11it/s]  2%|▏         | 5/201 [00:05<02:56,  1.11it/s]  2%|▏         | 5/201 [00:05<02:56,  1.11it/s]  3%|▎         | 6/201 [00:05<02:35,  1.26it/s]  3%|▎         | 6/201 [00:06<02:46,  1.17it/s]  3%|▎         | 6/201 [00:06<02:46,  1.17it/s]  3%|▎         | 6/201 [00:06<02:46,  1.17it/s]  3%|▎         | 7/201 [00:06<02:40,  1.21it/s]  3%|▎         | 7/201 [00:05<02:32,  1.27it/s]  3%|▎         | 7/201 [00:06<02:40,  1.21it/s]  3%|▎         | 7/201 [00:06<02:40,  1.21it/s]  4%|▍         | 8/201 [00:06<02:29,  1.29it/s]  4%|▍         | 8/201 [00:07<02:34,  1.25it/s]  4%|▍         | 8/201 [00:07<02:34,  1.25it/s]  4%|▍         | 8/201 [00:07<02:34,  1.25it/s]  4%|▍         | 9/201 [00:07<02:42,  1.18it/s]  4%|▍         | 9/201 [00:08<02:46,  1.15it/s]  4%|▍         | 9/201 [00:08<02:46,  1.15it/s]  4%|▍         | 9/201 [00:08<02:46,  1.15it/s]  5%|▍         | 10/201 [00:08<02:36,  1.22it/s]  5%|▍         | 10/201 [00:09<02:38,  1.20it/s]  5%|▍         | 10/201 [00:09<02:38,  1.20it/s]  5%|▍         | 10/201 [00:09<02:38,  1.20it/s]  5%|▌         | 11/201 [00:10<02:33,  1.24it/s]  5%|▌         | 11/201 [00:09<02:31,  1.25it/s]  5%|▌         | 11/201 [00:10<02:33,  1.24it/s]  5%|▌         | 11/201 [00:10<02:33,  1.24it/s]  6%|▌         | 12/201 [00:09<02:25,  1.30it/s]  6%|▌         | 12/201 [00:10<02:26,  1.29it/s]  6%|▌         | 12/201 [00:10<02:26,  1.29it/s]  6%|▌         | 12/201 [00:10<02:26,  1.29it/s]  6%|▋         | 13/201 [00:10<02:22,  1.31it/s]  6%|▋         | 13/201 [00:11<02:23,  1.31it/s]  6%|▋         | 13/201 [00:11<02:23,  1.31it/s]  6%|▋         | 13/201 [00:11<02:23,  1.31it/s]  7%|▋         | 14/201 [00:11<02:19,  1.34it/s]  7%|▋         | 14/201 [00:12<02:19,  1.34it/s]  7%|▋         | 14/201 [00:12<02:19,  1.34it/s]  7%|▋         | 14/201 [00:12<02:19,  1.34it/s]  7%|▋         | 15/201 [00:12<02:29,  1.24it/s]  7%|▋         | 15/201 [00:13<02:30,  1.24it/s]  7%|▋         | 15/201 [00:13<02:30,  1.24it/s]  7%|▋         | 15/201 [00:13<02:30,  1.24it/s]  8%|▊         | 16/201 [00:13<02:24,  1.28it/s]  8%|▊         | 16/201 [00:13<02:24,  1.28it/s]  8%|▊         | 16/201 [00:13<02:24,  1.28it/s]  8%|▊         | 16/201 [00:13<02:24,  1.28it/s]  8%|▊         | 17/201 [00:14<02:20,  1.31it/s]  8%|▊         | 17/201 [00:14<02:20,  1.31it/s]  8%|▊         | 17/201 [00:13<02:20,  1.31it/s]  8%|▊         | 17/201 [00:14<02:20,  1.31it/s]  9%|▉         | 18/201 [00:14<02:19,  1.31it/s]  9%|▉         | 18/201 [00:15<02:19,  1.31it/s]  9%|▉         | 18/201 [00:15<02:19,  1.31it/s]  9%|▉         | 18/201 [00:15<02:19,  1.31it/s]  9%|▉         | 19/201 [00:15<02:17,  1.32it/s]  9%|▉         | 19/201 [00:16<02:17,  1.32it/s]  9%|▉         | 19/201 [00:16<02:17,  1.32it/s]  9%|▉         | 19/201 [00:16<02:17,  1.32it/s] 10%|▉         | 20/201 [00:16<02:18,  1.31it/s] 10%|▉         | 20/201 [00:16<02:18,  1.31it/s] 10%|▉         | 20/201 [00:16<02:18,  1.31it/s] 10%|▉         | 20/201 [00:16<02:18,  1.31it/s] 10%|█         | 21/201 [00:16<02:16,  1.32it/s] 10%|█         | 21/201 [00:17<02:16,  1.32it/s] 10%|█         | 21/201 [00:17<02:16,  1.32it/s] 10%|█         | 21/201 [00:17<02:16,  1.32it/s] 11%|█         | 22/201 [00:17<02:27,  1.21it/s] 11%|█         | 22/201 [00:18<02:27,  1.21it/s] 11%|█         | 22/201 [00:18<02:27,  1.21it/s] 11%|█         | 22/201 [00:18<02:27,  1.21it/s] 11%|█▏        | 23/201 [00:18<02:23,  1.24it/s] 11%|█▏        | 23/201 [00:19<02:23,  1.24it/s] 11%|█▏        | 23/201 [00:19<02:23,  1.24it/s] 11%|█▏        | 23/201 [00:19<02:23,  1.24it/s] 12%|█▏        | 24/201 [00:19<02:19,  1.27it/s] 12%|█▏        | 24/201 [00:20<02:19,  1.27it/s] 12%|█▏        | 24/201 [00:20<02:19,  1.27it/s] 12%|█▏        | 24/201 [00:20<02:19,  1.27it/s] 12%|█▏        | 25/201 [00:20<02:17,  1.28it/s] 12%|█▏        | 25/201 [00:20<02:17,  1.28it/s] 12%|█▏        | 25/201 [00:20<02:17,  1.28it/s] 12%|█▏        | 25/201 [00:20<02:17,  1.28it/s] 13%|█▎        | 26/201 [00:20<02:15,  1.29it/s] 13%|█▎        | 26/201 [00:21<02:15,  1.29it/s] 13%|█▎        | 26/201 [00:21<02:15,  1.29it/s] 13%|█▎        | 26/201 [00:21<02:15,  1.29it/s] 13%|█▎        | 27/201 [00:22<02:15,  1.28it/s] 13%|█▎        | 27/201 [00:21<02:15,  1.28it/s] 13%|█▎        | 27/201 [00:22<02:15,  1.28it/s] 13%|█▎        | 27/201 [00:22<02:15,  1.28it/s] 14%|█▍        | 28/201 [00:22<02:25,  1.19it/s] 14%|█▍        | 28/201 [00:23<02:25,  1.19it/s] 14%|█▍        | 28/201 [00:23<02:25,  1.19it/s] 14%|█▍        | 28/201 [00:23<02:25,  1.19it/s] 14%|█▍        | 29/201 [00:23<02:21,  1.21it/s] 14%|█▍        | 29/201 [00:24<02:21,  1.21it/s] 14%|█▍        | 29/201 [00:24<02:21,  1.21it/s] 14%|█▍        | 29/201 [00:24<02:21,  1.21it/s] 15%|█▍        | 30/201 [00:25<02:16,  1.25it/s] 15%|█▍        | 30/201 [00:24<02:16,  1.25it/s] 15%|█▍        | 30/201 [00:25<02:16,  1.25it/s] 15%|█▍        | 30/201 [00:25<02:16,  1.25it/s] 15%|█▌        | 31/201 [00:24<02:15,  1.25it/s] 15%|█▌        | 31/201 [00:25<02:15,  1.25it/s] 15%|█▌        | 31/201 [00:25<02:15,  1.25it/s] 15%|█▌        | 31/201 [00:25<02:15,  1.25it/s] 16%|█▌        | 32/201 [00:25<02:11,  1.28it/s] 16%|█▌        | 32/201 [00:26<02:11,  1.28it/s] 16%|█▌        | 32/201 [00:26<02:11,  1.28it/s] 16%|█▌        | 32/201 [00:26<02:11,  1.28it/s] 16%|█▋        | 33/201 [00:26<02:11,  1.28it/s] 16%|█▋        | 33/201 [00:27<02:11,  1.28it/s] 16%|█▋        | 33/201 [00:27<02:11,  1.28it/s] 16%|█▋        | 33/201 [00:27<02:11,  1.28it/s] 17%|█▋        | 34/201 [00:27<02:20,  1.19it/s] 17%|█▋        | 34/201 [00:28<02:20,  1.19it/s] 17%|█▋        | 34/201 [00:28<02:20,  1.19it/s] 17%|█▋        | 34/201 [00:28<02:20,  1.19it/s] 17%|█▋        | 35/201 [00:28<02:15,  1.22it/s] 17%|█▋        | 35/201 [00:29<02:15,  1.22it/s] 17%|█▋        | 35/201 [00:29<02:15,  1.22it/s] 17%|█▋        | 35/201 [00:29<02:15,  1.22it/s] 18%|█▊        | 36/201 [00:28<02:06,  1.31it/s] 18%|█▊        | 36/201 [00:29<02:06,  1.31it/s] 18%|█▊        | 36/201 [00:29<02:06,  1.31it/s] 18%|█▊        | 36/201 [00:29<02:06,  1.31it/s] 18%|█▊        | 37/201 [00:30<02:04,  1.31it/s] 18%|█▊        | 37/201 [00:29<02:04,  1.31it/s] 18%|█▊        | 37/201 [00:30<02:04,  1.31it/s] 18%|█▊        | 37/201 [00:30<02:04,  1.31it/s] 19%|█▉        | 38/201 [00:30<02:05,  1.30it/s] 19%|█▉        | 38/201 [00:31<02:05,  1.30it/s] 19%|█▉        | 38/201 [00:31<02:05,  1.30it/s] 19%|█▉        | 38/201 [00:31<02:05,  1.30it/s] 19%|█▉        | 39/201 [00:31<02:04,  1.30it/s] 19%|█▉        | 39/201 [00:32<02:04,  1.30it/s] 19%|█▉        | 39/201 [00:32<02:04,  1.30it/s] 19%|█▉        | 39/201 [00:32<02:04,  1.30it/s] 20%|█▉        | 40/201 [00:32<02:06,  1.27it/s] 20%|█▉        | 40/201 [00:31<02:06,  1.27it/s] 20%|█▉        | 40/201 [00:32<02:06,  1.27it/s] 20%|█▉        | 40/201 [00:32<02:06,  1.27it/s] 20%|██        | 41/201 [00:32<02:05,  1.28it/s] 20%|██        | 41/201 [00:33<02:05,  1.28it/s] 20%|██        | 41/201 [00:33<02:05,  1.28it/s] 20%|██        | 41/201 [00:33<02:05,  1.28it/s] 21%|██        | 42/201 [00:33<01:57,  1.35it/s] 21%|██        | 42/201 [00:34<01:57,  1.35it/s] 21%|██        | 42/201 [00:34<01:57,  1.35it/s] 21%|██        | 42/201 [00:34<01:57,  1.35it/s] 21%|██▏       | 43/201 [00:35<02:08,  1.23it/s] 21%|██▏       | 43/201 [00:34<02:08,  1.23it/s] 21%|██▏       | 43/201 [00:35<02:08,  1.23it/s] 21%|██▏       | 43/201 [00:35<02:08,  1.23it/s] 22%|██▏       | 44/201 [00:35<02:06,  1.25it/s] 22%|██▏       | 44/201 [00:36<02:06,  1.25it/s] 22%|██▏       | 44/201 [00:36<02:06,  1.25it/s] 22%|██▏       | 44/201 [00:36<02:06,  1.25it/s] 22%|██▏       | 45/201 [00:35<02:04,  1.25it/s] 22%|██▏       | 45/201 [00:36<02:04,  1.25it/s] 22%|██▏       | 45/201 [00:36<02:04,  1.25it/s] 22%|██▏       | 45/201 [00:36<02:04,  1.25it/s] 23%|██▎       | 46/201 [00:36<02:01,  1.28it/s] 23%|██▎       | 46/201 [00:37<02:01,  1.28it/s] 23%|██▎       | 46/201 [00:37<02:01,  1.28it/s] 23%|██▎       | 46/201 [00:37<02:01,  1.28it/s] 23%|██▎       | 47/201 [00:37<02:08,  1.20it/s] 23%|██▎       | 47/201 [00:38<02:08,  1.20it/s] 23%|██▎       | 47/201 [00:38<02:08,  1.20it/s] 23%|██▎       | 47/201 [00:38<02:08,  1.20it/s] 24%|██▍       | 48/201 [00:38<01:56,  1.31it/s] 24%|██▍       | 48/201 [00:39<01:56,  1.31it/s] 24%|██▍       | 48/201 [00:39<01:56,  1.31it/s] 24%|██▍       | 48/201 [00:39<01:56,  1.31it/s] 24%|██▍       | 49/201 [00:38<01:55,  1.32it/s] 24%|██▍       | 49/201 [00:39<01:55,  1.32it/s] 24%|██▍       | 49/201 [00:39<01:55,  1.32it/s] 24%|██▍       | 49/201 [00:39<01:55,  1.32it/s] 25%|██▍       | 50/201 [00:40<01:47,  1.40it/s] 25%|██▍       | 50/201 [00:39<01:47,  1.40it/s] 25%|██▍       | 50/201 [00:40<01:47,  1.40it/s] 25%|██▍       | 50/201 [00:40<01:47,  1.40it/s] 25%|██▌       | 51/201 [00:40<01:48,  1.39it/s] 25%|██▌       | 51/201 [00:41<01:48,  1.39it/s] 25%|██▌       | 51/201 [00:41<01:48,  1.39it/s] 25%|██▌       | 51/201 [00:41<01:48,  1.38it/s] 26%|██▌       | 52/201 [00:41<01:52,  1.32it/s] 26%|██▌       | 52/201 [00:42<01:52,  1.32it/s] 26%|██▌       | 52/201 [00:42<01:52,  1.32it/s] 26%|██▌       | 52/201 [00:42<01:52,  1.32it/s] 26%|██▋       | 53/201 [00:42<02:01,  1.21it/s] 26%|██▋       | 53/201 [00:43<02:01,  1.21it/s] 26%|██▋       | 53/201 [00:43<02:01,  1.21it/s] 26%|██▋       | 53/201 [00:43<02:01,  1.21it/s] 27%|██▋       | 54/201 [00:42<01:59,  1.23it/s] 27%|██▋       | 54/201 [00:43<01:59,  1.23it/s] 27%|██▋       | 54/201 [00:43<01:59,  1.23it/s] 27%|██▋       | 54/201 [00:43<01:59,  1.23it/s] 27%|██▋       | 55/201 [00:43<01:56,  1.25it/s] 27%|██▋       | 55/201 [00:44<01:56,  1.25it/s] 27%|██▋       | 55/201 [00:44<01:56,  1.25it/s] 27%|██▋       | 55/201 [00:44<01:56,  1.25it/s] 28%|██▊       | 56/201 [00:44<02:01,  1.20it/s] 28%|██▊       | 56/201 [00:45<02:01,  1.20it/s] 28%|██▊       | 56/201 [00:45<02:01,  1.20it/s] 28%|██▊       | 56/201 [00:45<02:01,  1.20it/s] 28%|██▊       | 57/201 [00:45<01:58,  1.21it/s] 28%|██▊       | 57/201 [00:46<01:58,  1.21it/s] 28%|██▊       | 57/201 [00:46<01:58,  1.21it/s] 28%|██▊       | 57/201 [00:46<01:58,  1.21it/s] 29%|██▉       | 58/201 [00:46<01:54,  1.25it/s] 29%|██▉       | 58/201 [00:47<01:54,  1.25it/s] 29%|██▉       | 58/201 [00:47<01:54,  1.25it/s] 29%|██▉       | 58/201 [00:47<01:54,  1.25it/s] 29%|██▉       | 59/201 [00:48<02:00,  1.18it/s] 29%|██▉       | 59/201 [00:48<02:00,  1.18it/s] 29%|██▉       | 59/201 [00:48<02:00,  1.18it/s] 29%|██▉       | 59/201 [00:47<02:00,  1.18it/s] 30%|██▉       | 60/201 [00:48<02:03,  1.14it/s] 30%|██▉       | 60/201 [00:48<02:03,  1.14it/s] 30%|██▉       | 60/201 [00:48<02:03,  1.14it/s] 30%|██▉       | 60/201 [00:48<02:03,  1.14it/s] 30%|███       | 61/201 [00:48<01:51,  1.26it/s] 30%|███       | 61/201 [00:49<01:51,  1.26it/s] 30%|███       | 61/201 [00:49<01:51,  1.26it/s] 30%|███       | 61/201 [00:49<01:51,  1.26it/s] 31%|███       | 62/201 [00:49<01:47,  1.29it/s] 31%|███       | 62/201 [00:50<01:47,  1.29it/s] 31%|███       | 62/201 [00:50<01:47,  1.29it/s] 31%|███       | 62/201 [00:50<01:47,  1.29it/s] 31%|███▏      | 63/201 [00:50<01:47,  1.28it/s] 31%|███▏      | 63/201 [00:51<01:47,  1.28it/s] 31%|███▏      | 63/201 [00:51<01:47,  1.28it/s] 31%|███▏      | 63/201 [00:51<01:47,  1.28it/s] 32%|███▏      | 64/201 [00:50<01:46,  1.28it/s] 32%|███▏      | 64/201 [00:51<01:46,  1.28it/s] 32%|███▏      | 64/201 [00:51<01:46,  1.28it/s] 32%|███▏      | 64/201 [00:51<01:46,  1.28it/s] 32%|███▏      | 65/201 [00:52<01:52,  1.21it/s] 32%|███▏      | 65/201 [00:52<01:52,  1.21it/s] 32%|███▏      | 65/201 [00:51<01:52,  1.21it/s] 32%|███▏      | 65/201 [00:52<01:52,  1.21it/s] 33%|███▎      | 66/201 [00:52<01:50,  1.22it/s] 33%|███▎      | 66/201 [00:53<01:50,  1.22it/s] 33%|███▎      | 66/201 [00:53<01:50,  1.22it/s] 33%|███▎      | 66/201 [00:53<01:50,  1.22it/s] 33%|███▎      | 67/201 [00:53<01:45,  1.27it/s] 33%|███▎      | 67/201 [00:54<01:45,  1.27it/s] 33%|███▎      | 67/201 [00:54<01:45,  1.27it/s] 33%|███▎      | 67/201 [00:54<01:45,  1.27it/s] 34%|███▍      | 68/201 [00:54<01:44,  1.27it/s] 34%|███▍      | 68/201 [00:55<01:44,  1.27it/s] 34%|███▍      | 68/201 [00:55<01:44,  1.27it/s] 34%|███▍      | 68/201 [00:55<01:44,  1.27it/s] 34%|███▍      | 69/201 [00:54<01:42,  1.29it/s] 34%|███▍      | 69/201 [00:55<01:42,  1.29it/s] 34%|███▍      | 69/201 [00:55<01:42,  1.29it/s] 34%|███▍      | 69/201 [00:55<01:42,  1.29it/s] 35%|███▍      | 70/201 [00:55<01:42,  1.27it/s] 35%|███▍      | 70/201 [00:56<01:42,  1.27it/s] 35%|███▍      | 70/201 [00:56<01:42,  1.27it/s] 35%|███▍      | 70/201 [00:56<01:42,  1.27it/s] 35%|███▌      | 71/201 [00:56<01:40,  1.29it/s] 35%|███▌      | 71/201 [00:57<01:40,  1.29it/s] 35%|███▌      | 71/201 [00:57<01:40,  1.29it/s] 35%|███▌      | 71/201 [00:57<01:40,  1.29it/s] 36%|███▌      | 72/201 [00:57<01:47,  1.20it/s] 36%|███▌      | 72/201 [00:58<01:47,  1.20it/s] 36%|███▌      | 72/201 [00:58<01:47,  1.20it/s] 36%|███▌      | 72/201 [00:58<01:47,  1.20it/s] 36%|███▋      | 73/201 [00:59<01:42,  1.24it/s] 36%|███▋      | 73/201 [00:58<01:42,  1.24it/s] 36%|███▋      | 73/201 [00:59<01:42,  1.24it/s] 36%|███▋      | 73/201 [00:59<01:42,  1.24it/s] 37%|███▋      | 74/201 [00:58<01:39,  1.27it/s] 37%|███▋      | 74/201 [00:59<01:39,  1.27it/s] 37%|███▋      | 74/201 [00:59<01:39,  1.27it/s] 37%|███▋      | 74/201 [00:59<01:39,  1.27it/s] 37%|███▋      | 75/201 [00:59<01:39,  1.27it/s] 37%|███▋      | 75/201 [01:00<01:39,  1.27it/s] 37%|███▋      | 75/201 [01:00<01:39,  1.27it/s] 37%|███▋      | 75/201 [01:00<01:39,  1.27it/s] 38%|███▊      | 76/201 [01:00<01:37,  1.28it/s] 38%|███▊      | 76/201 [01:01<01:37,  1.28it/s] 38%|███▊      | 76/201 [01:01<01:37,  1.28it/s] 38%|███▊      | 76/201 [01:01<01:37,  1.28it/s] 38%|███▊      | 77/201 [01:01<01:36,  1.29it/s] 38%|███▊      | 77/201 [01:02<01:36,  1.29it/s] 38%|███▊      | 77/201 [01:02<01:36,  1.29it/s] 38%|███▊      | 77/201 [01:02<01:36,  1.29it/s] 39%|███▉      | 78/201 [01:03<01:41,  1.21it/s] 39%|███▉      | 78/201 [01:02<01:41,  1.21it/s] 39%|███▉      | 78/201 [01:03<01:41,  1.21it/s] 39%|███▉      | 78/201 [01:03<01:41,  1.21it/s] 39%|███▉      | 79/201 [01:03<01:37,  1.26it/s] 39%|███▉      | 79/201 [01:02<01:37,  1.26it/s] 39%|███▉      | 79/201 [01:03<01:37,  1.26it/s] 39%|███▉      | 79/201 [01:03<01:37,  1.26it/s] 40%|███▉      | 80/201 [01:03<01:30,  1.34it/s] 40%|███▉      | 80/201 [01:04<01:30,  1.34it/s] 40%|███▉      | 80/201 [01:04<01:30,  1.34it/s] 40%|███▉      | 80/201 [01:04<01:30,  1.34it/s] 40%|████      | 81/201 [01:04<01:29,  1.34it/s] 40%|████      | 81/201 [01:05<01:29,  1.34it/s] 40%|████      | 81/201 [01:05<01:29,  1.34it/s] 40%|████      | 81/201 [01:05<01:29,  1.34it/s] 41%|████      | 82/201 [01:05<01:34,  1.25it/s] 41%|████      | 82/201 [01:06<01:34,  1.25it/s] 41%|████      | 82/201 [01:06<01:34,  1.25it/s] 41%|████      | 82/201 [01:06<01:34,  1.25it/s] 41%|████▏     | 83/201 [01:05<01:32,  1.28it/s] 41%|████▏     | 83/201 [01:06<01:32,  1.28it/s] 41%|████▏     | 83/201 [01:06<01:32,  1.28it/s] 41%|████▏     | 83/201 [01:06<01:32,  1.28it/s] 42%|████▏     | 84/201 [01:06<01:40,  1.17it/s] 42%|████▏     | 84/201 [01:07<01:40,  1.17it/s] 42%|████▏     | 84/201 [01:07<01:40,  1.17it/s] 42%|████▏     | 84/201 [01:07<01:40,  1.17it/s] 42%|████▏     | 85/201 [01:07<01:36,  1.20it/s] 42%|████▏     | 85/201 [01:08<01:36,  1.20it/s] 42%|████▏     | 85/201 [01:08<01:36,  1.20it/s] 42%|████▏     | 85/201 [01:08<01:36,  1.20it/s] 43%|████▎     | 86/201 [01:08<01:34,  1.22it/s] 43%|████▎     | 86/201 [01:09<01:34,  1.22it/s] 43%|████▎     | 86/201 [01:09<01:34,  1.22it/s] 43%|████▎     | 86/201 [01:09<01:34,  1.22it/s] 43%|████▎     | 87/201 [01:09<01:31,  1.24it/s] 43%|████▎     | 87/201 [01:10<01:31,  1.24it/s] 43%|████▎     | 87/201 [01:10<01:31,  1.24it/s] 43%|████▎     | 87/201 [01:10<01:31,  1.24it/s] 44%|████▍     | 88/201 [01:10<01:28,  1.28it/s] 44%|████▍     | 88/201 [01:10<01:28,  1.28it/s] 44%|████▍     | 88/201 [01:10<01:28,  1.28it/s] 44%|████▍     | 88/201 [01:10<01:28,  1.28it/s] 44%|████▍     | 89/201 [01:11<01:27,  1.27it/s] 44%|████▍     | 89/201 [01:10<01:27,  1.27it/s] 44%|████▍     | 89/201 [01:11<01:27,  1.27it/s] 44%|████▍     | 89/201 [01:11<01:27,  1.27it/s] 45%|████▍     | 90/201 [01:11<01:34,  1.18it/s] 45%|████▍     | 90/201 [01:12<01:34,  1.18it/s] 45%|████▍     | 90/201 [01:12<01:34,  1.18it/s] 45%|████▍     | 90/201 [01:12<01:34,  1.18it/s] 45%|████▌     | 91/201 [01:12<01:29,  1.23it/s] 45%|████▌     | 91/201 [01:13<01:29,  1.23it/s] 45%|████▌     | 91/201 [01:13<01:29,  1.23it/s] 45%|████▌     | 91/201 [01:13<01:29,  1.23it/s] 46%|████▌     | 92/201 [01:14<01:26,  1.26it/s] 46%|████▌     | 92/201 [01:13<01:26,  1.26it/s] 46%|████▌     | 92/201 [01:14<01:26,  1.26it/s] 46%|████▌     | 92/201 [01:14<01:26,  1.26it/s] 46%|████▋     | 93/201 [01:14<01:29,  1.21it/s] 46%|████▋     | 93/201 [01:15<01:29,  1.21it/s] 46%|████▋     | 93/201 [01:15<01:29,  1.21it/s] 46%|████▋     | 93/201 [01:15<01:29,  1.21it/s] 47%|████▋     | 94/201 [01:14<01:25,  1.25it/s] 47%|████▋     | 94/201 [01:15<01:25,  1.25it/s] 47%|████▋     | 94/201 [01:15<01:25,  1.25it/s] 47%|████▋     | 94/201 [01:15<01:25,  1.25it/s] 47%|████▋     | 95/201 [01:15<01:18,  1.35it/s] 47%|████▋     | 95/201 [01:16<01:18,  1.35it/s] 47%|████▋     | 95/201 [01:16<01:18,  1.35it/s] 47%|████▋     | 95/201 [01:16<01:18,  1.35it/s] 48%|████▊     | 96/201 [01:16<01:17,  1.35it/s] 48%|████▊     | 96/201 [01:17<01:17,  1.35it/s] 48%|████▊     | 96/201 [01:17<01:17,  1.35it/s] 48%|████▊     | 96/201 [01:17<01:17,  1.35it/s] 48%|████▊     | 97/201 [01:17<01:26,  1.21it/s] 48%|████▊     | 97/201 [01:18<01:26,  1.21it/s] 48%|████▊     | 97/201 [01:18<01:26,  1.21it/s] 48%|████▊     | 97/201 [01:18<01:26,  1.21it/s] 49%|████▉     | 98/201 [01:18<01:22,  1.25it/s] 49%|████▉     | 98/201 [01:18<01:22,  1.25it/s] 49%|████▉     | 98/201 [01:18<01:22,  1.25it/s] 49%|████▉     | 98/201 [01:18<01:22,  1.25it/s] 49%|████▉     | 99/201 [01:18<01:19,  1.29it/s] 49%|████▉     | 99/201 [01:19<01:19,  1.29it/s] 49%|████▉     | 99/201 [01:19<01:19,  1.29it/s] 49%|████▉     | 99/201 [01:19<01:19,  1.29it/s] 50%|████▉     | 100/201 [01:19<01:17,  1.31it/s] 50%|████▉     | 100/201 [01:20<01:17,  1.31it/s] 50%|████▉     | 100/201 [01:20<01:17,  1.31it/s] 50%|████▉     | 100/201 [01:20<01:16,  1.31it/s] 50%|█████     | 101/201 [01:20<01:15,  1.33it/s] 50%|█████     | 101/201 [01:21<01:15,  1.33it/s] 50%|█████     | 101/201 [01:21<01:15,  1.33it/s] 50%|█████     | 101/201 [01:21<01:15,  1.33it/s] 51%|█████     | 102/201 [01:20<01:13,  1.35it/s] 51%|█████     | 102/201 [01:21<01:13,  1.35it/s] 51%|█████     | 102/201 [01:21<01:13,  1.35it/s] 51%|█████     | 102/201 [01:21<01:13,  1.35it/s] 51%|█████     | 103/201 [01:22<01:17,  1.26it/s] 51%|█████     | 103/201 [01:21<01:17,  1.26it/s] 51%|█████     | 103/201 [01:22<01:17,  1.26it/s] 51%|█████     | 103/201 [01:22<01:17,  1.26it/s] 52%|█████▏    | 104/201 [01:23<01:16,  1.28it/s] 52%|█████▏    | 104/201 [01:22<01:16,  1.28it/s] 52%|█████▏    | 104/201 [01:23<01:16,  1.28it/s] 52%|█████▏    | 104/201 [01:23<01:16,  1.28it/s] 52%|█████▏    | 105/201 [01:23<01:16,  1.26it/s] 52%|█████▏    | 105/201 [01:24<01:16,  1.26it/s] 52%|█████▏    | 105/201 [01:24<01:16,  1.26it/s] 52%|█████▏    | 105/201 [01:24<01:16,  1.26it/s] 53%|█████▎    | 106/201 [01:24<01:11,  1.34it/s] 53%|█████▎    | 106/201 [01:25<01:11,  1.34it/s] 53%|█████▎    | 106/201 [01:25<01:11,  1.34it/s] 53%|█████▎    | 106/201 [01:25<01:11,  1.34it/s] 53%|█████▎    | 107/201 [01:24<01:10,  1.34it/s] 53%|█████▎    | 107/201 [01:25<01:10,  1.34it/s] 53%|█████▎    | 107/201 [01:25<01:10,  1.34it/s] 53%|█████▎    | 107/201 [01:25<01:10,  1.34it/s] 54%|█████▎    | 108/201 [01:25<01:10,  1.32it/s] 54%|█████▎    | 108/201 [01:26<01:10,  1.32it/s] 54%|█████▎    | 108/201 [01:26<01:10,  1.32it/s] 54%|█████▎    | 108/201 [01:26<01:10,  1.32it/s] 54%|█████▍    | 109/201 [01:26<01:16,  1.21it/s] 54%|█████▍    | 109/201 [01:27<01:16,  1.21it/s] 54%|█████▍    | 109/201 [01:27<01:16,  1.21it/s] 54%|█████▍    | 109/201 [01:27<01:16,  1.21it/s] 55%|█████▍    | 110/201 [01:27<01:13,  1.23it/s] 55%|█████▍    | 110/201 [01:28<01:13,  1.23it/s] 55%|█████▍    | 110/201 [01:28<01:13,  1.23it/s] 55%|█████▍    | 110/201 [01:28<01:13,  1.23it/s] 55%|█████▌    | 111/201 [01:28<01:11,  1.26it/s] 55%|█████▌    | 111/201 [01:29<01:11,  1.26it/s] 55%|█████▌    | 111/201 [01:29<01:11,  1.26it/s] 55%|█████▌    | 111/201 [01:29<01:11,  1.26it/s] 56%|█████▌    | 112/201 [01:28<01:10,  1.25it/s] 56%|█████▌    | 112/201 [01:29<01:10,  1.25it/s] 56%|█████▌    | 112/201 [01:29<01:10,  1.25it/s] 56%|█████▌    | 112/201 [01:29<01:10,  1.25it/s] 56%|█████▌    | 113/201 [01:29<01:05,  1.34it/s] 56%|█████▌    | 113/201 [01:30<01:05,  1.34it/s] 56%|█████▌    | 113/201 [01:30<01:05,  1.34it/s] 56%|█████▌    | 113/201 [01:30<01:05,  1.34it/s] 57%|█████▋    | 114/201 [01:30<01:04,  1.35it/s] 57%|█████▋    | 114/201 [01:31<01:04,  1.35it/s] 57%|█████▋    | 114/201 [01:31<01:04,  1.35it/s] 57%|█████▋    | 114/201 [01:31<01:04,  1.35it/s] 57%|█████▋    | 115/201 [01:31<01:11,  1.21it/s] 57%|█████▋    | 115/201 [01:32<01:11,  1.21it/s] 57%|█████▋    | 115/201 [01:32<01:10,  1.21it/s] 57%|█████▋    | 115/201 [01:32<01:11,  1.21it/s] 58%|█████▊    | 116/201 [01:32<01:07,  1.25it/s] 58%|█████▊    | 116/201 [01:32<01:07,  1.25it/s] 58%|█████▊    | 116/201 [01:32<01:07,  1.25it/s] 58%|█████▊    | 116/201 [01:32<01:07,  1.25it/s] 58%|█████▊    | 117/201 [01:32<01:04,  1.30it/s] 58%|█████▊    | 117/201 [01:33<01:04,  1.30it/s] 58%|█████▊    | 117/201 [01:33<01:04,  1.30it/s] 58%|█████▊    | 117/201 [01:33<01:04,  1.30it/s] 59%|█████▊    | 118/201 [01:33<01:03,  1.31it/s] 59%|█████▊    | 118/201 [01:34<01:03,  1.31it/s] 59%|█████▊    | 118/201 [01:34<01:03,  1.31it/s] 59%|█████▊    | 118/201 [01:34<01:03,  1.31it/s] 59%|█████▉    | 119/201 [01:34<01:01,  1.33it/s] 59%|█████▉    | 119/201 [01:35<01:01,  1.33it/s] 59%|█████▉    | 119/201 [01:35<01:01,  1.33it/s] 59%|█████▉    | 119/201 [01:35<01:01,  1.33it/s] 60%|█████▉    | 120/201 [01:34<01:00,  1.34it/s] 60%|█████▉    | 120/201 [01:35<01:00,  1.34it/s] 60%|█████▉    | 120/201 [01:35<01:00,  1.34it/s] 60%|█████▉    | 120/201 [01:35<01:00,  1.34it/s] 60%|██████    | 121/201 [01:35<01:00,  1.33it/s] 60%|██████    | 121/201 [01:36<01:00,  1.33it/s] 60%|██████    | 121/201 [01:36<01:00,  1.33it/s] 60%|██████    | 121/201 [01:36<01:00,  1.33it/s] 61%|██████    | 122/201 [01:36<01:04,  1.23it/s] 61%|██████    | 122/201 [01:37<01:04,  1.23it/s] 61%|██████    | 122/201 [01:37<01:04,  1.23it/s] 61%|██████    | 122/201 [01:37<01:04,  1.23it/s] 61%|██████    | 123/201 [01:37<01:01,  1.26it/s] 61%|██████    | 123/201 [01:38<01:01,  1.26it/s] 61%|██████    | 123/201 [01:38<01:01,  1.26it/s] 61%|██████    | 123/201 [01:38<01:01,  1.26it/s] 62%|██████▏   | 124/201 [01:38<00:59,  1.29it/s] 62%|██████▏   | 124/201 [01:39<00:59,  1.29it/s] 62%|██████▏   | 124/201 [01:39<00:59,  1.29it/s] 62%|██████▏   | 124/201 [01:39<00:59,  1.29it/s] 62%|██████▏   | 125/201 [01:39<00:57,  1.32it/s] 62%|██████▏   | 125/201 [01:39<00:57,  1.32it/s] 62%|██████▏   | 125/201 [01:38<00:57,  1.32it/s] 62%|██████▏   | 125/201 [01:39<00:57,  1.32it/s] 63%|██████▎   | 126/201 [01:39<00:57,  1.29it/s] 63%|██████▎   | 126/201 [01:40<00:57,  1.29it/s] 63%|██████▎   | 126/201 [01:40<00:57,  1.29it/s] 63%|██████▎   | 126/201 [01:40<00:57,  1.29it/s] 63%|██████▎   | 127/201 [01:40<00:58,  1.27it/s] 63%|██████▎   | 127/201 [01:41<00:58,  1.27it/s] 63%|██████▎   | 127/201 [01:41<00:58,  1.27it/s] 63%|██████▎   | 127/201 [01:41<00:58,  1.27it/s] 64%|██████▎   | 128/201 [01:41<00:58,  1.26it/s] 64%|██████▎   | 128/201 [01:42<00:58,  1.26it/s] 64%|██████▎   | 128/201 [01:42<00:58,  1.26it/s] 64%|██████▎   | 128/201 [01:42<00:58,  1.26it/s] 64%|██████▍   | 129/201 [01:42<00:56,  1.27it/s] 64%|██████▍   | 129/201 [01:43<00:56,  1.27it/s] 64%|██████▍   | 129/201 [01:43<00:56,  1.27it/s] 64%|██████▍   | 129/201 [01:43<00:56,  1.27it/s] 65%|██████▍   | 130/201 [01:42<00:54,  1.30it/s] 65%|██████▍   | 130/201 [01:43<00:54,  1.30it/s] 65%|██████▍   | 130/201 [01:43<00:54,  1.30it/s] 65%|██████▍   | 130/201 [01:43<00:54,  1.30it/s] 65%|██████▌   | 131/201 [01:43<00:53,  1.31it/s] 65%|██████▌   | 131/201 [01:44<00:53,  1.31it/s] 65%|██████▌   | 131/201 [01:44<00:53,  1.31it/s] 65%|██████▌   | 131/201 [01:44<00:53,  1.31it/s] 66%|██████▌   | 132/201 [01:44<00:50,  1.38it/s] 66%|██████▌   | 132/201 [01:45<00:50,  1.38it/s] 66%|██████▌   | 132/201 [01:45<00:50,  1.37it/s] 66%|██████▌   | 132/201 [01:45<00:50,  1.37it/s] 66%|██████▌   | 133/201 [01:44<00:50,  1.35it/s] 66%|██████▌   | 133/201 [01:45<00:50,  1.35it/s] 66%|██████▌   | 133/201 [01:45<00:50,  1.35it/s] 66%|██████▌   | 133/201 [01:45<00:50,  1.35it/s] 67%|██████▋   | 134/201 [01:46<00:54,  1.24it/s] 67%|██████▋   | 134/201 [01:46<00:54,  1.24it/s] 67%|██████▋   | 134/201 [01:46<00:54,  1.24it/s] 67%|██████▋   | 134/201 [01:45<00:54,  1.24it/s] 67%|██████▋   | 135/201 [01:46<00:56,  1.17it/s] 67%|██████▋   | 135/201 [01:47<00:56,  1.17it/s] 67%|██████▋   | 135/201 [01:47<00:56,  1.17it/s] 67%|██████▋   | 135/201 [01:47<00:56,  1.17it/s] 68%|██████▊   | 136/201 [01:48<00:53,  1.21it/s] 68%|██████▊   | 136/201 [01:47<00:53,  1.21it/s] 68%|██████▊   | 136/201 [01:48<00:53,  1.21it/s] 68%|██████▊   | 136/201 [01:48<00:53,  1.21it/s] 68%|██████▊   | 137/201 [01:48<00:51,  1.25it/s] 68%|██████▊   | 137/201 [01:49<00:51,  1.25it/s] 68%|██████▊   | 137/201 [01:49<00:51,  1.25it/s] 68%|██████▊   | 137/201 [01:49<00:51,  1.25it/s] 69%|██████▊   | 138/201 [01:49<00:49,  1.27it/s] 69%|██████▊   | 138/201 [01:50<00:49,  1.27it/s] 69%|██████▊   | 138/201 [01:50<00:49,  1.27it/s] 69%|██████▊   | 138/201 [01:50<00:49,  1.27it/s] 69%|██████▉   | 139/201 [01:50<00:51,  1.21it/s] 69%|██████▉   | 139/201 [01:51<00:51,  1.21it/s] 69%|██████▉   | 139/201 [01:51<00:51,  1.21it/s] 69%|██████▉   | 139/201 [01:51<00:51,  1.21it/s] 70%|██████▉   | 140/201 [01:52<00:53,  1.13it/s] 70%|██████▉   | 140/201 [01:52<00:53,  1.13it/s] 70%|██████▉   | 140/201 [01:51<00:53,  1.13it/s] 70%|██████▉   | 140/201 [01:52<00:53,  1.13it/s] 70%|███████   | 141/201 [01:52<00:54,  1.11it/s] 70%|███████   | 141/201 [01:53<00:54,  1.11it/s] 70%|███████   | 141/201 [01:53<00:54,  1.11it/s] 70%|███████   | 141/201 [01:53<00:54,  1.11it/s] 71%|███████   | 142/201 [01:52<00:50,  1.16it/s] 71%|███████   | 142/201 [01:53<00:50,  1.16it/s] 71%|███████   | 142/201 [01:53<00:50,  1.16it/s] 71%|███████   | 142/201 [01:53<00:50,  1.16it/s] 71%|███████   | 143/201 [01:54<00:48,  1.19it/s] 71%|███████   | 143/201 [01:54<00:48,  1.19it/s] 71%|███████   | 143/201 [01:53<00:48,  1.19it/s] 71%|███████   | 143/201 [01:54<00:48,  1.19it/s] 72%|███████▏  | 144/201 [01:54<00:46,  1.22it/s] 72%|███████▏  | 144/201 [01:55<00:46,  1.22it/s] 72%|███████▏  | 144/201 [01:55<00:46,  1.22it/s] 72%|███████▏  | 144/201 [01:55<00:46,  1.22it/s] 72%|███████▏  | 145/201 [01:55<00:45,  1.23it/s] 72%|███████▏  | 145/201 [01:56<00:45,  1.23it/s] 72%|███████▏  | 145/201 [01:56<00:45,  1.23it/s] 72%|███████▏  | 145/201 [01:56<00:45,  1.23it/s] 73%|███████▎  | 146/201 [01:55<00:44,  1.25it/s] 73%|███████▎  | 146/201 [01:56<00:44,  1.25it/s] 73%|███████▎  | 146/201 [01:56<00:44,  1.25it/s] 73%|███████▎  | 146/201 [01:56<00:44,  1.25it/s] 73%|███████▎  | 147/201 [01:56<00:46,  1.17it/s] 73%|███████▎  | 147/201 [01:57<00:46,  1.17it/s] 73%|███████▎  | 147/201 [01:57<00:46,  1.17it/s] 73%|███████▎  | 147/201 [01:57<00:46,  1.17it/s] 74%|███████▎  | 148/201 [01:57<00:43,  1.21it/s] 74%|███████▎  | 148/201 [01:58<00:43,  1.21it/s] 74%|███████▎  | 148/201 [01:58<00:43,  1.21it/s] 74%|███████▎  | 148/201 [01:58<00:43,  1.21it/s] 74%|███████▍  | 149/201 [01:58<00:40,  1.29it/s] 74%|███████▍  | 149/201 [01:59<00:40,  1.29it/s] 74%|███████▍  | 149/201 [01:59<00:40,  1.29it/s] 74%|███████▍  | 149/201 [01:59<00:40,  1.29it/s] 75%|███████▍  | 150/201 [01:59<00:39,  1.30it/s] 75%|███████▍  | 150/201 [02:00<00:39,  1.30it/s] 75%|███████▍  | 150/201 [02:00<00:39,  1.30it/s] 75%|███████▍  | 150/201 [02:00<00:39,  1.30it/s] 75%|███████▌  | 151/201 [01:59<00:38,  1.30it/s] 75%|███████▌  | 151/201 [02:00<00:38,  1.30it/s] 75%|███████▌  | 151/201 [02:00<00:38,  1.30it/s] 75%|███████▌  | 151/201 [02:00<00:38,  1.30it/s] 76%|███████▌  | 152/201 [02:01<00:36,  1.33it/s] 76%|███████▌  | 152/201 [02:00<00:36,  1.33it/s] 76%|███████▌  | 152/201 [02:01<00:36,  1.33it/s] 76%|███████▌  | 152/201 [02:01<00:36,  1.33it/s] 76%|███████▌  | 153/201 [02:01<00:39,  1.22it/s] 76%|███████▌  | 153/201 [02:02<00:39,  1.22it/s] 76%|███████▌  | 153/201 [02:02<00:39,  1.22it/s] 76%|███████▌  | 153/201 [02:02<00:39,  1.22it/s] 77%|███████▋  | 154/201 [02:02<00:37,  1.24it/s] 77%|███████▋  | 154/201 [02:03<00:37,  1.24it/s] 77%|███████▋  | 154/201 [02:03<00:37,  1.24it/s] 77%|███████▋  | 154/201 [02:03<00:37,  1.24it/s] 77%|███████▋  | 155/201 [02:03<00:36,  1.25it/s] 77%|███████▋  | 155/201 [02:04<00:36,  1.25it/s] 77%|███████▋  | 155/201 [02:04<00:36,  1.25it/s] 77%|███████▋  | 155/201 [02:04<00:36,  1.25it/s] 78%|███████▊  | 156/201 [02:05<00:38,  1.17it/s] 78%|███████▊  | 156/201 [02:04<00:38,  1.17it/s] 78%|███████▊  | 156/201 [02:05<00:38,  1.17it/s] 78%|███████▊  | 156/201 [02:05<00:38,  1.17it/s] 78%|███████▊  | 157/201 [02:04<00:36,  1.21it/s] 78%|███████▊  | 157/201 [02:05<00:36,  1.21it/s] 78%|███████▊  | 157/201 [02:05<00:36,  1.21it/s] 78%|███████▊  | 157/201 [02:05<00:36,  1.21it/s] 79%|███████▊  | 158/201 [02:05<00:34,  1.26it/s] 79%|███████▊  | 158/201 [02:06<00:34,  1.26it/s] 79%|███████▊  | 158/201 [02:06<00:34,  1.26it/s] 79%|███████▊  | 158/201 [02:06<00:34,  1.26it/s] 79%|███████▉  | 159/201 [02:07<00:36,  1.16it/s] 79%|███████▉  | 159/201 [02:06<00:36,  1.16it/s] 79%|███████▉  | 159/201 [02:07<00:36,  1.16it/s] 79%|███████▉  | 159/201 [02:07<00:36,  1.16it/s] 80%|███████▉  | 160/201 [02:07<00:38,  1.07it/s] 80%|███████▉  | 160/201 [02:08<00:38,  1.07it/s] 80%|███████▉  | 160/201 [02:08<00:38,  1.07it/s] 80%|███████▉  | 160/201 [02:08<00:38,  1.07it/s] 80%|████████  | 161/201 [02:08<00:35,  1.13it/s] 80%|████████  | 161/201 [02:09<00:35,  1.13it/s] 80%|████████  | 161/201 [02:09<00:35,  1.13it/s] 80%|████████  | 161/201 [02:09<00:35,  1.13it/s] 81%|████████  | 162/201 [02:09<00:34,  1.12it/s] 81%|████████  | 162/201 [02:10<00:34,  1.12it/s] 81%|████████  | 162/201 [02:10<00:34,  1.12it/s] 81%|████████  | 162/201 [02:10<00:34,  1.12it/s] 81%|████████  | 163/201 [02:10<00:30,  1.23it/s] 81%|████████  | 163/201 [02:10<00:30,  1.23it/s] 81%|████████  | 163/201 [02:10<00:30,  1.23it/s] 81%|████████  | 163/201 [02:10<00:30,  1.23it/s] 82%|████████▏ | 164/201 [02:10<00:28,  1.32it/s] 82%|████████▏ | 164/201 [02:11<00:28,  1.32it/s] 82%|████████▏ | 164/201 [02:11<00:28,  1.32it/s] 82%|████████▏ | 164/201 [02:11<00:28,  1.32it/s] 82%|████████▏ | 165/201 [02:11<00:29,  1.21it/s] 82%|████████▏ | 165/201 [02:12<00:29,  1.21it/s] 82%|████████▏ | 165/201 [02:12<00:29,  1.21it/s] 82%|████████▏ | 165/201 [02:12<00:29,  1.21it/s] 83%|████████▎ | 166/201 [02:13<00:29,  1.18it/s] 83%|████████▎ | 166/201 [02:12<00:29,  1.18it/s] 83%|████████▎ | 166/201 [02:13<00:29,  1.18it/s] 83%|████████▎ | 166/201 [02:13<00:29,  1.18it/s] 83%|████████▎ | 167/201 [02:13<00:27,  1.22it/s] 83%|████████▎ | 167/201 [02:14<00:27,  1.22it/s] 83%|████████▎ | 167/201 [02:14<00:27,  1.22it/s] 83%|████████▎ | 167/201 [02:14<00:27,  1.22it/s] 84%|████████▎ | 168/201 [02:14<00:28,  1.18it/s] 84%|████████▎ | 168/201 [02:15<00:28,  1.18it/s] 84%|████████▎ | 168/201 [02:15<00:28,  1.18it/s] 84%|████████▎ | 168/201 [02:15<00:28,  1.18it/s] 84%|████████▍ | 169/201 [02:14<00:25,  1.24it/s] 84%|████████▍ | 169/201 [02:15<00:25,  1.24it/s] 84%|████████▍ | 169/201 [02:15<00:25,  1.24it/s] 84%|████████▍ | 169/201 [02:15<00:25,  1.24it/s] 85%|████████▍ | 170/201 [02:15<00:24,  1.26it/s] 85%|████████▍ | 170/201 [02:16<00:24,  1.26it/s] 85%|████████▍ | 170/201 [02:16<00:24,  1.26it/s] 85%|████████▍ | 170/201 [02:16<00:24,  1.26it/s] 85%|████████▌ | 171/201 [02:16<00:23,  1.27it/s] 85%|████████▌ | 171/201 [02:17<00:23,  1.27it/s] 85%|████████▌ | 171/201 [02:17<00:23,  1.27it/s] 85%|████████▌ | 171/201 [02:17<00:23,  1.27it/s] 86%|████████▌ | 172/201 [02:18<00:23,  1.24it/s] 86%|████████▌ | 172/201 [02:18<00:23,  1.24it/s] 86%|████████▌ | 172/201 [02:18<00:23,  1.24it/s] 86%|████████▌ | 172/201 [02:17<00:23,  1.24it/s] 86%|████████▌ | 173/201 [02:18<00:22,  1.23it/s] 86%|████████▌ | 173/201 [02:19<00:22,  1.23it/s] 86%|████████▌ | 173/201 [02:19<00:22,  1.23it/s] 86%|████████▌ | 173/201 [02:19<00:22,  1.23it/s] 87%|████████▋ | 174/201 [02:18<00:21,  1.25it/s] 87%|████████▋ | 174/201 [02:19<00:21,  1.25it/s] 87%|████████▋ | 174/201 [02:19<00:21,  1.25it/s] 87%|████████▋ | 174/201 [02:19<00:21,  1.25it/s] 87%|████████▋ | 175/201 [02:19<00:20,  1.25it/s] 87%|████████▋ | 175/201 [02:20<00:20,  1.25it/s] 87%|████████▋ | 175/201 [02:20<00:20,  1.25it/s] 87%|████████▋ | 175/201 [02:20<00:20,  1.25it/s] 88%|████████▊ | 176/201 [02:20<00:19,  1.26it/s] 88%|████████▊ | 176/201 [02:21<00:19,  1.26it/s] 88%|████████▊ | 176/201 [02:21<00:19,  1.26it/s] 88%|████████▊ | 176/201 [02:21<00:19,  1.26it/s] 88%|████████▊ | 177/201 [02:21<00:18,  1.29it/s] 88%|████████▊ | 177/201 [02:22<00:18,  1.29it/s] 88%|████████▊ | 177/201 [02:22<00:18,  1.29it/s] 88%|████████▊ | 177/201 [02:22<00:18,  1.29it/s] 89%|████████▊ | 178/201 [02:23<00:19,  1.20it/s] 89%|████████▊ | 178/201 [02:23<00:19,  1.20it/s] 89%|████████▊ | 178/201 [02:22<00:19,  1.20it/s] 89%|████████▊ | 178/201 [02:23<00:19,  1.20it/s] 89%|████████▉ | 179/201 [02:23<00:18,  1.17it/s] 89%|████████▉ | 179/201 [02:24<00:18,  1.17it/s] 89%|████████▉ | 179/201 [02:24<00:18,  1.17it/s] 89%|████████▉ | 179/201 [02:24<00:18,  1.17it/s] 90%|████████▉ | 180/201 [02:23<00:16,  1.27it/s] 90%|████████▉ | 180/201 [02:24<00:16,  1.27it/s] 90%|████████▉ | 180/201 [02:24<00:16,  1.27it/s] 90%|████████▉ | 180/201 [02:24<00:16,  1.27it/s] 90%|█████████ | 181/201 [02:24<00:14,  1.36it/s] 90%|█████████ | 181/201 [02:25<00:14,  1.36it/s] 90%|█████████ | 181/201 [02:25<00:14,  1.36it/s] 90%|█████████ | 181/201 [02:25<00:14,  1.36it/s] 91%|█████████ | 182/201 [02:25<00:13,  1.36it/s] 91%|█████████ | 182/201 [02:25<00:13,  1.36it/s] 91%|█████████ | 182/201 [02:25<00:13,  1.36it/s] 91%|█████████ | 182/201 [02:25<00:13,  1.36it/s] 91%|█████████ | 183/201 [02:25<00:13,  1.36it/s] 91%|█████████ | 183/201 [02:26<00:13,  1.36it/s] 91%|█████████ | 183/201 [02:26<00:13,  1.36it/s] 91%|█████████ | 183/201 [02:26<00:13,  1.36it/s] 92%|█████████▏| 184/201 [02:26<00:13,  1.24it/s] 92%|█████████▏| 184/201 [02:27<00:13,  1.24it/s] 92%|█████████▏| 184/201 [02:27<00:13,  1.24it/s] 92%|█████████▏| 184/201 [02:27<00:13,  1.24it/s] 92%|█████████▏| 185/201 [02:28<00:12,  1.26it/s] 92%|█████████▏| 185/201 [02:27<00:12,  1.26it/s] 92%|█████████▏| 185/201 [02:28<00:12,  1.26it/s] 92%|█████████▏| 185/201 [02:28<00:12,  1.26it/s] 93%|█████████▎| 186/201 [02:28<00:12,  1.21it/s] 93%|█████████▎| 186/201 [02:29<00:12,  1.21it/s] 93%|█████████▎| 186/201 [02:29<00:12,  1.21it/s] 93%|█████████▎| 186/201 [02:29<00:12,  1.21it/s] 93%|█████████▎| 187/201 [02:29<00:11,  1.24it/s] 93%|█████████▎| 187/201 [02:30<00:11,  1.24it/s] 93%|█████████▎| 187/201 [02:30<00:11,  1.24it/s] 93%|█████████▎| 187/201 [02:30<00:11,  1.24it/s] 94%|█████████▎| 188/201 [02:29<00:10,  1.25it/s] 94%|█████████▎| 188/201 [02:30<00:10,  1.25it/s] 94%|█████████▎| 188/201 [02:30<00:10,  1.25it/s] 94%|█████████▎| 188/201 [02:30<00:10,  1.25it/s] 94%|█████████▍| 189/201 [02:30<00:09,  1.29it/s] 94%|█████████▍| 189/201 [02:31<00:09,  1.29it/s] 94%|█████████▍| 189/201 [02:31<00:09,  1.29it/s] 94%|█████████▍| 189/201 [02:31<00:09,  1.29it/s] 95%|█████████▍| 190/201 [02:32<00:08,  1.26it/s] 95%|█████████▍| 190/201 [02:32<00:08,  1.26it/s] 95%|█████████▍| 190/201 [02:32<00:08,  1.26it/s] 95%|█████████▍| 190/201 [02:31<00:08,  1.26it/s] 95%|█████████▌| 191/201 [02:32<00:07,  1.28it/s] 95%|█████████▌| 191/201 [02:33<00:07,  1.28it/s] 95%|█████████▌| 191/201 [02:33<00:07,  1.28it/s] 95%|█████████▌| 191/201 [02:33<00:07,  1.28it/s] 96%|█████████▌| 192/201 [02:33<00:07,  1.20it/s] 96%|█████████▌| 192/201 [02:34<00:07,  1.20it/s] 96%|█████████▌| 192/201 [02:34<00:07,  1.20it/s] 96%|█████████▌| 192/201 [02:34<00:07,  1.20it/s] 96%|█████████▌| 193/201 [02:34<00:06,  1.22it/s] 96%|█████████▌| 193/201 [02:34<00:06,  1.22it/s] 96%|█████████▌| 193/201 [02:34<00:06,  1.22it/s] 96%|█████████▌| 193/201 [02:34<00:06,  1.22it/s] 97%|█████████▋| 194/201 [02:34<00:05,  1.18it/s] 97%|█████████▋| 194/201 [02:35<00:05,  1.18it/s] 97%|█████████▋| 194/201 [02:35<00:05,  1.18it/s] 97%|█████████▋| 194/201 [02:35<00:05,  1.18it/s] 97%|█████████▋| 195/201 [02:35<00:04,  1.20it/s] 97%|█████████▋| 195/201 [02:36<00:04,  1.20it/s] 97%|█████████▋| 195/201 [02:36<00:04,  1.20it/s] 97%|█████████▋| 195/201 [02:36<00:04,  1.20it/s] 98%|█████████▊| 196/201 [02:36<00:04,  1.25it/s] 98%|█████████▊| 196/201 [02:37<00:04,  1.25it/s] 98%|█████████▊| 196/201 [02:37<00:04,  1.25it/s] 98%|█████████▊| 196/201 [02:37<00:04,  1.25it/s] 98%|█████████▊| 197/201 [02:38<00:03,  1.17it/s] 98%|█████████▊| 197/201 [02:38<00:03,  1.17it/s] 98%|█████████▊| 197/201 [02:38<00:03,  1.17it/s] 98%|█████████▊| 197/201 [02:37<00:03,  1.17it/s] 99%|█████████▊| 198/201 [02:38<00:02,  1.28it/s] 99%|█████████▊| 198/201 [02:39<00:02,  1.27it/s] 99%|█████████▊| 198/201 [02:39<00:02,  1.27it/s] 99%|█████████▊| 198/201 [02:39<00:02,  1.27it/s] 99%|█████████▉| 199/201 [02:38<00:01,  1.23it/s] 99%|█████████▉| 199/201 [02:39<00:01,  1.23it/s] 99%|█████████▉| 199/201 [02:39<00:01,  1.23it/s] 99%|█████████▉| 199/201 [02:39<00:01,  1.23it/s]100%|█████████▉| 200/201 [02:39<00:00,  1.26it/s]100%|█████████▉| 200/201 [02:40<00:00,  1.26it/s]100%|█████████▉| 200/201 [02:40<00:00,  1.26it/s]100%|█████████▉| 200/201 [02:40<00:00,  1.26it/s]100%|██████████| 201/201 [02:41<00:00,  1.27it/s]100%|██████████| 201/201 [02:40<00:00,  1.27it/s]100%|██████████| 201/201 [02:41<00:00,  1.27it/s]100%|██████████| 201/201 [02:41<00:00,  1.27it/s]100%|██████████| 201/201 [02:41<00:00,  1.25it/s]
100%|██████████| 201/201 [02:41<00:00,  1.25it/s]
100%|██████████| 201/201 [02:41<00:00,  1.25it/s]
100%|██████████| 201/201 [02:40<00:00,  1.25it/s]
Model checkpointing attempts: 0.
Stored epoch 0 model checkpoint to ./checkpoints/parquet_dataset/parquet_dataset__model_nlyrs_4_nheads_4_hdim_64__pred_ovrlap_F_npreds_4__nlyrs_2_activ_relunenc_1__lr_0.0002828_start_0.001_final_0_20251112_231724/epoch_0.pth.
Training loss has improved 1 times since last caching the model. Caching now.
/home/aminmohamadi_squareup_com/projects/.hermit/python/lib/python3.11/site-packages/torch/distributed/distributed_c10d.py:4876: UserWarning: barrier(): using the device under current context. You can specify `device_id` in `init_process_group` to mute this warning.
  warnings.warn(  # warn only once
##############################Training epoch: 2/10##############################
  0%|          | 0/201 [00:00<?, ?it/s]  0%|          | 0/201 [00:00<?, ?it/s]  0%|          | 0/201 [00:00<?, ?it/s]  0%|          | 0/201 [00:00<?, ?it/s]  0%|          | 1/201 [00:00<02:31,  1.32it/s]  0%|          | 1/201 [00:00<02:31,  1.32it/s]  0%|          | 1/201 [00:00<02:31,  1.32it/s]  0%|          | 1/201 [00:00<02:55,  1.14it/s]  1%|          | 2/201 [00:01<02:56,  1.13it/s]  1%|          | 2/201 [00:01<02:52,  1.15it/s]  1%|          | 2/201 [00:01<02:56,  1.13it/s]  1%|          | 2/201 [00:01<02:56,  1.13it/s]  1%|▏         | 3/201 [00:02<02:38,  1.25it/s]  1%|▏         | 3/201 [00:02<02:40,  1.23it/s]  1%|▏         | 3/201 [00:02<02:40,  1.23it/s]  1%|▏         | 3/201 [00:02<02:40,  1.23it/s]  2%|▏         | 4/201 [00:03<02:44,  1.20it/s]  2%|▏         | 4/201 [00:03<02:46,  1.19it/s]  2%|▏         | 4/201 [00:03<02:46,  1.19it/s]  2%|▏         | 4/201 [00:03<02:46,  1.19it/s]  2%|▏         | 5/201 [00:04<02:39,  1.23it/s]  2%|▏         | 5/201 [00:04<02:40,  1.22it/s]  2%|▏         | 5/201 [00:04<02:40,  1.22it/s]  2%|▏         | 5/201 [00:04<02:40,  1.22it/s]  3%|▎         | 6/201 [00:04<02:35,  1.26it/s]  3%|▎         | 6/201 [00:04<02:35,  1.25it/s]  3%|▎         | 6/201 [00:04<02:35,  1.25it/s]  3%|▎         | 6/201 [00:04<02:35,  1.25it/s]  3%|▎         | 7/201 [00:05<02:31,  1.28it/s]  3%|▎         | 7/201 [00:05<02:32,  1.27it/s]  3%|▎         | 7/201 [00:05<02:32,  1.27it/s]  3%|▎         | 7/201 [00:05<02:32,  1.27it/s]  4%|▍         | 8/201 [00:06<02:41,  1.19it/s]  4%|▍         | 8/201 [00:06<02:41,  1.19it/s]  4%|▍         | 8/201 [00:06<02:41,  1.19it/s]  4%|▍         | 8/201 [00:06<02:41,  1.20it/s]  4%|▍         | 9/201 [00:07<02:38,  1.21it/s]  4%|▍         | 9/201 [00:07<02:38,  1.21it/s]  4%|▍         | 9/201 [00:07<02:38,  1.21it/s]  4%|▍         | 9/201 [00:07<02:38,  1.21it/s]  5%|▍         | 10/201 [00:08<02:34,  1.23it/s]  5%|▍         | 10/201 [00:08<02:34,  1.23it/s]  5%|▍         | 10/201 [00:08<02:34,  1.23it/s]  5%|▍         | 10/201 [00:08<02:34,  1.23it/s]  5%|▌         | 11/201 [00:09<02:37,  1.21it/s]  5%|▌         | 11/201 [00:09<02:37,  1.21it/s]  5%|▌         | 11/201 [00:09<02:37,  1.21it/s]  5%|▌         | 11/201 [00:09<02:37,  1.21it/s]  6%|▌         | 12/201 [00:09<02:33,  1.23it/s]  6%|▌         | 12/201 [00:09<02:33,  1.23it/s]  6%|▌         | 12/201 [00:09<02:33,  1.23it/s]  6%|▌         | 12/201 [00:09<02:33,  1.23it/s]  6%|▋         | 13/201 [00:10<02:31,  1.24it/s]  6%|▋         | 13/201 [00:10<02:31,  1.24it/s]  6%|▋         | 13/201 [00:10<02:31,  1.24it/s]  6%|▋         | 13/201 [00:10<02:31,  1.24it/s]  7%|▋         | 14/201 [00:11<02:21,  1.32it/s]  7%|▋         | 14/201 [00:11<02:21,  1.32it/s]  7%|▋         | 14/201 [00:11<02:21,  1.32it/s]  7%|▋         | 14/201 [00:11<02:21,  1.32it/s]  7%|▋         | 15/201 [00:12<02:31,  1.22it/s]  7%|▋         | 15/201 [00:12<02:31,  1.22it/s]  7%|▋         | 15/201 [00:12<02:31,  1.22it/s]  7%|▋         | 15/201 [00:12<02:31,  1.22it/s]  8%|▊         | 16/201 [00:12<02:25,  1.27it/s]  8%|▊         | 16/201 [00:12<02:25,  1.27it/s]  8%|▊         | 16/201 [00:12<02:25,  1.27it/s]  8%|▊         | 16/201 [00:12<02:25,  1.27it/s]  8%|▊         | 17/201 [00:13<02:31,  1.22it/s]  8%|▊         | 17/201 [00:13<02:31,  1.22it/s]  8%|▊         | 17/201 [00:13<02:31,  1.22it/s]  8%|▊         | 17/201 [00:13<02:31,  1.22it/s]  9%|▉         | 18/201 [00:14<02:28,  1.24it/s]  9%|▉         | 18/201 [00:14<02:28,  1.24it/s]  9%|▉         | 18/201 [00:14<02:28,  1.24it/s]  9%|▉         | 18/201 [00:14<02:28,  1.24it/s]  9%|▉         | 19/201 [00:15<02:24,  1.26it/s]  9%|▉         | 19/201 [00:15<02:24,  1.26it/s]  9%|▉         | 19/201 [00:15<02:24,  1.26it/s]  9%|▉         | 19/201 [00:15<02:24,  1.26it/s] 10%|▉         | 20/201 [00:16<02:19,  1.30it/s] 10%|▉         | 20/201 [00:16<02:19,  1.30it/s] 10%|▉         | 20/201 [00:16<02:19,  1.30it/s] 10%|▉         | 20/201 [00:16<02:19,  1.30it/s] 10%|█         | 21/201 [00:17<02:31,  1.18it/s] 10%|█         | 21/201 [00:17<02:31,  1.18it/s] 10%|█         | 21/201 [00:17<02:31,  1.18it/s] 10%|█         | 21/201 [00:17<02:31,  1.18it/s] 11%|█         | 22/201 [00:17<02:27,  1.22it/s] 11%|█         | 22/201 [00:17<02:27,  1.22it/s] 11%|█         | 22/201 [00:17<02:27,  1.22it/s] 11%|█         | 22/201 [00:17<02:27,  1.22it/s] 11%|█▏        | 23/201 [00:18<02:34,  1.15it/s] 11%|█▏        | 23/201 [00:18<02:34,  1.15it/s] 11%|█▏        | 23/201 [00:18<02:34,  1.15it/s] 11%|█▏        | 23/201 [00:18<02:34,  1.15it/s] 12%|█▏        | 24/201 [00:19<02:26,  1.21it/s] 12%|█▏        | 24/201 [00:19<02:26,  1.21it/s] 12%|█▏        | 24/201 [00:19<02:26,  1.21it/s] 12%|█▏        | 24/201 [00:19<02:26,  1.21it/s] 12%|█▏        | 25/201 [00:20<02:22,  1.23it/s] 12%|█▏        | 25/201 [00:20<02:22,  1.23it/s] 12%|█▏        | 25/201 [00:20<02:22,  1.23it/s] 12%|█▏        | 25/201 [00:20<02:22,  1.23it/s] 13%|█▎        | 26/201 [00:21<02:16,  1.29it/s] 13%|█▎        | 26/201 [00:21<02:16,  1.29it/s] 13%|█▎        | 26/201 [00:21<02:16,  1.29it/s] 13%|█▎        | 26/201 [00:21<02:16,  1.29it/s] 13%|█▎        | 27/201 [00:22<02:26,  1.19it/s] 13%|█▎        | 27/201 [00:22<02:26,  1.19it/s] 13%|█▎        | 27/201 [00:22<02:26,  1.19it/s] 13%|█▎        | 27/201 [00:22<02:26,  1.19it/s] 14%|█▍        | 28/201 [00:22<02:21,  1.22it/s] 14%|█▍        | 28/201 [00:22<02:21,  1.22it/s] 14%|█▍        | 28/201 [00:22<02:21,  1.22it/s] 14%|█▍        | 28/201 [00:22<02:21,  1.22it/s] 14%|█▍        | 29/201 [00:23<02:25,  1.18it/s] 14%|█▍        | 29/201 [00:23<02:25,  1.18it/s] 14%|█▍        | 29/201 [00:23<02:25,  1.18it/s] 14%|█▍        | 29/201 [00:23<02:25,  1.18it/s] 15%|█▍        | 30/201 [00:24<02:28,  1.15it/s] 15%|█▍        | 30/201 [00:24<02:28,  1.15it/s] 15%|█▍        | 30/201 [00:24<02:28,  1.15it/s] 15%|█▍        | 30/201 [00:24<02:28,  1.15it/s] 15%|█▌        | 31/201 [00:25<02:13,  1.27it/s] 15%|█▌        | 31/201 [00:25<02:13,  1.27it/s] 15%|█▌        | 31/201 [00:25<02:13,  1.27it/s] 15%|█▌        | 31/201 [00:25<02:13,  1.27it/s] 16%|█▌        | 32/201 [00:26<02:13,  1.27it/s] 16%|█▌        | 32/201 [00:26<02:13,  1.27it/s] 16%|█▌        | 32/201 [00:26<02:13,  1.27it/s] 16%|█▌        | 32/201 [00:26<02:13,  1.27it/s] 16%|█▋        | 33/201 [00:26<02:04,  1.35it/s] 16%|█▋        | 33/201 [00:26<02:04,  1.35it/s] 16%|█▋        | 33/201 [00:26<02:04,  1.35it/s] 16%|█▋        | 33/201 [00:26<02:04,  1.35it/s] 17%|█▋        | 34/201 [00:27<02:17,  1.22it/s] 17%|█▋        | 34/201 [00:27<02:17,  1.22it/s] 17%|█▋        | 34/201 [00:27<02:17,  1.22it/s] 17%|█▋        | 34/201 [00:27<02:17,  1.22it/s] 17%|█▋        | 35/201 [00:28<02:11,  1.26it/s] 17%|█▋        | 35/201 [00:28<02:11,  1.26it/s] 17%|█▋        | 35/201 [00:28<02:11,  1.26it/s] 17%|█▋        | 35/201 [00:28<02:11,  1.26it/s] 18%|█▊        | 36/201 [00:29<02:26,  1.13it/s] 18%|█▊        | 36/201 [00:29<02:26,  1.13it/s] 18%|█▊        | 36/201 [00:29<02:26,  1.13it/s] 18%|█▊        | 36/201 [00:29<02:26,  1.13it/s] 18%|█▊        | 37/201 [00:30<02:19,  1.17it/s] 18%|█▊        | 37/201 [00:30<02:19,  1.17it/s] 18%|█▊        | 37/201 [00:30<02:19,  1.17it/s] 18%|█▊        | 37/201 [00:30<02:19,  1.17it/s] 19%|█▉        | 38/201 [00:31<02:16,  1.20it/s] 19%|█▉        | 38/201 [00:31<02:16,  1.20it/s] 19%|█▉        | 38/201 [00:31<02:16,  1.20it/s] 19%|█▉        | 38/201 [00:31<02:16,  1.20it/s] 19%|█▉        | 39/201 [00:32<02:22,  1.14it/s] 19%|█▉        | 39/201 [00:32<02:22,  1.14it/s] 19%|█▉        | 39/201 [00:32<02:22,  1.14it/s] 19%|█▉        | 39/201 [00:32<02:22,  1.14it/s] 20%|█▉        | 40/201 [00:32<02:13,  1.21it/s] 20%|█▉        | 40/201 [00:32<02:13,  1.21it/s] 20%|█▉        | 40/201 [00:32<02:13,  1.21it/s] 20%|█▉        | 40/201 [00:32<02:13,  1.21it/s] 20%|██        | 41/201 [00:33<02:09,  1.24it/s] 20%|██        | 41/201 [00:33<02:09,  1.24it/s] 20%|██        | 41/201 [00:33<02:09,  1.24it/s] 20%|██        | 41/201 [00:33<02:09,  1.24it/s] 21%|██        | 42/201 [00:34<02:13,  1.19it/s] 21%|██        | 42/201 [00:34<02:13,  1.19it/s] 21%|██        | 42/201 [00:34<02:13,  1.19it/s] 21%|██        | 42/201 [00:34<02:13,  1.19it/s] 21%|██▏       | 43/201 [00:35<02:07,  1.24it/s] 21%|██▏       | 43/201 [00:35<02:07,  1.24it/s] 21%|██▏       | 43/201 [00:35<02:07,  1.24it/s] 21%|██▏       | 43/201 [00:35<02:07,  1.24it/s] 22%|██▏       | 44/201 [00:35<01:59,  1.32it/s] 22%|██▏       | 44/201 [00:35<01:59,  1.32it/s] 22%|██▏       | 44/201 [00:35<01:59,  1.32it/s] 22%|██▏       | 44/201 [00:35<01:59,  1.32it/s] 22%|██▏       | 45/201 [00:36<01:57,  1.33it/s] 22%|██▏       | 45/201 [00:36<01:57,  1.33it/s] 22%|██▏       | 45/201 [00:36<01:57,  1.33it/s] 22%|██▏       | 45/201 [00:36<01:57,  1.33it/s] 23%|██▎       | 46/201 [00:37<02:13,  1.16it/s] 23%|██▎       | 46/201 [00:37<02:13,  1.16it/s] 23%|██▎       | 46/201 [00:37<02:13,  1.16it/s] 23%|██▎       | 46/201 [00:37<02:13,  1.16it/s] 23%|██▎       | 47/201 [00:38<02:07,  1.21it/s] 23%|██▎       | 47/201 [00:38<02:07,  1.21it/s] 23%|██▎       | 47/201 [00:38<02:07,  1.21it/s] 23%|██▎       | 47/201 [00:38<02:07,  1.21it/s] 24%|██▍       | 48/201 [00:39<02:01,  1.26it/s] 24%|██▍       | 48/201 [00:39<02:01,  1.26it/s] 24%|██▍       | 48/201 [00:39<02:01,  1.26it/s] 24%|██▍       | 48/201 [00:39<02:01,  1.26it/s] 24%|██▍       | 49/201 [00:40<02:06,  1.20it/s] 24%|██▍       | 49/201 [00:40<02:06,  1.20it/s] 24%|██▍       | 49/201 [00:40<02:06,  1.20it/s] 24%|██▍       | 49/201 [00:40<02:06,  1.20it/s] 25%|██▍       | 50/201 [00:40<02:03,  1.23it/s] 25%|██▍       | 50/201 [00:40<02:03,  1.23it/s] 25%|██▍       | 50/201 [00:40<02:03,  1.23it/s] 25%|██▍       | 50/201 [00:40<02:03,  1.23it/s] 25%|██▌       | 51/201 [00:41<01:54,  1.31it/s] 25%|██▌       | 51/201 [00:41<01:54,  1.31it/s] 25%|██▌       | 51/201 [00:41<01:54,  1.31it/s] 25%|██▌       | 51/201 [00:41<01:54,  1.31it/s] 26%|██▌       | 52/201 [00:42<02:03,  1.20it/s] 26%|██▌       | 52/201 [00:42<02:03,  1.20it/s] 26%|██▌       | 52/201 [00:42<02:03,  1.20it/s] 26%|██▌       | 52/201 [00:42<02:03,  1.20it/s] 26%|██▋       | 53/201 [00:43<01:57,  1.26it/s] 26%|██▋       | 53/201 [00:43<01:57,  1.26it/s] 26%|██▋       | 53/201 [00:43<01:57,  1.26it/s] 26%|██▋       | 53/201 [00:43<01:57,  1.26it/s] 27%|██▋       | 54/201 [00:43<01:53,  1.30it/s] 27%|██▋       | 54/201 [00:43<01:53,  1.30it/s] 27%|██▋       | 54/201 [00:43<01:53,  1.30it/s] 27%|██▋       | 54/201 [00:43<01:53,  1.30it/s] 27%|██▋       | 55/201 [00:44<01:58,  1.23it/s] 27%|██▋       | 55/201 [00:44<01:58,  1.23it/s] 27%|██▋       | 55/201 [00:44<01:58,  1.23it/s] 27%|██▋       | 55/201 [00:44<01:58,  1.23it/s] 28%|██▊       | 56/201 [00:45<01:56,  1.24it/s] 28%|██▊       | 56/201 [00:45<01:56,  1.24it/s] 28%|██▊       | 56/201 [00:45<01:56,  1.24it/s] 28%|██▊       | 56/201 [00:45<01:56,  1.24it/s] 28%|██▊       | 57/201 [00:46<01:47,  1.34it/s] 28%|██▊       | 57/201 [00:46<01:47,  1.34it/s] 28%|██▊       | 57/201 [00:46<01:47,  1.34it/s] 28%|██▊       | 57/201 [00:46<01:47,  1.34it/s] 29%|██▉       | 58/201 [00:47<01:57,  1.22it/s] 29%|██▉       | 58/201 [00:47<01:57,  1.22it/s] 29%|██▉       | 58/201 [00:47<01:57,  1.22it/s] 29%|██▉       | 58/201 [00:47<01:57,  1.22it/s] 29%|██▉       | 59/201 [00:47<01:53,  1.25it/s] 29%|██▉       | 59/201 [00:47<01:53,  1.25it/s] 29%|██▉       | 59/201 [00:47<01:53,  1.25it/s] 29%|██▉       | 59/201 [00:47<01:53,  1.25it/s] 30%|██▉       | 60/201 [00:48<01:51,  1.26it/s] 30%|██▉       | 60/201 [00:48<01:51,  1.26it/s] 30%|██▉       | 60/201 [00:48<01:51,  1.26it/s] 30%|██▉       | 60/201 [00:48<01:51,  1.26it/s] 30%|███       | 61/201 [00:49<01:54,  1.22it/s] 30%|███       | 61/201 [00:49<01:54,  1.22it/s] 30%|███       | 61/201 [00:49<01:54,  1.22it/s] 30%|███       | 61/201 [00:49<01:54,  1.22it/s] 31%|███       | 62/201 [00:50<01:49,  1.27it/s] 31%|███       | 62/201 [00:50<01:49,  1.27it/s] 31%|███       | 62/201 [00:50<01:49,  1.27it/s] 31%|███       | 62/201 [00:50<01:49,  1.27it/s] 31%|███▏      | 63/201 [00:51<01:47,  1.28it/s] 31%|███▏      | 63/201 [00:51<01:47,  1.28it/s] 31%|███▏      | 63/201 [00:51<01:47,  1.28it/s] 31%|███▏      | 63/201 [00:51<01:47,  1.28it/s] 32%|███▏      | 64/201 [00:51<01:52,  1.22it/s] 32%|███▏      | 64/201 [00:51<01:52,  1.22it/s] 32%|███▏      | 64/201 [00:51<01:52,  1.22it/s] 32%|███▏      | 64/201 [00:51<01:52,  1.22it/s] 32%|███▏      | 65/201 [00:52<01:57,  1.16it/s] 32%|███▏      | 65/201 [00:52<01:57,  1.16it/s] 32%|███▏      | 65/201 [00:52<01:57,  1.16it/s] 32%|███▏      | 65/201 [00:52<01:57,  1.16it/s] 33%|███▎      | 66/201 [00:53<01:51,  1.21it/s] 33%|███▎      | 66/201 [00:53<01:51,  1.21it/s] 33%|███▎      | 66/201 [00:53<01:51,  1.21it/s] 33%|███▎      | 66/201 [00:53<01:51,  1.21it/s] 33%|███▎      | 67/201 [00:54<01:52,  1.20it/s] 33%|███▎      | 67/201 [00:54<01:52,  1.20it/s] 33%|███▎      | 67/201 [00:54<01:52,  1.20it/s] 33%|███▎      | 67/201 [00:54<01:52,  1.20it/s] 34%|███▍      | 68/201 [00:55<01:45,  1.26it/s] 34%|███▍      | 68/201 [00:55<01:45,  1.26it/s] 34%|███▍      | 68/201 [00:55<01:45,  1.26it/s] 34%|███▍      | 68/201 [00:55<01:45,  1.26it/s] 34%|███▍      | 69/201 [00:55<01:42,  1.29it/s] 34%|███▍      | 69/201 [00:55<01:42,  1.29it/s] 34%|███▍      | 69/201 [00:55<01:42,  1.29it/s] 34%|███▍      | 69/201 [00:55<01:42,  1.29it/s] 35%|███▍      | 70/201 [00:56<01:42,  1.28it/s] 35%|███▍      | 70/201 [00:56<01:42,  1.28it/s] 35%|███▍      | 70/201 [00:56<01:42,  1.28it/s] 35%|███▍      | 70/201 [00:56<01:42,  1.28it/s] 35%|███▌      | 71/201 [00:57<01:46,  1.22it/s] 35%|███▌      | 71/201 [00:57<01:46,  1.22it/s] 35%|███▌      | 71/201 [00:57<01:46,  1.22it/s] 35%|███▌      | 71/201 [00:57<01:46,  1.22it/s] 36%|███▌      | 72/201 [00:58<01:44,  1.24it/s] 36%|███▌      | 72/201 [00:58<01:44,  1.24it/s] 36%|███▌      | 72/201 [00:58<01:44,  1.24it/s] 36%|███▌      | 72/201 [00:58<01:44,  1.24it/s] 36%|███▋      | 73/201 [00:59<01:48,  1.18it/s] 36%|███▋      | 73/201 [00:59<01:48,  1.18it/s] 36%|███▋      | 73/201 [00:59<01:48,  1.18it/s] 36%|███▋      | 73/201 [00:59<01:48,  1.18it/s] 37%|███▋      | 74/201 [01:00<01:42,  1.23it/s] 37%|███▋      | 74/201 [01:00<01:42,  1.23it/s] 37%|███▋      | 74/201 [01:00<01:42,  1.23it/s] 37%|███▋      | 74/201 [01:00<01:42,  1.23it/s] 37%|███▋      | 75/201 [01:00<01:41,  1.25it/s] 37%|███▋      | 75/201 [01:00<01:41,  1.25it/s] 37%|███▋      | 75/201 [01:00<01:41,  1.25it/s] 37%|███▋      | 75/201 [01:00<01:41,  1.25it/s] 38%|███▊      | 76/201 [01:01<01:38,  1.27it/s] 38%|███▊      | 76/201 [01:01<01:38,  1.27it/s] 38%|███▊      | 76/201 [01:01<01:38,  1.27it/s] 38%|███▊      | 76/201 [01:01<01:38,  1.27it/s] 38%|███▊      | 77/201 [01:02<01:38,  1.26it/s] 38%|███▊      | 77/201 [01:02<01:38,  1.26it/s] 38%|███▊      | 77/201 [01:02<01:38,  1.26it/s] 38%|███▊      | 77/201 [01:02<01:38,  1.26it/s] 39%|███▉      | 78/201 [01:03<01:34,  1.30it/s] 39%|███▉      | 78/201 [01:03<01:34,  1.30it/s] 39%|███▉      | 78/201 [01:03<01:34,  1.30it/s] 39%|███▉      | 78/201 [01:03<01:34,  1.30it/s] 39%|███▉      | 79/201 [01:03<01:34,  1.29it/s] 39%|███▉      | 79/201 [01:03<01:34,  1.29it/s] 39%|███▉      | 79/201 [01:03<01:34,  1.29it/s] 39%|███▉      | 79/201 [01:03<01:34,  1.29it/s] 40%|███▉      | 80/201 [01:04<01:36,  1.25it/s] 40%|███▉      | 80/201 [01:04<01:36,  1.25it/s] 40%|███▉      | 80/201 [01:04<01:36,  1.25it/s] 40%|███▉      | 80/201 [01:04<01:36,  1.25it/s] 40%|████      | 81/201 [01:05<01:33,  1.28it/s] 40%|████      | 81/201 [01:05<01:33,  1.28it/s] 40%|████      | 81/201 [01:05<01:33,  1.28it/s] 40%|████      | 81/201 [01:05<01:33,  1.28it/s] 41%|████      | 82/201 [01:06<01:32,  1.29it/s] 41%|████      | 82/201 [01:06<01:32,  1.29it/s] 41%|████      | 82/201 [01:06<01:32,  1.29it/s] 41%|████      | 82/201 [01:06<01:32,  1.29it/s] 41%|████▏     | 83/201 [01:07<01:39,  1.18it/s] 41%|████▏     | 83/201 [01:07<01:39,  1.18it/s] 41%|████▏     | 83/201 [01:07<01:39,  1.18it/s] 41%|████▏     | 83/201 [01:07<01:39,  1.18it/s] 42%|████▏     | 84/201 [01:08<01:36,  1.21it/s] 42%|████▏     | 84/201 [01:08<01:36,  1.21it/s] 42%|████▏     | 84/201 [01:08<01:36,  1.21it/s] 42%|████▏     | 84/201 [01:08<01:36,  1.21it/s] 42%|████▏     | 85/201 [01:08<01:33,  1.24it/s] 42%|████▏     | 85/201 [01:08<01:33,  1.24it/s] 42%|████▏     | 85/201 [01:08<01:33,  1.24it/s] 42%|████▏     | 85/201 [01:08<01:33,  1.24it/s] 43%|████▎     | 86/201 [01:09<01:31,  1.26it/s] 43%|████▎     | 86/201 [01:09<01:31,  1.26it/s] 43%|████▎     | 86/201 [01:09<01:31,  1.26it/s] 43%|████▎     | 86/201 [01:09<01:31,  1.26it/s] 43%|████▎     | 87/201 [01:10<01:29,  1.27it/s] 43%|████▎     | 87/201 [01:10<01:29,  1.27it/s] 43%|████▎     | 87/201 [01:10<01:29,  1.27it/s] 43%|████▎     | 87/201 [01:10<01:29,  1.27it/s] 44%|████▍     | 88/201 [01:11<01:29,  1.27it/s] 44%|████▍     | 88/201 [01:11<01:29,  1.27it/s] 44%|████▍     | 88/201 [01:11<01:29,  1.27it/s] 44%|████▍     | 88/201 [01:11<01:29,  1.27it/s] 44%|████▍     | 89/201 [01:11<01:22,  1.36it/s] 44%|████▍     | 89/201 [01:11<01:22,  1.36it/s] 44%|████▍     | 89/201 [01:11<01:22,  1.36it/s] 44%|████▍     | 89/201 [01:11<01:22,  1.36it/s] 45%|████▍     | 90/201 [01:12<01:29,  1.24it/s] 45%|████▍     | 90/201 [01:12<01:29,  1.24it/s] 45%|████▍     | 90/201 [01:12<01:29,  1.24it/s] 45%|████▍     | 90/201 [01:12<01:29,  1.24it/s] 45%|████▌     | 91/201 [01:13<01:22,  1.33it/s] 45%|████▌     | 91/201 [01:13<01:22,  1.33it/s] 45%|████▌     | 91/201 [01:13<01:22,  1.33it/s] 45%|████▌     | 91/201 [01:13<01:22,  1.33it/s] 46%|████▌     | 92/201 [01:14<01:26,  1.26it/s] 46%|████▌     | 92/201 [01:14<01:26,  1.26it/s] 46%|████▌     | 92/201 [01:14<01:26,  1.26it/s] 46%|████▌     | 92/201 [01:14<01:26,  1.26it/s] 46%|████▋     | 93/201 [01:15<01:25,  1.26it/s] 46%|████▋     | 93/201 [01:15<01:25,  1.26it/s] 46%|████▋     | 93/201 [01:15<01:25,  1.26it/s] 46%|████▋     | 93/201 [01:15<01:25,  1.26it/s] 47%|████▋     | 94/201 [01:15<01:22,  1.30it/s] 47%|████▋     | 94/201 [01:15<01:22,  1.30it/s] 47%|████▋     | 94/201 [01:15<01:22,  1.30it/s] 47%|████▋     | 94/201 [01:15<01:22,  1.30it/s] 47%|████▋     | 95/201 [01:16<01:21,  1.31it/s] 47%|████▋     | 95/201 [01:16<01:21,  1.31it/s] 47%|████▋     | 95/201 [01:16<01:21,  1.31it/s] 47%|████▋     | 95/201 [01:16<01:21,  1.31it/s] 48%|████▊     | 96/201 [01:17<01:31,  1.14it/s] 48%|████▊     | 96/201 [01:17<01:31,  1.14it/s] 48%|████▊     | 96/201 [01:17<01:31,  1.14it/s] 48%|████▊     | 96/201 [01:17<01:31,  1.14it/s] 48%|████▊     | 97/201 [01:18<01:22,  1.26it/s] 48%|████▊     | 97/201 [01:18<01:22,  1.26it/s] 48%|████▊     | 97/201 [01:18<01:22,  1.26it/s] 48%|████▊     | 97/201 [01:18<01:22,  1.26it/s] 49%|████▉     | 98/201 [01:18<01:16,  1.35it/s] 49%|████▉     | 98/201 [01:18<01:16,  1.35it/s] 49%|████▉     | 98/201 [01:18<01:16,  1.35it/s] 49%|████▉     | 98/201 [01:18<01:16,  1.35it/s] 49%|████▉     | 99/201 [01:19<01:20,  1.27it/s] 49%|████▉     | 99/201 [01:19<01:20,  1.27it/s] 49%|████▉     | 99/201 [01:19<01:20,  1.27it/s] 49%|████▉     | 99/201 [01:19<01:20,  1.27it/s] 50%|████▉     | 100/201 [01:20<01:18,  1.29it/s] 50%|████▉     | 100/201 [01:20<01:18,  1.29it/s] 50%|████▉     | 100/201 [01:20<01:18,  1.29it/s] 50%|████▉     | 100/201 [01:20<01:18,  1.29it/s] 50%|█████     | 101/201 [01:21<01:13,  1.36it/s] 50%|█████     | 101/201 [01:21<01:13,  1.36it/s] 50%|█████     | 101/201 [01:21<01:13,  1.36it/s] 50%|█████     | 101/201 [01:21<01:13,  1.36it/s] 51%|█████     | 102/201 [01:22<01:19,  1.24it/s] 51%|█████     | 102/201 [01:22<01:19,  1.24it/s] 51%|█████     | 102/201 [01:22<01:19,  1.24it/s] 51%|█████     | 102/201 [01:22<01:19,  1.24it/s] 51%|█████     | 103/201 [01:22<01:12,  1.34it/s] 51%|█████     | 103/201 [01:22<01:12,  1.34it/s] 51%|█████     | 103/201 [01:22<01:12,  1.34it/s] 51%|█████     | 103/201 [01:22<01:12,  1.34it/s] 52%|█████▏    | 104/201 [01:23<01:12,  1.33it/s] 52%|█████▏    | 104/201 [01:23<01:12,  1.33it/s] 52%|█████▏    | 104/201 [01:23<01:12,  1.33it/s] 52%|█████▏    | 104/201 [01:23<01:12,  1.33it/s] 52%|█████▏    | 105/201 [01:24<01:16,  1.25it/s] 52%|█████▏    | 105/201 [01:24<01:16,  1.25it/s] 52%|█████▏    | 105/201 [01:24<01:16,  1.25it/s] 52%|█████▏    | 105/201 [01:24<01:16,  1.25it/s] 53%|█████▎    | 106/201 [01:25<01:15,  1.27it/s] 53%|█████▎    | 106/201 [01:25<01:15,  1.27it/s] 53%|█████▎    | 106/201 [01:25<01:15,  1.27it/s] 53%|█████▎    | 106/201 [01:25<01:15,  1.27it/s] 53%|█████▎    | 107/201 [01:25<01:12,  1.30it/s] 53%|█████▎    | 107/201 [01:25<01:12,  1.30it/s] 53%|█████▎    | 107/201 [01:25<01:12,  1.30it/s] 53%|█████▎    | 107/201 [01:25<01:12,  1.30it/s] 54%|█████▎    | 108/201 [01:27<01:20,  1.15it/s] 54%|█████▎    | 108/201 [01:27<01:20,  1.15it/s] 54%|█████▎    | 108/201 [01:27<01:20,  1.15it/s] 54%|█████▎    | 108/201 [01:27<01:20,  1.15it/s] 54%|█████▍    | 109/201 [01:27<01:18,  1.18it/s] 54%|█████▍    | 109/201 [01:27<01:18,  1.18it/s] 54%|█████▍    | 109/201 [01:27<01:18,  1.18it/s] 54%|█████▍    | 109/201 [01:27<01:18,  1.18it/s] 55%|█████▍    | 110/201 [01:28<01:14,  1.23it/s] 55%|█████▍    | 110/201 [01:28<01:14,  1.23it/s] 55%|█████▍    | 110/201 [01:28<01:14,  1.23it/s] 55%|█████▍    | 110/201 [01:28<01:14,  1.23it/s] 55%|█████▌    | 111/201 [01:29<01:15,  1.19it/s] 55%|█████▌    | 111/201 [01:29<01:15,  1.19it/s] 55%|█████▌    | 111/201 [01:29<01:15,  1.19it/s] 55%|█████▌    | 111/201 [01:29<01:15,  1.19it/s] 56%|█████▌    | 112/201 [01:30<01:12,  1.23it/s] 56%|█████▌    | 112/201 [01:30<01:12,  1.23it/s] 56%|█████▌    | 112/201 [01:30<01:12,  1.23it/s] 56%|█████▌    | 112/201 [01:30<01:12,  1.23it/s] 56%|█████▌    | 113/201 [01:30<01:10,  1.25it/s] 56%|█████▌    | 113/201 [01:30<01:10,  1.25it/s] 56%|█████▌    | 113/201 [01:30<01:10,  1.25it/s] 56%|█████▌    | 113/201 [01:30<01:10,  1.25it/s] 57%|█████▋    | 114/201 [01:31<01:09,  1.26it/s] 57%|█████▋    | 114/201 [01:31<01:09,  1.26it/s] 57%|█████▋    | 114/201 [01:31<01:09,  1.26it/s] 57%|█████▋    | 114/201 [01:31<01:09,  1.26it/s] 57%|█████▋    | 115/201 [01:32<01:16,  1.12it/s] 57%|█████▋    | 115/201 [01:32<01:16,  1.12it/s] 57%|█████▋    | 115/201 [01:32<01:16,  1.12it/s] 57%|█████▋    | 115/201 [01:32<01:16,  1.12it/s] 58%|█████▊    | 116/201 [01:33<01:11,  1.18it/s] 58%|█████▊    | 116/201 [01:33<01:12,  1.18it/s] 58%|█████▊    | 116/201 [01:33<01:12,  1.18it/s] 58%|█████▊    | 116/201 [01:33<01:12,  1.18it/s] 58%|█████▊    | 117/201 [01:34<01:13,  1.15it/s] 58%|█████▊    | 117/201 [01:34<01:13,  1.15it/s] 58%|█████▊    | 117/201 [01:34<01:13,  1.15it/s] 58%|█████▊    | 117/201 [01:34<01:13,  1.15it/s] 59%|█████▊    | 118/201 [01:35<01:08,  1.21it/s] 59%|█████▊    | 118/201 [01:35<01:08,  1.21it/s] 59%|█████▊    | 118/201 [01:35<01:08,  1.21it/s] 59%|█████▊    | 118/201 [01:35<01:08,  1.21it/s] 59%|█████▉    | 119/201 [01:36<01:05,  1.25it/s] 59%|█████▉    | 119/201 [01:36<01:05,  1.25it/s] 59%|█████▉    | 119/201 [01:36<01:05,  1.25it/s] 59%|█████▉    | 119/201 [01:36<01:05,  1.25it/s] 60%|█████▉    | 120/201 [01:36<01:07,  1.20it/s] 60%|█████▉    | 120/201 [01:36<01:07,  1.20it/s] 60%|█████▉    | 120/201 [01:36<01:07,  1.20it/s] 60%|█████▉    | 120/201 [01:36<01:07,  1.20it/s] 60%|██████    | 121/201 [01:37<01:10,  1.14it/s] 60%|██████    | 121/201 [01:37<01:10,  1.14it/s] 60%|██████    | 121/201 [01:37<01:10,  1.14it/s] 60%|██████    | 121/201 [01:37<01:10,  1.14it/s] 61%|██████    | 122/201 [01:38<01:06,  1.19it/s] 61%|██████    | 122/201 [01:38<01:06,  1.19it/s] 61%|██████    | 122/201 [01:38<01:06,  1.19it/s] 61%|██████    | 122/201 [01:38<01:06,  1.19it/s] 61%|██████    | 123/201 [01:39<01:02,  1.24it/s] 61%|██████    | 123/201 [01:39<01:02,  1.24it/s] 61%|██████    | 123/201 [01:39<01:02,  1.24it/s] 61%|██████    | 123/201 [01:39<01:02,  1.24it/s] 62%|██████▏   | 124/201 [01:40<01:04,  1.20it/s] 62%|██████▏   | 124/201 [01:40<01:04,  1.20it/s] 62%|██████▏   | 124/201 [01:40<01:04,  1.20it/s] 62%|██████▏   | 124/201 [01:40<01:04,  1.20it/s] 62%|██████▏   | 125/201 [01:41<01:01,  1.23it/s] 62%|██████▏   | 125/201 [01:41<01:01,  1.23it/s] 62%|██████▏   | 125/201 [01:41<01:01,  1.23it/s] 62%|██████▏   | 125/201 [01:41<01:01,  1.23it/s] 63%|██████▎   | 126/201 [01:41<01:00,  1.25it/s] 63%|██████▎   | 126/201 [01:41<01:00,  1.25it/s] 63%|██████▎   | 126/201 [01:41<01:00,  1.25it/s] 63%|██████▎   | 126/201 [01:41<01:00,  1.25it/s] 63%|██████▎   | 127/201 [01:42<01:03,  1.16it/s] 63%|██████▎   | 127/201 [01:42<01:03,  1.16it/s] 63%|██████▎   | 127/201 [01:42<01:03,  1.16it/s] 63%|██████▎   | 127/201 [01:42<01:03,  1.16it/s] 64%|██████▎   | 128/201 [01:43<00:57,  1.27it/s] 64%|██████▎   | 128/201 [01:43<00:57,  1.27it/s] 64%|██████▎   | 128/201 [01:43<00:57,  1.27it/s] 64%|██████▎   | 128/201 [01:43<00:57,  1.27it/s] 64%|██████▍   | 129/201 [01:44<00:59,  1.21it/s] 64%|██████▍   | 129/201 [01:44<00:59,  1.21it/s] 64%|██████▍   | 129/201 [01:44<00:59,  1.21it/s] 64%|██████▍   | 129/201 [01:44<00:59,  1.21it/s] 65%|██████▍   | 130/201 [01:45<01:01,  1.16it/s] 65%|██████▍   | 130/201 [01:45<01:01,  1.16it/s] 65%|██████▍   | 130/201 [01:45<01:01,  1.16it/s] 65%|██████▍   | 130/201 [01:45<01:01,  1.16it/s] 65%|██████▌   | 131/201 [01:46<00:57,  1.21it/s] 65%|██████▌   | 131/201 [01:46<00:57,  1.21it/s] 65%|██████▌   | 131/201 [01:46<00:57,  1.21it/s] 65%|██████▌   | 131/201 [01:46<00:57,  1.21it/s] 66%|██████▌   | 132/201 [01:46<00:52,  1.32it/s] 66%|██████▌   | 132/201 [01:46<00:52,  1.32it/s] 66%|██████▌   | 132/201 [01:46<00:52,  1.32it/s] 66%|██████▌   | 132/201 [01:46<00:52,  1.32it/s] 66%|██████▌   | 133/201 [01:47<00:55,  1.23it/s] 66%|██████▌   | 133/201 [01:47<00:55,  1.23it/s] 66%|██████▌   | 133/201 [01:47<00:55,  1.23it/s] 66%|██████▌   | 133/201 [01:47<00:55,  1.23it/s] 67%|██████▋   | 134/201 [01:48<00:54,  1.24it/s] 67%|██████▋   | 134/201 [01:48<00:54,  1.24it/s] 67%|██████▋   | 134/201 [01:48<00:54,  1.24it/s] 67%|██████▋   | 134/201 [01:48<00:54,  1.24it/s] 67%|██████▋   | 135/201 [01:49<00:52,  1.26it/s] 67%|██████▋   | 135/201 [01:49<00:52,  1.26it/s] 67%|██████▋   | 135/201 [01:49<00:52,  1.26it/s] 67%|██████▋   | 135/201 [01:49<00:52,  1.26it/s] 68%|██████▊   | 136/201 [01:50<00:54,  1.20it/s] 68%|██████▊   | 136/201 [01:50<00:54,  1.20it/s] 68%|██████▊   | 136/201 [01:50<00:54,  1.20it/s] 68%|██████▊   | 136/201 [01:50<00:54,  1.20it/s] 68%|██████▊   | 137/201 [01:50<00:52,  1.23it/s] 68%|██████▊   | 137/201 [01:50<00:52,  1.23it/s] 68%|██████▊   | 137/201 [01:50<00:52,  1.23it/s] 68%|██████▊   | 137/201 [01:50<00:52,  1.23it/s] 69%|██████▊   | 138/201 [01:51<00:47,  1.32it/s] 69%|██████▊   | 138/201 [01:51<00:47,  1.32it/s] 69%|██████▊   | 138/201 [01:51<00:47,  1.32it/s] 69%|██████▊   | 138/201 [01:51<00:47,  1.32it/s] 69%|██████▉   | 139/201 [01:52<00:44,  1.39it/s] 69%|██████▉   | 139/201 [01:52<00:44,  1.39it/s] 69%|██████▉   | 139/201 [01:52<00:44,  1.39it/s] 69%|██████▉   | 139/201 [01:52<00:44,  1.39it/s] 70%|██████▉   | 140/201 [01:52<00:47,  1.29it/s] 70%|██████▉   | 140/201 [01:52<00:47,  1.29it/s] 70%|██████▉   | 140/201 [01:52<00:47,  1.29it/s] 70%|██████▉   | 140/201 [01:52<00:47,  1.29it/s] 70%|███████   | 141/201 [01:53<00:47,  1.28it/s] 70%|███████   | 141/201 [01:53<00:47,  1.28it/s] 70%|███████   | 141/201 [01:53<00:47,  1.28it/s] 70%|███████   | 141/201 [01:53<00:47,  1.28it/s] 71%|███████   | 142/201 [01:54<00:48,  1.22it/s] 71%|███████   | 142/201 [01:54<00:48,  1.22it/s] 71%|███████   | 142/201 [01:54<00:48,  1.22it/s] 71%|███████   | 142/201 [01:54<00:48,  1.22it/s] 71%|███████   | 143/201 [01:55<00:44,  1.32it/s] 71%|███████   | 143/201 [01:55<00:44,  1.32it/s] 71%|███████   | 143/201 [01:55<00:44,  1.32it/s] 71%|███████   | 143/201 [01:55<00:44,  1.32it/s] 72%|███████▏  | 144/201 [01:56<00:43,  1.31it/s] 72%|███████▏  | 144/201 [01:56<00:43,  1.31it/s] 72%|███████▏  | 144/201 [01:56<00:43,  1.31it/s] 72%|███████▏  | 144/201 [01:56<00:43,  1.31it/s] 72%|███████▏  | 145/201 [01:56<00:42,  1.31it/s] 72%|███████▏  | 145/201 [01:56<00:42,  1.31it/s] 72%|███████▏  | 145/201 [01:56<00:42,  1.31it/s] 72%|███████▏  | 145/201 [01:56<00:42,  1.31it/s] 73%|███████▎  | 146/201 [01:57<00:45,  1.21it/s] 73%|███████▎  | 146/201 [01:57<00:45,  1.21it/s] 73%|███████▎  | 146/201 [01:57<00:45,  1.21it/s] 73%|███████▎  | 146/201 [01:57<00:45,  1.21it/s] 73%|███████▎  | 147/201 [01:58<00:43,  1.24it/s] 73%|███████▎  | 147/201 [01:58<00:43,  1.24it/s] 73%|███████▎  | 147/201 [01:58<00:43,  1.24it/s] 73%|███████▎  | 147/201 [01:58<00:43,  1.24it/s] 74%|███████▎  | 148/201 [01:59<00:42,  1.26it/s] 74%|███████▎  | 148/201 [01:59<00:42,  1.26it/s] 74%|███████▎  | 148/201 [01:59<00:42,  1.26it/s] 74%|███████▎  | 148/201 [01:59<00:42,  1.26it/s] 74%|███████▍  | 149/201 [02:00<00:44,  1.18it/s] 74%|███████▍  | 149/201 [02:00<00:44,  1.18it/s] 74%|███████▍  | 149/201 [02:00<00:44,  1.18it/s] 74%|███████▍  | 149/201 [02:00<00:44,  1.18it/s] 75%|███████▍  | 150/201 [02:01<00:41,  1.22it/s] 75%|███████▍  | 150/201 [02:01<00:41,  1.22it/s] 75%|███████▍  | 150/201 [02:01<00:41,  1.22it/s] 75%|███████▍  | 150/201 [02:01<00:41,  1.22it/s] 75%|███████▌  | 151/201 [02:01<00:40,  1.25it/s] 75%|███████▌  | 151/201 [02:01<00:40,  1.25it/s] 75%|███████▌  | 151/201 [02:01<00:40,  1.25it/s] 75%|███████▌  | 151/201 [02:01<00:40,  1.25it/s] 76%|███████▌  | 152/201 [02:02<00:41,  1.19it/s] 76%|███████▌  | 152/201 [02:02<00:41,  1.19it/s] 76%|███████▌  | 152/201 [02:02<00:41,  1.19it/s] 76%|███████▌  | 152/201 [02:02<00:41,  1.19it/s] 76%|███████▌  | 153/201 [02:03<00:39,  1.22it/s] 76%|███████▌  | 153/201 [02:03<00:39,  1.22it/s] 76%|███████▌  | 153/201 [02:03<00:39,  1.22it/s] 76%|███████▌  | 153/201 [02:03<00:39,  1.22it/s] 77%|███████▋  | 154/201 [02:04<00:37,  1.26it/s] 77%|███████▋  | 154/201 [02:04<00:37,  1.26it/s] 77%|███████▋  | 154/201 [02:04<00:37,  1.26it/s] 77%|███████▋  | 154/201 [02:04<00:37,  1.26it/s] 77%|███████▋  | 155/201 [02:05<00:37,  1.22it/s] 77%|███████▋  | 155/201 [02:05<00:37,  1.22it/s] 77%|███████▋  | 155/201 [02:05<00:37,  1.22it/s] 77%|███████▋  | 155/201 [02:05<00:37,  1.22it/s] 78%|███████▊  | 156/201 [02:05<00:35,  1.25it/s] 78%|███████▊  | 156/201 [02:05<00:35,  1.25it/s] 78%|███████▊  | 156/201 [02:05<00:35,  1.25it/s] 78%|███████▊  | 156/201 [02:05<00:35,  1.25it/s] 78%|███████▊  | 157/201 [02:06<00:32,  1.35it/s] 78%|███████▊  | 157/201 [02:06<00:32,  1.35it/s] 78%|███████▊  | 157/201 [02:06<00:32,  1.35it/s] 78%|███████▊  | 157/201 [02:06<00:32,  1.35it/s] 79%|███████▊  | 158/201 [02:07<00:34,  1.24it/s] 79%|███████▊  | 158/201 [02:07<00:34,  1.24it/s] 79%|███████▊  | 158/201 [02:07<00:34,  1.24it/s] 79%|███████▊  | 158/201 [02:07<00:34,  1.24it/s] 79%|███████▉  | 159/201 [02:08<00:31,  1.34it/s] 79%|███████▉  | 159/201 [02:08<00:31,  1.34it/s] 79%|███████▉  | 159/201 [02:08<00:31,  1.34it/s] 79%|███████▉  | 159/201 [02:08<00:31,  1.34it/s] 80%|███████▉  | 160/201 [02:08<00:30,  1.34it/s] 80%|███████▉  | 160/201 [02:08<00:30,  1.34it/s] 80%|███████▉  | 160/201 [02:08<00:30,  1.34it/s] 80%|███████▉  | 160/201 [02:08<00:30,  1.34it/s] 80%|████████  | 161/201 [02:09<00:28,  1.41it/s] 80%|████████  | 161/201 [02:09<00:28,  1.41it/s] 80%|████████  | 161/201 [02:09<00:28,  1.41it/s] 80%|████████  | 161/201 [02:09<00:28,  1.41it/s] 81%|████████  | 162/201 [02:10<00:29,  1.32it/s] 81%|████████  | 162/201 [02:10<00:29,  1.32it/s] 81%|████████  | 162/201 [02:10<00:29,  1.32it/s] 81%|████████  | 162/201 [02:10<00:29,  1.32it/s] 81%|████████  | 163/201 [02:11<00:28,  1.31it/s] 81%|████████  | 163/201 [02:11<00:28,  1.31it/s] 81%|████████  | 163/201 [02:11<00:28,  1.31it/s] 81%|████████  | 163/201 [02:11<00:28,  1.31it/s] 82%|████████▏ | 164/201 [02:11<00:28,  1.31it/s] 82%|████████▏ | 164/201 [02:11<00:28,  1.31it/s] 82%|████████▏ | 164/201 [02:11<00:28,  1.31it/s] 82%|████████▏ | 164/201 [02:11<00:28,  1.31it/s] 82%|████████▏ | 165/201 [02:12<00:29,  1.24it/s] 82%|████████▏ | 165/201 [02:12<00:29,  1.24it/s] 82%|████████▏ | 165/201 [02:12<00:29,  1.24it/s] 82%|████████▏ | 165/201 [02:12<00:29,  1.24it/s] 83%|████████▎ | 166/201 [02:13<00:28,  1.24it/s] 83%|████████▎ | 166/201 [02:13<00:28,  1.24it/s] 83%|████████▎ | 166/201 [02:13<00:28,  1.24it/s] 83%|████████▎ | 166/201 [02:13<00:28,  1.24it/s] 83%|████████▎ | 167/201 [02:14<00:25,  1.34it/s] 83%|████████▎ | 167/201 [02:14<00:25,  1.34it/s] 83%|████████▎ | 167/201 [02:14<00:25,  1.34it/s] 83%|████████▎ | 167/201 [02:14<00:25,  1.34it/s] 84%|████████▎ | 168/201 [02:15<00:26,  1.26it/s] 84%|████████▎ | 168/201 [02:15<00:26,  1.26it/s] 84%|████████▎ | 168/201 [02:15<00:26,  1.26it/s] 84%|████████▎ | 168/201 [02:15<00:26,  1.26it/s] 84%|████████▍ | 169/201 [02:15<00:25,  1.28it/s] 84%|████████▍ | 169/201 [02:15<00:25,  1.28it/s] 84%|████████▍ | 169/201 [02:15<00:25,  1.28it/s] 84%|████████▍ | 169/201 [02:15<00:25,  1.28it/s] 85%|████████▍ | 170/201 [02:16<00:23,  1.29it/s] 85%|████████▍ | 170/201 [02:16<00:23,  1.29it/s] 85%|████████▍ | 170/201 [02:16<00:23,  1.29it/s] 85%|████████▍ | 170/201 [02:16<00:23,  1.29it/s] 85%|████████▌ | 171/201 [02:17<00:25,  1.20it/s] 85%|████████▌ | 171/201 [02:17<00:25,  1.20it/s] 85%|████████▌ | 171/201 [02:17<00:25,  1.20it/s] 85%|████████▌ | 171/201 [02:17<00:25,  1.20it/s] 86%|████████▌ | 172/201 [02:18<00:23,  1.21it/s] 86%|████████▌ | 172/201 [02:18<00:23,  1.21it/s] 86%|████████▌ | 172/201 [02:18<00:23,  1.21it/s] 86%|████████▌ | 172/201 [02:18<00:23,  1.21it/s] 86%|████████▌ | 173/201 [02:19<00:22,  1.25it/s] 86%|████████▌ | 173/201 [02:19<00:22,  1.25it/s] 86%|████████▌ | 173/201 [02:19<00:22,  1.25it/s] 86%|████████▌ | 173/201 [02:19<00:22,  1.25it/s] 87%|████████▋ | 174/201 [02:19<00:21,  1.26it/s] 87%|████████▋ | 174/201 [02:19<00:21,  1.26it/s] 87%|████████▋ | 174/201 [02:19<00:21,  1.26it/s] 87%|████████▋ | 174/201 [02:19<00:21,  1.26it/s] 87%|████████▋ | 175/201 [02:20<00:20,  1.27it/s] 87%|████████▋ | 175/201 [02:20<00:20,  1.27it/s] 87%|████████▋ | 175/201 [02:20<00:20,  1.27it/s] 87%|████████▋ | 175/201 [02:20<00:20,  1.27it/s] 88%|████████▊ | 176/201 [02:21<00:19,  1.30it/s] 88%|████████▊ | 176/201 [02:21<00:19,  1.30it/s] 88%|████████▊ | 176/201 [02:21<00:19,  1.30it/s] 88%|████████▊ | 176/201 [02:21<00:19,  1.30it/s] 88%|████████▊ | 177/201 [02:22<00:18,  1.26it/s] 88%|████████▊ | 177/201 [02:22<00:18,  1.26it/s] 88%|████████▊ | 177/201 [02:22<00:18,  1.26it/s] 88%|████████▊ | 177/201 [02:22<00:19,  1.26it/s] 89%|████████▊ | 178/201 [02:22<00:17,  1.31it/s] 89%|████████▊ | 178/201 [02:22<00:17,  1.31it/s] 89%|████████▊ | 178/201 [02:22<00:17,  1.31it/s] 89%|████████▊ | 178/201 [02:22<00:17,  1.31it/s] 89%|████████▉ | 179/201 [02:23<00:16,  1.30it/s] 89%|████████▉ | 179/201 [02:23<00:16,  1.30it/s] 89%|████████▉ | 179/201 [02:23<00:16,  1.30it/s] 89%|████████▉ | 179/201 [02:23<00:16,  1.30it/s] 90%|████████▉ | 180/201 [02:24<00:16,  1.31it/s] 90%|████████▉ | 180/201 [02:24<00:16,  1.31it/s] 90%|████████▉ | 180/201 [02:24<00:16,  1.31it/s] 90%|████████▉ | 180/201 [02:24<00:16,  1.31it/s] 90%|█████████ | 181/201 [02:25<00:17,  1.17it/s] 90%|█████████ | 181/201 [02:25<00:17,  1.17it/s] 90%|█████████ | 181/201 [02:25<00:17,  1.17it/s] 90%|█████████ | 181/201 [02:25<00:17,  1.17it/s] 91%|█████████ | 182/201 [02:26<00:14,  1.28it/s] 91%|█████████ | 182/201 [02:26<00:14,  1.28it/s] 91%|█████████ | 182/201 [02:26<00:14,  1.28it/s] 91%|█████████ | 182/201 [02:26<00:14,  1.28it/s] 91%|█████████ | 183/201 [02:27<00:15,  1.20it/s] 91%|█████████ | 183/201 [02:27<00:15,  1.20it/s] 91%|█████████ | 183/201 [02:27<00:15,  1.20it/s] 91%|█████████ | 183/201 [02:27<00:15,  1.20it/s] 92%|█████████▏| 184/201 [02:27<00:13,  1.31it/s] 92%|█████████▏| 184/201 [02:27<00:13,  1.31it/s] 92%|█████████▏| 184/201 [02:27<00:13,  1.31it/s] 92%|█████████▏| 184/201 [02:27<00:13,  1.31it/s] 92%|█████████▏| 185/201 [02:28<00:11,  1.38it/s] 92%|█████████▏| 185/201 [02:28<00:11,  1.38it/s] 92%|█████████▏| 185/201 [02:28<00:11,  1.38it/s] 92%|█████████▏| 185/201 [02:28<00:11,  1.38it/s] 93%|█████████▎| 186/201 [02:29<00:11,  1.33it/s] 93%|█████████▎| 186/201 [02:29<00:11,  1.33it/s] 93%|█████████▎| 186/201 [02:29<00:11,  1.33it/s] 93%|█████████▎| 186/201 [02:29<00:11,  1.33it/s] 93%|█████████▎| 187/201 [02:29<00:10,  1.33it/s] 93%|█████████▎| 187/201 [02:29<00:10,  1.33it/s] 93%|█████████▎| 187/201 [02:29<00:10,  1.33it/s] 93%|█████████▎| 187/201 [02:29<00:10,  1.33it/s] 94%|█████████▎| 188/201 [02:30<00:10,  1.24it/s] 94%|█████████▎| 188/201 [02:30<00:10,  1.24it/s] 94%|█████████▎| 188/201 [02:30<00:10,  1.24it/s] 94%|█████████▎| 188/201 [02:30<00:10,  1.24it/s] 94%|█████████▍| 189/201 [02:31<00:09,  1.26it/s] 94%|█████████▍| 189/201 [02:31<00:09,  1.26it/s] 94%|█████████▍| 189/201 [02:31<00:09,  1.26it/s] 94%|█████████▍| 189/201 [02:31<00:09,  1.26it/s] 95%|█████████▍| 190/201 [02:32<00:09,  1.18it/s] 95%|█████████▍| 190/201 [02:32<00:09,  1.18it/s] 95%|█████████▍| 190/201 [02:32<00:09,  1.18it/s] 95%|█████████▍| 190/201 [02:32<00:09,  1.18it/s] 95%|█████████▌| 191/201 [02:33<00:08,  1.21it/s] 95%|█████████▌| 191/201 [02:33<00:08,  1.21it/s] 95%|█████████▌| 191/201 [02:33<00:08,  1.21it/s] 95%|█████████▌| 191/201 [02:33<00:08,  1.21it/s] 96%|█████████▌| 192/201 [02:34<00:07,  1.24it/s] 96%|█████████▌| 192/201 [02:34<00:07,  1.24it/s] 96%|█████████▌| 192/201 [02:34<00:07,  1.24it/s] 96%|█████████▌| 192/201 [02:34<00:07,  1.24it/s] 96%|█████████▌| 193/201 [02:34<00:05,  1.34it/s] 96%|█████████▌| 193/201 [02:34<00:05,  1.34it/s] 96%|█████████▌| 193/201 [02:34<00:05,  1.34it/s] 96%|█████████▌| 193/201 [02:34<00:05,  1.34it/s] 97%|█████████▋| 194/201 [02:35<00:05,  1.26it/s] 97%|█████████▋| 194/201 [02:35<00:05,  1.26it/s] 97%|█████████▋| 194/201 [02:35<00:05,  1.26it/s] 97%|█████████▋| 194/201 [02:35<00:05,  1.26it/s] 97%|█████████▋| 195/201 [02:36<00:04,  1.34it/s] 97%|█████████▋| 195/201 [02:36<00:04,  1.34it/s] 97%|█████████▋| 195/201 [02:36<00:04,  1.34it/s] 97%|█████████▋| 195/201 [02:36<00:04,  1.34it/s] 98%|█████████▊| 196/201 [02:37<00:04,  1.22it/s] 98%|█████████▊| 196/201 [02:37<00:04,  1.22it/s] 98%|█████████▊| 196/201 [02:37<00:04,  1.22it/s] 98%|█████████▊| 196/201 [02:37<00:04,  1.22it/s] 98%|█████████▊| 197/201 [02:38<00:03,  1.26it/s] 98%|█████████▊| 197/201 [02:38<00:03,  1.26it/s] 98%|█████████▊| 197/201 [02:38<00:03,  1.26it/s] 98%|█████████▊| 197/201 [02:38<00:03,  1.26it/s] 99%|█████████▊| 198/201 [02:38<00:02,  1.28it/s] 99%|█████████▊| 198/201 [02:38<00:02,  1.28it/s] 99%|█████████▊| 198/201 [02:38<00:02,  1.28it/s] 99%|█████████▊| 198/201 [02:38<00:02,  1.28it/s] 99%|█████████▉| 199/201 [02:39<00:01,  1.36it/s] 99%|█████████▉| 199/201 [02:39<00:01,  1.36it/s] 99%|█████████▉| 199/201 [02:39<00:01,  1.36it/s] 99%|█████████▉| 199/201 [02:39<00:01,  1.36it/s]100%|█████████▉| 200/201 [02:40<00:00,  1.37it/s]100%|█████████▉| 200/201 [02:40<00:00,  1.37it/s]100%|█████████▉| 200/201 [02:40<00:00,  1.37it/s]100%|█████████▉| 200/201 [02:40<00:00,  1.37it/s]100%|██████████| 201/201 [02:41<00:00,  1.26it/s]100%|██████████| 201/201 [02:41<00:00,  1.26it/s]100%|██████████| 201/201 [02:41<00:00,  1.26it/s]100%|██████████| 201/201 [02:41<00:00,  1.26it/s]100%|██████████| 201/201 [02:41<00:00,  1.25it/s]
100%|██████████| 201/201 [02:41<00:00,  1.25it/s]
100%|██████████| 201/201 [02:41<00:00,  1.25it/s]
100%|██████████| 201/201 [02:41<00:00,  1.25it/s]
Model checkpointing attempts: 0.
Stored epoch 1 model checkpoint to ./checkpoints/parquet_dataset/parquet_dataset__model_nlyrs_4_nheads_4_hdim_64__pred_ovrlap_F_npreds_4__nlyrs_2_activ_relunenc_1__lr_0.0002828_start_0.001_final_0_20251112_231724/epoch_1.pth.
Training loss has improved 1 times since last caching the model. Caching now.
/home/aminmohamadi_squareup_com/projects/.hermit/python/lib/python3.11/site-packages/torch/distributed/distributed_c10d.py:4876: UserWarning: barrier(): using the device under current context. You can specify `device_id` in `init_process_group` to mute this warning.
  warnings.warn(  # warn only once
##############################Training epoch: 3/10##############################
  0%|          | 0/201 [00:00<?, ?it/s]  0%|          | 0/201 [00:00<?, ?it/s]  0%|          | 0/201 [00:00<?, ?it/s]  0%|          | 0/201 [00:00<?, ?it/s]  0%|          | 1/201 [00:00<02:48,  1.19it/s]  0%|          | 1/201 [00:00<02:48,  1.19it/s]  0%|          | 1/201 [00:00<02:48,  1.19it/s]  0%|          | 1/201 [00:00<03:11,  1.05it/s]  1%|          | 2/201 [00:01<02:51,  1.16it/s]  1%|          | 2/201 [00:01<02:55,  1.14it/s]  1%|          | 2/201 [00:01<02:55,  1.14it/s]  1%|          | 2/201 [00:01<02:55,  1.14it/s]  1%|▏         | 3/201 [00:02<02:31,  1.31it/s]  1%|▏         | 3/201 [00:02<02:31,  1.31it/s]  1%|▏         | 3/201 [00:02<02:28,  1.33it/s]  1%|▏         | 3/201 [00:02<02:31,  1.31it/s]  2%|▏         | 4/201 [00:03<02:30,  1.31it/s]  2%|▏         | 4/201 [00:03<02:31,  1.30it/s]  2%|▏         | 4/201 [00:03<02:31,  1.30it/s]  2%|▏         | 4/201 [00:03<02:31,  1.30it/s]  2%|▏         | 5/201 [00:03<02:18,  1.42it/s]  2%|▏         | 5/201 [00:03<02:18,  1.41it/s]  2%|▏         | 5/201 [00:03<02:18,  1.41it/s]  2%|▏         | 5/201 [00:03<02:18,  1.41it/s]  3%|▎         | 6/201 [00:04<02:30,  1.29it/s]  3%|▎         | 6/201 [00:04<02:31,  1.29it/s]  3%|▎         | 6/201 [00:04<02:31,  1.29it/s]  3%|▎         | 6/201 [00:04<02:31,  1.29it/s]  3%|▎         | 7/201 [00:05<02:27,  1.32it/s]  3%|▎         | 7/201 [00:05<02:27,  1.31it/s]  3%|▎         | 7/201 [00:05<02:27,  1.31it/s]  3%|▎         | 7/201 [00:05<02:27,  1.31it/s]  4%|▍         | 8/201 [00:06<02:35,  1.24it/s]  4%|▍         | 8/201 [00:06<02:35,  1.24it/s]  4%|▍         | 8/201 [00:06<02:35,  1.24it/s]  4%|▍         | 8/201 [00:06<02:35,  1.24it/s]  4%|▍         | 9/201 [00:07<02:29,  1.28it/s]  4%|▍         | 9/201 [00:07<02:29,  1.28it/s]  4%|▍         | 9/201 [00:07<02:29,  1.28it/s]  4%|▍         | 9/201 [00:07<02:29,  1.28it/s]  5%|▍         | 10/201 [00:07<02:27,  1.30it/s]  5%|▍         | 10/201 [00:07<02:27,  1.30it/s]  5%|▍         | 10/201 [00:07<02:27,  1.30it/s]  5%|▍         | 10/201 [00:07<02:27,  1.30it/s]  5%|▌         | 11/201 [00:08<02:27,  1.29it/s]  5%|▌         | 11/201 [00:08<02:27,  1.29it/s]  5%|▌         | 11/201 [00:08<02:27,  1.29it/s]  5%|▌         | 11/201 [00:08<02:27,  1.29it/s]  6%|▌         | 12/201 [00:09<02:32,  1.24it/s]  6%|▌         | 12/201 [00:09<02:32,  1.24it/s]  6%|▌         | 12/201 [00:09<02:32,  1.24it/s]  6%|▌         | 12/201 [00:09<02:32,  1.24it/s]  6%|▋         | 13/201 [00:10<02:27,  1.27it/s]  6%|▋         | 13/201 [00:10<02:27,  1.27it/s]  6%|▋         | 13/201 [00:10<02:27,  1.27it/s]  6%|▋         | 13/201 [00:10<02:27,  1.27it/s]  7%|▋         | 14/201 [00:10<02:28,  1.26it/s]  7%|▋         | 14/201 [00:10<02:28,  1.26it/s]  7%|▋         | 14/201 [00:10<02:28,  1.26it/s]  7%|▋         | 14/201 [00:10<02:28,  1.26it/s]  7%|▋         | 15/201 [00:11<02:25,  1.28it/s]  7%|▋         | 15/201 [00:11<02:25,  1.28it/s]  7%|▋         | 15/201 [00:11<02:25,  1.28it/s]  7%|▋         | 15/201 [00:11<02:25,  1.28it/s]  8%|▊         | 16/201 [00:12<02:23,  1.29it/s]  8%|▊         | 16/201 [00:12<02:23,  1.29it/s]  8%|▊         | 16/201 [00:12<02:23,  1.29it/s]  8%|▊         | 16/201 [00:12<02:23,  1.29it/s]  8%|▊         | 17/201 [00:13<02:18,  1.33it/s]  8%|▊         | 17/201 [00:13<02:18,  1.33it/s]  8%|▊         | 17/201 [00:13<02:18,  1.33it/s]  8%|▊         | 17/201 [00:13<02:18,  1.33it/s]  9%|▉         | 18/201 [00:14<02:26,  1.25it/s]  9%|▉         | 18/201 [00:14<02:26,  1.25it/s]  9%|▉         | 18/201 [00:14<02:26,  1.25it/s]  9%|▉         | 18/201 [00:14<02:26,  1.25it/s]  9%|▉         | 19/201 [00:14<02:23,  1.27it/s]  9%|▉         | 19/201 [00:14<02:23,  1.27it/s]  9%|▉         | 19/201 [00:14<02:23,  1.27it/s]  9%|▉         | 19/201 [00:14<02:23,  1.27it/s] 10%|▉         | 20/201 [00:15<02:33,  1.18it/s] 10%|▉         | 20/201 [00:15<02:33,  1.18it/s] 10%|▉         | 20/201 [00:15<02:33,  1.18it/s] 10%|▉         | 20/201 [00:15<02:33,  1.18it/s] 10%|█         | 21/201 [00:16<02:26,  1.23it/s] 10%|█         | 21/201 [00:16<02:26,  1.23it/s] 10%|█         | 21/201 [00:16<02:26,  1.23it/s] 10%|█         | 21/201 [00:16<02:26,  1.23it/s] 11%|█         | 22/201 [00:17<02:23,  1.25it/s] 11%|█         | 22/201 [00:17<02:23,  1.25it/s] 11%|█         | 22/201 [00:17<02:23,  1.25it/s] 11%|█         | 22/201 [00:17<02:23,  1.25it/s] 11%|█▏        | 23/201 [00:18<02:21,  1.26it/s] 11%|█▏        | 23/201 [00:18<02:21,  1.26it/s] 11%|█▏        | 23/201 [00:18<02:21,  1.26it/s] 11%|█▏        | 23/201 [00:18<02:21,  1.26it/s] 12%|█▏        | 24/201 [00:18<02:15,  1.31it/s] 12%|█▏        | 24/201 [00:18<02:15,  1.31it/s] 12%|█▏        | 24/201 [00:18<02:15,  1.31it/s] 12%|█▏        | 24/201 [00:18<02:15,  1.31it/s] 12%|█▏        | 25/201 [00:19<02:20,  1.25it/s] 12%|█▏        | 25/201 [00:19<02:20,  1.25it/s] 12%|█▏        | 25/201 [00:19<02:20,  1.25it/s] 12%|█▏        | 25/201 [00:19<02:20,  1.25it/s] 13%|█▎        | 26/201 [00:20<02:17,  1.27it/s] 13%|█▎        | 26/201 [00:20<02:17,  1.27it/s] 13%|█▎        | 26/201 [00:20<02:17,  1.27it/s] 13%|█▎        | 26/201 [00:20<02:17,  1.27it/s] 13%|█▎        | 27/201 [00:21<02:27,  1.18it/s] 13%|█▎        | 27/201 [00:21<02:27,  1.18it/s] 13%|█▎        | 27/201 [00:21<02:27,  1.18it/s] 13%|█▎        | 27/201 [00:21<02:27,  1.18it/s] 14%|█▍        | 28/201 [00:22<02:30,  1.15it/s] 14%|█▍        | 28/201 [00:22<02:30,  1.15it/s] 14%|█▍        | 28/201 [00:22<02:30,  1.15it/s] 14%|█▍        | 28/201 [00:22<02:30,  1.15it/s] 14%|█▍        | 29/201 [00:23<02:26,  1.17it/s] 14%|█▍        | 29/201 [00:23<02:26,  1.17it/s] 14%|█▍        | 29/201 [00:23<02:26,  1.17it/s] 14%|█▍        | 29/201 [00:23<02:26,  1.17it/s] 15%|█▍        | 30/201 [00:23<02:21,  1.21it/s] 15%|█▍        | 30/201 [00:23<02:21,  1.21it/s] 15%|█▍        | 30/201 [00:23<02:21,  1.21it/s] 15%|█▍        | 30/201 [00:23<02:21,  1.21it/s] 15%|█▌        | 31/201 [00:24<02:23,  1.18it/s] 15%|█▌        | 31/201 [00:24<02:23,  1.18it/s] 15%|█▌        | 31/201 [00:24<02:23,  1.18it/s] 15%|█▌        | 31/201 [00:24<02:23,  1.18it/s] 16%|█▌        | 32/201 [00:25<02:17,  1.23it/s] 16%|█▌        | 32/201 [00:25<02:17,  1.23it/s] 16%|█▌        | 32/201 [00:25<02:17,  1.23it/s] 16%|█▌        | 32/201 [00:25<02:17,  1.23it/s] 16%|█▋        | 33/201 [00:26<02:24,  1.16it/s] 16%|█▋        | 33/201 [00:26<02:24,  1.16it/s] 16%|█▋        | 33/201 [00:26<02:24,  1.16it/s] 16%|█▋        | 33/201 [00:26<02:24,  1.16it/s] 17%|█▋        | 34/201 [00:27<02:19,  1.20it/s] 17%|█▋        | 34/201 [00:27<02:19,  1.20it/s] 17%|█▋        | 34/201 [00:27<02:19,  1.20it/s] 17%|█▋        | 34/201 [00:27<02:19,  1.20it/s] 17%|█▋        | 35/201 [00:28<02:15,  1.22it/s] 17%|█▋        | 35/201 [00:28<02:15,  1.22it/s] 17%|█▋        | 35/201 [00:28<02:15,  1.22it/s] 17%|█▋        | 35/201 [00:28<02:15,  1.22it/s] 18%|█▊        | 36/201 [00:28<02:12,  1.25it/s] 18%|█▊        | 36/201 [00:28<02:12,  1.25it/s] 18%|█▊        | 36/201 [00:28<02:12,  1.25it/s] 18%|█▊        | 36/201 [00:28<02:12,  1.25it/s] 18%|█▊        | 37/201 [00:29<02:09,  1.27it/s] 18%|█▊        | 37/201 [00:29<02:09,  1.27it/s] 18%|█▊        | 37/201 [00:29<02:09,  1.27it/s] 18%|█▊        | 37/201 [00:29<02:09,  1.27it/s] 19%|█▉        | 38/201 [00:30<02:12,  1.23it/s] 19%|█▉        | 38/201 [00:30<02:12,  1.23it/s] 19%|█▉        | 38/201 [00:30<02:12,  1.23it/s] 19%|█▉        | 38/201 [00:30<02:12,  1.23it/s] 19%|█▉        | 39/201 [00:31<02:20,  1.15it/s] 19%|█▉        | 39/201 [00:31<02:20,  1.15it/s] 19%|█▉        | 39/201 [00:31<02:20,  1.15it/s] 19%|█▉        | 39/201 [00:31<02:20,  1.15it/s] 20%|█▉        | 40/201 [00:32<02:15,  1.19it/s] 20%|█▉        | 40/201 [00:32<02:15,  1.19it/s] 20%|█▉        | 40/201 [00:32<02:15,  1.19it/s] 20%|█▉        | 40/201 [00:32<02:15,  1.19it/s] 20%|██        | 41/201 [00:32<02:08,  1.25it/s] 20%|██        | 41/201 [00:32<02:08,  1.25it/s] 20%|██        | 41/201 [00:32<02:08,  1.25it/s] 20%|██        | 41/201 [00:32<02:08,  1.25it/s] 21%|██        | 42/201 [00:33<02:06,  1.25it/s] 21%|██        | 42/201 [00:33<02:06,  1.26it/s] 21%|██        | 42/201 [00:33<02:06,  1.25it/s] 21%|██        | 42/201 [00:33<02:06,  1.25it/s] 21%|██▏       | 43/201 [00:34<02:04,  1.26it/s] 21%|██▏       | 43/201 [00:34<02:04,  1.26it/s] 21%|██▏       | 43/201 [00:34<02:04,  1.26it/s] 21%|██▏       | 43/201 [00:34<02:04,  1.26it/s] 22%|██▏       | 44/201 [00:35<02:09,  1.21it/s] 22%|██▏       | 44/201 [00:35<02:09,  1.21it/s] 22%|██▏       | 44/201 [00:35<02:09,  1.21it/s] 22%|██▏       | 44/201 [00:35<02:09,  1.21it/s] 22%|██▏       | 45/201 [00:36<02:13,  1.17it/s] 22%|██▏       | 45/201 [00:36<02:13,  1.17it/s] 22%|██▏       | 45/201 [00:36<02:13,  1.17it/s] 22%|██▏       | 45/201 [00:36<02:13,  1.17it/s] 23%|██▎       | 46/201 [00:37<02:07,  1.22it/s] 23%|██▎       | 46/201 [00:37<02:07,  1.22it/s] 23%|██▎       | 46/201 [00:37<02:07,  1.22it/s] 23%|██▎       | 46/201 [00:37<02:07,  1.22it/s] 23%|██▎       | 47/201 [00:37<02:02,  1.25it/s] 23%|██▎       | 47/201 [00:37<02:02,  1.25it/s] 23%|██▎       | 47/201 [00:37<02:02,  1.25it/s] 23%|██▎       | 47/201 [00:37<02:02,  1.25it/s] 24%|██▍       | 48/201 [00:38<01:58,  1.29it/s] 24%|██▍       | 48/201 [00:38<01:58,  1.29it/s] 24%|██▍       | 48/201 [00:38<01:58,  1.29it/s] 24%|██▍       | 48/201 [00:38<01:58,  1.29it/s] 24%|██▍       | 49/201 [00:39<01:57,  1.30it/s] 24%|██▍       | 49/201 [00:39<01:57,  1.30it/s] 24%|██▍       | 49/201 [00:39<01:57,  1.30it/s] 24%|██▍       | 49/201 [00:39<01:57,  1.30it/s] 25%|██▍       | 50/201 [00:40<02:04,  1.22it/s] 25%|██▍       | 50/201 [00:40<02:04,  1.22it/s] 25%|██▍       | 50/201 [00:40<02:04,  1.22it/s] 25%|██▍       | 50/201 [00:40<02:04,  1.22it/s] 25%|██▌       | 51/201 [00:41<02:00,  1.24it/s] 25%|██▌       | 51/201 [00:41<02:00,  1.24it/s] 25%|██▌       | 51/201 [00:41<02:00,  1.24it/s] 25%|██▌       | 51/201 [00:41<02:00,  1.24it/s] 26%|██▌       | 52/201 [00:42<02:07,  1.17it/s] 26%|██▌       | 52/201 [00:42<02:07,  1.17it/s] 26%|██▌       | 52/201 [00:42<02:07,  1.17it/s] 26%|██▌       | 52/201 [00:42<02:07,  1.17it/s] 26%|██▋       | 53/201 [00:42<01:55,  1.28it/s] 26%|██▋       | 53/201 [00:42<01:55,  1.28it/s] 26%|██▋       | 53/201 [00:42<01:55,  1.28it/s] 26%|██▋       | 53/201 [00:42<01:55,  1.28it/s] 27%|██▋       | 54/201 [00:43<01:53,  1.29it/s] 27%|██▋       | 54/201 [00:43<01:53,  1.29it/s] 27%|██▋       | 54/201 [00:43<01:53,  1.29it/s] 27%|██▋       | 54/201 [00:43<01:53,  1.29it/s] 27%|██▋       | 55/201 [00:44<01:51,  1.31it/s] 27%|██▋       | 55/201 [00:44<01:51,  1.31it/s] 27%|██▋       | 55/201 [00:44<01:51,  1.31it/s] 27%|██▋       | 55/201 [00:44<01:51,  1.31it/s] 28%|██▊       | 56/201 [00:45<01:56,  1.24it/s] 28%|██▊       | 56/201 [00:45<01:56,  1.24it/s] 28%|██▊       | 56/201 [00:45<01:56,  1.24it/s] 28%|██▊       | 56/201 [00:45<01:56,  1.24it/s] 28%|██▊       | 57/201 [00:45<01:53,  1.27it/s] 28%|██▊       | 57/201 [00:45<01:53,  1.27it/s] 28%|██▊       | 57/201 [00:45<01:53,  1.27it/s] 28%|██▊       | 57/201 [00:45<01:53,  1.27it/s] 29%|██▉       | 58/201 [00:46<01:59,  1.20it/s] 29%|██▉       | 58/201 [00:46<01:59,  1.20it/s] 29%|██▉       | 58/201 [00:46<01:59,  1.20it/s] 29%|██▉       | 58/201 [00:46<01:59,  1.20it/s] 29%|██▉       | 59/201 [00:47<01:54,  1.24it/s] 29%|██▉       | 59/201 [00:47<01:54,  1.24it/s] 29%|██▉       | 59/201 [00:47<01:54,  1.24it/s] 29%|██▉       | 59/201 [00:47<01:54,  1.24it/s] 30%|██▉       | 60/201 [00:48<01:51,  1.27it/s] 30%|██▉       | 60/201 [00:48<01:51,  1.27it/s] 30%|██▉       | 60/201 [00:48<01:51,  1.27it/s] 30%|██▉       | 60/201 [00:48<01:51,  1.27it/s] 30%|███       | 61/201 [00:48<01:47,  1.30it/s] 30%|███       | 61/201 [00:48<01:47,  1.30it/s] 30%|███       | 61/201 [00:48<01:47,  1.30it/s] 30%|███       | 61/201 [00:48<01:47,  1.30it/s] 31%|███       | 62/201 [00:49<01:50,  1.26it/s] 31%|███       | 62/201 [00:49<01:50,  1.26it/s] 31%|███       | 62/201 [00:49<01:50,  1.26it/s] 31%|███       | 62/201 [00:49<01:50,  1.26it/s] 31%|███▏      | 63/201 [00:50<01:43,  1.34it/s] 31%|███▏      | 63/201 [00:50<01:43,  1.34it/s] 31%|███▏      | 63/201 [00:50<01:43,  1.34it/s] 31%|███▏      | 63/201 [00:50<01:43,  1.34it/s] 32%|███▏      | 64/201 [00:51<01:51,  1.23it/s] 32%|███▏      | 64/201 [00:51<01:51,  1.23it/s] 32%|███▏      | 64/201 [00:51<01:51,  1.23it/s] 32%|███▏      | 64/201 [00:51<01:51,  1.23it/s] 32%|███▏      | 65/201 [00:52<01:49,  1.24it/s] 32%|███▏      | 65/201 [00:52<01:49,  1.24it/s] 32%|███▏      | 65/201 [00:52<01:49,  1.24it/s] 32%|███▏      | 65/201 [00:52<01:49,  1.24it/s] 33%|███▎      | 66/201 [00:52<01:47,  1.26it/s] 33%|███▎      | 66/201 [00:52<01:47,  1.26it/s] 33%|███▎      | 66/201 [00:52<01:47,  1.26it/s] 33%|███▎      | 66/201 [00:52<01:47,  1.26it/s] 33%|███▎      | 67/201 [00:53<01:45,  1.27it/s] 33%|███▎      | 67/201 [00:53<01:45,  1.27it/s] 33%|███▎      | 67/201 [00:53<01:45,  1.27it/s] 33%|███▎      | 67/201 [00:53<01:45,  1.27it/s] 34%|███▍      | 68/201 [00:54<01:49,  1.21it/s] 34%|███▍      | 68/201 [00:54<01:49,  1.21it/s] 34%|███▍      | 68/201 [00:54<01:49,  1.21it/s] 34%|███▍      | 68/201 [00:54<01:49,  1.21it/s] 34%|███▍      | 69/201 [00:55<01:50,  1.20it/s] 34%|███▍      | 69/201 [00:55<01:50,  1.20it/s] 34%|███▍      | 69/201 [00:55<01:50,  1.20it/s] 34%|███▍      | 69/201 [00:55<01:50,  1.20it/s] 35%|███▍      | 70/201 [00:56<01:48,  1.20it/s] 35%|███▍      | 70/201 [00:56<01:48,  1.20it/s] 35%|███▍      | 70/201 [00:56<01:48,  1.20it/s] 35%|███▍      | 70/201 [00:56<01:48,  1.20it/s] 35%|███▌      | 71/201 [00:56<01:40,  1.29it/s] 35%|███▌      | 71/201 [00:56<01:40,  1.29it/s] 35%|███▌      | 71/201 [00:56<01:40,  1.29it/s] 35%|███▌      | 71/201 [00:56<01:40,  1.29it/s] 36%|███▌      | 72/201 [00:57<01:40,  1.28it/s] 36%|███▌      | 72/201 [00:57<01:41,  1.28it/s] 36%|███▌      | 72/201 [00:57<01:41,  1.28it/s] 36%|███▌      | 72/201 [00:57<01:41,  1.28it/s] 36%|███▋      | 73/201 [00:58<01:41,  1.27it/s] 36%|███▋      | 73/201 [00:58<01:41,  1.27it/s] 36%|███▋      | 73/201 [00:58<01:41,  1.27it/s] 36%|███▋      | 73/201 [00:58<01:41,  1.27it/s] 37%|███▋      | 74/201 [00:59<01:34,  1.35it/s] 37%|███▋      | 74/201 [00:59<01:34,  1.35it/s] 37%|███▋      | 74/201 [00:59<01:34,  1.35it/s] 37%|███▋      | 74/201 [00:59<01:34,  1.35it/s] 37%|███▋      | 75/201 [01:00<01:40,  1.25it/s] 37%|███▋      | 75/201 [01:00<01:40,  1.25it/s] 37%|███▋      | 75/201 [01:00<01:40,  1.25it/s] 37%|███▋      | 75/201 [01:00<01:40,  1.25it/s] 38%|███▊      | 76/201 [01:00<01:38,  1.27it/s] 38%|███▊      | 76/201 [01:00<01:38,  1.27it/s] 38%|███▊      | 76/201 [01:00<01:38,  1.27it/s] 38%|███▊      | 76/201 [01:00<01:38,  1.27it/s] 38%|███▊      | 77/201 [01:01<01:44,  1.18it/s] 38%|███▊      | 77/201 [01:01<01:44,  1.18it/s] 38%|███▊      | 77/201 [01:01<01:44,  1.18it/s] 38%|███▊      | 77/201 [01:01<01:44,  1.18it/s] 39%|███▉      | 78/201 [01:02<01:39,  1.24it/s] 39%|███▉      | 78/201 [01:02<01:39,  1.24it/s] 39%|███▉      | 78/201 [01:02<01:39,  1.24it/s] 39%|███▉      | 78/201 [01:02<01:39,  1.24it/s] 39%|███▉      | 79/201 [01:03<01:34,  1.29it/s] 39%|███▉      | 79/201 [01:03<01:34,  1.29it/s] 39%|███▉      | 79/201 [01:03<01:34,  1.29it/s] 39%|███▉      | 79/201 [01:03<01:34,  1.29it/s] 40%|███▉      | 80/201 [01:04<01:38,  1.22it/s] 40%|███▉      | 80/201 [01:04<01:38,  1.22it/s] 40%|███▉      | 80/201 [01:04<01:38,  1.22it/s] 40%|███▉      | 80/201 [01:04<01:38,  1.22it/s] 40%|████      | 81/201 [01:04<01:36,  1.25it/s] 40%|████      | 81/201 [01:04<01:36,  1.25it/s] 40%|████      | 81/201 [01:04<01:36,  1.25it/s] 40%|████      | 81/201 [01:04<01:36,  1.25it/s] 41%|████      | 82/201 [01:05<01:39,  1.20it/s] 41%|████      | 82/201 [01:05<01:39,  1.20it/s] 41%|████      | 82/201 [01:05<01:39,  1.20it/s] 41%|████      | 82/201 [01:05<01:39,  1.20it/s] 41%|████▏     | 83/201 [01:07<01:48,  1.08it/s] 41%|████▏     | 83/201 [01:07<01:48,  1.08it/s] 41%|████▏     | 83/201 [01:07<01:48,  1.08it/s] 41%|████▏     | 83/201 [01:07<01:48,  1.08it/s] 42%|████▏     | 84/201 [01:07<01:40,  1.17it/s] 42%|████▏     | 84/201 [01:07<01:40,  1.17it/s] 42%|████▏     | 84/201 [01:07<01:40,  1.17it/s] 42%|████▏     | 84/201 [01:07<01:40,  1.17it/s] 42%|████▏     | 85/201 [01:08<01:34,  1.23it/s] 42%|████▏     | 85/201 [01:08<01:34,  1.23it/s] 42%|████▏     | 85/201 [01:08<01:34,  1.23it/s] 42%|████▏     | 85/201 [01:08<01:34,  1.23it/s] 43%|████▎     | 86/201 [01:09<01:31,  1.25it/s] 43%|████▎     | 86/201 [01:09<01:31,  1.25it/s] 43%|████▎     | 86/201 [01:09<01:31,  1.25it/s] 43%|████▎     | 86/201 [01:09<01:31,  1.25it/s] 43%|████▎     | 87/201 [01:09<01:24,  1.35it/s] 43%|████▎     | 87/201 [01:09<01:24,  1.35it/s] 43%|████▎     | 87/201 [01:09<01:24,  1.35it/s] 43%|████▎     | 87/201 [01:09<01:24,  1.35it/s] 44%|████▍     | 88/201 [01:10<01:25,  1.32it/s] 44%|████▍     | 88/201 [01:10<01:25,  1.32it/s] 44%|████▍     | 88/201 [01:10<01:25,  1.32it/s] 44%|████▍     | 88/201 [01:10<01:25,  1.32it/s] 44%|████▍     | 89/201 [01:11<01:30,  1.24it/s] 44%|████▍     | 89/201 [01:11<01:30,  1.24it/s] 44%|████▍     | 89/201 [01:11<01:30,  1.24it/s] 44%|████▍     | 89/201 [01:11<01:30,  1.24it/s] 45%|████▍     | 90/201 [01:12<01:25,  1.29it/s] 45%|████▍     | 90/201 [01:12<01:25,  1.29it/s] 45%|████▍     | 90/201 [01:12<01:25,  1.29it/s] 45%|████▍     | 90/201 [01:12<01:25,  1.29it/s] 45%|████▌     | 91/201 [01:13<01:25,  1.28it/s] 45%|████▌     | 91/201 [01:13<01:25,  1.28it/s] 45%|████▌     | 91/201 [01:13<01:25,  1.28it/s] 45%|████▌     | 91/201 [01:13<01:25,  1.28it/s] 46%|████▌     | 92/201 [01:13<01:24,  1.28it/s] 46%|████▌     | 92/201 [01:13<01:24,  1.28it/s] 46%|████▌     | 92/201 [01:13<01:24,  1.28it/s] 46%|████▌     | 92/201 [01:13<01:24,  1.28it/s] 46%|████▋     | 93/201 [01:14<01:21,  1.33it/s] 46%|████▋     | 93/201 [01:14<01:21,  1.33it/s] 46%|████▋     | 93/201 [01:14<01:21,  1.33it/s] 46%|████▋     | 93/201 [01:14<01:21,  1.33it/s] 47%|████▋     | 94/201 [01:15<01:21,  1.31it/s] 47%|████▋     | 94/201 [01:15<01:21,  1.31it/s] 47%|████▋     | 94/201 [01:15<01:21,  1.31it/s] 47%|████▋     | 94/201 [01:15<01:21,  1.31it/s] 47%|████▋     | 95/201 [01:16<01:28,  1.19it/s] 47%|████▋     | 95/201 [01:16<01:28,  1.19it/s] 47%|████▋     | 95/201 [01:16<01:28,  1.19it/s] 47%|████▋     | 95/201 [01:16<01:28,  1.19it/s] 48%|████▊     | 96/201 [01:16<01:23,  1.26it/s] 48%|████▊     | 96/201 [01:16<01:23,  1.26it/s] 48%|████▊     | 96/201 [01:16<01:23,  1.26it/s] 48%|████▊     | 96/201 [01:16<01:23,  1.26it/s] 48%|████▊     | 97/201 [01:17<01:20,  1.28it/s] 48%|████▊     | 97/201 [01:17<01:20,  1.28it/s] 48%|████▊     | 97/201 [01:17<01:20,  1.28it/s] 48%|████▊     | 97/201 [01:17<01:20,  1.28it/s] 49%|████▉     | 98/201 [01:18<01:18,  1.32it/s] 49%|████▉     | 98/201 [01:18<01:18,  1.32it/s] 49%|████▉     | 98/201 [01:18<01:18,  1.32it/s] 49%|████▉     | 98/201 [01:18<01:18,  1.32it/s] 49%|████▉     | 99/201 [01:19<01:16,  1.33it/s] 49%|████▉     | 99/201 [01:19<01:16,  1.33it/s] 49%|████▉     | 99/201 [01:19<01:16,  1.33it/s] 49%|████▉     | 99/201 [01:19<01:16,  1.33it/s] 50%|████▉     | 100/201 [01:19<01:11,  1.41it/s] 50%|████▉     | 100/201 [01:19<01:11,  1.41it/s] 50%|████▉     | 100/201 [01:19<01:11,  1.41it/s] 50%|████▉     | 100/201 [01:19<01:11,  1.41it/s] 50%|█████     | 101/201 [01:20<01:21,  1.23it/s] 50%|█████     | 101/201 [01:20<01:21,  1.23it/s] 50%|█████     | 101/201 [01:20<01:21,  1.23it/s] 50%|█████     | 101/201 [01:20<01:21,  1.23it/s] 51%|█████     | 102/201 [01:21<01:25,  1.16it/s] 51%|█████     | 102/201 [01:21<01:25,  1.16it/s] 51%|█████     | 102/201 [01:21<01:25,  1.16it/s] 51%|█████     | 102/201 [01:21<01:25,  1.16it/s] 51%|█████     | 103/201 [01:22<01:22,  1.19it/s] 51%|█████     | 103/201 [01:22<01:22,  1.19it/s] 51%|█████     | 103/201 [01:22<01:22,  1.19it/s] 51%|█████     | 103/201 [01:22<01:22,  1.19it/s] 52%|█████▏    | 104/201 [01:23<01:20,  1.21it/s] 52%|█████▏    | 104/201 [01:23<01:20,  1.21it/s] 52%|█████▏    | 104/201 [01:23<01:20,  1.21it/s] 52%|█████▏    | 104/201 [01:23<01:20,  1.21it/s] 52%|█████▏    | 105/201 [01:24<01:16,  1.26it/s] 52%|█████▏    | 105/201 [01:24<01:16,  1.26it/s] 52%|█████▏    | 105/201 [01:24<01:16,  1.26it/s] 52%|█████▏    | 105/201 [01:24<01:16,  1.26it/s] 53%|█████▎    | 106/201 [01:24<01:14,  1.27it/s] 53%|█████▎    | 106/201 [01:24<01:14,  1.27it/s] 53%|█████▎    | 106/201 [01:24<01:14,  1.27it/s] 53%|█████▎    | 106/201 [01:24<01:14,  1.27it/s] 53%|█████▎    | 107/201 [01:25<01:17,  1.22it/s] 53%|█████▎    | 107/201 [01:25<01:17,  1.22it/s] 53%|█████▎    | 107/201 [01:25<01:17,  1.22it/s] 53%|█████▎    | 107/201 [01:25<01:17,  1.22it/s] 54%|█████▎    | 108/201 [01:26<01:19,  1.17it/s] 54%|█████▎    | 108/201 [01:26<01:19,  1.17it/s] 54%|█████▎    | 108/201 [01:26<01:19,  1.17it/s] 54%|█████▎    | 108/201 [01:26<01:19,  1.17it/s] 54%|█████▍    | 109/201 [01:27<01:15,  1.21it/s] 54%|█████▍    | 109/201 [01:27<01:15,  1.21it/s] 54%|█████▍    | 109/201 [01:27<01:15,  1.21it/s] 54%|█████▍    | 109/201 [01:27<01:15,  1.21it/s] 55%|█████▍    | 110/201 [01:28<01:17,  1.18it/s] 55%|█████▍    | 110/201 [01:28<01:17,  1.18it/s] 55%|█████▍    | 110/201 [01:28<01:17,  1.18it/s] 55%|█████▍    | 110/201 [01:28<01:17,  1.18it/s] 55%|█████▌    | 111/201 [01:29<01:14,  1.21it/s] 55%|█████▌    | 111/201 [01:29<01:14,  1.21it/s] 55%|█████▌    | 111/201 [01:29<01:14,  1.21it/s] 55%|█████▌    | 111/201 [01:29<01:14,  1.21it/s] 56%|█████▌    | 112/201 [01:29<01:10,  1.25it/s] 56%|█████▌    | 112/201 [01:29<01:10,  1.25it/s] 56%|█████▌    | 112/201 [01:29<01:10,  1.25it/s] 56%|█████▌    | 112/201 [01:29<01:11,  1.25it/s] 56%|█████▌    | 113/201 [01:30<01:08,  1.28it/s] 56%|█████▌    | 113/201 [01:30<01:08,  1.28it/s] 56%|█████▌    | 113/201 [01:30<01:08,  1.28it/s] 56%|█████▌    | 113/201 [01:30<01:08,  1.28it/s] 57%|█████▋    | 114/201 [01:31<01:13,  1.18it/s] 57%|█████▋    | 114/201 [01:31<01:13,  1.18it/s] 57%|█████▋    | 114/201 [01:31<01:13,  1.18it/s] 57%|█████▋    | 114/201 [01:31<01:13,  1.18it/s] 57%|█████▋    | 115/201 [01:32<01:11,  1.21it/s] 57%|█████▋    | 115/201 [01:32<01:11,  1.21it/s] 57%|█████▋    | 115/201 [01:32<01:11,  1.21it/s] 57%|█████▋    | 115/201 [01:32<01:11,  1.21it/s] 58%|█████▊    | 116/201 [01:33<01:08,  1.23it/s] 58%|█████▊    | 116/201 [01:33<01:09,  1.23it/s] 58%|█████▊    | 116/201 [01:33<01:09,  1.23it/s] 58%|█████▊    | 116/201 [01:33<01:09,  1.23it/s] 58%|█████▊    | 117/201 [01:33<01:07,  1.25it/s] 58%|█████▊    | 117/201 [01:33<01:07,  1.25it/s] 58%|█████▊    | 117/201 [01:33<01:07,  1.25it/s] 58%|█████▊    | 117/201 [01:33<01:07,  1.25it/s] 59%|█████▊    | 118/201 [01:34<01:04,  1.29it/s] 59%|█████▊    | 118/201 [01:34<01:04,  1.29it/s] 59%|█████▊    | 118/201 [01:34<01:04,  1.29it/s] 59%|█████▊    | 118/201 [01:34<01:04,  1.29it/s] 59%|█████▉    | 119/201 [01:35<01:02,  1.31it/s] 59%|█████▉    | 119/201 [01:35<01:02,  1.31it/s] 59%|█████▉    | 119/201 [01:35<01:02,  1.31it/s] 59%|█████▉    | 119/201 [01:35<01:02,  1.31it/s] 60%|█████▉    | 120/201 [01:36<01:06,  1.21it/s] 60%|█████▉    | 120/201 [01:36<01:06,  1.21it/s] 60%|█████▉    | 120/201 [01:36<01:06,  1.21it/s] 60%|█████▉    | 120/201 [01:36<01:06,  1.21it/s] 60%|██████    | 121/201 [01:37<01:04,  1.23it/s] 60%|██████    | 121/201 [01:37<01:04,  1.23it/s] 60%|██████    | 121/201 [01:37<01:04,  1.23it/s] 60%|██████    | 121/201 [01:37<01:04,  1.23it/s] 61%|██████    | 122/201 [01:37<01:03,  1.25it/s] 61%|██████    | 122/201 [01:37<01:03,  1.25it/s] 61%|██████    | 122/201 [01:37<01:03,  1.25it/s] 61%|██████    | 122/201 [01:37<01:03,  1.25it/s] 61%|██████    | 123/201 [01:38<01:00,  1.28it/s] 61%|██████    | 123/201 [01:38<01:00,  1.28it/s] 61%|██████    | 123/201 [01:38<01:00,  1.28it/s] 61%|██████    | 123/201 [01:38<01:00,  1.28it/s] 62%|██████▏   | 124/201 [01:39<00:58,  1.32it/s] 62%|██████▏   | 124/201 [01:39<00:58,  1.32it/s] 62%|██████▏   | 124/201 [01:39<00:58,  1.32it/s] 62%|██████▏   | 124/201 [01:39<00:58,  1.32it/s] 62%|██████▏   | 125/201 [01:40<00:58,  1.31it/s] 62%|██████▏   | 125/201 [01:40<00:58,  1.31it/s] 62%|██████▏   | 125/201 [01:40<00:58,  1.31it/s] 62%|██████▏   | 125/201 [01:40<00:58,  1.31it/s] 63%|██████▎   | 126/201 [01:40<00:56,  1.33it/s] 63%|██████▎   | 126/201 [01:40<00:56,  1.33it/s] 63%|██████▎   | 126/201 [01:40<00:56,  1.33it/s] 63%|██████▎   | 126/201 [01:40<00:56,  1.33it/s] 63%|██████▎   | 127/201 [01:41<01:00,  1.21it/s] 63%|██████▎   | 127/201 [01:41<01:00,  1.21it/s] 63%|██████▎   | 127/201 [01:41<01:00,  1.21it/s] 63%|██████▎   | 127/201 [01:41<01:00,  1.21it/s] 64%|██████▎   | 128/201 [01:42<00:58,  1.25it/s] 64%|██████▎   | 128/201 [01:42<00:58,  1.25it/s] 64%|██████▎   | 128/201 [01:42<00:58,  1.25it/s] 64%|██████▎   | 128/201 [01:42<00:58,  1.25it/s] 64%|██████▍   | 129/201 [01:43<00:53,  1.34it/s] 64%|██████▍   | 129/201 [01:43<00:53,  1.34it/s] 64%|██████▍   | 129/201 [01:43<00:53,  1.34it/s] 64%|██████▍   | 129/201 [01:43<00:53,  1.34it/s] 65%|██████▍   | 130/201 [01:43<00:53,  1.33it/s] 65%|██████▍   | 130/201 [01:43<00:53,  1.33it/s] 65%|██████▍   | 130/201 [01:43<00:53,  1.33it/s] 65%|██████▍   | 130/201 [01:43<00:53,  1.33it/s] 65%|██████▌   | 131/201 [01:44<00:53,  1.31it/s] 65%|██████▌   | 131/201 [01:44<00:53,  1.31it/s] 65%|██████▌   | 131/201 [01:44<00:53,  1.31it/s] 65%|██████▌   | 131/201 [01:44<00:53,  1.31it/s] 66%|██████▌   | 132/201 [01:45<00:52,  1.30it/s] 66%|██████▌   | 132/201 [01:45<00:52,  1.30it/s] 66%|██████▌   | 132/201 [01:45<00:52,  1.30it/s] 66%|██████▌   | 132/201 [01:45<00:52,  1.30it/s] 66%|██████▌   | 133/201 [01:46<00:55,  1.23it/s] 66%|██████▌   | 133/201 [01:46<00:55,  1.23it/s] 66%|██████▌   | 133/201 [01:46<00:55,  1.23it/s] 66%|██████▌   | 133/201 [01:46<00:55,  1.23it/s] 67%|██████▋   | 134/201 [01:47<00:54,  1.23it/s] 67%|██████▋   | 134/201 [01:47<00:54,  1.23it/s] 67%|██████▋   | 134/201 [01:47<00:54,  1.23it/s] 67%|██████▋   | 134/201 [01:47<00:54,  1.23it/s] 67%|██████▋   | 135/201 [01:47<00:49,  1.32it/s] 67%|██████▋   | 135/201 [01:47<00:49,  1.32it/s] 67%|██████▋   | 135/201 [01:47<00:49,  1.32it/s] 67%|██████▋   | 135/201 [01:47<00:49,  1.32it/s] 68%|██████▊   | 136/201 [01:48<00:49,  1.31it/s] 68%|██████▊   | 136/201 [01:48<00:49,  1.31it/s] 68%|██████▊   | 136/201 [01:48<00:49,  1.31it/s] 68%|██████▊   | 136/201 [01:48<00:49,  1.31it/s] 68%|██████▊   | 137/201 [01:49<00:48,  1.33it/s] 68%|██████▊   | 137/201 [01:49<00:48,  1.33it/s] 68%|██████▊   | 137/201 [01:49<00:48,  1.33it/s] 68%|██████▊   | 137/201 [01:49<00:48,  1.33it/s] 69%|██████▊   | 138/201 [01:50<00:47,  1.31it/s] 69%|██████▊   | 138/201 [01:50<00:47,  1.31it/s] 69%|██████▊   | 138/201 [01:50<00:47,  1.31it/s] 69%|██████▊   | 138/201 [01:50<00:47,  1.31it/s] 69%|██████▉   | 139/201 [01:51<00:51,  1.20it/s] 69%|██████▉   | 139/201 [01:51<00:51,  1.20it/s] 69%|██████▉   | 139/201 [01:51<00:51,  1.20it/s] 69%|██████▉   | 139/201 [01:51<00:51,  1.20it/s] 70%|██████▉   | 140/201 [01:51<00:48,  1.25it/s] 70%|██████▉   | 140/201 [01:51<00:48,  1.25it/s] 70%|██████▉   | 140/201 [01:51<00:48,  1.25it/s] 70%|██████▉   | 140/201 [01:51<00:48,  1.25it/s] 70%|███████   | 141/201 [01:52<00:46,  1.29it/s] 70%|███████   | 141/201 [01:52<00:46,  1.29it/s] 70%|███████   | 141/201 [01:52<00:46,  1.29it/s] 70%|███████   | 141/201 [01:52<00:46,  1.29it/s] 71%|███████   | 142/201 [01:53<00:43,  1.37it/s] 71%|███████   | 142/201 [01:53<00:43,  1.37it/s] 71%|███████   | 142/201 [01:53<00:43,  1.37it/s] 71%|███████   | 142/201 [01:53<00:43,  1.37it/s] 71%|███████   | 143/201 [01:54<00:43,  1.33it/s] 71%|███████   | 143/201 [01:54<00:43,  1.33it/s] 71%|███████   | 143/201 [01:54<00:43,  1.33it/s] 71%|███████   | 143/201 [01:54<00:43,  1.33it/s] 72%|███████▏  | 144/201 [01:54<00:40,  1.41it/s] 72%|███████▏  | 144/201 [01:54<00:40,  1.41it/s] 72%|███████▏  | 144/201 [01:54<00:40,  1.41it/s] 72%|███████▏  | 144/201 [01:54<00:40,  1.41it/s] 72%|███████▏  | 145/201 [01:55<00:43,  1.28it/s] 72%|███████▏  | 145/201 [01:55<00:43,  1.28it/s] 72%|███████▏  | 145/201 [01:55<00:43,  1.28it/s] 72%|███████▏  | 145/201 [01:55<00:43,  1.28it/s] 73%|███████▎  | 146/201 [01:56<00:41,  1.32it/s] 73%|███████▎  | 146/201 [01:56<00:41,  1.32it/s] 73%|███████▎  | 146/201 [01:56<00:41,  1.32it/s] 73%|███████▎  | 146/201 [01:56<00:41,  1.32it/s] 73%|███████▎  | 147/201 [01:57<00:41,  1.31it/s] 73%|███████▎  | 147/201 [01:57<00:41,  1.31it/s] 73%|███████▎  | 147/201 [01:57<00:41,  1.31it/s] 73%|███████▎  | 147/201 [01:57<00:41,  1.31it/s] 74%|███████▎  | 148/201 [01:57<00:40,  1.31it/s] 74%|███████▎  | 148/201 [01:57<00:40,  1.31it/s] 74%|███████▎  | 148/201 [01:57<00:40,  1.31it/s] 74%|███████▎  | 148/201 [01:57<00:40,  1.31it/s] 74%|███████▍  | 149/201 [01:58<00:37,  1.40it/s] 74%|███████▍  | 149/201 [01:58<00:37,  1.40it/s] 74%|███████▍  | 149/201 [01:58<00:37,  1.40it/s] 74%|███████▍  | 149/201 [01:58<00:37,  1.40it/s] 75%|███████▍  | 150/201 [01:59<00:37,  1.36it/s] 75%|███████▍  | 150/201 [01:59<00:37,  1.36it/s] 75%|███████▍  | 150/201 [01:59<00:37,  1.36it/s] 75%|███████▍  | 150/201 [01:59<00:37,  1.36it/s] 75%|███████▌  | 151/201 [02:00<00:39,  1.28it/s] 75%|███████▌  | 151/201 [02:00<00:39,  1.28it/s] 75%|███████▌  | 151/201 [02:00<00:39,  1.28it/s] 75%|███████▌  | 151/201 [02:00<00:39,  1.28it/s] 76%|███████▌  | 152/201 [02:01<00:40,  1.21it/s] 76%|███████▌  | 152/201 [02:01<00:40,  1.21it/s] 76%|███████▌  | 152/201 [02:01<00:40,  1.21it/s] 76%|███████▌  | 152/201 [02:01<00:40,  1.21it/s] 76%|███████▌  | 153/201 [02:01<00:36,  1.31it/s] 76%|███████▌  | 153/201 [02:01<00:36,  1.31it/s] 76%|███████▌  | 153/201 [02:01<00:36,  1.31it/s] 76%|███████▌  | 153/201 [02:01<00:36,  1.31it/s] 77%|███████▋  | 154/201 [02:02<00:35,  1.31it/s] 77%|███████▋  | 154/201 [02:02<00:35,  1.31it/s] 77%|███████▋  | 154/201 [02:02<00:35,  1.31it/s] 77%|███████▋  | 154/201 [02:02<00:35,  1.31it/s] 77%|███████▋  | 155/201 [02:03<00:34,  1.32it/s] 77%|███████▋  | 155/201 [02:03<00:34,  1.32it/s] 77%|███████▋  | 155/201 [02:03<00:34,  1.32it/s] 77%|███████▋  | 155/201 [02:03<00:34,  1.32it/s] 78%|███████▊  | 156/201 [02:03<00:34,  1.31it/s] 78%|███████▊  | 156/201 [02:03<00:34,  1.31it/s] 78%|███████▊  | 156/201 [02:03<00:34,  1.31it/s] 78%|███████▊  | 156/201 [02:03<00:34,  1.31it/s] 78%|███████▊  | 157/201 [02:04<00:32,  1.34it/s] 78%|███████▊  | 157/201 [02:04<00:32,  1.34it/s] 78%|███████▊  | 157/201 [02:04<00:32,  1.34it/s] 78%|███████▊  | 157/201 [02:04<00:32,  1.34it/s] 79%|███████▊  | 158/201 [02:05<00:35,  1.21it/s] 79%|███████▊  | 158/201 [02:05<00:35,  1.21it/s] 79%|███████▊  | 158/201 [02:05<00:35,  1.21it/s] 79%|███████▊  | 158/201 [02:05<00:35,  1.21it/s] 79%|███████▉  | 159/201 [02:06<00:33,  1.25it/s] 79%|███████▉  | 159/201 [02:06<00:33,  1.25it/s] 79%|███████▉  | 159/201 [02:06<00:33,  1.25it/s] 79%|███████▉  | 159/201 [02:06<00:33,  1.25it/s] 80%|███████▉  | 160/201 [02:07<00:32,  1.27it/s] 80%|███████▉  | 160/201 [02:07<00:32,  1.27it/s] 80%|███████▉  | 160/201 [02:07<00:32,  1.27it/s] 80%|███████▉  | 160/201 [02:07<00:32,  1.27it/s] 80%|████████  | 161/201 [02:07<00:30,  1.31it/s] 80%|████████  | 161/201 [02:07<00:30,  1.31it/s] 80%|████████  | 161/201 [02:07<00:30,  1.31it/s] 80%|████████  | 161/201 [02:07<00:30,  1.31it/s] 81%|████████  | 162/201 [02:08<00:29,  1.31it/s] 81%|████████  | 162/201 [02:08<00:29,  1.30it/s] 81%|████████  | 162/201 [02:08<00:29,  1.30it/s] 81%|████████  | 162/201 [02:08<00:29,  1.30it/s] 81%|████████  | 163/201 [02:09<00:28,  1.31it/s] 81%|████████  | 163/201 [02:09<00:28,  1.31it/s] 81%|████████  | 163/201 [02:09<00:28,  1.32it/s] 81%|████████  | 163/201 [02:09<00:28,  1.31it/s] 82%|████████▏ | 164/201 [02:10<00:29,  1.24it/s] 82%|████████▏ | 164/201 [02:10<00:29,  1.24it/s] 82%|████████▏ | 164/201 [02:10<00:29,  1.24it/s] 82%|████████▏ | 164/201 [02:10<00:29,  1.24it/s] 82%|████████▏ | 165/201 [02:11<00:30,  1.20it/s] 82%|████████▏ | 165/201 [02:11<00:30,  1.20it/s] 82%|████████▏ | 165/201 [02:11<00:30,  1.20it/s] 82%|████████▏ | 165/201 [02:11<00:30,  1.20it/s] 83%|████████▎ | 166/201 [02:11<00:27,  1.26it/s] 83%|████████▎ | 166/201 [02:11<00:27,  1.26it/s] 83%|████████▎ | 166/201 [02:11<00:27,  1.26it/s] 83%|████████▎ | 166/201 [02:11<00:27,  1.26it/s] 83%|████████▎ | 167/201 [02:12<00:27,  1.26it/s] 83%|████████▎ | 167/201 [02:12<00:27,  1.26it/s] 83%|████████▎ | 167/201 [02:12<00:27,  1.26it/s] 83%|████████▎ | 167/201 [02:12<00:27,  1.26it/s] 84%|████████▎ | 168/201 [02:13<00:25,  1.28it/s] 84%|████████▎ | 168/201 [02:13<00:25,  1.28it/s] 84%|████████▎ | 168/201 [02:13<00:25,  1.28it/s] 84%|████████▎ | 168/201 [02:13<00:25,  1.28it/s] 84%|████████▍ | 169/201 [02:14<00:24,  1.29it/s] 84%|████████▍ | 169/201 [02:14<00:24,  1.29it/s] 84%|████████▍ | 169/201 [02:14<00:24,  1.29it/s] 84%|████████▍ | 169/201 [02:14<00:24,  1.29it/s] 85%|████████▍ | 170/201 [02:15<00:25,  1.22it/s] 85%|████████▍ | 170/201 [02:15<00:25,  1.22it/s] 85%|████████▍ | 170/201 [02:15<00:25,  1.22it/s] 85%|████████▍ | 170/201 [02:15<00:25,  1.22it/s] 85%|████████▌ | 171/201 [02:16<00:25,  1.17it/s] 85%|████████▌ | 171/201 [02:16<00:25,  1.17it/s] 85%|████████▌ | 171/201 [02:16<00:25,  1.17it/s] 85%|████████▌ | 171/201 [02:16<00:25,  1.17it/s] 86%|████████▌ | 172/201 [02:16<00:23,  1.23it/s] 86%|████████▌ | 172/201 [02:16<00:23,  1.23it/s] 86%|████████▌ | 172/201 [02:16<00:23,  1.23it/s] 86%|████████▌ | 172/201 [02:16<00:23,  1.23it/s] 86%|████████▌ | 173/201 [02:17<00:22,  1.24it/s] 86%|████████▌ | 173/201 [02:17<00:22,  1.24it/s] 86%|████████▌ | 173/201 [02:17<00:22,  1.24it/s] 86%|████████▌ | 173/201 [02:17<00:22,  1.24it/s] 87%|████████▋ | 174/201 [02:18<00:21,  1.25it/s] 87%|████████▋ | 174/201 [02:18<00:21,  1.25it/s] 87%|████████▋ | 174/201 [02:18<00:21,  1.25it/s] 87%|████████▋ | 174/201 [02:18<00:21,  1.25it/s] 87%|████████▋ | 175/201 [02:19<00:20,  1.29it/s] 87%|████████▋ | 175/201 [02:19<00:20,  1.29it/s] 87%|████████▋ | 175/201 [02:19<00:20,  1.29it/s] 87%|████████▋ | 175/201 [02:19<00:20,  1.29it/s] 88%|████████▊ | 176/201 [02:19<00:19,  1.27it/s] 88%|████████▊ | 176/201 [02:19<00:19,  1.27it/s] 88%|████████▊ | 176/201 [02:19<00:19,  1.27it/s] 88%|████████▊ | 176/201 [02:19<00:19,  1.27it/s] 88%|████████▊ | 177/201 [02:21<00:21,  1.12it/s] 88%|████████▊ | 177/201 [02:21<00:21,  1.12it/s] 88%|████████▊ | 177/201 [02:21<00:21,  1.12it/s] 88%|████████▊ | 177/201 [02:21<00:21,  1.12it/s] 89%|████████▊ | 178/201 [02:21<00:19,  1.17it/s] 89%|████████▊ | 178/201 [02:21<00:19,  1.17it/s] 89%|████████▊ | 178/201 [02:21<00:19,  1.17it/s] 89%|████████▊ | 178/201 [02:21<00:19,  1.17it/s] 89%|████████▉ | 179/201 [02:22<00:18,  1.21it/s] 89%|████████▉ | 179/201 [02:22<00:18,  1.21it/s] 89%|████████▉ | 179/201 [02:22<00:18,  1.21it/s] 89%|████████▉ | 179/201 [02:22<00:18,  1.21it/s] 90%|████████▉ | 180/201 [02:23<00:16,  1.27it/s] 90%|████████▉ | 180/201 [02:23<00:16,  1.27it/s] 90%|████████▉ | 180/201 [02:23<00:16,  1.27it/s] 90%|████████▉ | 180/201 [02:23<00:16,  1.27it/s] 90%|█████████ | 181/201 [02:24<00:15,  1.28it/s] 90%|█████████ | 181/201 [02:24<00:15,  1.28it/s] 90%|█████████ | 181/201 [02:24<00:15,  1.28it/s] 90%|█████████ | 181/201 [02:24<00:15,  1.28it/s] 91%|█████████ | 182/201 [02:24<00:14,  1.28it/s] 91%|█████████ | 182/201 [02:24<00:14,  1.28it/s] 91%|█████████ | 182/201 [02:24<00:14,  1.28it/s] 91%|█████████ | 182/201 [02:24<00:14,  1.28it/s] 91%|█████████ | 183/201 [02:25<00:14,  1.25it/s] 91%|█████████ | 183/201 [02:25<00:14,  1.25it/s] 91%|█████████ | 183/201 [02:25<00:14,  1.25it/s] 91%|█████████ | 183/201 [02:25<00:14,  1.25it/s] 92%|█████████▏| 184/201 [02:26<00:13,  1.27it/s] 92%|█████████▏| 184/201 [02:26<00:13,  1.27it/s] 92%|█████████▏| 184/201 [02:26<00:13,  1.27it/s] 92%|█████████▏| 184/201 [02:26<00:13,  1.27it/s] 92%|█████████▏| 185/201 [02:27<00:11,  1.35it/s] 92%|█████████▏| 185/201 [02:27<00:11,  1.35it/s] 92%|█████████▏| 185/201 [02:27<00:11,  1.35it/s] 92%|█████████▏| 185/201 [02:27<00:11,  1.35it/s] 93%|█████████▎| 186/201 [02:27<00:11,  1.34it/s] 93%|█████████▎| 186/201 [02:27<00:11,  1.34it/s] 93%|█████████▎| 186/201 [02:27<00:11,  1.34it/s] 93%|█████████▎| 186/201 [02:27<00:11,  1.34it/s] 93%|█████████▎| 187/201 [02:28<00:10,  1.32it/s] 93%|█████████▎| 187/201 [02:28<00:10,  1.32it/s] 93%|█████████▎| 187/201 [02:28<00:10,  1.32it/s] 93%|█████████▎| 187/201 [02:28<00:10,  1.32it/s] 94%|█████████▎| 188/201 [02:29<00:09,  1.40it/s] 94%|█████████▎| 188/201 [02:29<00:09,  1.40it/s] 94%|█████████▎| 188/201 [02:29<00:09,  1.40it/s] 94%|█████████▎| 188/201 [02:29<00:09,  1.40it/s] 94%|█████████▍| 189/201 [02:30<00:09,  1.27it/s] 94%|█████████▍| 189/201 [02:30<00:09,  1.27it/s] 94%|█████████▍| 189/201 [02:30<00:09,  1.27it/s] 94%|█████████▍| 189/201 [02:30<00:09,  1.27it/s] 95%|█████████▍| 190/201 [02:30<00:08,  1.30it/s] 95%|█████████▍| 190/201 [02:30<00:08,  1.30it/s] 95%|█████████▍| 190/201 [02:30<00:08,  1.30it/s] 95%|█████████▍| 190/201 [02:30<00:08,  1.30it/s] 95%|█████████▌| 191/201 [02:31<00:07,  1.31it/s] 95%|█████████▌| 191/201 [02:31<00:07,  1.30it/s] 95%|█████████▌| 191/201 [02:31<00:07,  1.31it/s] 95%|█████████▌| 191/201 [02:31<00:07,  1.30it/s] 96%|█████████▌| 192/201 [02:32<00:06,  1.32it/s] 96%|█████████▌| 192/201 [02:32<00:06,  1.32it/s] 96%|█████████▌| 192/201 [02:32<00:06,  1.32it/s] 96%|█████████▌| 192/201 [02:32<00:06,  1.32it/s] 96%|█████████▌| 193/201 [02:33<00:06,  1.33it/s] 96%|█████████▌| 193/201 [02:33<00:06,  1.33it/s] 96%|█████████▌| 193/201 [02:33<00:06,  1.33it/s] 96%|█████████▌| 193/201 [02:33<00:06,  1.33it/s] 97%|█████████▋| 194/201 [02:33<00:04,  1.41it/s] 97%|█████████▋| 194/201 [02:33<00:04,  1.41it/s] 97%|█████████▋| 194/201 [02:33<00:04,  1.41it/s] 97%|█████████▋| 194/201 [02:33<00:04,  1.41it/s] 97%|█████████▋| 195/201 [02:34<00:04,  1.28it/s] 97%|█████████▋| 195/201 [02:34<00:04,  1.28it/s] 97%|█████████▋| 195/201 [02:34<00:04,  1.28it/s] 97%|█████████▋| 195/201 [02:34<00:04,  1.28it/s] 98%|█████████▊| 196/201 [02:35<00:04,  1.21it/s] 98%|█████████▊| 196/201 [02:35<00:04,  1.21it/s] 98%|█████████▊| 196/201 [02:35<00:04,  1.21it/s] 98%|█████████▊| 196/201 [02:35<00:04,  1.21it/s] 98%|█████████▊| 197/201 [02:36<00:03,  1.25it/s] 98%|█████████▊| 197/201 [02:36<00:03,  1.25it/s] 98%|█████████▊| 197/201 [02:36<00:03,  1.25it/s] 98%|█████████▊| 197/201 [02:36<00:03,  1.25it/s] 99%|█████████▊| 198/201 [02:37<00:02,  1.27it/s] 99%|█████████▊| 198/201 [02:37<00:02,  1.27it/s] 99%|█████████▊| 198/201 [02:37<00:02,  1.27it/s] 99%|█████████▊| 198/201 [02:37<00:02,  1.27it/s] 99%|█████████▉| 199/201 [02:37<00:01,  1.29it/s] 99%|█████████▉| 199/201 [02:37<00:01,  1.29it/s] 99%|█████████▉| 199/201 [02:37<00:01,  1.29it/s] 99%|█████████▉| 199/201 [02:37<00:01,  1.29it/s]100%|█████████▉| 200/201 [02:38<00:00,  1.31it/s]100%|█████████▉| 200/201 [02:38<00:00,  1.31it/s]100%|█████████▉| 200/201 [02:38<00:00,  1.31it/s]100%|█████████▉| 200/201 [02:38<00:00,  1.31it/s]100%|██████████| 201/201 [02:39<00:00,  1.30it/s]100%|██████████| 201/201 [02:39<00:00,  1.30it/s]100%|██████████| 201/201 [02:39<00:00,  1.30it/s]100%|██████████| 201/201 [02:39<00:00,  1.30it/s]100%|██████████| 201/201 [02:39<00:00,  1.26it/s]
100%|██████████| 201/201 [02:39<00:00,  1.26it/s]
100%|██████████| 201/201 [02:39<00:00,  1.26it/s]
100%|██████████| 201/201 [02:39<00:00,  1.26it/s]
Model checkpointing attempts: 0.
Stored epoch 2 model checkpoint to ./checkpoints/parquet_dataset/parquet_dataset__model_nlyrs_4_nheads_4_hdim_64__pred_ovrlap_F_npreds_4__nlyrs_2_activ_relunenc_1__lr_0.0002828_start_0.001_final_0_20251112_231724/epoch_2.pth.
Training loss has improved 1 times since last caching the model. Caching now.
/home/aminmohamadi_squareup_com/projects/.hermit/python/lib/python3.11/site-packages/torch/distributed/distributed_c10d.py:4876: UserWarning: barrier(): using the device under current context. You can specify `device_id` in `init_process_group` to mute this warning.
  warnings.warn(  # warn only once
##############################Training epoch: 4/10##############################
  0%|          | 0/201 [00:00<?, ?it/s]  0%|          | 0/201 [00:00<?, ?it/s]  0%|          | 0/201 [00:00<?, ?it/s]  0%|          | 0/201 [00:00<?, ?it/s]  0%|          | 1/201 [00:01<03:20,  1.00s/it]  0%|          | 1/201 [00:01<03:20,  1.00s/it]  0%|          | 1/201 [00:01<03:20,  1.00s/it]  0%|          | 1/201 [00:01<03:45,  1.13s/it]  1%|          | 2/201 [00:01<03:07,  1.06it/s]  1%|          | 2/201 [00:01<03:03,  1.08it/s]  1%|          | 2/201 [00:01<03:07,  1.06it/s]  1%|          | 2/201 [00:01<03:07,  1.06it/s]  1%|▏         | 3/201 [00:02<02:49,  1.17it/s]  1%|▏         | 3/201 [00:02<02:47,  1.18it/s]  1%|▏         | 3/201 [00:02<02:49,  1.17it/s]  1%|▏         | 3/201 [00:02<02:49,  1.17it/s]  2%|▏         | 4/201 [00:03<02:37,  1.25it/s]  2%|▏         | 4/201 [00:03<02:35,  1.27it/s]  2%|▏         | 4/201 [00:03<02:37,  1.25it/s]  2%|▏         | 4/201 [00:03<02:37,  1.25it/s]  2%|▏         | 5/201 [00:04<02:34,  1.27it/s]  2%|▏         | 5/201 [00:04<02:35,  1.26it/s]  2%|▏         | 5/201 [00:04<02:35,  1.26it/s]  2%|▏         | 5/201 [00:04<02:35,  1.26it/s]  3%|▎         | 6/201 [00:04<02:34,  1.26it/s]  3%|▎         | 6/201 [00:04<02:34,  1.27it/s]  3%|▎         | 6/201 [00:04<02:34,  1.26it/s]  3%|▎         | 6/201 [00:04<02:34,  1.26it/s]  3%|▎         | 7/201 [00:05<02:42,  1.20it/s]  3%|▎         | 7/201 [00:05<02:41,  1.20it/s]  3%|▎         | 7/201 [00:05<02:42,  1.20it/s]  3%|▎         | 7/201 [00:05<02:42,  1.20it/s]  4%|▍         | 8/201 [00:06<02:48,  1.14it/s]  4%|▍         | 8/201 [00:06<02:48,  1.14it/s]  4%|▍         | 8/201 [00:06<02:49,  1.14it/s]  4%|▍         | 8/201 [00:06<02:48,  1.14it/s]  4%|▍         | 9/201 [00:07<02:41,  1.19it/s]  4%|▍         | 9/201 [00:07<02:41,  1.19it/s]  4%|▍         | 9/201 [00:07<02:41,  1.19it/s]  4%|▍         | 9/201 [00:07<02:41,  1.19it/s]  5%|▍         | 10/201 [00:08<02:38,  1.21it/s]  5%|▍         | 10/201 [00:08<02:37,  1.21it/s]  5%|▍         | 10/201 [00:08<02:38,  1.21it/s]  5%|▍         | 10/201 [00:08<02:38,  1.21it/s]  5%|▌         | 11/201 [00:09<02:34,  1.23it/s]  5%|▌         | 11/201 [00:09<02:34,  1.23it/s]  5%|▌         | 11/201 [00:09<02:34,  1.23it/s]  5%|▌         | 11/201 [00:09<02:34,  1.23it/s]  6%|▌         | 12/201 [00:09<02:31,  1.25it/s]  6%|▌         | 12/201 [00:09<02:31,  1.25it/s]  6%|▌         | 12/201 [00:09<02:31,  1.25it/s]  6%|▌         | 12/201 [00:09<02:31,  1.25it/s]  6%|▋         | 13/201 [00:10<02:40,  1.17it/s]  6%|▋         | 13/201 [00:10<02:40,  1.17it/s]  6%|▋         | 13/201 [00:10<02:40,  1.17it/s]  6%|▋         | 13/201 [00:10<02:40,  1.17it/s]  7%|▋         | 14/201 [00:11<02:41,  1.16it/s]  7%|▋         | 14/201 [00:11<02:41,  1.15it/s]  7%|▋         | 14/201 [00:11<02:41,  1.16it/s]  7%|▋         | 14/201 [00:11<02:41,  1.15it/s]  7%|▋         | 15/201 [00:12<02:27,  1.26it/s]  7%|▋         | 15/201 [00:12<02:27,  1.26it/s]  7%|▋         | 15/201 [00:12<02:27,  1.26it/s]  7%|▋         | 15/201 [00:12<02:27,  1.26it/s]  8%|▊         | 16/201 [00:13<02:25,  1.27it/s]  8%|▊         | 16/201 [00:13<02:25,  1.27it/s]  8%|▊         | 16/201 [00:13<02:25,  1.27it/s]  8%|▊         | 16/201 [00:13<02:25,  1.27it/s]  8%|▊         | 17/201 [00:14<02:24,  1.27it/s]  8%|▊         | 17/201 [00:14<02:24,  1.27it/s]  8%|▊         | 17/201 [00:14<02:24,  1.27it/s]  8%|▊         | 17/201 [00:14<02:24,  1.27it/s]  9%|▉         | 18/201 [00:14<02:22,  1.29it/s]  9%|▉         | 18/201 [00:14<02:22,  1.29it/s]  9%|▉         | 18/201 [00:14<02:22,  1.29it/s]  9%|▉         | 18/201 [00:14<02:22,  1.29it/s]  9%|▉         | 19/201 [00:15<02:30,  1.21it/s]  9%|▉         | 19/201 [00:15<02:30,  1.21it/s]  9%|▉         | 19/201 [00:15<02:30,  1.21it/s]  9%|▉         | 19/201 [00:15<02:30,  1.21it/s] 10%|▉         | 20/201 [00:16<02:24,  1.26it/s] 10%|▉         | 20/201 [00:16<02:24,  1.26it/s] 10%|▉         | 20/201 [00:16<02:24,  1.26it/s] 10%|▉         | 20/201 [00:16<02:24,  1.26it/s] 10%|█         | 21/201 [00:17<02:28,  1.21it/s] 10%|█         | 21/201 [00:17<02:28,  1.21it/s] 10%|█         | 21/201 [00:17<02:28,  1.21it/s] 10%|█         | 21/201 [00:17<02:28,  1.21it/s] 11%|█         | 22/201 [00:18<02:26,  1.22it/s] 11%|█         | 22/201 [00:18<02:26,  1.22it/s] 11%|█         | 22/201 [00:18<02:26,  1.22it/s] 11%|█         | 22/201 [00:18<02:26,  1.22it/s] 11%|█▏        | 23/201 [00:18<02:20,  1.26it/s] 11%|█▏        | 23/201 [00:18<02:20,  1.26it/s] 11%|█▏        | 23/201 [00:18<02:20,  1.26it/s] 11%|█▏        | 23/201 [00:18<02:20,  1.26it/s] 12%|█▏        | 24/201 [00:19<02:18,  1.28it/s] 12%|█▏        | 24/201 [00:19<02:18,  1.28it/s] 12%|█▏        | 24/201 [00:19<02:18,  1.28it/s] 12%|█▏        | 24/201 [00:19<02:18,  1.28it/s] 12%|█▏        | 25/201 [00:20<02:26,  1.20it/s] 12%|█▏        | 25/201 [00:20<02:26,  1.20it/s] 12%|█▏        | 25/201 [00:20<02:26,  1.20it/s] 12%|█▏        | 25/201 [00:20<02:26,  1.20it/s] 13%|█▎        | 26/201 [00:21<02:20,  1.25it/s] 13%|█▎        | 26/201 [00:21<02:20,  1.25it/s] 13%|█▎        | 26/201 [00:21<02:20,  1.25it/s] 13%|█▎        | 26/201 [00:21<02:20,  1.25it/s] 13%|█▎        | 27/201 [00:22<02:26,  1.19it/s] 13%|█▎        | 27/201 [00:22<02:26,  1.19it/s] 13%|█▎        | 27/201 [00:22<02:26,  1.19it/s] 13%|█▎        | 27/201 [00:22<02:26,  1.19it/s] 14%|█▍        | 28/201 [00:23<02:23,  1.21it/s] 14%|█▍        | 28/201 [00:23<02:23,  1.21it/s] 14%|█▍        | 28/201 [00:23<02:23,  1.21it/s] 14%|█▍        | 28/201 [00:23<02:23,  1.21it/s] 14%|█▍        | 29/201 [00:23<02:21,  1.22it/s] 14%|█▍        | 29/201 [00:23<02:21,  1.22it/s] 14%|█▍        | 29/201 [00:23<02:21,  1.22it/s] 14%|█▍        | 29/201 [00:23<02:21,  1.22it/s] 15%|█▍        | 30/201 [00:24<02:19,  1.23it/s] 15%|█▍        | 30/201 [00:24<02:19,  1.23it/s] 15%|█▍        | 30/201 [00:24<02:19,  1.23it/s] 15%|█▍        | 30/201 [00:24<02:19,  1.23it/s] 15%|█▌        | 31/201 [00:25<02:25,  1.17it/s] 15%|█▌        | 31/201 [00:25<02:25,  1.17it/s] 15%|█▌        | 31/201 [00:25<02:25,  1.17it/s] 15%|█▌        | 31/201 [00:25<02:25,  1.17it/s] 16%|█▌        | 32/201 [00:26<02:21,  1.20it/s] 16%|█▌        | 32/201 [00:26<02:21,  1.20it/s] 16%|█▌        | 32/201 [00:26<02:21,  1.20it/s] 16%|█▌        | 32/201 [00:26<02:21,  1.20it/s] 16%|█▋        | 33/201 [00:27<02:15,  1.24it/s] 16%|█▋        | 33/201 [00:27<02:15,  1.24it/s] 16%|█▋        | 33/201 [00:27<02:15,  1.24it/s] 16%|█▋        | 33/201 [00:27<02:15,  1.24it/s] 17%|█▋        | 34/201 [00:27<02:17,  1.21it/s] 17%|█▋        | 34/201 [00:27<02:17,  1.21it/s] 17%|█▋        | 34/201 [00:27<02:17,  1.21it/s] 17%|█▋        | 34/201 [00:27<02:17,  1.21it/s] 17%|█▋        | 35/201 [00:28<02:13,  1.24it/s] 17%|█▋        | 35/201 [00:28<02:13,  1.24it/s] 17%|█▋        | 35/201 [00:28<02:13,  1.24it/s] 17%|█▋        | 35/201 [00:28<02:13,  1.24it/s] 18%|█▊        | 36/201 [00:29<02:11,  1.26it/s] 18%|█▊        | 36/201 [00:29<02:11,  1.26it/s] 18%|█▊        | 36/201 [00:29<02:11,  1.26it/s] 18%|█▊        | 36/201 [00:29<02:11,  1.26it/s] 18%|█▊        | 37/201 [00:30<02:06,  1.30it/s] 18%|█▊        | 37/201 [00:30<02:06,  1.30it/s] 18%|█▊        | 37/201 [00:30<02:06,  1.30it/s] 18%|█▊        | 37/201 [00:30<02:06,  1.30it/s] 19%|█▉        | 38/201 [00:31<02:15,  1.21it/s] 19%|█▉        | 38/201 [00:31<02:15,  1.21it/s] 19%|█▉        | 38/201 [00:31<02:15,  1.21it/s] 19%|█▉        | 38/201 [00:31<02:15,  1.21it/s] 19%|█▉        | 39/201 [00:31<02:10,  1.24it/s] 19%|█▉        | 39/201 [00:31<02:10,  1.24it/s] 19%|█▉        | 39/201 [00:31<02:10,  1.24it/s] 19%|█▉        | 39/201 [00:31<02:10,  1.24it/s] 20%|█▉        | 40/201 [00:32<02:13,  1.21it/s] 20%|█▉        | 40/201 [00:32<02:13,  1.21it/s] 20%|█▉        | 40/201 [00:32<02:13,  1.21it/s] 20%|█▉        | 40/201 [00:32<02:13,  1.21it/s] 20%|██        | 41/201 [00:33<02:08,  1.25it/s] 20%|██        | 41/201 [00:33<02:08,  1.25it/s] 20%|██        | 41/201 [00:33<02:08,  1.25it/s] 20%|██        | 41/201 [00:33<02:08,  1.25it/s] 21%|██        | 42/201 [00:34<02:04,  1.28it/s] 21%|██        | 42/201 [00:34<02:04,  1.28it/s] 21%|██        | 42/201 [00:34<02:04,  1.28it/s] 21%|██        | 42/201 [00:34<02:04,  1.28it/s] 21%|██▏       | 43/201 [00:35<02:01,  1.30it/s] 21%|██▏       | 43/201 [00:35<02:01,  1.30it/s] 21%|██▏       | 43/201 [00:35<02:01,  1.30it/s] 21%|██▏       | 43/201 [00:35<02:01,  1.30it/s] 22%|██▏       | 44/201 [00:35<02:01,  1.29it/s] 22%|██▏       | 44/201 [00:35<02:01,  1.29it/s] 22%|██▏       | 44/201 [00:35<02:01,  1.29it/s] 22%|██▏       | 44/201 [00:35<02:01,  1.29it/s] 22%|██▏       | 45/201 [00:36<01:58,  1.32it/s] 22%|██▏       | 45/201 [00:36<01:58,  1.32it/s] 22%|██▏       | 45/201 [00:36<01:58,  1.32it/s] 22%|██▏       | 45/201 [00:36<01:58,  1.32it/s] 23%|██▎       | 46/201 [00:37<01:56,  1.34it/s] 23%|██▎       | 46/201 [00:37<01:56,  1.34it/s] 23%|██▎       | 46/201 [00:37<01:56,  1.34it/s] 23%|██▎       | 46/201 [00:37<01:56,  1.34it/s] 23%|██▎       | 47/201 [00:38<02:05,  1.23it/s] 23%|██▎       | 47/201 [00:38<02:05,  1.23it/s] 23%|██▎       | 47/201 [00:38<02:05,  1.23it/s] 23%|██▎       | 47/201 [00:38<02:05,  1.23it/s] 24%|██▍       | 48/201 [00:38<02:02,  1.25it/s] 24%|██▍       | 48/201 [00:38<02:02,  1.25it/s] 24%|██▍       | 48/201 [00:38<02:02,  1.25it/s] 24%|██▍       | 48/201 [00:38<02:02,  1.25it/s] 24%|██▍       | 49/201 [00:39<01:52,  1.35it/s] 24%|██▍       | 49/201 [00:39<01:52,  1.35it/s] 24%|██▍       | 49/201 [00:39<01:52,  1.35it/s] 24%|██▍       | 49/201 [00:39<01:52,  1.35it/s] 25%|██▍       | 50/201 [00:40<01:54,  1.32it/s] 25%|██▍       | 50/201 [00:40<01:54,  1.32it/s] 25%|██▍       | 50/201 [00:40<01:54,  1.32it/s] 25%|██▍       | 50/201 [00:40<01:54,  1.32it/s] 25%|██▌       | 51/201 [00:41<01:54,  1.31it/s] 25%|██▌       | 51/201 [00:41<01:54,  1.31it/s] 25%|██▌       | 51/201 [00:41<01:54,  1.31it/s] 25%|██▌       | 51/201 [00:41<01:54,  1.31it/s] 26%|██▌       | 52/201 [00:41<01:55,  1.29it/s] 26%|██▌       | 52/201 [00:41<01:55,  1.29it/s] 26%|██▌       | 52/201 [00:41<01:55,  1.29it/s] 26%|██▌       | 52/201 [00:41<01:55,  1.29it/s] 26%|██▋       | 53/201 [00:42<02:00,  1.23it/s] 26%|██▋       | 53/201 [00:42<02:00,  1.23it/s] 26%|██▋       | 53/201 [00:42<02:00,  1.23it/s] 26%|██▋       | 53/201 [00:42<02:00,  1.23it/s] 27%|██▋       | 54/201 [00:43<01:56,  1.26it/s] 27%|██▋       | 54/201 [00:43<01:56,  1.26it/s] 27%|██▋       | 54/201 [00:43<01:56,  1.26it/s] 27%|██▋       | 54/201 [00:43<01:56,  1.26it/s] 27%|██▋       | 55/201 [00:44<01:52,  1.30it/s] 27%|██▋       | 55/201 [00:44<01:52,  1.30it/s] 27%|██▋       | 55/201 [00:44<01:52,  1.30it/s] 27%|██▋       | 55/201 [00:44<01:52,  1.30it/s] 28%|██▊       | 56/201 [00:44<01:44,  1.39it/s] 28%|██▊       | 56/201 [00:44<01:44,  1.39it/s] 28%|██▊       | 56/201 [00:44<01:44,  1.39it/s] 28%|██▊       | 56/201 [00:44<01:44,  1.39it/s] 28%|██▊       | 57/201 [00:45<01:55,  1.24it/s] 28%|██▊       | 57/201 [00:45<01:55,  1.24it/s] 28%|██▊       | 57/201 [00:45<01:55,  1.24it/s] 28%|██▊       | 57/201 [00:45<01:55,  1.24it/s] 29%|██▉       | 58/201 [00:46<01:54,  1.25it/s] 29%|██▉       | 58/201 [00:46<01:54,  1.25it/s] 29%|██▉       | 58/201 [00:46<01:54,  1.25it/s] 29%|██▉       | 58/201 [00:46<01:54,  1.25it/s] 29%|██▉       | 59/201 [00:47<01:51,  1.27it/s] 29%|██▉       | 59/201 [00:47<01:51,  1.27it/s] 29%|██▉       | 59/201 [00:47<01:51,  1.27it/s] 29%|██▉       | 59/201 [00:47<01:51,  1.27it/s] 30%|██▉       | 60/201 [00:48<01:54,  1.23it/s] 30%|██▉       | 60/201 [00:48<01:54,  1.23it/s] 30%|██▉       | 60/201 [00:48<01:54,  1.23it/s] 30%|██▉       | 60/201 [00:48<01:54,  1.23it/s] 30%|███       | 61/201 [00:49<01:51,  1.26it/s] 30%|███       | 61/201 [00:49<01:51,  1.26it/s] 30%|███       | 61/201 [00:49<01:51,  1.26it/s] 30%|███       | 61/201 [00:49<01:51,  1.26it/s] 31%|███       | 62/201 [00:49<01:48,  1.29it/s] 31%|███       | 62/201 [00:49<01:48,  1.29it/s] 31%|███       | 62/201 [00:49<01:48,  1.29it/s] 31%|███       | 62/201 [00:49<01:48,  1.29it/s] 31%|███▏      | 63/201 [00:50<01:53,  1.22it/s] 31%|███▏      | 63/201 [00:50<01:53,  1.22it/s] 31%|███▏      | 63/201 [00:50<01:53,  1.22it/s] 31%|███▏      | 63/201 [00:50<01:53,  1.22it/s] 32%|███▏      | 64/201 [00:51<01:48,  1.26it/s] 32%|███▏      | 64/201 [00:51<01:48,  1.26it/s] 32%|███▏      | 64/201 [00:51<01:48,  1.26it/s] 32%|███▏      | 64/201 [00:51<01:48,  1.26it/s] 32%|███▏      | 65/201 [00:52<01:46,  1.27it/s] 32%|███▏      | 65/201 [00:52<01:46,  1.27it/s] 32%|███▏      | 65/201 [00:52<01:46,  1.27it/s] 32%|███▏      | 65/201 [00:52<01:46,  1.27it/s] 33%|███▎      | 66/201 [00:53<01:52,  1.20it/s] 33%|███▎      | 66/201 [00:53<01:52,  1.20it/s] 33%|███▎      | 66/201 [00:53<01:52,  1.20it/s] 33%|███▎      | 66/201 [00:53<01:52,  1.20it/s] 33%|███▎      | 67/201 [00:53<01:49,  1.23it/s] 33%|███▎      | 67/201 [00:53<01:49,  1.23it/s] 33%|███▎      | 67/201 [00:53<01:49,  1.23it/s] 33%|███▎      | 67/201 [00:53<01:49,  1.23it/s] 34%|███▍      | 68/201 [00:54<01:45,  1.26it/s] 34%|███▍      | 68/201 [00:54<01:45,  1.26it/s] 34%|███▍      | 68/201 [00:54<01:45,  1.26it/s] 34%|███▍      | 68/201 [00:54<01:45,  1.26it/s] 34%|███▍      | 69/201 [00:55<01:49,  1.21it/s] 34%|███▍      | 69/201 [00:55<01:49,  1.21it/s] 34%|███▍      | 69/201 [00:55<01:49,  1.21it/s] 34%|███▍      | 69/201 [00:55<01:49,  1.21it/s] 35%|███▍      | 70/201 [00:56<01:46,  1.23it/s] 35%|███▍      | 70/201 [00:56<01:46,  1.23it/s] 35%|███▍      | 70/201 [00:56<01:46,  1.23it/s] 35%|███▍      | 70/201 [00:56<01:46,  1.23it/s] 35%|███▌      | 71/201 [00:57<01:38,  1.32it/s] 35%|███▌      | 71/201 [00:57<01:38,  1.32it/s] 35%|███▌      | 71/201 [00:57<01:38,  1.32it/s] 35%|███▌      | 71/201 [00:57<01:38,  1.32it/s] 36%|███▌      | 72/201 [00:57<01:38,  1.31it/s] 36%|███▌      | 72/201 [00:57<01:38,  1.31it/s] 36%|███▌      | 72/201 [00:57<01:38,  1.31it/s] 36%|███▌      | 72/201 [00:57<01:38,  1.31it/s] 36%|███▋      | 73/201 [00:58<01:45,  1.21it/s] 36%|███▋      | 73/201 [00:58<01:45,  1.21it/s] 36%|███▋      | 73/201 [00:58<01:45,  1.21it/s] 36%|███▋      | 73/201 [00:58<01:45,  1.21it/s] 37%|███▋      | 74/201 [00:59<01:37,  1.31it/s] 37%|███▋      | 74/201 [00:59<01:37,  1.31it/s] 37%|███▋      | 74/201 [00:59<01:37,  1.31it/s] 37%|███▋      | 74/201 [00:59<01:37,  1.31it/s] 37%|███▋      | 75/201 [01:00<01:38,  1.27it/s] 37%|███▋      | 75/201 [01:00<01:38,  1.27it/s] 37%|███▋      | 75/201 [01:00<01:38,  1.27it/s] 37%|███▋      | 75/201 [01:00<01:38,  1.27it/s] 38%|███▊      | 76/201 [01:01<01:36,  1.29it/s] 38%|███▊      | 76/201 [01:01<01:36,  1.29it/s] 38%|███▊      | 76/201 [01:01<01:36,  1.29it/s] 38%|███▊      | 76/201 [01:01<01:36,  1.29it/s] 38%|███▊      | 77/201 [01:01<01:34,  1.31it/s] 38%|███▊      | 77/201 [01:01<01:34,  1.31it/s] 38%|███▊      | 77/201 [01:01<01:34,  1.31it/s] 38%|███▊      | 77/201 [01:01<01:34,  1.31it/s] 39%|███▉      | 78/201 [01:02<01:33,  1.32it/s] 39%|███▉      | 78/201 [01:02<01:33,  1.32it/s] 39%|███▉      | 78/201 [01:02<01:33,  1.32it/s] 39%|███▉      | 78/201 [01:02<01:33,  1.32it/s] 39%|███▉      | 79/201 [01:03<01:38,  1.24it/s] 39%|███▉      | 79/201 [01:03<01:38,  1.24it/s] 39%|███▉      | 79/201 [01:03<01:38,  1.24it/s] 39%|███▉      | 79/201 [01:03<01:38,  1.24it/s] 40%|███▉      | 80/201 [01:04<01:30,  1.34it/s] 40%|███▉      | 80/201 [01:04<01:30,  1.34it/s] 40%|███▉      | 80/201 [01:04<01:30,  1.34it/s] 40%|███▉      | 80/201 [01:04<01:30,  1.34it/s] 40%|████      | 81/201 [01:04<01:30,  1.32it/s] 40%|████      | 81/201 [01:04<01:30,  1.32it/s] 40%|████      | 81/201 [01:04<01:30,  1.32it/s] 40%|████      | 81/201 [01:04<01:30,  1.32it/s] 41%|████      | 82/201 [01:05<01:35,  1.25it/s] 41%|████      | 82/201 [01:05<01:35,  1.25it/s] 41%|████      | 82/201 [01:05<01:35,  1.25it/s] 41%|████      | 82/201 [01:05<01:35,  1.25it/s] 41%|████▏     | 83/201 [01:06<01:32,  1.27it/s] 41%|████▏     | 83/201 [01:06<01:32,  1.27it/s] 41%|████▏     | 83/201 [01:06<01:32,  1.27it/s] 41%|████▏     | 83/201 [01:06<01:32,  1.27it/s] 42%|████▏     | 84/201 [01:07<01:31,  1.28it/s] 42%|████▏     | 84/201 [01:07<01:31,  1.28it/s] 42%|████▏     | 84/201 [01:07<01:31,  1.28it/s] 42%|████▏     | 84/201 [01:07<01:31,  1.28it/s] 42%|████▏     | 85/201 [01:07<01:30,  1.29it/s] 42%|████▏     | 85/201 [01:07<01:30,  1.29it/s] 42%|████▏     | 85/201 [01:07<01:30,  1.29it/s] 42%|████▏     | 85/201 [01:07<01:30,  1.29it/s] 43%|████▎     | 86/201 [01:08<01:33,  1.23it/s] 43%|████▎     | 86/201 [01:08<01:33,  1.23it/s] 43%|████▎     | 86/201 [01:08<01:33,  1.23it/s] 43%|████▎     | 86/201 [01:08<01:33,  1.23it/s] 43%|████▎     | 87/201 [01:09<01:25,  1.33it/s] 43%|████▎     | 87/201 [01:09<01:25,  1.33it/s] 43%|████▎     | 87/201 [01:09<01:25,  1.33it/s] 43%|████▎     | 87/201 [01:09<01:25,  1.33it/s] 44%|████▍     | 88/201 [01:10<01:31,  1.24it/s] 44%|████▍     | 88/201 [01:10<01:31,  1.24it/s] 44%|████▍     | 88/201 [01:10<01:31,  1.24it/s] 44%|████▍     | 88/201 [01:10<01:31,  1.24it/s] 44%|████▍     | 89/201 [01:11<01:28,  1.27it/s] 44%|████▍     | 89/201 [01:11<01:28,  1.27it/s] 44%|████▍     | 89/201 [01:11<01:28,  1.27it/s] 44%|████▍     | 89/201 [01:11<01:28,  1.27it/s] 45%|████▍     | 90/201 [01:11<01:25,  1.30it/s] 45%|████▍     | 90/201 [01:11<01:25,  1.30it/s] 45%|████▍     | 90/201 [01:11<01:25,  1.30it/s] 45%|████▍     | 90/201 [01:11<01:25,  1.30it/s] 45%|████▌     | 91/201 [01:12<01:22,  1.33it/s] 45%|████▌     | 91/201 [01:12<01:22,  1.33it/s] 45%|████▌     | 91/201 [01:12<01:22,  1.33it/s] 45%|████▌     | 91/201 [01:12<01:22,  1.33it/s] 46%|████▌     | 92/201 [01:13<01:25,  1.27it/s] 46%|████▌     | 92/201 [01:13<01:25,  1.27it/s] 46%|████▌     | 92/201 [01:13<01:25,  1.27it/s] 46%|████▌     | 92/201 [01:13<01:25,  1.27it/s] 46%|████▋     | 93/201 [01:14<01:29,  1.21it/s] 46%|████▋     | 93/201 [01:14<01:29,  1.21it/s] 46%|████▋     | 93/201 [01:14<01:29,  1.21it/s] 46%|████▋     | 93/201 [01:14<01:29,  1.21it/s] 47%|████▋     | 94/201 [01:15<01:32,  1.16it/s] 47%|████▋     | 94/201 [01:15<01:32,  1.16it/s] 47%|████▋     | 94/201 [01:15<01:32,  1.16it/s] 47%|████▋     | 94/201 [01:15<01:32,  1.16it/s] 47%|████▋     | 95/201 [01:16<01:28,  1.20it/s] 47%|████▋     | 95/201 [01:16<01:28,  1.20it/s] 47%|████▋     | 95/201 [01:16<01:28,  1.20it/s] 47%|████▋     | 95/201 [01:16<01:28,  1.20it/s] 48%|████▊     | 96/201 [01:16<01:24,  1.24it/s] 48%|████▊     | 96/201 [01:16<01:24,  1.24it/s] 48%|████▊     | 96/201 [01:16<01:24,  1.24it/s] 48%|████▊     | 96/201 [01:16<01:24,  1.24it/s] 48%|████▊     | 97/201 [01:17<01:20,  1.29it/s] 48%|████▊     | 97/201 [01:17<01:20,  1.29it/s] 48%|████▊     | 97/201 [01:17<01:20,  1.29it/s] 48%|████▊     | 97/201 [01:17<01:20,  1.29it/s] 49%|████▉     | 98/201 [01:18<01:14,  1.38it/s] 49%|████▉     | 98/201 [01:18<01:14,  1.38it/s] 49%|████▉     | 98/201 [01:18<01:14,  1.38it/s] 49%|████▉     | 98/201 [01:18<01:14,  1.38it/s] 49%|████▉     | 99/201 [01:19<01:20,  1.27it/s] 49%|████▉     | 99/201 [01:19<01:20,  1.27it/s] 49%|████▉     | 99/201 [01:19<01:20,  1.27it/s] 49%|████▉     | 99/201 [01:19<01:20,  1.27it/s] 50%|████▉     | 100/201 [01:20<01:25,  1.19it/s] 50%|████▉     | 100/201 [01:20<01:25,  1.19it/s] 50%|████▉     | 100/201 [01:20<01:25,  1.19it/s] 50%|████▉     | 100/201 [01:20<01:25,  1.19it/s] 50%|█████     | 101/201 [01:20<01:22,  1.21it/s] 50%|█████     | 101/201 [01:20<01:22,  1.21it/s] 50%|█████     | 101/201 [01:20<01:22,  1.21it/s] 50%|█████     | 101/201 [01:20<01:22,  1.21it/s] 51%|█████     | 102/201 [01:21<01:18,  1.26it/s] 51%|█████     | 102/201 [01:21<01:18,  1.26it/s] 51%|█████     | 102/201 [01:21<01:18,  1.26it/s] 51%|█████     | 102/201 [01:21<01:18,  1.26it/s] 51%|█████     | 103/201 [01:22<01:16,  1.28it/s] 51%|█████     | 103/201 [01:22<01:16,  1.28it/s] 51%|█████     | 103/201 [01:22<01:16,  1.28it/s] 51%|█████     | 103/201 [01:22<01:16,  1.28it/s] 52%|█████▏    | 104/201 [01:23<01:13,  1.31it/s] 52%|█████▏    | 104/201 [01:23<01:13,  1.31it/s] 52%|█████▏    | 104/201 [01:23<01:13,  1.31it/s] 52%|█████▏    | 104/201 [01:23<01:13,  1.31it/s] 52%|█████▏    | 105/201 [01:23<01:17,  1.24it/s] 52%|█████▏    | 105/201 [01:23<01:17,  1.24it/s] 52%|█████▏    | 105/201 [01:23<01:17,  1.24it/s] 52%|█████▏    | 105/201 [01:23<01:17,  1.24it/s] 53%|█████▎    | 106/201 [01:24<01:19,  1.19it/s] 53%|█████▎    | 106/201 [01:24<01:19,  1.19it/s] 53%|█████▎    | 106/201 [01:24<01:19,  1.19it/s] 53%|█████▎    | 106/201 [01:24<01:19,  1.19it/s] 53%|█████▎    | 107/201 [01:25<01:22,  1.14it/s] 53%|█████▎    | 107/201 [01:25<01:22,  1.14it/s] 53%|█████▎    | 107/201 [01:25<01:22,  1.14it/s] 53%|█████▎    | 107/201 [01:25<01:22,  1.14it/s] 54%|█████▎    | 108/201 [01:26<01:18,  1.18it/s] 54%|█████▎    | 108/201 [01:26<01:18,  1.18it/s] 54%|█████▎    | 108/201 [01:26<01:18,  1.18it/s] 54%|█████▎    | 108/201 [01:26<01:18,  1.18it/s] 54%|█████▍    | 109/201 [01:27<01:16,  1.21it/s] 54%|█████▍    | 109/201 [01:27<01:16,  1.21it/s] 54%|█████▍    | 109/201 [01:27<01:16,  1.21it/s] 54%|█████▍    | 109/201 [01:27<01:16,  1.21it/s] 55%|█████▍    | 110/201 [01:28<01:12,  1.25it/s] 55%|█████▍    | 110/201 [01:28<01:12,  1.25it/s] 55%|█████▍    | 110/201 [01:28<01:12,  1.25it/s] 55%|█████▍    | 110/201 [01:28<01:12,  1.25it/s] 55%|█████▌    | 111/201 [01:28<01:09,  1.30it/s] 55%|█████▌    | 111/201 [01:28<01:09,  1.30it/s] 55%|█████▌    | 111/201 [01:28<01:09,  1.30it/s] 55%|█████▌    | 111/201 [01:28<01:09,  1.30it/s] 56%|█████▌    | 112/201 [01:29<01:11,  1.24it/s] 56%|█████▌    | 112/201 [01:29<01:11,  1.24it/s] 56%|█████▌    | 112/201 [01:29<01:11,  1.24it/s] 56%|█████▌    | 112/201 [01:29<01:11,  1.24it/s] 56%|█████▌    | 113/201 [01:30<01:15,  1.16it/s] 56%|█████▌    | 113/201 [01:30<01:15,  1.16it/s] 56%|█████▌    | 113/201 [01:30<01:15,  1.16it/s] 56%|█████▌    | 113/201 [01:30<01:15,  1.16it/s] 57%|█████▋    | 114/201 [01:31<01:12,  1.21it/s] 57%|█████▋    | 114/201 [01:31<01:12,  1.21it/s] 57%|█████▋    | 114/201 [01:31<01:12,  1.21it/s] 57%|█████▋    | 114/201 [01:31<01:12,  1.20it/s] 57%|█████▋    | 115/201 [01:32<01:10,  1.22it/s] 57%|█████▋    | 115/201 [01:32<01:10,  1.22it/s] 57%|█████▋    | 115/201 [01:32<01:10,  1.22it/s] 57%|█████▋    | 115/201 [01:32<01:10,  1.22it/s] 58%|█████▊    | 116/201 [01:33<01:08,  1.24it/s] 58%|█████▊    | 116/201 [01:33<01:08,  1.24it/s] 58%|█████▊    | 116/201 [01:33<01:08,  1.24it/s] 58%|█████▊    | 116/201 [01:33<01:08,  1.24it/s] 58%|█████▊    | 117/201 [01:33<01:05,  1.28it/s] 58%|█████▊    | 117/201 [01:33<01:05,  1.28it/s] 58%|█████▊    | 117/201 [01:33<01:05,  1.28it/s] 58%|█████▊    | 117/201 [01:33<01:05,  1.28it/s] 59%|█████▊    | 118/201 [01:34<01:08,  1.22it/s] 59%|█████▊    | 118/201 [01:34<01:08,  1.22it/s] 59%|█████▊    | 118/201 [01:34<01:08,  1.22it/s] 59%|█████▊    | 118/201 [01:34<01:08,  1.22it/s] 59%|█████▉    | 119/201 [01:35<01:10,  1.16it/s] 59%|█████▉    | 119/201 [01:35<01:10,  1.16it/s] 59%|█████▉    | 119/201 [01:35<01:10,  1.16it/s] 59%|█████▉    | 119/201 [01:35<01:10,  1.16it/s] 60%|█████▉    | 120/201 [01:36<01:07,  1.20it/s] 60%|█████▉    | 120/201 [01:36<01:07,  1.20it/s] 60%|█████▉    | 120/201 [01:36<01:07,  1.20it/s] 60%|█████▉    | 120/201 [01:36<01:07,  1.20it/s] 60%|██████    | 121/201 [01:36<01:01,  1.31it/s] 60%|██████    | 121/201 [01:36<01:01,  1.31it/s] 60%|██████    | 121/201 [01:36<01:01,  1.31it/s] 60%|██████    | 121/201 [01:36<01:01,  1.31it/s] 61%|██████    | 122/201 [01:37<00:56,  1.39it/s] 61%|██████    | 122/201 [01:37<00:56,  1.39it/s] 61%|██████    | 122/201 [01:37<00:56,  1.39it/s] 61%|██████    | 122/201 [01:37<00:56,  1.39it/s] 61%|██████    | 123/201 [01:38<00:57,  1.36it/s] 61%|██████    | 123/201 [01:38<00:57,  1.36it/s] 61%|██████    | 123/201 [01:38<00:57,  1.36it/s] 61%|██████    | 123/201 [01:38<00:57,  1.36it/s] 62%|██████▏   | 124/201 [01:39<00:57,  1.33it/s] 62%|██████▏   | 124/201 [01:39<00:57,  1.33it/s] 62%|██████▏   | 124/201 [01:39<00:57,  1.33it/s] 62%|██████▏   | 124/201 [01:39<00:57,  1.33it/s] 62%|██████▏   | 125/201 [01:40<01:01,  1.23it/s] 62%|██████▏   | 125/201 [01:40<01:01,  1.23it/s] 62%|██████▏   | 125/201 [01:40<01:01,  1.23it/s] 62%|██████▏   | 125/201 [01:40<01:01,  1.23it/s] 63%|██████▎   | 126/201 [01:40<00:59,  1.26it/s] 63%|██████▎   | 126/201 [01:40<00:59,  1.26it/s] 63%|██████▎   | 126/201 [01:40<00:59,  1.26it/s] 63%|██████▎   | 126/201 [01:40<00:59,  1.26it/s] 63%|██████▎   | 127/201 [01:41<00:58,  1.27it/s] 63%|██████▎   | 127/201 [01:41<00:58,  1.27it/s] 63%|██████▎   | 127/201 [01:41<00:58,  1.27it/s] 63%|██████▎   | 127/201 [01:41<00:58,  1.27it/s] 64%|██████▎   | 128/201 [01:42<00:56,  1.29it/s] 64%|██████▎   | 128/201 [01:42<00:56,  1.29it/s] 64%|██████▎   | 128/201 [01:42<00:56,  1.29it/s] 64%|██████▎   | 128/201 [01:42<00:56,  1.29it/s] 64%|██████▍   | 129/201 [01:43<00:52,  1.37it/s] 64%|██████▍   | 129/201 [01:43<00:52,  1.37it/s] 64%|██████▍   | 129/201 [01:43<00:52,  1.37it/s] 64%|██████▍   | 129/201 [01:43<00:52,  1.37it/s] 65%|██████▍   | 130/201 [01:43<00:55,  1.27it/s] 65%|██████▍   | 130/201 [01:43<00:55,  1.27it/s] 65%|██████▍   | 130/201 [01:43<00:55,  1.27it/s] 65%|██████▍   | 130/201 [01:43<00:55,  1.27it/s] 65%|██████▌   | 131/201 [01:44<00:58,  1.20it/s] 65%|██████▌   | 131/201 [01:44<00:58,  1.20it/s] 65%|██████▌   | 131/201 [01:44<00:58,  1.20it/s] 65%|██████▌   | 131/201 [01:44<00:58,  1.20it/s] 66%|██████▌   | 132/201 [01:45<00:59,  1.15it/s] 66%|██████▌   | 132/201 [01:45<00:59,  1.15it/s] 66%|██████▌   | 132/201 [01:45<00:59,  1.15it/s] 66%|██████▌   | 132/201 [01:45<00:59,  1.15it/s] 66%|██████▌   | 133/201 [01:46<00:56,  1.20it/s] 66%|██████▌   | 133/201 [01:46<00:56,  1.20it/s] 66%|██████▌   | 133/201 [01:46<00:56,  1.20it/s] 66%|██████▌   | 133/201 [01:46<00:56,  1.20it/s] 67%|██████▋   | 134/201 [01:47<00:54,  1.22it/s] 67%|██████▋   | 134/201 [01:47<00:54,  1.22it/s] 67%|██████▋   | 134/201 [01:47<00:54,  1.22it/s] 67%|██████▋   | 134/201 [01:47<00:54,  1.22it/s] 67%|██████▋   | 135/201 [01:48<00:52,  1.27it/s] 67%|██████▋   | 135/201 [01:48<00:52,  1.27it/s] 67%|██████▋   | 135/201 [01:48<00:52,  1.27it/s] 67%|██████▋   | 135/201 [01:48<00:52,  1.27it/s] 68%|██████▊   | 136/201 [01:48<00:49,  1.31it/s] 68%|██████▊   | 136/201 [01:48<00:49,  1.31it/s] 68%|██████▊   | 136/201 [01:48<00:49,  1.31it/s] 68%|██████▊   | 136/201 [01:48<00:49,  1.31it/s] 68%|██████▊   | 137/201 [01:49<00:49,  1.30it/s] 68%|██████▊   | 137/201 [01:49<00:49,  1.30it/s] 68%|██████▊   | 137/201 [01:49<00:49,  1.30it/s] 68%|██████▊   | 137/201 [01:49<00:49,  1.30it/s] 69%|██████▊   | 138/201 [01:50<00:52,  1.21it/s] 69%|██████▊   | 138/201 [01:50<00:52,  1.21it/s] 69%|██████▊   | 138/201 [01:50<00:52,  1.21it/s] 69%|██████▊   | 138/201 [01:50<00:52,  1.21it/s] 69%|██████▉   | 139/201 [01:51<00:49,  1.25it/s] 69%|██████▉   | 139/201 [01:51<00:49,  1.25it/s] 69%|██████▉   | 139/201 [01:51<00:49,  1.25it/s] 69%|██████▉   | 139/201 [01:51<00:49,  1.25it/s] 70%|██████▉   | 140/201 [01:52<00:48,  1.27it/s] 70%|██████▉   | 140/201 [01:52<00:48,  1.27it/s] 70%|██████▉   | 140/201 [01:52<00:48,  1.27it/s] 70%|██████▉   | 140/201 [01:52<00:48,  1.27it/s] 70%|███████   | 141/201 [01:52<00:46,  1.30it/s] 70%|███████   | 141/201 [01:52<00:46,  1.30it/s] 70%|███████   | 141/201 [01:52<00:46,  1.30it/s] 70%|███████   | 141/201 [01:52<00:46,  1.30it/s] 71%|███████   | 142/201 [01:53<00:45,  1.30it/s] 71%|███████   | 142/201 [01:53<00:45,  1.30it/s] 71%|███████   | 142/201 [01:53<00:45,  1.30it/s] 71%|███████   | 142/201 [01:53<00:45,  1.30it/s] 71%|███████   | 143/201 [01:54<00:44,  1.31it/s] 71%|███████   | 143/201 [01:54<00:44,  1.31it/s] 71%|███████   | 143/201 [01:54<00:44,  1.31it/s] 71%|███████   | 143/201 [01:54<00:44,  1.31it/s] 72%|███████▏  | 144/201 [01:55<00:47,  1.19it/s] 72%|███████▏  | 144/201 [01:55<00:47,  1.19it/s] 72%|███████▏  | 144/201 [01:55<00:47,  1.19it/s] 72%|███████▏  | 144/201 [01:55<00:47,  1.19it/s] 72%|███████▏  | 145/201 [01:56<00:45,  1.23it/s] 72%|███████▏  | 145/201 [01:56<00:45,  1.23it/s] 72%|███████▏  | 145/201 [01:56<00:45,  1.23it/s] 72%|███████▏  | 145/201 [01:56<00:45,  1.23it/s] 73%|███████▎  | 146/201 [01:56<00:43,  1.25it/s] 73%|███████▎  | 146/201 [01:56<00:43,  1.25it/s] 73%|███████▎  | 146/201 [01:56<00:43,  1.25it/s] 73%|███████▎  | 146/201 [01:56<00:43,  1.25it/s] 73%|███████▎  | 147/201 [01:57<00:42,  1.28it/s] 73%|███████▎  | 147/201 [01:57<00:42,  1.28it/s] 73%|███████▎  | 147/201 [01:57<00:42,  1.28it/s] 73%|███████▎  | 147/201 [01:57<00:42,  1.28it/s] 74%|███████▎  | 148/201 [01:58<00:41,  1.28it/s] 74%|███████▎  | 148/201 [01:58<00:41,  1.28it/s] 74%|███████▎  | 148/201 [01:58<00:41,  1.28it/s] 74%|███████▎  | 148/201 [01:58<00:41,  1.28it/s] 74%|███████▍  | 149/201 [01:59<00:40,  1.28it/s] 74%|███████▍  | 149/201 [01:59<00:40,  1.28it/s] 74%|███████▍  | 149/201 [01:59<00:40,  1.28it/s] 74%|███████▍  | 149/201 [01:59<00:40,  1.28it/s] 75%|███████▍  | 150/201 [02:00<00:43,  1.18it/s] 75%|███████▍  | 150/201 [02:00<00:43,  1.18it/s] 75%|███████▍  | 150/201 [02:00<00:43,  1.18it/s] 75%|███████▍  | 150/201 [02:00<00:43,  1.18it/s] 75%|███████▌  | 151/201 [02:01<00:44,  1.13it/s] 75%|███████▌  | 151/201 [02:01<00:44,  1.13it/s] 75%|███████▌  | 151/201 [02:01<00:44,  1.13it/s] 75%|███████▌  | 151/201 [02:01<00:44,  1.13it/s] 76%|███████▌  | 152/201 [02:01<00:41,  1.18it/s] 76%|███████▌  | 152/201 [02:01<00:41,  1.18it/s] 76%|███████▌  | 152/201 [02:01<00:41,  1.18it/s] 76%|███████▌  | 152/201 [02:01<00:41,  1.18it/s] 76%|███████▌  | 153/201 [02:02<00:39,  1.22it/s] 76%|███████▌  | 153/201 [02:02<00:39,  1.22it/s] 76%|███████▌  | 153/201 [02:02<00:39,  1.22it/s] 76%|███████▌  | 153/201 [02:02<00:39,  1.22it/s] 77%|███████▋  | 154/201 [02:03<00:37,  1.24it/s] 77%|███████▋  | 154/201 [02:03<00:37,  1.24it/s] 77%|███████▋  | 154/201 [02:03<00:37,  1.24it/s] 77%|███████▋  | 154/201 [02:03<00:37,  1.24it/s] 77%|███████▋  | 155/201 [02:04<00:36,  1.27it/s] 77%|███████▋  | 155/201 [02:04<00:36,  1.27it/s] 77%|███████▋  | 155/201 [02:04<00:36,  1.27it/s] 77%|███████▋  | 155/201 [02:04<00:36,  1.27it/s] 78%|███████▊  | 156/201 [02:04<00:35,  1.27it/s] 78%|███████▊  | 156/201 [02:04<00:35,  1.27it/s] 78%|███████▊  | 156/201 [02:04<00:35,  1.27it/s] 78%|███████▊  | 156/201 [02:04<00:35,  1.27it/s] 78%|███████▊  | 157/201 [02:05<00:37,  1.18it/s] 78%|███████▊  | 157/201 [02:05<00:37,  1.18it/s] 78%|███████▊  | 157/201 [02:05<00:37,  1.18it/s] 78%|███████▊  | 157/201 [02:05<00:37,  1.18it/s] 79%|███████▊  | 158/201 [02:06<00:35,  1.21it/s] 79%|███████▊  | 158/201 [02:06<00:35,  1.21it/s] 79%|███████▊  | 158/201 [02:06<00:35,  1.21it/s] 79%|███████▊  | 158/201 [02:06<00:35,  1.21it/s] 79%|███████▉  | 159/201 [02:07<00:33,  1.26it/s] 79%|███████▉  | 159/201 [02:07<00:33,  1.26it/s] 79%|███████▉  | 159/201 [02:07<00:33,  1.26it/s] 79%|███████▉  | 159/201 [02:07<00:33,  1.26it/s] 80%|███████▉  | 160/201 [02:08<00:31,  1.29it/s] 80%|███████▉  | 160/201 [02:08<00:31,  1.29it/s] 80%|███████▉  | 160/201 [02:08<00:31,  1.29it/s] 80%|███████▉  | 160/201 [02:08<00:31,  1.29it/s] 80%|████████  | 161/201 [02:08<00:30,  1.29it/s] 80%|████████  | 161/201 [02:08<00:30,  1.29it/s] 80%|████████  | 161/201 [02:08<00:30,  1.29it/s] 80%|████████  | 161/201 [02:08<00:30,  1.29it/s] 81%|████████  | 162/201 [02:09<00:30,  1.28it/s] 81%|████████  | 162/201 [02:09<00:30,  1.28it/s] 81%|████████  | 162/201 [02:09<00:30,  1.28it/s] 81%|████████  | 162/201 [02:09<00:30,  1.28it/s] 81%|████████  | 163/201 [02:10<00:32,  1.18it/s] 81%|████████  | 163/201 [02:10<00:32,  1.18it/s] 81%|████████  | 163/201 [02:10<00:32,  1.18it/s] 81%|████████  | 163/201 [02:10<00:32,  1.18it/s] 82%|████████▏ | 164/201 [02:11<00:32,  1.13it/s] 82%|████████▏ | 164/201 [02:11<00:32,  1.12it/s] 82%|████████▏ | 164/201 [02:11<00:32,  1.13it/s] 82%|████████▏ | 164/201 [02:11<00:32,  1.12it/s] 82%|████████▏ | 165/201 [02:12<00:29,  1.24it/s] 82%|████████▏ | 165/201 [02:12<00:29,  1.24it/s] 82%|████████▏ | 165/201 [02:12<00:29,  1.24it/s] 82%|████████▏ | 165/201 [02:12<00:29,  1.24it/s] 83%|████████▎ | 166/201 [02:13<00:27,  1.25it/s] 83%|████████▎ | 166/201 [02:13<00:27,  1.25it/s] 83%|████████▎ | 166/201 [02:13<00:27,  1.25it/s] 83%|████████▎ | 166/201 [02:13<00:27,  1.25it/s] 83%|████████▎ | 167/201 [02:13<00:26,  1.26it/s] 83%|████████▎ | 167/201 [02:13<00:26,  1.26it/s] 83%|████████▎ | 167/201 [02:13<00:26,  1.26it/s] 83%|████████▎ | 167/201 [02:13<00:26,  1.26it/s] 84%|████████▎ | 168/201 [02:14<00:26,  1.26it/s] 84%|████████▎ | 168/201 [02:14<00:26,  1.26it/s] 84%|████████▎ | 168/201 [02:14<00:26,  1.26it/s] 84%|████████▎ | 168/201 [02:14<00:26,  1.26it/s] 84%|████████▍ | 169/201 [02:15<00:26,  1.19it/s] 84%|████████▍ | 169/201 [02:15<00:26,  1.19it/s] 84%|████████▍ | 169/201 [02:15<00:26,  1.19it/s] 84%|████████▍ | 169/201 [02:15<00:26,  1.19it/s] 85%|████████▍ | 170/201 [02:16<00:26,  1.17it/s] 85%|████████▍ | 170/201 [02:16<00:26,  1.17it/s] 85%|████████▍ | 170/201 [02:16<00:26,  1.17it/s] 85%|████████▍ | 170/201 [02:16<00:26,  1.17it/s] 85%|████████▌ | 171/201 [02:17<00:24,  1.22it/s] 85%|████████▌ | 171/201 [02:17<00:24,  1.22it/s] 85%|████████▌ | 171/201 [02:17<00:24,  1.22it/s] 85%|████████▌ | 171/201 [02:17<00:24,  1.22it/s] 86%|████████▌ | 172/201 [02:17<00:22,  1.30it/s] 86%|████████▌ | 172/201 [02:17<00:22,  1.30it/s] 86%|████████▌ | 172/201 [02:17<00:22,  1.30it/s] 86%|████████▌ | 172/201 [02:17<00:22,  1.30it/s] 86%|████████▌ | 173/201 [02:18<00:21,  1.33it/s] 86%|████████▌ | 173/201 [02:18<00:21,  1.33it/s] 86%|████████▌ | 173/201 [02:18<00:21,  1.33it/s] 86%|████████▌ | 173/201 [02:18<00:21,  1.33it/s] 87%|████████▋ | 174/201 [02:19<00:20,  1.34it/s] 87%|████████▋ | 174/201 [02:19<00:20,  1.34it/s] 87%|████████▋ | 174/201 [02:19<00:20,  1.34it/s] 87%|████████▋ | 174/201 [02:19<00:20,  1.34it/s] 87%|████████▋ | 175/201 [02:20<00:20,  1.26it/s] 87%|████████▋ | 175/201 [02:20<00:20,  1.26it/s] 87%|████████▋ | 175/201 [02:20<00:20,  1.26it/s] 87%|████████▋ | 175/201 [02:20<00:20,  1.26it/s] 88%|████████▊ | 176/201 [02:20<00:19,  1.27it/s] 88%|████████▊ | 176/201 [02:20<00:19,  1.27it/s] 88%|████████▊ | 176/201 [02:20<00:19,  1.27it/s] 88%|████████▊ | 176/201 [02:20<00:19,  1.27it/s] 88%|████████▊ | 177/201 [02:21<00:19,  1.22it/s] 88%|████████▊ | 177/201 [02:21<00:19,  1.22it/s] 88%|████████▊ | 177/201 [02:21<00:19,  1.22it/s] 88%|████████▊ | 177/201 [02:21<00:19,  1.22it/s] 89%|████████▊ | 178/201 [02:22<00:18,  1.25it/s] 89%|████████▊ | 178/201 [02:22<00:18,  1.25it/s] 89%|████████▊ | 178/201 [02:22<00:18,  1.25it/s] 89%|████████▊ | 178/201 [02:22<00:18,  1.25it/s] 89%|████████▉ | 179/201 [02:23<00:16,  1.30it/s] 89%|████████▉ | 179/201 [02:23<00:16,  1.30it/s] 89%|████████▉ | 179/201 [02:23<00:16,  1.30it/s] 89%|████████▉ | 179/201 [02:23<00:16,  1.30it/s] 90%|████████▉ | 180/201 [02:24<00:15,  1.32it/s] 90%|████████▉ | 180/201 [02:24<00:15,  1.32it/s] 90%|████████▉ | 180/201 [02:24<00:15,  1.32it/s] 90%|████████▉ | 180/201 [02:24<00:15,  1.32it/s] 90%|█████████ | 181/201 [02:24<00:14,  1.35it/s] 90%|█████████ | 181/201 [02:24<00:14,  1.35it/s] 90%|█████████ | 181/201 [02:24<00:14,  1.35it/s] 90%|█████████ | 181/201 [02:24<00:14,  1.35it/s] 91%|█████████ | 182/201 [02:25<00:15,  1.23it/s] 91%|█████████ | 182/201 [02:25<00:15,  1.23it/s] 91%|█████████ | 182/201 [02:25<00:15,  1.23it/s] 91%|█████████ | 182/201 [02:25<00:15,  1.23it/s] 91%|█████████ | 183/201 [02:26<00:14,  1.24it/s] 91%|█████████ | 183/201 [02:26<00:14,  1.24it/s] 91%|█████████ | 183/201 [02:26<00:14,  1.24it/s] 91%|█████████ | 183/201 [02:26<00:14,  1.24it/s] 92%|█████████▏| 184/201 [02:27<00:13,  1.24it/s] 92%|█████████▏| 184/201 [02:27<00:13,  1.24it/s] 92%|█████████▏| 184/201 [02:27<00:13,  1.24it/s] 92%|█████████▏| 184/201 [02:27<00:13,  1.24it/s] 92%|█████████▏| 185/201 [02:28<00:12,  1.28it/s] 92%|█████████▏| 185/201 [02:28<00:12,  1.28it/s] 92%|█████████▏| 185/201 [02:28<00:12,  1.28it/s] 92%|█████████▏| 185/201 [02:28<00:12,  1.28it/s] 93%|█████████▎| 186/201 [02:28<00:11,  1.29it/s] 93%|█████████▎| 186/201 [02:28<00:11,  1.29it/s] 93%|█████████▎| 186/201 [02:28<00:11,  1.29it/s] 93%|█████████▎| 186/201 [02:28<00:11,  1.29it/s] 93%|█████████▎| 187/201 [02:29<00:10,  1.28it/s] 93%|█████████▎| 187/201 [02:29<00:10,  1.28it/s] 93%|█████████▎| 187/201 [02:29<00:10,  1.28it/s] 93%|█████████▎| 187/201 [02:29<00:10,  1.28it/s] 94%|█████████▎| 188/201 [02:30<00:10,  1.27it/s] 94%|█████████▎| 188/201 [02:30<00:10,  1.27it/s] 94%|█████████▎| 188/201 [02:30<00:10,  1.27it/s] 94%|█████████▎| 188/201 [02:30<00:10,  1.27it/s] 94%|█████████▍| 189/201 [02:31<00:09,  1.29it/s] 94%|█████████▍| 189/201 [02:31<00:09,  1.29it/s] 94%|█████████▍| 189/201 [02:31<00:09,  1.29it/s] 94%|█████████▍| 189/201 [02:31<00:09,  1.29it/s] 95%|█████████▍| 190/201 [02:32<00:08,  1.23it/s] 95%|█████████▍| 190/201 [02:32<00:08,  1.23it/s] 95%|█████████▍| 190/201 [02:32<00:08,  1.23it/s] 95%|█████████▍| 190/201 [02:32<00:08,  1.23it/s] 95%|█████████▌| 191/201 [02:32<00:07,  1.28it/s] 95%|█████████▌| 191/201 [02:32<00:07,  1.28it/s] 95%|█████████▌| 191/201 [02:32<00:07,  1.28it/s] 95%|█████████▌| 191/201 [02:32<00:07,  1.28it/s] 96%|█████████▌| 192/201 [02:33<00:06,  1.29it/s] 96%|█████████▌| 192/201 [02:33<00:06,  1.29it/s] 96%|█████████▌| 192/201 [02:33<00:06,  1.29it/s] 96%|█████████▌| 192/201 [02:33<00:06,  1.29it/s] 96%|█████████▌| 193/201 [02:34<00:06,  1.31it/s] 96%|█████████▌| 193/201 [02:34<00:06,  1.31it/s] 96%|█████████▌| 193/201 [02:34<00:06,  1.31it/s] 96%|█████████▌| 193/201 [02:34<00:06,  1.31it/s] 97%|█████████▋| 194/201 [02:35<00:05,  1.23it/s] 97%|█████████▋| 194/201 [02:35<00:05,  1.23it/s] 97%|█████████▋| 194/201 [02:35<00:05,  1.23it/s] 97%|█████████▋| 194/201 [02:35<00:05,  1.23it/s] 97%|█████████▋| 195/201 [02:35<00:04,  1.24it/s] 97%|█████████▋| 195/201 [02:35<00:04,  1.24it/s] 97%|█████████▋| 195/201 [02:35<00:04,  1.24it/s] 97%|█████████▋| 195/201 [02:35<00:04,  1.24it/s] 98%|█████████▊| 196/201 [02:36<00:04,  1.18it/s] 98%|█████████▊| 196/201 [02:36<00:04,  1.18it/s] 98%|█████████▊| 196/201 [02:36<00:04,  1.18it/s] 98%|█████████▊| 196/201 [02:36<00:04,  1.18it/s] 98%|█████████▊| 197/201 [02:37<00:03,  1.25it/s] 98%|█████████▊| 197/201 [02:37<00:03,  1.25it/s] 98%|█████████▊| 197/201 [02:37<00:03,  1.25it/s] 98%|█████████▊| 197/201 [02:37<00:03,  1.25it/s] 99%|█████████▊| 198/201 [02:38<00:02,  1.26it/s] 99%|█████████▊| 198/201 [02:38<00:02,  1.26it/s] 99%|█████████▊| 198/201 [02:38<00:02,  1.26it/s] 99%|█████████▊| 198/201 [02:38<00:02,  1.26it/s] 99%|█████████▉| 199/201 [02:39<00:01,  1.36it/s] 99%|█████████▉| 199/201 [02:39<00:01,  1.36it/s] 99%|█████████▉| 199/201 [02:39<00:01,  1.36it/s] 99%|█████████▉| 199/201 [02:39<00:01,  1.36it/s]100%|█████████▉| 200/201 [02:39<00:00,  1.23it/s]100%|█████████▉| 200/201 [02:39<00:00,  1.23it/s]100%|█████████▉| 200/201 [02:39<00:00,  1.23it/s]100%|█████████▉| 200/201 [02:40<00:00,  1.23it/s]100%|██████████| 201/201 [02:40<00:00,  1.26it/s]100%|██████████| 201/201 [02:40<00:00,  1.26it/s]100%|██████████| 201/201 [02:40<00:00,  1.26it/s]100%|██████████| 201/201 [02:40<00:00,  1.26it/s]100%|██████████| 201/201 [02:40<00:00,  1.25it/s]
100%|██████████| 201/201 [02:40<00:00,  1.25it/s]
100%|██████████| 201/201 [02:40<00:00,  1.25it/s]
100%|██████████| 201/201 [02:40<00:00,  1.25it/s]
Model checkpointing attempts: 0.
Stored epoch 3 model checkpoint to ./checkpoints/parquet_dataset/parquet_dataset__model_nlyrs_4_nheads_4_hdim_64__pred_ovrlap_F_npreds_4__nlyrs_2_activ_relunenc_1__lr_0.0002828_start_0.001_final_0_20251112_231724/epoch_3.pth.
Training loss has improved 1 times since last caching the model. Caching now.
/home/aminmohamadi_squareup_com/projects/.hermit/python/lib/python3.11/site-packages/torch/distributed/distributed_c10d.py:4876: UserWarning: barrier(): using the device under current context. You can specify `device_id` in `init_process_group` to mute this warning.
  warnings.warn(  # warn only once
##############################Training epoch: 5/10##############################
  0%|          | 0/201 [00:00<?, ?it/s]  0%|          | 0/201 [00:00<?, ?it/s]  0%|          | 0/201 [00:00<?, ?it/s]  0%|          | 0/201 [00:00<?, ?it/s]  0%|          | 1/201 [00:00<03:10,  1.05it/s]  0%|          | 1/201 [00:00<03:10,  1.05it/s]  0%|          | 1/201 [00:00<03:10,  1.05it/s]  0%|          | 1/201 [00:01<03:33,  1.07s/it]  1%|          | 2/201 [00:01<03:16,  1.01it/s]  1%|          | 2/201 [00:01<03:20,  1.01s/it]  1%|          | 2/201 [00:01<03:20,  1.01s/it]  1%|          | 2/201 [00:01<03:20,  1.01s/it]  1%|▏         | 3/201 [00:02<02:57,  1.11it/s]  1%|▏         | 3/201 [00:02<02:55,  1.13it/s]  1%|▏         | 3/201 [00:02<02:57,  1.11it/s]  1%|▏         | 3/201 [00:02<02:57,  1.11it/s]  2%|▏         | 4/201 [00:03<02:43,  1.20it/s]  2%|▏         | 4/201 [00:03<02:42,  1.21it/s]  2%|▏         | 4/201 [00:03<02:43,  1.20it/s]  2%|▏         | 4/201 [00:03<02:43,  1.20it/s]  2%|▏         | 5/201 [00:04<02:35,  1.26it/s]  2%|▏         | 5/201 [00:04<02:36,  1.25it/s]  2%|▏         | 5/201 [00:04<02:36,  1.25it/s]  2%|▏         | 5/201 [00:04<02:36,  1.25it/s]  3%|▎         | 6/201 [00:05<02:47,  1.16it/s]  3%|▎         | 6/201 [00:05<02:47,  1.16it/s]  3%|▎         | 6/201 [00:05<02:47,  1.16it/s]  3%|▎         | 6/201 [00:05<02:47,  1.16it/s]  3%|▎         | 7/201 [00:05<02:40,  1.21it/s]  3%|▎         | 7/201 [00:05<02:40,  1.21it/s]  3%|▎         | 7/201 [00:05<02:40,  1.21it/s]  3%|▎         | 7/201 [00:05<02:40,  1.21it/s]  4%|▍         | 8/201 [00:06<02:46,  1.16it/s]  4%|▍         | 8/201 [00:06<02:46,  1.16it/s]  4%|▍         | 8/201 [00:06<02:46,  1.16it/s]  4%|▍         | 8/201 [00:06<02:47,  1.16it/s]  4%|▍         | 9/201 [00:07<02:37,  1.22it/s]  4%|▍         | 9/201 [00:07<02:37,  1.22it/s]  4%|▍         | 9/201 [00:07<02:37,  1.22it/s]  4%|▍         | 9/201 [00:07<02:37,  1.22it/s]  5%|▍         | 10/201 [00:08<02:34,  1.24it/s]  5%|▍         | 10/201 [00:08<02:34,  1.23it/s]  5%|▍         | 10/201 [00:08<02:34,  1.23it/s]  5%|▍         | 10/201 [00:08<02:34,  1.23it/s]  5%|▌         | 11/201 [00:09<02:32,  1.24it/s]  5%|▌         | 11/201 [00:09<02:32,  1.24it/s]  5%|▌         | 11/201 [00:09<02:32,  1.24it/s]  5%|▌         | 11/201 [00:09<02:32,  1.24it/s]  6%|▌         | 12/201 [00:10<02:42,  1.17it/s]  6%|▌         | 12/201 [00:10<02:42,  1.17it/s]  6%|▌         | 12/201 [00:10<02:42,  1.17it/s]  6%|▌         | 12/201 [00:10<02:42,  1.17it/s]  6%|▋         | 13/201 [00:11<02:44,  1.14it/s]  6%|▋         | 13/201 [00:11<02:44,  1.14it/s]  6%|▋         | 13/201 [00:11<02:44,  1.14it/s]  6%|▋         | 13/201 [00:11<02:44,  1.14it/s]  7%|▋         | 14/201 [00:12<02:45,  1.13it/s]  7%|▋         | 14/201 [00:12<02:45,  1.13it/s]  7%|▋         | 14/201 [00:12<02:45,  1.13it/s]  7%|▋         | 14/201 [00:12<02:45,  1.13it/s]  7%|▋         | 15/201 [00:12<02:40,  1.16it/s]  7%|▋         | 15/201 [00:12<02:40,  1.16it/s]  7%|▋         | 15/201 [00:12<02:40,  1.16it/s]  7%|▋         | 15/201 [00:12<02:40,  1.16it/s]  8%|▊         | 16/201 [00:13<02:33,  1.20it/s]  8%|▊         | 16/201 [00:13<02:33,  1.20it/s]  8%|▊         | 16/201 [00:13<02:33,  1.20it/s]  8%|▊         | 16/201 [00:13<02:34,  1.20it/s]  8%|▊         | 17/201 [00:14<02:28,  1.24it/s]  8%|▊         | 17/201 [00:14<02:28,  1.24it/s]  8%|▊         | 17/201 [00:14<02:28,  1.24it/s]  8%|▊         | 17/201 [00:14<02:28,  1.24it/s]  9%|▉         | 18/201 [00:15<02:23,  1.28it/s]  9%|▉         | 18/201 [00:15<02:23,  1.28it/s]  9%|▉         | 18/201 [00:15<02:23,  1.28it/s]  9%|▉         | 18/201 [00:15<02:23,  1.28it/s]  9%|▉         | 19/201 [00:15<02:25,  1.25it/s]  9%|▉         | 19/201 [00:15<02:25,  1.25it/s]  9%|▉         | 19/201 [00:15<02:25,  1.25it/s]  9%|▉         | 19/201 [00:15<02:25,  1.25it/s] 10%|▉         | 20/201 [00:16<02:33,  1.18it/s] 10%|▉         | 20/201 [00:16<02:33,  1.18it/s] 10%|▉         | 20/201 [00:16<02:33,  1.18it/s] 10%|▉         | 20/201 [00:16<02:33,  1.18it/s] 10%|█         | 21/201 [00:17<02:28,  1.21it/s] 10%|█         | 21/201 [00:17<02:28,  1.21it/s] 10%|█         | 21/201 [00:17<02:28,  1.21it/s] 10%|█         | 21/201 [00:17<02:28,  1.21it/s] 11%|█         | 22/201 [00:18<02:23,  1.24it/s] 11%|█         | 22/201 [00:18<02:23,  1.24it/s] 11%|█         | 22/201 [00:18<02:23,  1.24it/s] 11%|█         | 22/201 [00:18<02:23,  1.24it/s] 11%|█▏        | 23/201 [00:19<02:18,  1.28it/s] 11%|█▏        | 23/201 [00:19<02:18,  1.28it/s] 11%|█▏        | 23/201 [00:19<02:18,  1.28it/s] 11%|█▏        | 23/201 [00:19<02:18,  1.28it/s] 12%|█▏        | 24/201 [00:19<02:19,  1.27it/s] 12%|█▏        | 24/201 [00:19<02:19,  1.27it/s] 12%|█▏        | 24/201 [00:19<02:19,  1.27it/s] 12%|█▏        | 24/201 [00:19<02:19,  1.27it/s] 12%|█▏        | 25/201 [00:20<02:17,  1.28it/s] 12%|█▏        | 25/201 [00:20<02:17,  1.28it/s] 12%|█▏        | 25/201 [00:20<02:17,  1.28it/s] 12%|█▏        | 25/201 [00:20<02:17,  1.28it/s] 13%|█▎        | 26/201 [00:21<02:17,  1.27it/s] 13%|█▎        | 26/201 [00:21<02:17,  1.27it/s] 13%|█▎        | 26/201 [00:21<02:17,  1.27it/s] 13%|█▎        | 26/201 [00:21<02:17,  1.27it/s] 13%|█▎        | 27/201 [00:22<02:21,  1.23it/s] 13%|█▎        | 27/201 [00:22<02:21,  1.23it/s] 13%|█▎        | 27/201 [00:22<02:21,  1.23it/s] 13%|█▎        | 27/201 [00:22<02:21,  1.23it/s] 14%|█▍        | 28/201 [00:23<02:18,  1.25it/s] 14%|█▍        | 28/201 [00:23<02:18,  1.25it/s] 14%|█▍        | 28/201 [00:23<02:18,  1.25it/s] 14%|█▍        | 28/201 [00:23<02:18,  1.25it/s] 14%|█▍        | 29/201 [00:23<02:15,  1.27it/s] 14%|█▍        | 29/201 [00:23<02:15,  1.27it/s] 14%|█▍        | 29/201 [00:23<02:15,  1.27it/s] 14%|█▍        | 29/201 [00:23<02:15,  1.27it/s] 15%|█▍        | 30/201 [00:24<02:14,  1.27it/s] 15%|█▍        | 30/201 [00:24<02:14,  1.27it/s] 15%|█▍        | 30/201 [00:24<02:14,  1.27it/s] 15%|█▍        | 30/201 [00:24<02:14,  1.27it/s] 15%|█▌        | 31/201 [00:25<02:25,  1.17it/s] 15%|█▌        | 31/201 [00:25<02:25,  1.17it/s] 15%|█▌        | 31/201 [00:25<02:25,  1.17it/s] 15%|█▌        | 31/201 [00:25<02:25,  1.17it/s] 16%|█▌        | 32/201 [00:26<02:21,  1.19it/s] 16%|█▌        | 32/201 [00:26<02:21,  1.19it/s] 16%|█▌        | 32/201 [00:26<02:21,  1.19it/s] 16%|█▌        | 32/201 [00:26<02:21,  1.19it/s] 16%|█▋        | 33/201 [00:27<02:25,  1.16it/s] 16%|█▋        | 33/201 [00:27<02:24,  1.16it/s] 16%|█▋        | 33/201 [00:27<02:25,  1.16it/s] 16%|█▋        | 33/201 [00:27<02:25,  1.16it/s] 17%|█▋        | 34/201 [00:28<02:17,  1.22it/s] 17%|█▋        | 34/201 [00:28<02:17,  1.22it/s] 17%|█▋        | 34/201 [00:28<02:17,  1.22it/s] 17%|█▋        | 34/201 [00:28<02:17,  1.22it/s] 17%|█▋        | 35/201 [00:28<02:14,  1.23it/s] 17%|█▋        | 35/201 [00:28<02:14,  1.23it/s] 17%|█▋        | 35/201 [00:28<02:14,  1.23it/s] 17%|█▋        | 35/201 [00:28<02:14,  1.23it/s] 18%|█▊        | 36/201 [00:29<02:09,  1.28it/s] 18%|█▊        | 36/201 [00:29<02:09,  1.28it/s] 18%|█▊        | 36/201 [00:29<02:09,  1.28it/s] 18%|█▊        | 36/201 [00:29<02:09,  1.28it/s] 18%|█▊        | 37/201 [00:30<02:18,  1.18it/s] 18%|█▊        | 37/201 [00:30<02:18,  1.18it/s] 18%|█▊        | 37/201 [00:30<02:18,  1.18it/s] 18%|█▊        | 37/201 [00:30<02:18,  1.18it/s] 19%|█▉        | 38/201 [00:31<02:16,  1.19it/s] 19%|█▉        | 38/201 [00:31<02:16,  1.19it/s] 19%|█▉        | 38/201 [00:31<02:16,  1.19it/s] 19%|█▉        | 38/201 [00:31<02:16,  1.19it/s] 19%|█▉        | 39/201 [00:32<02:12,  1.23it/s] 19%|█▉        | 39/201 [00:32<02:12,  1.23it/s] 19%|█▉        | 39/201 [00:32<02:12,  1.23it/s] 19%|█▉        | 39/201 [00:32<02:12,  1.23it/s] 20%|█▉        | 40/201 [00:33<02:09,  1.24it/s] 20%|█▉        | 40/201 [00:33<02:09,  1.24it/s] 20%|█▉        | 40/201 [00:33<02:09,  1.24it/s] 20%|█▉        | 40/201 [00:33<02:09,  1.24it/s] 20%|██        | 41/201 [00:33<02:06,  1.26it/s] 20%|██        | 41/201 [00:33<02:06,  1.26it/s] 20%|██        | 41/201 [00:33<02:06,  1.26it/s] 20%|██        | 41/201 [00:33<02:06,  1.26it/s] 21%|██        | 42/201 [00:34<02:05,  1.27it/s] 21%|██        | 42/201 [00:34<02:05,  1.27it/s] 21%|██        | 42/201 [00:34<02:05,  1.27it/s] 21%|██        | 42/201 [00:34<02:05,  1.27it/s] 21%|██▏       | 43/201 [00:35<02:06,  1.25it/s] 21%|██▏       | 43/201 [00:35<02:06,  1.25it/s] 21%|██▏       | 43/201 [00:35<02:06,  1.25it/s] 21%|██▏       | 43/201 [00:35<02:06,  1.25it/s] 22%|██▏       | 44/201 [00:36<02:02,  1.29it/s] 22%|██▏       | 44/201 [00:36<02:02,  1.29it/s] 22%|██▏       | 44/201 [00:36<02:02,  1.29it/s] 22%|██▏       | 44/201 [00:36<02:02,  1.29it/s] 22%|██▏       | 45/201 [00:36<02:06,  1.23it/s] 22%|██▏       | 45/201 [00:37<02:06,  1.23it/s] 22%|██▏       | 45/201 [00:37<02:06,  1.23it/s] 22%|██▏       | 45/201 [00:37<02:06,  1.23it/s] 23%|██▎       | 46/201 [00:37<02:05,  1.24it/s] 23%|██▎       | 46/201 [00:37<02:05,  1.24it/s] 23%|██▎       | 46/201 [00:37<02:05,  1.24it/s] 23%|██▎       | 46/201 [00:37<02:05,  1.24it/s] 23%|██▎       | 47/201 [00:38<02:01,  1.26it/s] 23%|██▎       | 47/201 [00:38<02:01,  1.26it/s] 23%|██▎       | 47/201 [00:38<02:01,  1.26it/s] 23%|██▎       | 47/201 [00:38<02:01,  1.26it/s] 24%|██▍       | 48/201 [00:39<01:58,  1.29it/s] 24%|██▍       | 48/201 [00:39<01:58,  1.29it/s] 24%|██▍       | 48/201 [00:39<01:58,  1.29it/s] 24%|██▍       | 48/201 [00:39<01:58,  1.29it/s] 24%|██▍       | 49/201 [00:40<01:58,  1.28it/s] 24%|██▍       | 49/201 [00:40<01:58,  1.28it/s] 24%|██▍       | 49/201 [00:40<01:58,  1.28it/s] 24%|██▍       | 49/201 [00:40<01:58,  1.28it/s] 25%|██▍       | 50/201 [00:41<02:05,  1.20it/s] 25%|██▍       | 50/201 [00:41<02:05,  1.20it/s] 25%|██▍       | 50/201 [00:41<02:05,  1.20it/s] 25%|██▍       | 50/201 [00:41<02:05,  1.20it/s] 25%|██▌       | 51/201 [00:41<02:01,  1.24it/s] 25%|██▌       | 51/201 [00:41<02:01,  1.24it/s] 25%|██▌       | 51/201 [00:41<02:01,  1.24it/s] 25%|██▌       | 51/201 [00:41<02:01,  1.24it/s] 26%|██▌       | 52/201 [00:42<02:05,  1.19it/s] 26%|██▌       | 52/201 [00:42<02:05,  1.19it/s] 26%|██▌       | 52/201 [00:42<02:05,  1.19it/s] 26%|██▌       | 52/201 [00:42<02:05,  1.19it/s] 26%|██▋       | 53/201 [00:43<01:59,  1.24it/s] 26%|██▋       | 53/201 [00:43<01:59,  1.24it/s] 26%|██▋       | 53/201 [00:43<01:59,  1.24it/s] 26%|██▋       | 53/201 [00:43<01:59,  1.24it/s] 27%|██▋       | 54/201 [00:44<01:54,  1.29it/s] 27%|██▋       | 54/201 [00:44<01:54,  1.29it/s] 27%|██▋       | 54/201 [00:44<01:54,  1.29it/s] 27%|██▋       | 54/201 [00:44<01:54,  1.29it/s] 27%|██▋       | 55/201 [00:45<01:59,  1.22it/s] 27%|██▋       | 55/201 [00:45<01:59,  1.22it/s] 27%|██▋       | 55/201 [00:45<01:59,  1.22it/s] 27%|██▋       | 55/201 [00:45<01:59,  1.22it/s] 28%|██▊       | 56/201 [00:45<01:58,  1.23it/s] 28%|██▊       | 56/201 [00:45<01:58,  1.23it/s] 28%|██▊       | 56/201 [00:45<01:58,  1.23it/s] 28%|██▊       | 56/201 [00:45<01:58,  1.23it/s] 28%|██▊       | 57/201 [00:46<01:55,  1.24it/s] 28%|██▊       | 57/201 [00:46<01:55,  1.24it/s] 28%|██▊       | 57/201 [00:46<01:55,  1.24it/s] 28%|██▊       | 57/201 [00:46<01:55,  1.24it/s] 29%|██▉       | 58/201 [00:47<01:59,  1.20it/s] 29%|██▉       | 58/201 [00:47<01:59,  1.20it/s] 29%|██▉       | 58/201 [00:47<01:59,  1.20it/s] 29%|██▉       | 58/201 [00:47<01:59,  1.20it/s] 29%|██▉       | 59/201 [00:48<01:56,  1.22it/s] 29%|██▉       | 59/201 [00:48<01:56,  1.22it/s] 29%|██▉       | 59/201 [00:48<01:56,  1.22it/s] 29%|██▉       | 59/201 [00:48<01:56,  1.22it/s] 30%|██▉       | 60/201 [00:49<01:51,  1.27it/s] 30%|██▉       | 60/201 [00:49<01:51,  1.27it/s] 30%|██▉       | 60/201 [00:49<01:51,  1.27it/s] 30%|██▉       | 60/201 [00:49<01:51,  1.27it/s] 30%|███       | 61/201 [00:49<01:46,  1.31it/s] 30%|███       | 61/201 [00:49<01:46,  1.31it/s] 30%|███       | 61/201 [00:49<01:46,  1.31it/s] 30%|███       | 61/201 [00:49<01:46,  1.31it/s] 31%|███       | 62/201 [00:50<01:54,  1.21it/s] 31%|███       | 62/201 [00:50<01:54,  1.21it/s] 31%|███       | 62/201 [00:50<01:54,  1.21it/s] 31%|███       | 62/201 [00:50<01:54,  1.21it/s] 31%|███▏      | 63/201 [00:51<01:51,  1.24it/s] 31%|███▏      | 63/201 [00:51<01:51,  1.24it/s] 31%|███▏      | 63/201 [00:51<01:51,  1.24it/s] 31%|███▏      | 63/201 [00:51<01:51,  1.24it/s] 32%|███▏      | 64/201 [00:52<01:47,  1.27it/s] 32%|███▏      | 64/201 [00:52<01:47,  1.27it/s] 32%|███▏      | 64/201 [00:52<01:47,  1.27it/s] 32%|███▏      | 64/201 [00:52<01:47,  1.27it/s] 32%|███▏      | 65/201 [00:53<01:54,  1.19it/s] 32%|███▏      | 65/201 [00:53<01:54,  1.19it/s] 32%|███▏      | 65/201 [00:53<01:54,  1.19it/s] 32%|███▏      | 65/201 [00:53<01:54,  1.19it/s] 33%|███▎      | 66/201 [00:53<01:49,  1.23it/s] 33%|███▎      | 66/201 [00:53<01:49,  1.23it/s] 33%|███▎      | 66/201 [00:53<01:49,  1.23it/s] 33%|███▎      | 66/201 [00:53<01:49,  1.23it/s] 33%|███▎      | 67/201 [00:54<01:45,  1.26it/s] 33%|███▎      | 67/201 [00:54<01:45,  1.26it/s] 33%|███▎      | 67/201 [00:54<01:45,  1.26it/s] 33%|███▎      | 67/201 [00:54<01:45,  1.26it/s] 34%|███▍      | 68/201 [00:55<01:49,  1.21it/s] 34%|███▍      | 68/201 [00:55<01:49,  1.21it/s] 34%|███▍      | 68/201 [00:55<01:49,  1.21it/s] 34%|███▍      | 68/201 [00:55<01:49,  1.21it/s] 34%|███▍      | 69/201 [00:56<01:44,  1.27it/s] 34%|███▍      | 69/201 [00:56<01:44,  1.27it/s] 34%|███▍      | 69/201 [00:56<01:44,  1.27it/s] 34%|███▍      | 69/201 [00:56<01:44,  1.27it/s] 35%|███▍      | 70/201 [00:56<01:40,  1.31it/s] 35%|███▍      | 70/201 [00:56<01:40,  1.31it/s] 35%|███▍      | 70/201 [00:56<01:40,  1.31it/s] 35%|███▍      | 70/201 [00:56<01:40,  1.31it/s] 35%|███▌      | 71/201 [00:57<01:45,  1.24it/s] 35%|███▌      | 71/201 [00:57<01:45,  1.24it/s] 35%|███▌      | 71/201 [00:57<01:45,  1.24it/s] 35%|███▌      | 71/201 [00:57<01:45,  1.24it/s] 36%|███▌      | 72/201 [00:58<01:42,  1.25it/s] 36%|███▌      | 72/201 [00:58<01:42,  1.25it/s] 36%|███▌      | 72/201 [00:58<01:42,  1.25it/s] 36%|███▌      | 72/201 [00:58<01:42,  1.25it/s] 36%|███▋      | 73/201 [00:59<01:42,  1.25it/s] 36%|███▋      | 73/201 [00:59<01:42,  1.25it/s] 36%|███▋      | 73/201 [00:59<01:42,  1.25it/s] 36%|███▋      | 73/201 [00:59<01:42,  1.25it/s] 37%|███▋      | 74/201 [01:00<01:41,  1.26it/s] 37%|███▋      | 74/201 [01:00<01:41,  1.26it/s] 37%|███▋      | 74/201 [01:00<01:41,  1.26it/s] 37%|███▋      | 74/201 [01:00<01:41,  1.26it/s] 37%|███▋      | 75/201 [01:01<01:46,  1.18it/s] 37%|███▋      | 75/201 [01:01<01:46,  1.18it/s] 37%|███▋      | 75/201 [01:01<01:46,  1.18it/s] 37%|███▋      | 75/201 [01:01<01:46,  1.18it/s] 38%|███▊      | 76/201 [01:02<01:43,  1.21it/s] 38%|███▊      | 76/201 [01:02<01:43,  1.21it/s] 38%|███▊      | 76/201 [01:02<01:43,  1.21it/s] 38%|███▊      | 76/201 [01:02<01:43,  1.21it/s] 38%|███▊      | 77/201 [01:02<01:40,  1.24it/s] 38%|███▊      | 77/201 [01:02<01:40,  1.24it/s] 38%|███▊      | 77/201 [01:02<01:40,  1.24it/s] 38%|███▊      | 77/201 [01:02<01:40,  1.24it/s] 39%|███▉      | 78/201 [01:03<01:44,  1.18it/s] 39%|███▉      | 78/201 [01:03<01:44,  1.18it/s] 39%|███▉      | 78/201 [01:03<01:44,  1.18it/s] 39%|███▉      | 78/201 [01:03<01:44,  1.18it/s] 39%|███▉      | 79/201 [01:04<01:39,  1.23it/s] 39%|███▉      | 79/201 [01:04<01:39,  1.23it/s] 39%|███▉      | 79/201 [01:04<01:39,  1.23it/s] 39%|███▉      | 79/201 [01:04<01:39,  1.23it/s] 40%|███▉      | 80/201 [01:05<01:42,  1.18it/s] 40%|███▉      | 80/201 [01:05<01:42,  1.18it/s] 40%|███▉      | 80/201 [01:05<01:42,  1.18it/s] 40%|███▉      | 80/201 [01:05<01:42,  1.18it/s] 40%|████      | 81/201 [01:06<01:40,  1.19it/s] 40%|████      | 81/201 [01:06<01:40,  1.19it/s] 40%|████      | 81/201 [01:06<01:40,  1.19it/s] 40%|████      | 81/201 [01:06<01:40,  1.19it/s] 41%|████      | 82/201 [01:06<01:37,  1.22it/s] 41%|████      | 82/201 [01:06<01:37,  1.22it/s] 41%|████      | 82/201 [01:06<01:37,  1.22it/s] 41%|████      | 82/201 [01:06<01:37,  1.22it/s] 41%|████▏     | 83/201 [01:07<01:34,  1.25it/s] 41%|████▏     | 83/201 [01:07<01:34,  1.25it/s] 41%|████▏     | 83/201 [01:07<01:34,  1.25it/s] 41%|████▏     | 83/201 [01:07<01:34,  1.25it/s] 42%|████▏     | 84/201 [01:08<01:36,  1.22it/s] 42%|████▏     | 84/201 [01:08<01:36,  1.22it/s] 42%|████▏     | 84/201 [01:08<01:36,  1.22it/s] 42%|████▏     | 84/201 [01:08<01:36,  1.22it/s] 42%|████▏     | 85/201 [01:09<01:31,  1.27it/s] 42%|████▏     | 85/201 [01:09<01:31,  1.27it/s] 42%|████▏     | 85/201 [01:09<01:31,  1.27it/s] 42%|████▏     | 85/201 [01:09<01:31,  1.27it/s] 43%|████▎     | 86/201 [01:10<01:31,  1.26it/s] 43%|████▎     | 86/201 [01:10<01:31,  1.26it/s] 43%|████▎     | 86/201 [01:10<01:31,  1.26it/s] 43%|████▎     | 86/201 [01:10<01:31,  1.26it/s] 43%|████▎     | 87/201 [01:11<01:36,  1.18it/s] 43%|████▎     | 87/201 [01:11<01:36,  1.18it/s] 43%|████▎     | 87/201 [01:11<01:36,  1.18it/s] 43%|████▎     | 87/201 [01:11<01:36,  1.18it/s] 44%|████▍     | 88/201 [01:11<01:32,  1.22it/s] 44%|████▍     | 88/201 [01:11<01:32,  1.22it/s] 44%|████▍     | 88/201 [01:11<01:32,  1.22it/s] 44%|████▍     | 88/201 [01:11<01:32,  1.22it/s] 44%|████▍     | 89/201 [01:12<01:30,  1.23it/s] 44%|████▍     | 89/201 [01:12<01:30,  1.23it/s] 44%|████▍     | 89/201 [01:12<01:30,  1.23it/s] 44%|████▍     | 89/201 [01:12<01:30,  1.23it/s] 45%|████▍     | 90/201 [01:13<01:27,  1.27it/s] 45%|████▍     | 90/201 [01:13<01:27,  1.27it/s] 45%|████▍     | 90/201 [01:13<01:27,  1.27it/s] 45%|████▍     | 90/201 [01:13<01:27,  1.27it/s] 45%|████▌     | 91/201 [01:14<01:31,  1.20it/s] 45%|████▌     | 91/201 [01:14<01:31,  1.20it/s] 45%|████▌     | 91/201 [01:14<01:31,  1.20it/s] 45%|████▌     | 91/201 [01:14<01:31,  1.20it/s] 46%|████▌     | 92/201 [01:15<01:28,  1.23it/s] 46%|████▌     | 92/201 [01:15<01:28,  1.23it/s] 46%|████▌     | 92/201 [01:15<01:28,  1.23it/s] 46%|████▌     | 92/201 [01:15<01:28,  1.23it/s] 46%|████▋     | 93/201 [01:15<01:31,  1.18it/s] 46%|████▋     | 93/201 [01:15<01:31,  1.18it/s] 46%|████▋     | 93/201 [01:15<01:31,  1.18it/s] 46%|████▋     | 93/201 [01:16<01:31,  1.18it/s] 47%|████▋     | 94/201 [01:16<01:29,  1.20it/s] 47%|████▋     | 94/201 [01:16<01:29,  1.20it/s] 47%|████▋     | 94/201 [01:16<01:29,  1.20it/s] 47%|████▋     | 94/201 [01:16<01:29,  1.20it/s] 47%|████▋     | 95/201 [01:17<01:26,  1.23it/s] 47%|████▋     | 95/201 [01:17<01:26,  1.23it/s] 47%|████▋     | 95/201 [01:17<01:26,  1.23it/s] 47%|████▋     | 95/201 [01:17<01:26,  1.23it/s] 48%|████▊     | 96/201 [01:18<01:18,  1.34it/s] 48%|████▊     | 96/201 [01:18<01:18,  1.34it/s] 48%|████▊     | 96/201 [01:18<01:18,  1.34it/s] 48%|████▊     | 96/201 [01:18<01:18,  1.34it/s] 48%|████▊     | 97/201 [01:19<01:23,  1.24it/s] 48%|████▊     | 97/201 [01:19<01:23,  1.24it/s] 48%|████▊     | 97/201 [01:19<01:23,  1.24it/s] 48%|████▊     | 97/201 [01:19<01:23,  1.24it/s] 49%|████▉     | 98/201 [01:19<01:23,  1.24it/s] 49%|████▉     | 98/201 [01:19<01:23,  1.24it/s] 49%|████▉     | 98/201 [01:19<01:23,  1.24it/s] 49%|████▉     | 98/201 [01:19<01:23,  1.24it/s] 49%|████▉     | 99/201 [01:20<01:20,  1.27it/s] 49%|████▉     | 99/201 [01:20<01:20,  1.27it/s] 49%|████▉     | 99/201 [01:20<01:20,  1.27it/s] 49%|████▉     | 99/201 [01:20<01:20,  1.27it/s] 50%|████▉     | 100/201 [01:21<01:29,  1.12it/s] 50%|████▉     | 100/201 [01:21<01:29,  1.12it/s] 50%|████▉     | 100/201 [01:21<01:29,  1.12it/s] 50%|████▉     | 100/201 [01:21<01:29,  1.12it/s] 50%|█████     | 101/201 [01:22<01:25,  1.17it/s] 50%|█████     | 101/201 [01:22<01:25,  1.17it/s] 50%|█████     | 101/201 [01:22<01:25,  1.17it/s] 50%|█████     | 101/201 [01:22<01:25,  1.17it/s] 51%|█████     | 102/201 [01:23<01:23,  1.19it/s] 51%|█████     | 102/201 [01:23<01:23,  1.19it/s] 51%|█████     | 102/201 [01:23<01:23,  1.19it/s] 51%|█████     | 102/201 [01:23<01:23,  1.19it/s] 51%|█████     | 103/201 [01:24<01:20,  1.22it/s] 51%|█████     | 103/201 [01:24<01:20,  1.22it/s] 51%|█████     | 103/201 [01:24<01:20,  1.22it/s] 51%|█████     | 103/201 [01:24<01:20,  1.22it/s] 52%|█████▏    | 104/201 [01:25<01:23,  1.16it/s] 52%|█████▏    | 104/201 [01:25<01:23,  1.16it/s] 52%|█████▏    | 104/201 [01:25<01:23,  1.16it/s] 52%|█████▏    | 104/201 [01:25<01:23,  1.16it/s] 52%|█████▏    | 105/201 [01:25<01:18,  1.22it/s] 52%|█████▏    | 105/201 [01:25<01:18,  1.22it/s] 52%|█████▏    | 105/201 [01:25<01:18,  1.22it/s] 52%|█████▏    | 105/201 [01:25<01:18,  1.22it/s] 53%|█████▎    | 106/201 [01:26<01:21,  1.16it/s] 53%|█████▎    | 106/201 [01:26<01:21,  1.16it/s] 53%|█████▎    | 106/201 [01:26<01:21,  1.16it/s] 53%|█████▎    | 106/201 [01:26<01:21,  1.16it/s] 53%|█████▎    | 107/201 [01:27<01:16,  1.22it/s] 53%|█████▎    | 107/201 [01:27<01:16,  1.22it/s] 53%|█████▎    | 107/201 [01:27<01:16,  1.22it/s] 53%|█████▎    | 107/201 [01:27<01:16,  1.22it/s] 54%|█████▎    | 108/201 [01:28<01:15,  1.23it/s] 54%|█████▎    | 108/201 [01:28<01:15,  1.23it/s] 54%|█████▎    | 108/201 [01:28<01:15,  1.23it/s] 54%|█████▎    | 108/201 [01:28<01:15,  1.23it/s] 54%|█████▍    | 109/201 [01:29<01:13,  1.25it/s] 54%|█████▍    | 109/201 [01:29<01:13,  1.25it/s] 54%|█████▍    | 109/201 [01:29<01:13,  1.25it/s] 54%|█████▍    | 109/201 [01:29<01:13,  1.25it/s] 55%|█████▍    | 110/201 [01:29<01:15,  1.21it/s] 55%|█████▍    | 110/201 [01:29<01:15,  1.21it/s] 55%|█████▍    | 110/201 [01:29<01:15,  1.21it/s] 55%|█████▍    | 110/201 [01:29<01:15,  1.21it/s] 55%|█████▌    | 111/201 [01:30<01:12,  1.24it/s] 55%|█████▌    | 111/201 [01:30<01:12,  1.24it/s] 55%|█████▌    | 111/201 [01:30<01:12,  1.24it/s] 55%|█████▌    | 111/201 [01:30<01:12,  1.24it/s] 56%|█████▌    | 112/201 [01:31<01:15,  1.17it/s] 56%|█████▌    | 112/201 [01:31<01:15,  1.17it/s] 56%|█████▌    | 112/201 [01:31<01:15,  1.17it/s] 56%|█████▌    | 112/201 [01:31<01:15,  1.17it/s] 56%|█████▌    | 113/201 [01:32<01:10,  1.24it/s] 56%|█████▌    | 113/201 [01:32<01:10,  1.24it/s] 56%|█████▌    | 113/201 [01:32<01:10,  1.24it/s] 56%|█████▌    | 113/201 [01:32<01:10,  1.24it/s] 57%|█████▋    | 114/201 [01:33<01:08,  1.27it/s] 57%|█████▋    | 114/201 [01:33<01:08,  1.27it/s] 57%|█████▋    | 114/201 [01:33<01:08,  1.27it/s] 57%|█████▋    | 114/201 [01:33<01:08,  1.27it/s] 57%|█████▋    | 115/201 [01:33<01:06,  1.29it/s] 57%|█████▋    | 115/201 [01:33<01:06,  1.29it/s] 57%|█████▋    | 115/201 [01:33<01:06,  1.29it/s] 57%|█████▋    | 115/201 [01:33<01:06,  1.29it/s] 58%|█████▊    | 116/201 [01:34<01:05,  1.30it/s] 58%|█████▊    | 116/201 [01:34<01:05,  1.30it/s] 58%|█████▊    | 116/201 [01:34<01:05,  1.30it/s] 58%|█████▊    | 116/201 [01:34<01:05,  1.30it/s] 58%|█████▊    | 117/201 [01:35<01:08,  1.23it/s] 58%|█████▊    | 117/201 [01:35<01:08,  1.23it/s] 58%|█████▊    | 117/201 [01:35<01:08,  1.23it/s] 58%|█████▊    | 117/201 [01:35<01:08,  1.23it/s] 59%|█████▊    | 118/201 [01:36<01:09,  1.19it/s] 59%|█████▊    | 118/201 [01:36<01:09,  1.19it/s] 59%|█████▊    | 118/201 [01:36<01:09,  1.19it/s] 59%|█████▊    | 118/201 [01:36<01:09,  1.19it/s] 59%|█████▉    | 119/201 [01:37<01:03,  1.30it/s] 59%|█████▉    | 119/201 [01:37<01:03,  1.30it/s] 59%|█████▉    | 119/201 [01:37<01:03,  1.30it/s] 59%|█████▉    | 119/201 [01:37<01:03,  1.30it/s] 60%|█████▉    | 120/201 [01:37<01:01,  1.31it/s] 60%|█████▉    | 120/201 [01:37<01:01,  1.31it/s] 60%|█████▉    | 120/201 [01:37<01:01,  1.31it/s] 60%|█████▉    | 120/201 [01:37<01:01,  1.31it/s] 60%|██████    | 121/201 [01:38<01:04,  1.24it/s] 60%|██████    | 121/201 [01:38<01:04,  1.24it/s] 60%|██████    | 121/201 [01:38<01:04,  1.24it/s] 60%|██████    | 121/201 [01:38<01:04,  1.24it/s] 61%|██████    | 122/201 [01:39<01:02,  1.26it/s] 61%|██████    | 122/201 [01:39<01:02,  1.26it/s] 61%|██████    | 122/201 [01:39<01:02,  1.26it/s] 61%|██████    | 122/201 [01:39<01:02,  1.26it/s] 61%|██████    | 123/201 [01:40<01:08,  1.13it/s] 61%|██████    | 123/201 [01:40<01:08,  1.13it/s] 61%|██████    | 123/201 [01:40<01:08,  1.13it/s] 61%|██████    | 123/201 [01:40<01:08,  1.13it/s] 62%|██████▏   | 124/201 [01:41<01:06,  1.16it/s] 62%|██████▏   | 124/201 [01:41<01:06,  1.16it/s] 62%|██████▏   | 124/201 [01:41<01:06,  1.16it/s] 62%|██████▏   | 124/201 [01:41<01:06,  1.16it/s] 62%|██████▏   | 125/201 [01:42<01:07,  1.13it/s] 62%|██████▏   | 125/201 [01:42<01:07,  1.13it/s] 62%|██████▏   | 125/201 [01:42<01:07,  1.13it/s] 62%|██████▏   | 125/201 [01:42<01:07,  1.13it/s] 63%|██████▎   | 126/201 [01:43<01:04,  1.17it/s] 63%|██████▎   | 126/201 [01:43<01:04,  1.17it/s] 63%|██████▎   | 126/201 [01:43<01:04,  1.17it/s] 63%|██████▎   | 126/201 [01:43<01:04,  1.17it/s] 63%|██████▎   | 127/201 [01:43<01:00,  1.22it/s] 63%|██████▎   | 127/201 [01:43<01:00,  1.22it/s] 63%|██████▎   | 127/201 [01:43<01:00,  1.22it/s] 63%|██████▎   | 127/201 [01:43<01:00,  1.22it/s] 64%|██████▎   | 128/201 [01:44<00:58,  1.25it/s] 64%|██████▎   | 128/201 [01:44<00:58,  1.25it/s] 64%|██████▎   | 128/201 [01:44<00:58,  1.25it/s] 64%|██████▎   | 128/201 [01:44<00:58,  1.25it/s] 64%|██████▍   | 129/201 [01:45<01:00,  1.19it/s] 64%|██████▍   | 129/201 [01:45<01:00,  1.19it/s] 64%|██████▍   | 129/201 [01:45<01:00,  1.19it/s] 64%|██████▍   | 129/201 [01:45<01:00,  1.19it/s] 65%|██████▍   | 130/201 [01:46<01:02,  1.14it/s] 65%|██████▍   | 130/201 [01:46<01:02,  1.14it/s] 65%|██████▍   | 130/201 [01:46<01:02,  1.14it/s] 65%|██████▍   | 130/201 [01:46<01:02,  1.14it/s] 65%|██████▌   | 131/201 [01:47<01:02,  1.11it/s] 65%|██████▌   | 131/201 [01:47<01:02,  1.11it/s] 65%|██████▌   | 131/201 [01:47<01:02,  1.11it/s] 65%|██████▌   | 131/201 [01:47<01:02,  1.11it/s] 66%|██████▌   | 132/201 [01:48<00:58,  1.18it/s] 66%|██████▌   | 132/201 [01:48<00:58,  1.18it/s] 66%|██████▌   | 132/201 [01:48<00:58,  1.18it/s] 66%|██████▌   | 132/201 [01:48<00:58,  1.18it/s] 66%|██████▌   | 133/201 [01:48<00:54,  1.25it/s] 66%|██████▌   | 133/201 [01:48<00:54,  1.25it/s] 66%|██████▌   | 133/201 [01:48<00:54,  1.25it/s] 66%|██████▌   | 133/201 [01:48<00:54,  1.25it/s] 67%|██████▋   | 134/201 [01:49<00:53,  1.25it/s] 67%|██████▋   | 134/201 [01:49<00:53,  1.25it/s] 67%|██████▋   | 134/201 [01:49<00:53,  1.25it/s] 67%|██████▋   | 134/201 [01:49<00:53,  1.25it/s] 67%|██████▋   | 135/201 [01:50<00:51,  1.28it/s] 67%|██████▋   | 135/201 [01:50<00:51,  1.28it/s] 67%|██████▋   | 135/201 [01:50<00:51,  1.28it/s] 67%|██████▋   | 135/201 [01:50<00:51,  1.28it/s] 68%|██████▊   | 136/201 [01:51<00:53,  1.21it/s] 68%|██████▊   | 136/201 [01:51<00:53,  1.21it/s] 68%|██████▊   | 136/201 [01:51<00:53,  1.21it/s] 68%|██████▊   | 136/201 [01:51<00:53,  1.21it/s] 68%|██████▊   | 137/201 [01:52<00:54,  1.17it/s] 68%|██████▊   | 137/201 [01:52<00:54,  1.17it/s] 68%|██████▊   | 137/201 [01:52<00:54,  1.17it/s] 68%|██████▊   | 137/201 [01:52<00:54,  1.17it/s] 69%|██████▊   | 138/201 [01:53<00:52,  1.20it/s] 69%|██████▊   | 138/201 [01:53<00:52,  1.20it/s] 69%|██████▊   | 138/201 [01:53<00:52,  1.20it/s] 69%|██████▊   | 138/201 [01:53<00:52,  1.20it/s] 69%|██████▉   | 139/201 [01:53<00:49,  1.25it/s] 69%|██████▉   | 139/201 [01:53<00:49,  1.25it/s] 69%|██████▉   | 139/201 [01:53<00:49,  1.25it/s] 69%|██████▉   | 139/201 [01:53<00:49,  1.25it/s] 70%|██████▉   | 140/201 [01:54<00:45,  1.34it/s] 70%|██████▉   | 140/201 [01:54<00:45,  1.34it/s] 70%|██████▉   | 140/201 [01:54<00:45,  1.34it/s] 70%|██████▉   | 140/201 [01:54<00:45,  1.34it/s] 70%|███████   | 141/201 [01:55<00:44,  1.35it/s] 70%|███████   | 141/201 [01:55<00:44,  1.35it/s] 70%|███████   | 141/201 [01:55<00:44,  1.35it/s] 70%|███████   | 141/201 [01:55<00:44,  1.35it/s] 71%|███████   | 142/201 [01:55<00:43,  1.35it/s] 71%|███████   | 142/201 [01:55<00:43,  1.35it/s] 71%|███████   | 142/201 [01:55<00:43,  1.35it/s] 71%|███████   | 142/201 [01:55<00:43,  1.35it/s] 71%|███████   | 143/201 [01:56<00:46,  1.24it/s] 71%|███████   | 143/201 [01:56<00:46,  1.24it/s] 71%|███████   | 143/201 [01:56<00:46,  1.24it/s] 71%|███████   | 143/201 [01:56<00:46,  1.24it/s] 72%|███████▏  | 144/201 [01:57<00:43,  1.32it/s] 72%|███████▏  | 144/201 [01:57<00:43,  1.32it/s] 72%|███████▏  | 144/201 [01:57<00:43,  1.32it/s] 72%|███████▏  | 144/201 [01:57<00:43,  1.32it/s] 72%|███████▏  | 145/201 [01:58<00:41,  1.34it/s] 72%|███████▏  | 145/201 [01:58<00:41,  1.34it/s] 72%|███████▏  | 145/201 [01:58<00:41,  1.34it/s] 72%|███████▏  | 145/201 [01:58<00:41,  1.34it/s] 73%|███████▎  | 146/201 [01:58<00:41,  1.33it/s] 73%|███████▎  | 146/201 [01:58<00:41,  1.33it/s] 73%|███████▎  | 146/201 [01:58<00:41,  1.33it/s] 73%|███████▎  | 146/201 [01:58<00:41,  1.33it/s] 73%|███████▎  | 147/201 [01:59<00:40,  1.32it/s] 73%|███████▎  | 147/201 [01:59<00:40,  1.32it/s] 73%|███████▎  | 147/201 [01:59<00:40,  1.32it/s] 73%|███████▎  | 147/201 [01:59<00:40,  1.32it/s] 74%|███████▎  | 148/201 [02:00<00:40,  1.32it/s] 74%|███████▎  | 148/201 [02:00<00:40,  1.32it/s] 74%|███████▎  | 148/201 [02:00<00:40,  1.32it/s] 74%|███████▎  | 148/201 [02:00<00:40,  1.32it/s] 74%|███████▍  | 149/201 [02:01<00:42,  1.22it/s] 74%|███████▍  | 149/201 [02:01<00:42,  1.22it/s] 74%|███████▍  | 149/201 [02:01<00:42,  1.22it/s] 74%|███████▍  | 149/201 [02:01<00:42,  1.22it/s] 75%|███████▍  | 150/201 [02:02<00:43,  1.16it/s] 75%|███████▍  | 150/201 [02:02<00:43,  1.16it/s] 75%|███████▍  | 150/201 [02:02<00:43,  1.16it/s] 75%|███████▍  | 150/201 [02:02<00:43,  1.16it/s] 75%|███████▌  | 151/201 [02:03<00:41,  1.20it/s] 75%|███████▌  | 151/201 [02:03<00:41,  1.20it/s] 75%|███████▌  | 151/201 [02:03<00:41,  1.20it/s] 75%|███████▌  | 151/201 [02:03<00:41,  1.20it/s] 76%|███████▌  | 152/201 [02:03<00:39,  1.24it/s] 76%|███████▌  | 152/201 [02:03<00:39,  1.24it/s] 76%|███████▌  | 152/201 [02:03<00:39,  1.24it/s] 76%|███████▌  | 152/201 [02:03<00:39,  1.24it/s] 76%|███████▌  | 153/201 [02:04<00:38,  1.25it/s] 76%|███████▌  | 153/201 [02:04<00:38,  1.25it/s] 76%|███████▌  | 153/201 [02:04<00:38,  1.25it/s] 76%|███████▌  | 153/201 [02:04<00:38,  1.25it/s] 77%|███████▋  | 154/201 [02:05<00:37,  1.25it/s] 77%|███████▋  | 154/201 [02:05<00:37,  1.25it/s] 77%|███████▋  | 154/201 [02:05<00:37,  1.25it/s] 77%|███████▋  | 154/201 [02:05<00:37,  1.25it/s] 77%|███████▋  | 155/201 [02:06<00:36,  1.26it/s] 77%|███████▋  | 155/201 [02:06<00:36,  1.26it/s] 77%|███████▋  | 155/201 [02:06<00:36,  1.26it/s] 77%|███████▋  | 155/201 [02:06<00:36,  1.26it/s] 78%|███████▊  | 156/201 [02:07<00:37,  1.19it/s] 78%|███████▊  | 156/201 [02:07<00:37,  1.19it/s] 78%|███████▊  | 156/201 [02:07<00:37,  1.19it/s] 78%|███████▊  | 156/201 [02:07<00:37,  1.19it/s] 78%|███████▊  | 157/201 [02:07<00:35,  1.24it/s] 78%|███████▊  | 157/201 [02:07<00:35,  1.24it/s] 78%|███████▊  | 157/201 [02:07<00:35,  1.24it/s] 78%|███████▊  | 157/201 [02:07<00:35,  1.24it/s] 79%|███████▊  | 158/201 [02:08<00:33,  1.27it/s] 79%|███████▊  | 158/201 [02:08<00:33,  1.27it/s] 79%|███████▊  | 158/201 [02:08<00:33,  1.27it/s] 79%|███████▊  | 158/201 [02:08<00:33,  1.27it/s] 79%|███████▉  | 159/201 [02:09<00:32,  1.30it/s] 79%|███████▉  | 159/201 [02:09<00:32,  1.30it/s] 79%|███████▉  | 159/201 [02:09<00:32,  1.30it/s] 79%|███████▉  | 159/201 [02:09<00:32,  1.30it/s] 80%|███████▉  | 160/201 [02:10<00:31,  1.31it/s] 80%|███████▉  | 160/201 [02:10<00:31,  1.31it/s] 80%|███████▉  | 160/201 [02:10<00:31,  1.31it/s] 80%|███████▉  | 160/201 [02:10<00:31,  1.31it/s] 80%|████████  | 161/201 [02:10<00:30,  1.31it/s] 80%|████████  | 161/201 [02:10<00:30,  1.31it/s] 80%|████████  | 161/201 [02:10<00:30,  1.31it/s] 80%|████████  | 161/201 [02:10<00:30,  1.31it/s] 81%|████████  | 162/201 [02:11<00:32,  1.21it/s] 81%|████████  | 162/201 [02:11<00:32,  1.21it/s] 81%|████████  | 162/201 [02:11<00:32,  1.21it/s] 81%|████████  | 162/201 [02:11<00:32,  1.21it/s] 81%|████████  | 163/201 [02:12<00:30,  1.23it/s] 81%|████████  | 163/201 [02:12<00:30,  1.23it/s] 81%|████████  | 163/201 [02:12<00:30,  1.23it/s] 81%|████████  | 163/201 [02:12<00:30,  1.23it/s] 82%|████████▏ | 164/201 [02:13<00:29,  1.25it/s] 82%|████████▏ | 164/201 [02:13<00:29,  1.25it/s] 82%|████████▏ | 164/201 [02:13<00:29,  1.25it/s] 82%|████████▏ | 164/201 [02:13<00:29,  1.25it/s] 82%|████████▏ | 165/201 [02:14<00:26,  1.35it/s] 82%|████████▏ | 165/201 [02:14<00:26,  1.35it/s] 82%|████████▏ | 165/201 [02:14<00:26,  1.35it/s] 82%|████████▏ | 165/201 [02:14<00:26,  1.35it/s] 83%|████████▎ | 166/201 [02:14<00:25,  1.35it/s] 83%|████████▎ | 166/201 [02:14<00:25,  1.35it/s] 83%|████████▎ | 166/201 [02:14<00:25,  1.35it/s] 83%|████████▎ | 166/201 [02:14<00:25,  1.35it/s] 83%|████████▎ | 167/201 [02:15<00:24,  1.36it/s] 83%|████████▎ | 167/201 [02:15<00:24,  1.36it/s] 83%|████████▎ | 167/201 [02:15<00:24,  1.36it/s] 83%|████████▎ | 167/201 [02:15<00:24,  1.36it/s] 84%|████████▎ | 168/201 [02:16<00:26,  1.26it/s] 84%|████████▎ | 168/201 [02:16<00:26,  1.26it/s] 84%|████████▎ | 168/201 [02:16<00:26,  1.26it/s] 84%|████████▎ | 168/201 [02:16<00:26,  1.26it/s] 84%|████████▍ | 169/201 [02:17<00:26,  1.21it/s] 84%|████████▍ | 169/201 [02:17<00:26,  1.21it/s] 84%|████████▍ | 169/201 [02:17<00:26,  1.21it/s] 84%|████████▍ | 169/201 [02:17<00:26,  1.21it/s] 85%|████████▍ | 170/201 [02:18<00:24,  1.25it/s] 85%|████████▍ | 170/201 [02:18<00:24,  1.25it/s] 85%|████████▍ | 170/201 [02:18<00:24,  1.25it/s] 85%|████████▍ | 170/201 [02:18<00:24,  1.25it/s] 85%|████████▌ | 171/201 [02:18<00:23,  1.28it/s] 85%|████████▌ | 171/201 [02:18<00:23,  1.28it/s] 85%|████████▌ | 171/201 [02:18<00:23,  1.28it/s] 85%|████████▌ | 171/201 [02:18<00:23,  1.28it/s] 86%|████████▌ | 172/201 [02:19<00:22,  1.28it/s] 86%|████████▌ | 172/201 [02:19<00:22,  1.28it/s] 86%|████████▌ | 172/201 [02:19<00:22,  1.28it/s] 86%|████████▌ | 172/201 [02:19<00:22,  1.28it/s] 86%|████████▌ | 173/201 [02:20<00:20,  1.36it/s] 86%|████████▌ | 173/201 [02:20<00:20,  1.36it/s] 86%|████████▌ | 173/201 [02:20<00:20,  1.36it/s] 86%|████████▌ | 173/201 [02:20<00:20,  1.36it/s] 87%|████████▋ | 174/201 [02:21<00:20,  1.33it/s] 87%|████████▋ | 174/201 [02:21<00:20,  1.33it/s] 87%|████████▋ | 174/201 [02:21<00:20,  1.33it/s] 87%|████████▋ | 174/201 [02:21<00:20,  1.33it/s] 87%|████████▋ | 175/201 [02:21<00:21,  1.23it/s] 87%|████████▋ | 175/201 [02:21<00:21,  1.23it/s] 87%|████████▋ | 175/201 [02:21<00:21,  1.23it/s] 87%|████████▋ | 175/201 [02:21<00:21,  1.23it/s] 88%|████████▊ | 176/201 [02:22<00:20,  1.24it/s] 88%|████████▊ | 176/201 [02:22<00:20,  1.24it/s] 88%|████████▊ | 176/201 [02:22<00:20,  1.24it/s] 88%|████████▊ | 176/201 [02:22<00:20,  1.24it/s] 88%|████████▊ | 177/201 [02:23<00:18,  1.27it/s] 88%|████████▊ | 177/201 [02:23<00:18,  1.27it/s] 88%|████████▊ | 177/201 [02:23<00:18,  1.27it/s] 88%|████████▊ | 177/201 [02:23<00:18,  1.27it/s] 89%|████████▊ | 178/201 [02:24<00:17,  1.29it/s] 89%|████████▊ | 178/201 [02:24<00:17,  1.29it/s] 89%|████████▊ | 178/201 [02:24<00:17,  1.29it/s] 89%|████████▊ | 178/201 [02:24<00:17,  1.29it/s] 89%|████████▉ | 179/201 [02:24<00:16,  1.30it/s] 89%|████████▉ | 179/201 [02:24<00:16,  1.30it/s] 89%|████████▉ | 179/201 [02:24<00:16,  1.30it/s] 89%|████████▉ | 179/201 [02:24<00:16,  1.30it/s] 90%|████████▉ | 180/201 [02:25<00:16,  1.29it/s] 90%|████████▉ | 180/201 [02:25<00:16,  1.29it/s] 90%|████████▉ | 180/201 [02:25<00:16,  1.29it/s] 90%|████████▉ | 180/201 [02:25<00:16,  1.29it/s] 90%|█████████ | 181/201 [02:26<00:16,  1.18it/s] 90%|█████████ | 181/201 [02:26<00:16,  1.18it/s] 90%|█████████ | 181/201 [02:26<00:16,  1.18it/s] 90%|█████████ | 181/201 [02:26<00:16,  1.18it/s] 91%|█████████ | 182/201 [02:27<00:15,  1.21it/s] 91%|█████████ | 182/201 [02:27<00:15,  1.21it/s] 91%|█████████ | 182/201 [02:27<00:15,  1.21it/s] 91%|█████████ | 182/201 [02:27<00:15,  1.21it/s] 91%|█████████ | 183/201 [02:28<00:13,  1.32it/s] 91%|█████████ | 183/201 [02:28<00:13,  1.32it/s] 91%|█████████ | 183/201 [02:28<00:13,  1.32it/s] 91%|█████████ | 183/201 [02:28<00:13,  1.32it/s] 92%|█████████▏| 184/201 [02:28<00:13,  1.31it/s] 92%|█████████▏| 184/201 [02:28<00:13,  1.31it/s] 92%|█████████▏| 184/201 [02:28<00:13,  1.31it/s] 92%|█████████▏| 184/201 [02:28<00:13,  1.31it/s] 92%|█████████▏| 185/201 [02:29<00:12,  1.29it/s] 92%|█████████▏| 185/201 [02:29<00:12,  1.29it/s] 92%|█████████▏| 185/201 [02:29<00:12,  1.29it/s] 92%|█████████▏| 185/201 [02:29<00:12,  1.29it/s] 93%|█████████▎| 186/201 [02:30<00:11,  1.29it/s] 93%|█████████▎| 186/201 [02:30<00:11,  1.29it/s] 93%|█████████▎| 186/201 [02:30<00:11,  1.29it/s] 93%|█████████▎| 186/201 [02:30<00:11,  1.29it/s] 93%|█████████▎| 187/201 [02:31<00:10,  1.28it/s] 93%|█████████▎| 187/201 [02:31<00:10,  1.28it/s] 93%|█████████▎| 187/201 [02:31<00:10,  1.28it/s] 93%|█████████▎| 187/201 [02:31<00:10,  1.28it/s] 94%|█████████▎| 188/201 [02:32<00:10,  1.23it/s] 94%|█████████▎| 188/201 [02:32<00:10,  1.23it/s] 94%|█████████▎| 188/201 [02:32<00:10,  1.23it/s] 94%|█████████▎| 188/201 [02:32<00:10,  1.23it/s] 94%|█████████▍| 189/201 [02:32<00:09,  1.25it/s] 94%|█████████▍| 189/201 [02:32<00:09,  1.25it/s] 94%|█████████▍| 189/201 [02:32<00:09,  1.25it/s] 94%|█████████▍| 189/201 [02:32<00:09,  1.25it/s] 95%|█████████▍| 190/201 [02:33<00:08,  1.33it/s] 95%|█████████▍| 190/201 [02:33<00:08,  1.33it/s] 95%|█████████▍| 190/201 [02:33<00:08,  1.33it/s] 95%|█████████▍| 190/201 [02:33<00:08,  1.33it/s] 95%|█████████▌| 191/201 [02:34<00:07,  1.33it/s] 95%|█████████▌| 191/201 [02:34<00:07,  1.33it/s] 95%|█████████▌| 191/201 [02:34<00:07,  1.33it/s] 95%|█████████▌| 191/201 [02:34<00:07,  1.33it/s] 96%|█████████▌| 192/201 [02:35<00:06,  1.32it/s] 96%|█████████▌| 192/201 [02:35<00:06,  1.32it/s] 96%|█████████▌| 192/201 [02:35<00:06,  1.32it/s] 96%|█████████▌| 192/201 [02:35<00:06,  1.32it/s] 96%|█████████▌| 193/201 [02:36<00:06,  1.20it/s] 96%|█████████▌| 193/201 [02:36<00:06,  1.21it/s] 96%|█████████▌| 193/201 [02:36<00:06,  1.20it/s] 96%|█████████▌| 193/201 [02:36<00:06,  1.20it/s] 97%|█████████▋| 194/201 [02:36<00:05,  1.23it/s] 97%|█████████▋| 194/201 [02:36<00:05,  1.23it/s] 97%|█████████▋| 194/201 [02:36<00:05,  1.23it/s] 97%|█████████▋| 194/201 [02:36<00:05,  1.23it/s] 97%|█████████▋| 195/201 [02:37<00:04,  1.23it/s] 97%|█████████▋| 195/201 [02:37<00:04,  1.23it/s] 97%|█████████▋| 195/201 [02:37<00:04,  1.23it/s] 97%|█████████▋| 195/201 [02:37<00:04,  1.23it/s] 98%|█████████▊| 196/201 [02:38<00:04,  1.25it/s] 98%|█████████▊| 196/201 [02:38<00:04,  1.25it/s] 98%|█████████▊| 196/201 [02:38<00:04,  1.25it/s] 98%|█████████▊| 196/201 [02:38<00:04,  1.25it/s] 98%|█████████▊| 197/201 [02:39<00:03,  1.27it/s] 98%|█████████▊| 197/201 [02:39<00:03,  1.27it/s] 98%|█████████▊| 197/201 [02:39<00:03,  1.27it/s] 98%|█████████▊| 197/201 [02:39<00:03,  1.27it/s] 99%|█████████▊| 198/201 [02:39<00:02,  1.30it/s] 99%|█████████▊| 198/201 [02:39<00:02,  1.30it/s] 99%|█████████▊| 198/201 [02:39<00:02,  1.30it/s] 99%|█████████▊| 198/201 [02:39<00:02,  1.30it/s] 99%|█████████▉| 199/201 [02:40<00:01,  1.33it/s] 99%|█████████▉| 199/201 [02:40<00:01,  1.33it/s] 99%|█████████▉| 199/201 [02:40<00:01,  1.33it/s] 99%|█████████▉| 199/201 [02:40<00:01,  1.33it/s]100%|█████████▉| 200/201 [02:41<00:00,  1.30it/s]100%|█████████▉| 200/201 [02:41<00:00,  1.30it/s]100%|█████████▉| 200/201 [02:41<00:00,  1.30it/s]100%|█████████▉| 200/201 [02:41<00:00,  1.30it/s]100%|██████████| 201/201 [02:42<00:00,  1.29it/s]100%|██████████| 201/201 [02:42<00:00,  1.29it/s]100%|██████████| 201/201 [02:42<00:00,  1.29it/s]100%|██████████| 201/201 [02:42<00:00,  1.29it/s]100%|██████████| 201/201 [02:42<00:00,  1.24it/s]
100%|██████████| 201/201 [02:42<00:00,  1.24it/s]
100%|██████████| 201/201 [02:42<00:00,  1.24it/s]
100%|██████████| 201/201 [02:42<00:00,  1.24it/s]
Model checkpointing attempts: 0.
Stored epoch 4 model checkpoint to ./checkpoints/parquet_dataset/parquet_dataset__model_nlyrs_4_nheads_4_hdim_64__pred_ovrlap_F_npreds_4__nlyrs_2_activ_relunenc_1__lr_0.0002828_start_0.001_final_0_20251112_231724/epoch_4.pth.
Training loss has improved 1 times since last caching the model. Caching now.
/home/aminmohamadi_squareup_com/projects/.hermit/python/lib/python3.11/site-packages/torch/distributed/distributed_c10d.py:4876: UserWarning: barrier(): using the device under current context. You can specify `device_id` in `init_process_group` to mute this warning.
  warnings.warn(  # warn only once
##############################Training epoch: 6/10##############################
  0%|          | 0/201 [00:00<?, ?it/s]  0%|          | 0/201 [00:00<?, ?it/s]  0%|          | 0/201 [00:00<?, ?it/s]  0%|          | 0/201 [00:00<?, ?it/s]  0%|          | 1/201 [00:00<02:42,  1.23it/s]  0%|          | 1/201 [00:00<02:42,  1.23it/s]  0%|          | 1/201 [00:00<02:42,  1.23it/s]  0%|          | 1/201 [00:00<03:10,  1.05it/s]  1%|          | 2/201 [00:01<02:32,  1.31it/s]  1%|          | 2/201 [00:01<02:37,  1.27it/s]  1%|          | 2/201 [00:01<02:37,  1.27it/s]  1%|          | 2/201 [00:01<02:37,  1.27it/s]  1%|▏         | 3/201 [00:02<02:22,  1.39it/s]  1%|▏         | 3/201 [00:02<02:22,  1.39it/s]  1%|▏         | 3/201 [00:02<02:19,  1.42it/s]  1%|▏         | 3/201 [00:02<02:22,  1.39it/s]  2%|▏         | 4/201 [00:02<02:13,  1.48it/s]  2%|▏         | 4/201 [00:02<02:13,  1.48it/s]  2%|▏         | 4/201 [00:02<02:11,  1.49it/s]  2%|▏         | 4/201 [00:02<02:13,  1.48it/s]  2%|▏         | 5/201 [00:03<02:32,  1.29it/s]  2%|▏         | 5/201 [00:03<02:31,  1.29it/s]  2%|▏         | 5/201 [00:03<02:32,  1.29it/s]  2%|▏         | 5/201 [00:03<02:32,  1.29it/s]  3%|▎         | 6/201 [00:04<02:40,  1.22it/s]  3%|▎         | 6/201 [00:04<02:39,  1.22it/s]  3%|▎         | 6/201 [00:04<02:40,  1.22it/s]  3%|▎         | 6/201 [00:04<02:40,  1.22it/s]  3%|▎         | 7/201 [00:05<02:35,  1.25it/s]  3%|▎         | 7/201 [00:05<02:35,  1.25it/s]  3%|▎         | 7/201 [00:05<02:35,  1.25it/s]  3%|▎         | 7/201 [00:05<02:35,  1.25it/s]  4%|▍         | 8/201 [00:06<02:33,  1.26it/s]  4%|▍         | 8/201 [00:06<02:33,  1.26it/s]  4%|▍         | 8/201 [00:06<02:33,  1.26it/s]  4%|▍         | 8/201 [00:06<02:33,  1.26it/s]  4%|▍         | 9/201 [00:07<02:32,  1.26it/s]  4%|▍         | 9/201 [00:07<02:32,  1.26it/s]  4%|▍         | 9/201 [00:07<02:32,  1.26it/s]  4%|▍         | 9/201 [00:07<02:32,  1.26it/s]  5%|▍         | 10/201 [00:07<02:29,  1.28it/s]  5%|▍         | 10/201 [00:07<02:29,  1.28it/s]  5%|▍         | 10/201 [00:07<02:28,  1.28it/s]  5%|▍         | 10/201 [00:07<02:29,  1.28it/s]  5%|▌         | 11/201 [00:08<02:40,  1.18it/s]  5%|▌         | 11/201 [00:08<02:40,  1.18it/s]  5%|▌         | 11/201 [00:08<02:40,  1.18it/s]  5%|▌         | 11/201 [00:08<02:40,  1.18it/s]  6%|▌         | 12/201 [00:09<02:35,  1.22it/s]  6%|▌         | 12/201 [00:09<02:35,  1.22it/s]  6%|▌         | 12/201 [00:09<02:35,  1.22it/s]  6%|▌         | 12/201 [00:09<02:35,  1.22it/s]  6%|▋         | 13/201 [00:10<02:32,  1.23it/s]  6%|▋         | 13/201 [00:10<02:32,  1.23it/s]  6%|▋         | 13/201 [00:10<02:32,  1.23it/s]  6%|▋         | 13/201 [00:10<02:32,  1.23it/s]  7%|▋         | 14/201 [00:11<02:29,  1.25it/s]  7%|▋         | 14/201 [00:11<02:29,  1.25it/s]  7%|▋         | 14/201 [00:11<02:29,  1.25it/s]  7%|▋         | 14/201 [00:11<02:29,  1.25it/s]  7%|▋         | 15/201 [00:11<02:29,  1.25it/s]  7%|▋         | 15/201 [00:11<02:29,  1.25it/s]  7%|▋         | 15/201 [00:11<02:29,  1.25it/s]  7%|▋         | 15/201 [00:11<02:29,  1.25it/s]  8%|▊         | 16/201 [00:12<02:25,  1.27it/s]  8%|▊         | 16/201 [00:12<02:25,  1.27it/s]  8%|▊         | 16/201 [00:12<02:25,  1.27it/s]  8%|▊         | 16/201 [00:12<02:25,  1.27it/s]  8%|▊         | 17/201 [00:13<02:16,  1.35it/s]  8%|▊         | 17/201 [00:13<02:16,  1.35it/s]  8%|▊         | 17/201 [00:13<02:16,  1.35it/s]  8%|▊         | 17/201 [00:13<02:16,  1.35it/s]  9%|▉         | 18/201 [00:14<02:19,  1.31it/s]  9%|▉         | 18/201 [00:14<02:19,  1.31it/s]  9%|▉         | 18/201 [00:14<02:19,  1.31it/s]  9%|▉         | 18/201 [00:14<02:19,  1.31it/s]  9%|▉         | 19/201 [00:14<02:11,  1.39it/s]  9%|▉         | 19/201 [00:14<02:11,  1.39it/s]  9%|▉         | 19/201 [00:14<02:11,  1.39it/s]  9%|▉         | 19/201 [00:14<02:11,  1.39it/s] 10%|▉         | 20/201 [00:15<02:14,  1.34it/s] 10%|▉         | 20/201 [00:15<02:14,  1.34it/s] 10%|▉         | 20/201 [00:15<02:14,  1.34it/s] 10%|▉         | 20/201 [00:15<02:14,  1.34it/s] 10%|█         | 21/201 [00:16<02:06,  1.42it/s] 10%|█         | 21/201 [00:16<02:06,  1.42it/s] 10%|█         | 21/201 [00:16<02:06,  1.42it/s] 10%|█         | 21/201 [00:16<02:06,  1.42it/s] 11%|█         | 22/201 [00:16<02:06,  1.41it/s] 11%|█         | 22/201 [00:16<02:06,  1.41it/s] 11%|█         | 22/201 [00:16<02:06,  1.41it/s] 11%|█         | 22/201 [00:16<02:06,  1.41it/s] 11%|█▏        | 23/201 [00:17<02:05,  1.42it/s] 11%|█▏        | 23/201 [00:17<02:05,  1.42it/s] 11%|█▏        | 23/201 [00:17<02:05,  1.42it/s] 11%|█▏        | 23/201 [00:17<02:05,  1.42it/s] 12%|█▏        | 24/201 [00:18<02:19,  1.27it/s] 12%|█▏        | 24/201 [00:18<02:19,  1.27it/s] 12%|█▏        | 24/201 [00:18<02:19,  1.27it/s] 12%|█▏        | 24/201 [00:18<02:19,  1.27it/s] 12%|█▏        | 25/201 [00:19<02:18,  1.27it/s] 12%|█▏        | 25/201 [00:19<02:18,  1.27it/s] 12%|█▏        | 25/201 [00:19<02:18,  1.27it/s] 12%|█▏        | 25/201 [00:19<02:18,  1.27it/s] 13%|█▎        | 26/201 [00:20<02:14,  1.30it/s] 13%|█▎        | 26/201 [00:20<02:14,  1.30it/s] 13%|█▎        | 26/201 [00:20<02:14,  1.30it/s] 13%|█▎        | 26/201 [00:20<02:14,  1.30it/s] 13%|█▎        | 27/201 [00:20<02:12,  1.31it/s] 13%|█▎        | 27/201 [00:20<02:12,  1.31it/s] 13%|█▎        | 27/201 [00:20<02:12,  1.31it/s] 13%|█▎        | 27/201 [00:20<02:12,  1.31it/s] 14%|█▍        | 28/201 [00:21<02:12,  1.30it/s] 14%|█▍        | 28/201 [00:21<02:12,  1.30it/s] 14%|█▍        | 28/201 [00:21<02:12,  1.30it/s] 14%|█▍        | 28/201 [00:21<02:12,  1.30it/s] 14%|█▍        | 29/201 [00:22<02:12,  1.30it/s] 14%|█▍        | 29/201 [00:22<02:12,  1.30it/s] 14%|█▍        | 29/201 [00:22<02:12,  1.30it/s] 14%|█▍        | 29/201 [00:22<02:12,  1.30it/s] 15%|█▍        | 30/201 [00:23<02:20,  1.22it/s] 15%|█▍        | 30/201 [00:23<02:20,  1.22it/s] 15%|█▍        | 30/201 [00:23<02:20,  1.22it/s] 15%|█▍        | 30/201 [00:23<02:20,  1.22it/s] 15%|█▌        | 31/201 [00:23<02:10,  1.31it/s] 15%|█▌        | 31/201 [00:23<02:10,  1.31it/s] 15%|█▌        | 31/201 [00:23<02:10,  1.31it/s] 15%|█▌        | 31/201 [00:23<02:10,  1.31it/s] 16%|█▌        | 32/201 [00:24<02:09,  1.31it/s] 16%|█▌        | 32/201 [00:24<02:09,  1.31it/s] 16%|█▌        | 32/201 [00:24<02:09,  1.31it/s] 16%|█▌        | 32/201 [00:24<02:09,  1.31it/s] 16%|█▋        | 33/201 [00:25<02:07,  1.31it/s] 16%|█▋        | 33/201 [00:25<02:07,  1.31it/s] 16%|█▋        | 33/201 [00:25<02:07,  1.31it/s] 16%|█▋        | 33/201 [00:25<02:07,  1.31it/s] 17%|█▋        | 34/201 [00:26<02:07,  1.31it/s] 17%|█▋        | 34/201 [00:26<02:07,  1.31it/s] 17%|█▋        | 34/201 [00:26<02:07,  1.31it/s] 17%|█▋        | 34/201 [00:26<02:07,  1.31it/s] 17%|█▋        | 35/201 [00:26<02:04,  1.33it/s] 17%|█▋        | 35/201 [00:26<02:04,  1.33it/s] 17%|█▋        | 35/201 [00:26<02:04,  1.33it/s] 17%|█▋        | 35/201 [00:26<02:04,  1.33it/s] 18%|█▊        | 36/201 [00:27<02:11,  1.26it/s] 18%|█▊        | 36/201 [00:27<02:11,  1.26it/s] 18%|█▊        | 36/201 [00:27<02:11,  1.26it/s] 18%|█▊        | 36/201 [00:27<02:11,  1.26it/s] 18%|█▊        | 37/201 [00:28<02:18,  1.19it/s] 18%|█▊        | 37/201 [00:28<02:18,  1.19it/s] 18%|█▊        | 37/201 [00:28<02:18,  1.19it/s] 18%|█▊        | 37/201 [00:28<02:18,  1.19it/s] 19%|█▉        | 38/201 [00:29<02:05,  1.30it/s] 19%|█▉        | 38/201 [00:29<02:05,  1.30it/s] 19%|█▉        | 38/201 [00:29<02:05,  1.30it/s] 19%|█▉        | 38/201 [00:29<02:05,  1.30it/s] 19%|█▉        | 39/201 [00:30<02:02,  1.33it/s] 19%|█▉        | 39/201 [00:30<02:02,  1.33it/s] 19%|█▉        | 39/201 [00:30<02:02,  1.33it/s] 19%|█▉        | 39/201 [00:30<02:02,  1.33it/s] 20%|█▉        | 40/201 [00:30<02:02,  1.31it/s] 20%|█▉        | 40/201 [00:30<02:02,  1.31it/s] 20%|█▉        | 40/201 [00:30<02:02,  1.31it/s] 20%|█▉        | 40/201 [00:30<02:02,  1.31it/s] 20%|██        | 41/201 [00:31<01:59,  1.33it/s] 20%|██        | 41/201 [00:31<01:59,  1.33it/s] 20%|██        | 41/201 [00:31<01:59,  1.33it/s] 20%|██        | 41/201 [00:31<01:59,  1.33it/s] 21%|██        | 42/201 [00:32<02:08,  1.24it/s] 21%|██        | 42/201 [00:32<02:08,  1.24it/s] 21%|██        | 42/201 [00:32<02:08,  1.24it/s] 21%|██        | 42/201 [00:32<02:08,  1.24it/s] 21%|██▏       | 43/201 [00:33<02:07,  1.24it/s] 21%|██▏       | 43/201 [00:33<02:07,  1.24it/s] 21%|██▏       | 43/201 [00:33<02:07,  1.24it/s] 21%|██▏       | 43/201 [00:33<02:07,  1.24it/s] 22%|██▏       | 44/201 [00:34<02:06,  1.24it/s] 22%|██▏       | 44/201 [00:34<02:06,  1.24it/s] 22%|██▏       | 44/201 [00:34<02:06,  1.24it/s] 22%|██▏       | 44/201 [00:34<02:06,  1.24it/s] 22%|██▏       | 45/201 [00:34<01:56,  1.34it/s] 22%|██▏       | 45/201 [00:34<01:56,  1.34it/s] 22%|██▏       | 45/201 [00:34<01:56,  1.34it/s] 22%|██▏       | 45/201 [00:34<01:56,  1.34it/s] 23%|██▎       | 46/201 [00:35<01:56,  1.33it/s] 23%|██▎       | 46/201 [00:35<01:56,  1.33it/s] 23%|██▎       | 46/201 [00:35<01:56,  1.33it/s] 23%|██▎       | 46/201 [00:35<01:56,  1.33it/s] 23%|██▎       | 47/201 [00:36<01:56,  1.32it/s] 23%|██▎       | 47/201 [00:36<01:56,  1.32it/s] 23%|██▎       | 47/201 [00:36<01:56,  1.32it/s] 23%|██▎       | 47/201 [00:36<01:56,  1.32it/s] 24%|██▍       | 48/201 [00:37<01:54,  1.33it/s] 24%|██▍       | 48/201 [00:37<01:54,  1.33it/s] 24%|██▍       | 48/201 [00:37<01:54,  1.33it/s] 24%|██▍       | 48/201 [00:37<01:54,  1.33it/s] 24%|██▍       | 49/201 [00:38<02:05,  1.21it/s] 24%|██▍       | 49/201 [00:38<02:05,  1.21it/s] 24%|██▍       | 49/201 [00:38<02:05,  1.21it/s] 24%|██▍       | 49/201 [00:38<02:05,  1.21it/s] 25%|██▍       | 50/201 [00:38<02:02,  1.24it/s] 25%|██▍       | 50/201 [00:38<02:02,  1.24it/s] 25%|██▍       | 50/201 [00:38<02:02,  1.24it/s] 25%|██▍       | 50/201 [00:38<02:02,  1.24it/s] 25%|██▌       | 51/201 [00:39<02:00,  1.25it/s] 25%|██▌       | 51/201 [00:39<02:00,  1.25it/s] 25%|██▌       | 51/201 [00:39<02:00,  1.25it/s] 25%|██▌       | 51/201 [00:39<02:00,  1.25it/s] 26%|██▌       | 52/201 [00:40<01:58,  1.25it/s] 26%|██▌       | 52/201 [00:40<01:58,  1.25it/s] 26%|██▌       | 52/201 [00:40<01:58,  1.25it/s] 26%|██▌       | 52/201 [00:40<01:58,  1.25it/s] 26%|██▋       | 53/201 [00:41<01:56,  1.27it/s] 26%|██▋       | 53/201 [00:41<01:56,  1.27it/s] 26%|██▋       | 53/201 [00:41<01:56,  1.27it/s] 26%|██▋       | 53/201 [00:41<01:56,  1.27it/s] 27%|██▋       | 54/201 [00:41<01:56,  1.26it/s] 27%|██▋       | 54/201 [00:41<01:56,  1.26it/s] 27%|██▋       | 54/201 [00:41<01:56,  1.26it/s] 27%|██▋       | 54/201 [00:41<01:56,  1.26it/s] 27%|██▋       | 55/201 [00:42<01:59,  1.22it/s] 27%|██▋       | 55/201 [00:42<01:59,  1.22it/s] 27%|██▋       | 55/201 [00:42<01:59,  1.22it/s] 27%|██▋       | 55/201 [00:42<01:59,  1.22it/s] 28%|██▊       | 56/201 [00:43<02:02,  1.19it/s] 28%|██▊       | 56/201 [00:43<02:02,  1.19it/s] 28%|██▊       | 56/201 [00:43<02:02,  1.19it/s] 28%|██▊       | 56/201 [00:43<02:02,  1.19it/s] 28%|██▊       | 57/201 [00:44<01:57,  1.22it/s] 28%|██▊       | 57/201 [00:44<01:57,  1.22it/s] 28%|██▊       | 57/201 [00:44<01:57,  1.22it/s] 28%|██▊       | 57/201 [00:44<01:57,  1.22it/s] 29%|██▉       | 58/201 [00:45<01:52,  1.28it/s] 29%|██▉       | 58/201 [00:45<01:51,  1.28it/s] 29%|██▉       | 58/201 [00:45<01:51,  1.28it/s] 29%|██▉       | 58/201 [00:45<01:52,  1.28it/s] 29%|██▉       | 59/201 [00:45<01:50,  1.29it/s] 29%|██▉       | 59/201 [00:45<01:50,  1.29it/s] 29%|██▉       | 59/201 [00:45<01:50,  1.29it/s] 29%|██▉       | 59/201 [00:45<01:50,  1.29it/s] 30%|██▉       | 60/201 [00:46<01:43,  1.37it/s] 30%|██▉       | 60/201 [00:46<01:43,  1.37it/s] 30%|██▉       | 60/201 [00:46<01:43,  1.37it/s] 30%|██▉       | 60/201 [00:46<01:43,  1.37it/s] 30%|███       | 61/201 [00:47<01:46,  1.31it/s] 30%|███       | 61/201 [00:47<01:46,  1.31it/s] 30%|███       | 61/201 [00:47<01:46,  1.31it/s] 30%|███       | 61/201 [00:47<01:46,  1.31it/s] 31%|███       | 62/201 [00:48<01:50,  1.25it/s] 31%|███       | 62/201 [00:48<01:50,  1.25it/s] 31%|███       | 62/201 [00:48<01:50,  1.25it/s] 31%|███       | 62/201 [00:48<01:50,  1.25it/s] 31%|███▏      | 63/201 [00:49<01:48,  1.28it/s] 31%|███▏      | 63/201 [00:49<01:48,  1.28it/s] 31%|███▏      | 63/201 [00:49<01:48,  1.28it/s] 31%|███▏      | 63/201 [00:49<01:48,  1.28it/s] 32%|███▏      | 64/201 [00:49<01:48,  1.26it/s] 32%|███▏      | 64/201 [00:49<01:48,  1.26it/s] 32%|███▏      | 64/201 [00:49<01:48,  1.26it/s] 32%|███▏      | 64/201 [00:49<01:48,  1.26it/s] 32%|███▏      | 65/201 [00:50<01:44,  1.31it/s] 32%|███▏      | 65/201 [00:50<01:44,  1.31it/s] 32%|███▏      | 65/201 [00:50<01:44,  1.31it/s] 32%|███▏      | 65/201 [00:50<01:44,  1.31it/s] 33%|███▎      | 66/201 [00:51<01:42,  1.32it/s] 33%|███▎      | 66/201 [00:51<01:42,  1.32it/s] 33%|███▎      | 66/201 [00:51<01:42,  1.32it/s] 33%|███▎      | 66/201 [00:51<01:42,  1.32it/s] 33%|███▎      | 67/201 [00:52<01:41,  1.32it/s] 33%|███▎      | 67/201 [00:52<01:41,  1.32it/s] 33%|███▎      | 67/201 [00:52<01:41,  1.32it/s] 33%|███▎      | 67/201 [00:52<01:41,  1.32it/s] 34%|███▍      | 68/201 [00:53<01:49,  1.22it/s] 34%|███▍      | 68/201 [00:53<01:49,  1.22it/s] 34%|███▍      | 68/201 [00:53<01:49,  1.22it/s] 34%|███▍      | 68/201 [00:53<01:49,  1.22it/s] 34%|███▍      | 69/201 [00:53<01:54,  1.15it/s] 34%|███▍      | 69/201 [00:53<01:54,  1.15it/s] 34%|███▍      | 69/201 [00:53<01:54,  1.15it/s] 34%|███▍      | 69/201 [00:53<01:54,  1.15it/s] 35%|███▍      | 70/201 [00:54<01:49,  1.20it/s] 35%|███▍      | 70/201 [00:54<01:49,  1.20it/s] 35%|███▍      | 70/201 [00:54<01:49,  1.20it/s] 35%|███▍      | 70/201 [00:54<01:49,  1.20it/s] 35%|███▌      | 71/201 [00:55<01:46,  1.22it/s] 35%|███▌      | 71/201 [00:55<01:46,  1.22it/s] 35%|███▌      | 71/201 [00:55<01:46,  1.22it/s] 35%|███▌      | 71/201 [00:55<01:46,  1.22it/s] 36%|███▌      | 72/201 [00:56<01:45,  1.23it/s] 36%|███▌      | 72/201 [00:56<01:45,  1.23it/s] 36%|███▌      | 72/201 [00:56<01:45,  1.23it/s] 36%|███▌      | 72/201 [00:56<01:45,  1.23it/s] 36%|███▋      | 73/201 [00:57<01:43,  1.24it/s] 36%|███▋      | 73/201 [00:57<01:43,  1.24it/s] 36%|███▋      | 73/201 [00:57<01:43,  1.24it/s] 36%|███▋      | 73/201 [00:57<01:43,  1.24it/s] 37%|███▋      | 74/201 [00:58<01:48,  1.17it/s] 37%|███▋      | 74/201 [00:58<01:48,  1.17it/s] 37%|███▋      | 74/201 [00:58<01:48,  1.17it/s] 37%|███▋      | 74/201 [00:58<01:48,  1.17it/s] 37%|███▋      | 75/201 [00:59<01:49,  1.15it/s] 37%|███▋      | 75/201 [00:59<01:49,  1.15it/s] 37%|███▋      | 75/201 [00:59<01:49,  1.15it/s] 37%|███▋      | 75/201 [00:59<01:49,  1.15it/s] 38%|███▊      | 76/201 [00:59<01:44,  1.20it/s] 38%|███▊      | 76/201 [00:59<01:44,  1.20it/s] 38%|███▊      | 76/201 [00:59<01:44,  1.20it/s] 38%|███▊      | 76/201 [00:59<01:44,  1.20it/s] 38%|███▊      | 77/201 [01:00<01:39,  1.25it/s] 38%|███▊      | 77/201 [01:00<01:39,  1.25it/s] 38%|███▊      | 77/201 [01:00<01:39,  1.25it/s] 38%|███▊      | 77/201 [01:00<01:39,  1.25it/s] 39%|███▉      | 78/201 [01:01<01:36,  1.28it/s] 39%|███▉      | 78/201 [01:01<01:36,  1.28it/s] 39%|███▉      | 78/201 [01:01<01:36,  1.28it/s] 39%|███▉      | 78/201 [01:01<01:36,  1.28it/s] 39%|███▉      | 79/201 [01:01<01:29,  1.36it/s] 39%|███▉      | 79/201 [01:01<01:29,  1.36it/s] 39%|███▉      | 79/201 [01:01<01:29,  1.36it/s] 39%|███▉      | 79/201 [01:01<01:29,  1.36it/s] 40%|███▉      | 80/201 [01:02<01:38,  1.23it/s] 40%|███▉      | 80/201 [01:02<01:38,  1.23it/s] 40%|███▉      | 80/201 [01:02<01:38,  1.23it/s] 40%|███▉      | 80/201 [01:02<01:38,  1.23it/s] 40%|████      | 81/201 [01:03<01:33,  1.29it/s] 40%|████      | 81/201 [01:03<01:33,  1.29it/s] 40%|████      | 81/201 [01:03<01:33,  1.29it/s] 40%|████      | 81/201 [01:03<01:33,  1.29it/s] 41%|████      | 82/201 [01:04<01:36,  1.24it/s] 41%|████      | 82/201 [01:04<01:36,  1.24it/s] 41%|████      | 82/201 [01:04<01:36,  1.24it/s] 41%|████      | 82/201 [01:04<01:36,  1.24it/s] 41%|████▏     | 83/201 [01:05<01:32,  1.28it/s] 41%|████▏     | 83/201 [01:05<01:32,  1.28it/s] 41%|████▏     | 83/201 [01:05<01:32,  1.28it/s] 41%|████▏     | 83/201 [01:05<01:32,  1.28it/s] 42%|████▏     | 84/201 [01:05<01:29,  1.30it/s] 42%|████▏     | 84/201 [01:05<01:29,  1.30it/s] 42%|████▏     | 84/201 [01:05<01:29,  1.30it/s] 42%|████▏     | 84/201 [01:05<01:29,  1.30it/s] 42%|████▏     | 85/201 [01:06<01:27,  1.32it/s] 42%|████▏     | 85/201 [01:06<01:27,  1.32it/s] 42%|████▏     | 85/201 [01:06<01:27,  1.32it/s] 42%|████▏     | 85/201 [01:06<01:27,  1.32it/s] 43%|████▎     | 86/201 [01:07<01:33,  1.23it/s] 43%|████▎     | 86/201 [01:07<01:33,  1.23it/s] 43%|████▎     | 86/201 [01:07<01:33,  1.23it/s] 43%|████▎     | 86/201 [01:07<01:33,  1.23it/s] 43%|████▎     | 87/201 [01:08<01:36,  1.19it/s] 43%|████▎     | 87/201 [01:08<01:36,  1.19it/s] 43%|████▎     | 87/201 [01:08<01:36,  1.19it/s] 43%|████▎     | 87/201 [01:08<01:36,  1.19it/s] 44%|████▍     | 88/201 [01:09<01:38,  1.15it/s] 44%|████▍     | 88/201 [01:09<01:38,  1.15it/s] 44%|████▍     | 88/201 [01:09<01:38,  1.15it/s] 44%|████▍     | 88/201 [01:09<01:38,  1.15it/s] 44%|████▍     | 89/201 [01:10<01:28,  1.26it/s] 44%|████▍     | 89/201 [01:10<01:28,  1.26it/s] 44%|████▍     | 89/201 [01:10<01:28,  1.26it/s] 44%|████▍     | 89/201 [01:10<01:28,  1.26it/s] 45%|████▍     | 90/201 [01:10<01:27,  1.27it/s] 45%|████▍     | 90/201 [01:10<01:27,  1.27it/s] 45%|████▍     | 90/201 [01:10<01:27,  1.27it/s] 45%|████▍     | 90/201 [01:10<01:27,  1.27it/s] 45%|████▌     | 91/201 [01:11<01:20,  1.36it/s] 45%|████▌     | 91/201 [01:11<01:20,  1.36it/s] 45%|████▌     | 91/201 [01:11<01:20,  1.36it/s] 45%|████▌     | 91/201 [01:11<01:20,  1.36it/s] 46%|████▌     | 92/201 [01:12<01:19,  1.38it/s] 46%|████▌     | 92/201 [01:12<01:19,  1.38it/s] 46%|████▌     | 92/201 [01:12<01:19,  1.38it/s] 46%|████▌     | 92/201 [01:12<01:19,  1.38it/s] 46%|████▋     | 93/201 [01:13<01:25,  1.27it/s] 46%|████▋     | 93/201 [01:13<01:25,  1.27it/s] 46%|████▋     | 93/201 [01:13<01:25,  1.27it/s] 46%|████▋     | 93/201 [01:13<01:25,  1.27it/s] 47%|████▋     | 94/201 [01:13<01:24,  1.27it/s] 47%|████▋     | 94/201 [01:13<01:24,  1.27it/s] 47%|████▋     | 94/201 [01:13<01:24,  1.27it/s] 47%|████▋     | 94/201 [01:13<01:24,  1.27it/s] 47%|████▋     | 95/201 [01:14<01:27,  1.22it/s] 47%|████▋     | 95/201 [01:14<01:27,  1.22it/s] 47%|████▋     | 95/201 [01:14<01:27,  1.22it/s] 47%|████▋     | 95/201 [01:14<01:27,  1.22it/s] 48%|████▊     | 96/201 [01:15<01:22,  1.27it/s] 48%|████▊     | 96/201 [01:15<01:22,  1.27it/s] 48%|████▊     | 96/201 [01:15<01:22,  1.27it/s] 48%|████▊     | 96/201 [01:15<01:22,  1.27it/s] 48%|████▊     | 97/201 [01:16<01:21,  1.27it/s] 48%|████▊     | 97/201 [01:16<01:21,  1.27it/s] 48%|████▊     | 97/201 [01:16<01:21,  1.27it/s] 48%|████▊     | 97/201 [01:16<01:21,  1.27it/s] 49%|████▉     | 98/201 [01:16<01:18,  1.31it/s] 49%|████▉     | 98/201 [01:16<01:18,  1.31it/s] 49%|████▉     | 98/201 [01:16<01:18,  1.31it/s] 49%|████▉     | 98/201 [01:16<01:18,  1.31it/s] 49%|████▉     | 99/201 [01:17<01:19,  1.28it/s] 49%|████▉     | 99/201 [01:17<01:19,  1.28it/s] 49%|████▉     | 99/201 [01:17<01:19,  1.28it/s] 49%|████▉     | 99/201 [01:17<01:19,  1.28it/s] 50%|████▉     | 100/201 [01:18<01:17,  1.30it/s] 50%|████▉     | 100/201 [01:18<01:17,  1.30it/s] 50%|████▉     | 100/201 [01:18<01:17,  1.30it/s] 50%|████▉     | 100/201 [01:18<01:17,  1.30it/s] 50%|█████     | 101/201 [01:19<01:19,  1.25it/s] 50%|█████     | 101/201 [01:19<01:19,  1.25it/s] 50%|█████     | 101/201 [01:19<01:19,  1.25it/s] 50%|█████     | 101/201 [01:19<01:19,  1.25it/s] 51%|█████     | 102/201 [01:19<01:13,  1.35it/s] 51%|█████     | 102/201 [01:19<01:13,  1.36it/s] 51%|█████     | 102/201 [01:19<01:13,  1.36it/s] 51%|█████     | 102/201 [01:19<01:13,  1.35it/s] 51%|█████     | 103/201 [01:20<01:12,  1.35it/s] 51%|█████     | 103/201 [01:20<01:12,  1.35it/s] 51%|█████     | 103/201 [01:20<01:12,  1.35it/s] 51%|█████     | 103/201 [01:20<01:12,  1.35it/s] 52%|█████▏    | 104/201 [01:21<01:08,  1.42it/s] 52%|█████▏    | 104/201 [01:21<01:08,  1.42it/s] 52%|█████▏    | 104/201 [01:21<01:08,  1.42it/s] 52%|█████▏    | 104/201 [01:21<01:08,  1.42it/s] 52%|█████▏    | 105/201 [01:22<01:14,  1.29it/s] 52%|█████▏    | 105/201 [01:22<01:14,  1.29it/s] 52%|█████▏    | 105/201 [01:22<01:14,  1.29it/s] 52%|█████▏    | 105/201 [01:22<01:14,  1.29it/s] 53%|█████▎    | 106/201 [01:23<01:13,  1.29it/s] 53%|█████▎    | 106/201 [01:23<01:13,  1.29it/s] 53%|█████▎    | 106/201 [01:23<01:13,  1.29it/s] 53%|█████▎    | 106/201 [01:23<01:13,  1.29it/s] 53%|█████▎    | 107/201 [01:23<01:11,  1.32it/s] 53%|█████▎    | 107/201 [01:23<01:11,  1.32it/s] 53%|█████▎    | 107/201 [01:23<01:11,  1.32it/s] 53%|█████▎    | 107/201 [01:23<01:11,  1.32it/s] 54%|█████▎    | 108/201 [01:24<01:14,  1.25it/s] 54%|█████▎    | 108/201 [01:24<01:14,  1.25it/s] 54%|█████▎    | 108/201 [01:24<01:14,  1.25it/s] 54%|█████▎    | 108/201 [01:24<01:14,  1.25it/s] 54%|█████▍    | 109/201 [01:25<01:08,  1.35it/s] 54%|█████▍    | 109/201 [01:25<01:08,  1.35it/s] 54%|█████▍    | 109/201 [01:25<01:08,  1.35it/s] 54%|█████▍    | 109/201 [01:25<01:08,  1.35it/s] 55%|█████▍    | 110/201 [01:26<01:09,  1.32it/s] 55%|█████▍    | 110/201 [01:26<01:09,  1.32it/s] 55%|█████▍    | 110/201 [01:26<01:09,  1.32it/s] 55%|█████▍    | 110/201 [01:26<01:09,  1.32it/s] 55%|█████▌    | 111/201 [01:27<01:14,  1.21it/s] 55%|█████▌    | 111/201 [01:27<01:14,  1.21it/s] 55%|█████▌    | 111/201 [01:27<01:14,  1.21it/s] 55%|█████▌    | 111/201 [01:27<01:14,  1.21it/s] 56%|█████▌    | 112/201 [01:27<01:12,  1.22it/s] 56%|█████▌    | 112/201 [01:27<01:12,  1.22it/s] 56%|█████▌    | 112/201 [01:27<01:12,  1.22it/s] 56%|█████▌    | 112/201 [01:27<01:12,  1.22it/s] 56%|█████▌    | 113/201 [01:28<01:10,  1.24it/s] 56%|█████▌    | 113/201 [01:28<01:10,  1.24it/s] 56%|█████▌    | 113/201 [01:28<01:10,  1.24it/s] 56%|█████▌    | 113/201 [01:28<01:10,  1.24it/s] 57%|█████▋    | 114/201 [01:29<01:12,  1.20it/s] 57%|█████▋    | 114/201 [01:29<01:12,  1.20it/s] 57%|█████▋    | 114/201 [01:29<01:12,  1.20it/s] 57%|█████▋    | 114/201 [01:29<01:12,  1.20it/s] 57%|█████▋    | 115/201 [01:30<01:08,  1.26it/s] 57%|█████▋    | 115/201 [01:30<01:08,  1.26it/s] 57%|█████▋    | 115/201 [01:30<01:08,  1.26it/s] 57%|█████▋    | 115/201 [01:30<01:08,  1.26it/s] 58%|█████▊    | 116/201 [01:30<01:06,  1.28it/s] 58%|█████▊    | 116/201 [01:30<01:06,  1.28it/s] 58%|█████▊    | 116/201 [01:30<01:06,  1.28it/s] 58%|█████▊    | 116/201 [01:30<01:06,  1.28it/s] 58%|█████▊    | 117/201 [01:31<01:06,  1.27it/s] 58%|█████▊    | 117/201 [01:31<01:06,  1.27it/s] 58%|█████▊    | 117/201 [01:31<01:06,  1.27it/s] 58%|█████▊    | 117/201 [01:31<01:06,  1.27it/s] 59%|█████▊    | 118/201 [01:32<01:09,  1.19it/s] 59%|█████▊    | 118/201 [01:32<01:09,  1.19it/s] 59%|█████▊    | 118/201 [01:32<01:09,  1.19it/s] 59%|█████▊    | 118/201 [01:32<01:09,  1.19it/s] 59%|█████▉    | 119/201 [01:33<01:06,  1.24it/s] 59%|█████▉    | 119/201 [01:33<01:06,  1.24it/s] 59%|█████▉    | 119/201 [01:33<01:06,  1.24it/s] 59%|█████▉    | 119/201 [01:33<01:06,  1.24it/s] 60%|█████▉    | 120/201 [01:34<01:05,  1.24it/s] 60%|█████▉    | 120/201 [01:34<01:05,  1.24it/s] 60%|█████▉    | 120/201 [01:34<01:05,  1.24it/s] 60%|█████▉    | 120/201 [01:34<01:05,  1.24it/s] 60%|██████    | 121/201 [01:35<01:04,  1.24it/s] 60%|██████    | 121/201 [01:35<01:04,  1.24it/s] 60%|██████    | 121/201 [01:35<01:04,  1.24it/s] 60%|██████    | 121/201 [01:35<01:04,  1.24it/s] 61%|██████    | 122/201 [01:35<01:01,  1.28it/s] 61%|██████    | 122/201 [01:35<01:01,  1.28it/s] 61%|██████    | 122/201 [01:35<01:01,  1.28it/s] 61%|██████    | 122/201 [01:35<01:01,  1.28it/s] 61%|██████    | 123/201 [01:36<01:00,  1.28it/s] 61%|██████    | 123/201 [01:36<01:00,  1.28it/s] 61%|██████    | 123/201 [01:36<01:00,  1.28it/s] 61%|██████    | 123/201 [01:36<01:00,  1.28it/s] 62%|██████▏   | 124/201 [01:37<01:02,  1.23it/s] 62%|██████▏   | 124/201 [01:37<01:02,  1.23it/s] 62%|██████▏   | 124/201 [01:37<01:02,  1.23it/s] 62%|██████▏   | 124/201 [01:37<01:02,  1.23it/s] 62%|██████▏   | 125/201 [01:38<01:00,  1.26it/s] 62%|██████▏   | 125/201 [01:38<01:00,  1.26it/s] 62%|██████▏   | 125/201 [01:38<01:00,  1.26it/s] 62%|██████▏   | 125/201 [01:38<01:00,  1.26it/s] 63%|██████▎   | 126/201 [01:38<00:57,  1.30it/s] 63%|██████▎   | 126/201 [01:38<00:57,  1.30it/s] 63%|██████▎   | 126/201 [01:38<00:57,  1.30it/s] 63%|██████▎   | 126/201 [01:38<00:57,  1.30it/s] 63%|██████▎   | 127/201 [01:39<00:59,  1.25it/s] 63%|██████▎   | 127/201 [01:39<00:59,  1.25it/s] 63%|██████▎   | 127/201 [01:39<00:59,  1.25it/s] 63%|██████▎   | 127/201 [01:39<00:59,  1.25it/s] 64%|██████▎   | 128/201 [01:40<00:58,  1.25it/s] 64%|██████▎   | 128/201 [01:40<00:58,  1.25it/s] 64%|██████▎   | 128/201 [01:40<00:58,  1.25it/s] 64%|██████▎   | 128/201 [01:40<00:58,  1.25it/s] 64%|██████▍   | 129/201 [01:41<00:53,  1.34it/s] 64%|██████▍   | 129/201 [01:41<00:53,  1.34it/s] 64%|██████▍   | 129/201 [01:41<00:53,  1.34it/s] 64%|██████▍   | 129/201 [01:41<00:53,  1.34it/s] 65%|██████▍   | 130/201 [01:42<01:00,  1.17it/s] 65%|██████▍   | 130/201 [01:42<01:00,  1.17it/s] 65%|██████▍   | 130/201 [01:42<01:00,  1.17it/s] 65%|██████▍   | 130/201 [01:42<01:00,  1.17it/s] 65%|██████▌   | 131/201 [01:43<00:57,  1.21it/s] 65%|██████▌   | 131/201 [01:43<00:57,  1.21it/s] 65%|██████▌   | 131/201 [01:43<00:57,  1.21it/s] 65%|██████▌   | 131/201 [01:43<00:57,  1.21it/s] 66%|██████▌   | 132/201 [01:43<00:54,  1.26it/s] 66%|██████▌   | 132/201 [01:43<00:54,  1.26it/s] 66%|██████▌   | 132/201 [01:43<00:54,  1.26it/s] 66%|██████▌   | 132/201 [01:43<00:54,  1.26it/s] 66%|██████▌   | 133/201 [01:44<00:52,  1.29it/s] 66%|██████▌   | 133/201 [01:44<00:52,  1.29it/s] 66%|██████▌   | 133/201 [01:44<00:52,  1.29it/s] 66%|██████▌   | 133/201 [01:44<00:52,  1.29it/s] 67%|██████▋   | 134/201 [01:45<00:51,  1.30it/s] 67%|██████▋   | 134/201 [01:45<00:51,  1.30it/s] 67%|██████▋   | 134/201 [01:45<00:51,  1.30it/s] 67%|██████▋   | 134/201 [01:45<00:51,  1.30it/s] 67%|██████▋   | 135/201 [01:46<00:50,  1.30it/s] 67%|██████▋   | 135/201 [01:46<00:50,  1.30it/s] 67%|██████▋   | 135/201 [01:46<00:50,  1.30it/s] 67%|██████▋   | 135/201 [01:46<00:50,  1.30it/s] 68%|██████▊   | 136/201 [01:46<00:50,  1.28it/s] 68%|██████▊   | 136/201 [01:46<00:50,  1.28it/s] 68%|██████▊   | 136/201 [01:46<00:50,  1.28it/s] 68%|██████▊   | 136/201 [01:46<00:50,  1.28it/s] 68%|██████▊   | 137/201 [01:47<00:46,  1.37it/s] 68%|██████▊   | 137/201 [01:47<00:46,  1.37it/s] 68%|██████▊   | 137/201 [01:47<00:46,  1.37it/s] 68%|██████▊   | 137/201 [01:47<00:46,  1.37it/s] 69%|██████▊   | 138/201 [01:48<00:46,  1.36it/s] 69%|██████▊   | 138/201 [01:48<00:46,  1.36it/s] 69%|██████▊   | 138/201 [01:48<00:46,  1.36it/s] 69%|██████▊   | 138/201 [01:48<00:46,  1.36it/s] 69%|██████▉   | 139/201 [01:48<00:45,  1.37it/s] 69%|██████▉   | 139/201 [01:48<00:45,  1.37it/s] 69%|██████▉   | 139/201 [01:48<00:45,  1.37it/s] 69%|██████▉   | 139/201 [01:48<00:45,  1.36it/s] 70%|██████▉   | 140/201 [01:49<00:44,  1.38it/s] 70%|██████▉   | 140/201 [01:49<00:44,  1.38it/s] 70%|██████▉   | 140/201 [01:49<00:44,  1.38it/s] 70%|██████▉   | 140/201 [01:49<00:44,  1.38it/s] 70%|███████   | 141/201 [01:50<00:47,  1.26it/s] 70%|███████   | 141/201 [01:50<00:47,  1.26it/s] 70%|███████   | 141/201 [01:50<00:47,  1.26it/s] 70%|███████   | 141/201 [01:50<00:47,  1.26it/s] 71%|███████   | 142/201 [01:51<00:45,  1.30it/s] 71%|███████   | 142/201 [01:51<00:45,  1.30it/s] 71%|███████   | 142/201 [01:51<00:45,  1.30it/s] 71%|███████   | 142/201 [01:51<00:45,  1.30it/s] 71%|███████   | 143/201 [01:52<00:47,  1.22it/s] 71%|███████   | 143/201 [01:52<00:47,  1.22it/s] 71%|███████   | 143/201 [01:52<00:47,  1.22it/s] 71%|███████   | 143/201 [01:52<00:47,  1.22it/s] 72%|███████▏  | 144/201 [01:53<00:45,  1.24it/s] 72%|███████▏  | 144/201 [01:53<00:45,  1.24it/s] 72%|███████▏  | 144/201 [01:53<00:45,  1.24it/s] 72%|███████▏  | 144/201 [01:53<00:45,  1.24it/s] 72%|███████▏  | 145/201 [01:53<00:44,  1.26it/s] 72%|███████▏  | 145/201 [01:53<00:44,  1.26it/s] 72%|███████▏  | 145/201 [01:53<00:44,  1.26it/s] 72%|███████▏  | 145/201 [01:53<00:44,  1.26it/s] 73%|███████▎  | 146/201 [01:54<00:42,  1.29it/s] 73%|███████▎  | 146/201 [01:54<00:42,  1.29it/s] 73%|███████▎  | 146/201 [01:54<00:42,  1.29it/s] 73%|███████▎  | 146/201 [01:54<00:42,  1.29it/s] 73%|███████▎  | 147/201 [01:55<00:42,  1.28it/s] 73%|███████▎  | 147/201 [01:55<00:42,  1.28it/s] 73%|███████▎  | 147/201 [01:55<00:42,  1.28it/s] 73%|███████▎  | 147/201 [01:55<00:42,  1.28it/s] 74%|███████▎  | 148/201 [01:56<00:41,  1.27it/s] 74%|███████▎  | 148/201 [01:56<00:41,  1.27it/s] 74%|███████▎  | 148/201 [01:56<00:41,  1.27it/s] 74%|███████▎  | 148/201 [01:56<00:41,  1.27it/s] 74%|███████▍  | 149/201 [01:57<00:42,  1.21it/s] 74%|███████▍  | 149/201 [01:57<00:42,  1.21it/s] 74%|███████▍  | 149/201 [01:57<00:42,  1.21it/s] 74%|███████▍  | 149/201 [01:57<00:42,  1.21it/s] 75%|███████▍  | 150/201 [01:57<00:39,  1.30it/s] 75%|███████▍  | 150/201 [01:57<00:39,  1.30it/s] 75%|███████▍  | 150/201 [01:57<00:39,  1.30it/s] 75%|███████▍  | 150/201 [01:57<00:39,  1.30it/s] 75%|███████▌  | 151/201 [01:58<00:38,  1.29it/s] 75%|███████▌  | 151/201 [01:58<00:38,  1.29it/s] 75%|███████▌  | 151/201 [01:58<00:38,  1.29it/s] 75%|███████▌  | 151/201 [01:58<00:38,  1.29it/s] 76%|███████▌  | 152/201 [01:59<00:37,  1.30it/s] 76%|███████▌  | 152/201 [01:59<00:37,  1.30it/s] 76%|███████▌  | 152/201 [01:59<00:37,  1.30it/s] 76%|███████▌  | 152/201 [01:59<00:37,  1.30it/s] 76%|███████▌  | 153/201 [02:00<00:39,  1.22it/s] 76%|███████▌  | 153/201 [02:00<00:39,  1.22it/s] 76%|███████▌  | 153/201 [02:00<00:39,  1.22it/s] 76%|███████▌  | 153/201 [02:00<00:39,  1.22it/s] 77%|███████▋  | 154/201 [02:00<00:37,  1.25it/s] 77%|███████▋  | 154/201 [02:00<00:37,  1.25it/s] 77%|███████▋  | 154/201 [02:00<00:37,  1.25it/s] 77%|███████▋  | 154/201 [02:00<00:37,  1.25it/s] 77%|███████▋  | 155/201 [02:01<00:38,  1.19it/s] 77%|███████▋  | 155/201 [02:01<00:38,  1.19it/s] 77%|███████▋  | 155/201 [02:01<00:38,  1.19it/s] 77%|███████▋  | 155/201 [02:01<00:38,  1.19it/s] 78%|███████▊  | 156/201 [02:02<00:36,  1.24it/s] 78%|███████▊  | 156/201 [02:02<00:36,  1.24it/s] 78%|███████▊  | 156/201 [02:02<00:36,  1.24it/s] 78%|███████▊  | 156/201 [02:02<00:36,  1.24it/s] 78%|███████▊  | 157/201 [02:03<00:32,  1.34it/s] 78%|███████▊  | 157/201 [02:03<00:32,  1.34it/s] 78%|███████▊  | 157/201 [02:03<00:32,  1.34it/s] 78%|███████▊  | 157/201 [02:03<00:32,  1.34it/s] 79%|███████▊  | 158/201 [02:03<00:32,  1.33it/s] 79%|███████▊  | 158/201 [02:03<00:32,  1.33it/s] 79%|███████▊  | 158/201 [02:03<00:32,  1.33it/s] 79%|███████▊  | 158/201 [02:03<00:32,  1.33it/s] 79%|███████▉  | 159/201 [02:04<00:32,  1.28it/s] 79%|███████▉  | 159/201 [02:04<00:32,  1.28it/s] 79%|███████▉  | 159/201 [02:04<00:32,  1.28it/s] 79%|███████▉  | 159/201 [02:04<00:32,  1.28it/s] 80%|███████▉  | 160/201 [02:05<00:30,  1.35it/s] 80%|███████▉  | 160/201 [02:05<00:30,  1.35it/s] 80%|███████▉  | 160/201 [02:05<00:30,  1.35it/s] 80%|███████▉  | 160/201 [02:05<00:30,  1.35it/s] 80%|████████  | 161/201 [02:06<00:31,  1.26it/s] 80%|████████  | 161/201 [02:06<00:31,  1.26it/s] 80%|████████  | 161/201 [02:06<00:31,  1.26it/s] 80%|████████  | 161/201 [02:06<00:31,  1.25it/s] 81%|████████  | 162/201 [02:07<00:30,  1.27it/s] 81%|████████  | 162/201 [02:07<00:30,  1.27it/s] 81%|████████  | 162/201 [02:07<00:30,  1.27it/s] 81%|████████  | 162/201 [02:07<00:30,  1.27it/s] 81%|████████  | 163/201 [02:07<00:29,  1.30it/s] 81%|████████  | 163/201 [02:07<00:29,  1.30it/s] 81%|████████  | 163/201 [02:07<00:29,  1.30it/s] 81%|████████  | 163/201 [02:07<00:29,  1.30it/s] 82%|████████▏ | 164/201 [02:08<00:28,  1.29it/s] 82%|████████▏ | 164/201 [02:08<00:28,  1.29it/s] 82%|████████▏ | 164/201 [02:08<00:28,  1.29it/s] 82%|████████▏ | 164/201 [02:08<00:28,  1.29it/s] 82%|████████▏ | 165/201 [02:09<00:27,  1.31it/s] 82%|████████▏ | 165/201 [02:09<00:27,  1.31it/s] 82%|████████▏ | 165/201 [02:09<00:27,  1.31it/s] 82%|████████▏ | 165/201 [02:09<00:27,  1.31it/s] 83%|████████▎ | 166/201 [02:10<00:27,  1.26it/s] 83%|████████▎ | 166/201 [02:10<00:27,  1.26it/s] 83%|████████▎ | 166/201 [02:10<00:27,  1.26it/s] 83%|████████▎ | 166/201 [02:10<00:27,  1.26it/s] 83%|████████▎ | 167/201 [02:11<00:26,  1.26it/s] 83%|████████▎ | 167/201 [02:11<00:26,  1.26it/s] 83%|████████▎ | 167/201 [02:11<00:26,  1.26it/s] 83%|████████▎ | 167/201 [02:11<00:26,  1.26it/s] 84%|████████▎ | 168/201 [02:11<00:27,  1.20it/s] 84%|████████▎ | 168/201 [02:11<00:27,  1.20it/s] 84%|████████▎ | 168/201 [02:11<00:27,  1.20it/s] 84%|████████▎ | 168/201 [02:11<00:27,  1.20it/s] 84%|████████▍ | 169/201 [02:12<00:25,  1.24it/s] 84%|████████▍ | 169/201 [02:12<00:25,  1.24it/s] 84%|████████▍ | 169/201 [02:12<00:25,  1.24it/s] 84%|████████▍ | 169/201 [02:12<00:25,  1.24it/s] 85%|████████▍ | 170/201 [02:13<00:24,  1.24it/s] 85%|████████▍ | 170/201 [02:13<00:24,  1.24it/s] 85%|████████▍ | 170/201 [02:13<00:24,  1.24it/s] 85%|████████▍ | 170/201 [02:13<00:24,  1.24it/s] 85%|████████▌ | 171/201 [02:14<00:23,  1.28it/s] 85%|████████▌ | 171/201 [02:14<00:23,  1.28it/s] 85%|████████▌ | 171/201 [02:14<00:23,  1.28it/s] 85%|████████▌ | 171/201 [02:14<00:23,  1.28it/s] 86%|████████▌ | 172/201 [02:15<00:23,  1.22it/s] 86%|████████▌ | 172/201 [02:15<00:23,  1.22it/s] 86%|████████▌ | 172/201 [02:15<00:23,  1.22it/s] 86%|████████▌ | 172/201 [02:15<00:23,  1.22it/s] 86%|████████▌ | 173/201 [02:15<00:22,  1.24it/s] 86%|████████▌ | 173/201 [02:15<00:22,  1.24it/s] 86%|████████▌ | 173/201 [02:15<00:22,  1.24it/s] 86%|████████▌ | 173/201 [02:15<00:22,  1.24it/s] 87%|████████▋ | 174/201 [02:16<00:23,  1.16it/s] 87%|████████▋ | 174/201 [02:16<00:23,  1.16it/s] 87%|████████▋ | 174/201 [02:16<00:23,  1.16it/s] 87%|████████▋ | 174/201 [02:16<00:23,  1.16it/s] 87%|████████▋ | 175/201 [02:17<00:21,  1.20it/s] 87%|████████▋ | 175/201 [02:17<00:21,  1.20it/s] 87%|████████▋ | 175/201 [02:17<00:21,  1.20it/s] 87%|████████▋ | 175/201 [02:17<00:21,  1.20it/s] 88%|████████▊ | 176/201 [02:18<00:20,  1.24it/s] 88%|████████▊ | 176/201 [02:18<00:20,  1.24it/s] 88%|████████▊ | 176/201 [02:18<00:20,  1.24it/s] 88%|████████▊ | 176/201 [02:18<00:20,  1.24it/s] 88%|████████▊ | 177/201 [02:19<00:18,  1.27it/s] 88%|████████▊ | 177/201 [02:19<00:18,  1.27it/s] 88%|████████▊ | 177/201 [02:19<00:18,  1.27it/s] 88%|████████▊ | 177/201 [02:19<00:18,  1.27it/s] 89%|████████▊ | 178/201 [02:19<00:16,  1.37it/s] 89%|████████▊ | 178/201 [02:19<00:16,  1.37it/s] 89%|████████▊ | 178/201 [02:19<00:16,  1.37it/s] 89%|████████▊ | 178/201 [02:19<00:16,  1.37it/s] 89%|████████▉ | 179/201 [02:20<00:17,  1.29it/s] 89%|████████▉ | 179/201 [02:20<00:17,  1.29it/s] 89%|████████▉ | 179/201 [02:20<00:17,  1.29it/s] 89%|████████▉ | 179/201 [02:20<00:17,  1.29it/s] 90%|████████▉ | 180/201 [02:21<00:17,  1.19it/s] 90%|████████▉ | 180/201 [02:21<00:17,  1.19it/s] 90%|████████▉ | 180/201 [02:21<00:17,  1.19it/s] 90%|████████▉ | 180/201 [02:21<00:17,  1.19it/s] 90%|█████████ | 181/201 [02:22<00:15,  1.28it/s] 90%|█████████ | 181/201 [02:22<00:15,  1.28it/s] 90%|█████████ | 181/201 [02:22<00:15,  1.28it/s] 90%|█████████ | 181/201 [02:22<00:15,  1.28it/s] 91%|█████████ | 182/201 [02:23<00:14,  1.28it/s] 91%|█████████ | 182/201 [02:23<00:14,  1.28it/s] 91%|█████████ | 182/201 [02:23<00:14,  1.28it/s] 91%|█████████ | 182/201 [02:23<00:14,  1.28it/s] 91%|█████████ | 183/201 [02:23<00:14,  1.28it/s] 91%|█████████ | 183/201 [02:23<00:14,  1.28it/s] 91%|█████████ | 183/201 [02:23<00:14,  1.28it/s] 91%|█████████ | 183/201 [02:23<00:14,  1.28it/s] 92%|█████████▏| 184/201 [02:24<00:12,  1.31it/s] 92%|█████████▏| 184/201 [02:24<00:12,  1.31it/s] 92%|█████████▏| 184/201 [02:24<00:12,  1.31it/s] 92%|█████████▏| 184/201 [02:24<00:12,  1.31it/s] 92%|█████████▏| 185/201 [02:25<00:12,  1.25it/s] 92%|█████████▏| 185/201 [02:25<00:12,  1.25it/s] 92%|█████████▏| 185/201 [02:25<00:12,  1.25it/s] 92%|█████████▏| 185/201 [02:25<00:12,  1.25it/s] 93%|█████████▎| 186/201 [02:26<00:12,  1.17it/s] 93%|█████████▎| 186/201 [02:26<00:12,  1.17it/s] 93%|█████████▎| 186/201 [02:26<00:12,  1.17it/s] 93%|█████████▎| 186/201 [02:26<00:12,  1.17it/s] 93%|█████████▎| 187/201 [02:27<00:11,  1.21it/s] 93%|█████████▎| 187/201 [02:27<00:11,  1.21it/s] 93%|█████████▎| 187/201 [02:27<00:11,  1.21it/s] 93%|█████████▎| 187/201 [02:27<00:11,  1.21it/s] 94%|█████████▎| 188/201 [02:27<00:10,  1.24it/s] 94%|█████████▎| 188/201 [02:27<00:10,  1.24it/s] 94%|█████████▎| 188/201 [02:27<00:10,  1.24it/s] 94%|█████████▎| 188/201 [02:27<00:10,  1.24it/s] 94%|█████████▍| 189/201 [02:28<00:09,  1.27it/s] 94%|█████████▍| 189/201 [02:28<00:09,  1.27it/s] 94%|█████████▍| 189/201 [02:28<00:09,  1.27it/s] 94%|█████████▍| 189/201 [02:28<00:09,  1.27it/s] 95%|█████████▍| 190/201 [02:29<00:08,  1.28it/s] 95%|█████████▍| 190/201 [02:29<00:08,  1.28it/s] 95%|█████████▍| 190/201 [02:29<00:08,  1.28it/s] 95%|█████████▍| 190/201 [02:29<00:08,  1.28it/s] 95%|█████████▌| 191/201 [02:30<00:07,  1.29it/s] 95%|█████████▌| 191/201 [02:30<00:07,  1.29it/s] 95%|█████████▌| 191/201 [02:30<00:07,  1.29it/s] 95%|█████████▌| 191/201 [02:30<00:07,  1.29it/s] 96%|█████████▌| 192/201 [02:31<00:07,  1.24it/s] 96%|█████████▌| 192/201 [02:31<00:07,  1.24it/s] 96%|█████████▌| 192/201 [02:31<00:07,  1.24it/s] 96%|█████████▌| 192/201 [02:31<00:07,  1.24it/s] 96%|█████████▌| 193/201 [02:32<00:06,  1.17it/s] 96%|█████████▌| 193/201 [02:32<00:06,  1.17it/s] 96%|█████████▌| 193/201 [02:32<00:06,  1.17it/s] 96%|█████████▌| 193/201 [02:32<00:06,  1.17it/s] 97%|█████████▋| 194/201 [02:32<00:05,  1.19it/s] 97%|█████████▋| 194/201 [02:32<00:05,  1.19it/s] 97%|█████████▋| 194/201 [02:32<00:05,  1.19it/s] 97%|█████████▋| 194/201 [02:32<00:05,  1.19it/s] 97%|█████████▋| 195/201 [02:33<00:04,  1.22it/s] 97%|█████████▋| 195/201 [02:33<00:04,  1.22it/s] 97%|█████████▋| 195/201 [02:33<00:04,  1.22it/s] 97%|█████████▋| 195/201 [02:33<00:04,  1.22it/s] 98%|█████████▊| 196/201 [02:34<00:04,  1.24it/s] 98%|█████████▊| 196/201 [02:34<00:04,  1.24it/s] 98%|█████████▊| 196/201 [02:34<00:04,  1.24it/s] 98%|█████████▊| 196/201 [02:34<00:04,  1.24it/s] 98%|█████████▊| 197/201 [02:35<00:03,  1.24it/s] 98%|█████████▊| 197/201 [02:35<00:03,  1.24it/s] 98%|█████████▊| 197/201 [02:35<00:03,  1.24it/s] 98%|█████████▊| 197/201 [02:35<00:03,  1.24it/s] 99%|█████████▊| 198/201 [02:36<00:02,  1.22it/s] 99%|█████████▊| 198/201 [02:36<00:02,  1.22it/s] 99%|█████████▊| 198/201 [02:36<00:02,  1.22it/s] 99%|█████████▊| 198/201 [02:36<00:02,  1.22it/s] 99%|█████████▉| 199/201 [02:37<00:01,  1.16it/s] 99%|█████████▉| 199/201 [02:37<00:01,  1.16it/s] 99%|█████████▉| 199/201 [02:37<00:01,  1.16it/s] 99%|█████████▉| 199/201 [02:37<00:01,  1.16it/s]100%|█████████▉| 200/201 [02:37<00:00,  1.22it/s]100%|█████████▉| 200/201 [02:37<00:00,  1.22it/s]100%|█████████▉| 200/201 [02:37<00:00,  1.22it/s]100%|█████████▉| 200/201 [02:37<00:00,  1.22it/s]100%|██████████| 201/201 [02:38<00:00,  1.26it/s]100%|██████████| 201/201 [02:38<00:00,  1.26it/s]100%|██████████| 201/201 [02:38<00:00,  1.26it/s]100%|██████████| 201/201 [02:38<00:00,  1.26it/s]100%|██████████| 201/201 [02:38<00:00,  1.27it/s]
100%|██████████| 201/201 [02:38<00:00,  1.27it/s]
100%|██████████| 201/201 [02:38<00:00,  1.27it/s]
100%|██████████| 201/201 [02:38<00:00,  1.27it/s]
Model checkpointing attempts: 0.
Stored epoch 5 model checkpoint to ./checkpoints/parquet_dataset/parquet_dataset__model_nlyrs_4_nheads_4_hdim_64__pred_ovrlap_F_npreds_4__nlyrs_2_activ_relunenc_1__lr_0.0002828_start_0.001_final_0_20251112_231724/epoch_5.pth.
Training loss has improved 1 times since last caching the model. Caching now.
/home/aminmohamadi_squareup_com/projects/.hermit/python/lib/python3.11/site-packages/torch/distributed/distributed_c10d.py:4876: UserWarning: barrier(): using the device under current context. You can specify `device_id` in `init_process_group` to mute this warning.
  warnings.warn(  # warn only once
##############################Training epoch: 7/10##############################
  0%|          | 0/201 [00:00<?, ?it/s]  0%|          | 0/201 [00:00<?, ?it/s]  0%|          | 0/201 [00:00<?, ?it/s]  0%|          | 0/201 [00:00<?, ?it/s]  0%|          | 1/201 [00:00<02:44,  1.22it/s]  0%|          | 1/201 [00:00<02:44,  1.22it/s]  0%|          | 1/201 [00:00<02:44,  1.22it/s]  0%|          | 1/201 [00:00<03:08,  1.06it/s]  1%|          | 2/201 [00:01<02:46,  1.20it/s]  1%|          | 2/201 [00:01<02:42,  1.23it/s]  1%|          | 2/201 [00:01<02:46,  1.20it/s]  1%|          | 2/201 [00:01<02:46,  1.20it/s]  1%|▏         | 3/201 [00:02<02:46,  1.19it/s]  1%|▏         | 3/201 [00:02<02:44,  1.20it/s]  1%|▏         | 3/201 [00:02<02:46,  1.19it/s]  1%|▏         | 3/201 [00:02<02:46,  1.19it/s]  2%|▏         | 4/201 [00:03<02:53,  1.14it/s]  2%|▏         | 4/201 [00:03<02:53,  1.14it/s]  2%|▏         | 4/201 [00:03<02:53,  1.14it/s]  2%|▏         | 4/201 [00:03<02:51,  1.15it/s]  2%|▏         | 5/201 [00:04<02:45,  1.18it/s]  2%|▏         | 5/201 [00:04<02:45,  1.19it/s]  2%|▏         | 5/201 [00:04<02:45,  1.18it/s]  2%|▏         | 5/201 [00:04<02:45,  1.18it/s]  3%|▎         | 6/201 [00:05<02:40,  1.22it/s]  3%|▎         | 6/201 [00:05<02:40,  1.22it/s]  3%|▎         | 6/201 [00:05<02:39,  1.22it/s]  3%|▎         | 6/201 [00:05<02:40,  1.22it/s]  3%|▎         | 7/201 [00:05<02:35,  1.25it/s]  3%|▎         | 7/201 [00:05<02:35,  1.25it/s]  3%|▎         | 7/201 [00:05<02:35,  1.25it/s]  3%|▎         | 7/201 [00:05<02:35,  1.25it/s]  4%|▍         | 8/201 [00:06<02:33,  1.26it/s]  4%|▍         | 8/201 [00:06<02:33,  1.26it/s]  4%|▍         | 8/201 [00:06<02:33,  1.26it/s]  4%|▍         | 8/201 [00:06<02:33,  1.26it/s]  4%|▍         | 9/201 [00:07<02:20,  1.36it/s]  4%|▍         | 9/201 [00:07<02:20,  1.36it/s]  4%|▍         | 9/201 [00:07<02:20,  1.36it/s]  4%|▍         | 9/201 [00:07<02:20,  1.36it/s]  5%|▍         | 10/201 [00:08<02:33,  1.25it/s]  5%|▍         | 10/201 [00:08<02:33,  1.25it/s]  5%|▍         | 10/201 [00:08<02:33,  1.25it/s]  5%|▍         | 10/201 [00:08<02:33,  1.25it/s]  5%|▌         | 11/201 [00:08<02:32,  1.24it/s]  5%|▌         | 11/201 [00:08<02:32,  1.24it/s]  5%|▌         | 11/201 [00:08<02:32,  1.24it/s]  5%|▌         | 11/201 [00:08<02:32,  1.24it/s]  6%|▌         | 12/201 [00:09<02:26,  1.29it/s]  6%|▌         | 12/201 [00:09<02:26,  1.29it/s]  6%|▌         | 12/201 [00:09<02:26,  1.29it/s]  6%|▌         | 12/201 [00:09<02:26,  1.29it/s]  6%|▋         | 13/201 [00:10<02:26,  1.29it/s]  6%|▋         | 13/201 [00:10<02:26,  1.29it/s]  6%|▋         | 13/201 [00:10<02:25,  1.29it/s]  6%|▋         | 13/201 [00:10<02:26,  1.29it/s]  7%|▋         | 14/201 [00:11<02:22,  1.31it/s]  7%|▋         | 14/201 [00:11<02:22,  1.31it/s]  7%|▋         | 14/201 [00:11<02:22,  1.31it/s]  7%|▋         | 14/201 [00:11<02:22,  1.31it/s]  7%|▋         | 15/201 [00:11<02:12,  1.40it/s]  7%|▋         | 15/201 [00:11<02:12,  1.40it/s]  7%|▋         | 15/201 [00:11<02:12,  1.40it/s]  7%|▋         | 15/201 [00:11<02:12,  1.40it/s]  8%|▊         | 16/201 [00:12<02:23,  1.29it/s]  8%|▊         | 16/201 [00:12<02:23,  1.29it/s]  8%|▊         | 16/201 [00:12<02:23,  1.29it/s]  8%|▊         | 16/201 [00:12<02:23,  1.29it/s]  8%|▊         | 17/201 [00:13<02:20,  1.31it/s]  8%|▊         | 17/201 [00:13<02:20,  1.31it/s]  8%|▊         | 17/201 [00:13<02:20,  1.31it/s]  8%|▊         | 17/201 [00:13<02:20,  1.30it/s]  9%|▉         | 18/201 [00:14<02:21,  1.30it/s]  9%|▉         | 18/201 [00:14<02:21,  1.30it/s]  9%|▉         | 18/201 [00:14<02:21,  1.30it/s]  9%|▉         | 18/201 [00:14<02:21,  1.30it/s]  9%|▉         | 19/201 [00:14<02:18,  1.31it/s]  9%|▉         | 19/201 [00:14<02:18,  1.31it/s]  9%|▉         | 19/201 [00:14<02:18,  1.31it/s]  9%|▉         | 19/201 [00:14<02:18,  1.31it/s] 10%|▉         | 20/201 [00:15<02:18,  1.31it/s] 10%|▉         | 20/201 [00:15<02:18,  1.31it/s] 10%|▉         | 20/201 [00:15<02:18,  1.31it/s] 10%|▉         | 20/201 [00:15<02:18,  1.31it/s] 10%|█         | 21/201 [00:16<02:17,  1.30it/s] 10%|█         | 21/201 [00:16<02:17,  1.30it/s] 10%|█         | 21/201 [00:16<02:17,  1.30it/s] 10%|█         | 21/201 [00:16<02:17,  1.30it/s] 11%|█         | 22/201 [00:17<02:26,  1.22it/s] 11%|█         | 22/201 [00:17<02:26,  1.22it/s] 11%|█         | 22/201 [00:17<02:26,  1.22it/s] 11%|█         | 22/201 [00:17<02:26,  1.22it/s] 11%|█▏        | 23/201 [00:18<02:34,  1.15it/s] 11%|█▏        | 23/201 [00:18<02:34,  1.15it/s] 11%|█▏        | 23/201 [00:18<02:34,  1.15it/s] 11%|█▏        | 23/201 [00:18<02:34,  1.15it/s] 12%|█▏        | 24/201 [00:19<02:27,  1.20it/s] 12%|█▏        | 24/201 [00:19<02:27,  1.20it/s] 12%|█▏        | 24/201 [00:19<02:27,  1.20it/s] 12%|█▏        | 24/201 [00:19<02:27,  1.20it/s] 12%|█▏        | 25/201 [00:20<02:31,  1.16it/s] 12%|█▏        | 25/201 [00:20<02:31,  1.16it/s] 12%|█▏        | 25/201 [00:20<02:31,  1.16it/s] 12%|█▏        | 25/201 [00:20<02:31,  1.16it/s] 13%|█▎        | 26/201 [00:20<02:25,  1.21it/s] 13%|█▎        | 26/201 [00:20<02:25,  1.21it/s] 13%|█▎        | 26/201 [00:20<02:25,  1.21it/s] 13%|█▎        | 26/201 [00:20<02:25,  1.21it/s] 13%|█▎        | 27/201 [00:21<02:20,  1.24it/s] 13%|█▎        | 27/201 [00:21<02:20,  1.24it/s] 13%|█▎        | 27/201 [00:21<02:20,  1.24it/s] 13%|█▎        | 27/201 [00:21<02:20,  1.24it/s] 14%|█▍        | 28/201 [00:22<02:16,  1.27it/s] 14%|█▍        | 28/201 [00:22<02:16,  1.27it/s] 14%|█▍        | 28/201 [00:22<02:16,  1.27it/s] 14%|█▍        | 28/201 [00:22<02:16,  1.27it/s] 14%|█▍        | 29/201 [00:23<02:16,  1.26it/s] 14%|█▍        | 29/201 [00:23<02:16,  1.26it/s] 14%|█▍        | 29/201 [00:23<02:16,  1.26it/s] 14%|█▍        | 29/201 [00:23<02:16,  1.26it/s] 15%|█▍        | 30/201 [00:23<02:10,  1.31it/s] 15%|█▍        | 30/201 [00:23<02:10,  1.31it/s] 15%|█▍        | 30/201 [00:23<02:10,  1.31it/s] 15%|█▍        | 30/201 [00:23<02:10,  1.31it/s] 15%|█▌        | 31/201 [00:24<02:01,  1.40it/s] 15%|█▌        | 31/201 [00:24<02:01,  1.40it/s] 15%|█▌        | 31/201 [00:24<02:01,  1.40it/s] 15%|█▌        | 31/201 [00:24<02:01,  1.40it/s] 16%|█▌        | 32/201 [00:25<01:55,  1.47it/s] 16%|█▌        | 32/201 [00:25<01:55,  1.47it/s] 16%|█▌        | 32/201 [00:25<01:55,  1.47it/s] 16%|█▌        | 32/201 [00:25<01:55,  1.47it/s] 16%|█▋        | 33/201 [00:25<01:59,  1.41it/s] 16%|█▋        | 33/201 [00:25<01:59,  1.41it/s] 16%|█▋        | 33/201 [00:25<01:59,  1.41it/s] 16%|█▋        | 33/201 [00:25<01:59,  1.41it/s] 17%|█▋        | 34/201 [00:26<02:02,  1.36it/s] 17%|█▋        | 34/201 [00:26<02:02,  1.36it/s] 17%|█▋        | 34/201 [00:26<02:02,  1.36it/s] 17%|█▋        | 34/201 [00:26<02:02,  1.36it/s] 17%|█▋        | 35/201 [00:27<02:20,  1.18it/s] 17%|█▋        | 35/201 [00:27<02:20,  1.18it/s] 17%|█▋        | 35/201 [00:27<02:20,  1.18it/s] 17%|█▋        | 35/201 [00:27<02:20,  1.18it/s] 18%|█▊        | 36/201 [00:28<02:08,  1.28it/s] 18%|█▊        | 36/201 [00:28<02:08,  1.28it/s] 18%|█▊        | 36/201 [00:28<02:08,  1.28it/s] 18%|█▊        | 36/201 [00:28<02:08,  1.28it/s] 18%|█▊        | 37/201 [00:29<02:08,  1.28it/s] 18%|█▊        | 37/201 [00:29<02:08,  1.28it/s] 18%|█▊        | 37/201 [00:29<02:08,  1.28it/s] 18%|█▊        | 37/201 [00:29<02:08,  1.28it/s] 19%|█▉        | 38/201 [00:29<02:05,  1.30it/s] 19%|█▉        | 38/201 [00:29<02:05,  1.30it/s] 19%|█▉        | 38/201 [00:29<02:05,  1.30it/s] 19%|█▉        | 38/201 [00:29<02:05,  1.30it/s] 19%|█▉        | 39/201 [00:30<02:01,  1.33it/s] 19%|█▉        | 39/201 [00:30<02:01,  1.33it/s] 19%|█▉        | 39/201 [00:30<02:01,  1.33it/s] 19%|█▉        | 39/201 [00:30<02:01,  1.33it/s] 20%|█▉        | 40/201 [00:31<02:00,  1.34it/s] 20%|█▉        | 40/201 [00:31<02:00,  1.34it/s] 20%|█▉        | 40/201 [00:31<02:00,  1.34it/s] 20%|█▉        | 40/201 [00:31<02:00,  1.34it/s] 20%|██        | 41/201 [00:32<02:11,  1.22it/s] 20%|██        | 41/201 [00:32<02:11,  1.22it/s] 20%|██        | 41/201 [00:32<02:11,  1.22it/s] 20%|██        | 41/201 [00:32<02:11,  1.22it/s] 21%|██        | 42/201 [00:33<02:08,  1.24it/s] 21%|██        | 42/201 [00:33<02:08,  1.24it/s] 21%|██        | 42/201 [00:33<02:08,  1.24it/s] 21%|██        | 42/201 [00:33<02:08,  1.24it/s] 21%|██▏       | 43/201 [00:33<02:05,  1.26it/s] 21%|██▏       | 43/201 [00:33<02:05,  1.26it/s] 21%|██▏       | 43/201 [00:33<02:05,  1.26it/s] 21%|██▏       | 43/201 [00:33<02:05,  1.26it/s] 22%|██▏       | 44/201 [00:34<02:00,  1.30it/s] 22%|██▏       | 44/201 [00:34<02:00,  1.30it/s] 22%|██▏       | 44/201 [00:34<02:00,  1.30it/s] 22%|██▏       | 44/201 [00:34<02:00,  1.30it/s] 22%|██▏       | 45/201 [00:35<01:52,  1.39it/s] 22%|██▏       | 45/201 [00:35<01:52,  1.39it/s] 22%|██▏       | 45/201 [00:35<01:52,  1.39it/s] 22%|██▏       | 45/201 [00:35<01:52,  1.39it/s] 23%|██▎       | 46/201 [00:35<01:46,  1.46it/s] 23%|██▎       | 46/201 [00:35<01:46,  1.46it/s] 23%|██▎       | 46/201 [00:35<01:46,  1.46it/s] 23%|██▎       | 46/201 [00:35<01:46,  1.46it/s] 23%|██▎       | 47/201 [00:36<01:47,  1.43it/s] 23%|██▎       | 47/201 [00:36<01:47,  1.43it/s] 23%|██▎       | 47/201 [00:36<01:47,  1.43it/s] 23%|██▎       | 47/201 [00:36<01:47,  1.43it/s] 24%|██▍       | 48/201 [00:37<02:01,  1.26it/s] 24%|██▍       | 48/201 [00:37<02:01,  1.26it/s] 24%|██▍       | 48/201 [00:37<02:01,  1.26it/s] 24%|██▍       | 48/201 [00:37<02:01,  1.26it/s] 24%|██▍       | 49/201 [00:38<01:58,  1.29it/s] 24%|██▍       | 49/201 [00:38<01:58,  1.29it/s] 24%|██▍       | 49/201 [00:38<01:58,  1.29it/s] 24%|██▍       | 49/201 [00:38<01:58,  1.29it/s] 25%|██▍       | 50/201 [00:39<01:57,  1.28it/s] 25%|██▍       | 50/201 [00:39<01:57,  1.28it/s] 25%|██▍       | 50/201 [00:39<01:57,  1.28it/s] 25%|██▍       | 50/201 [00:39<01:57,  1.28it/s] 25%|██▌       | 51/201 [00:39<01:53,  1.32it/s] 25%|██▌       | 51/201 [00:39<01:53,  1.32it/s] 25%|██▌       | 51/201 [00:39<01:53,  1.32it/s] 25%|██▌       | 51/201 [00:39<01:53,  1.32it/s] 26%|██▌       | 52/201 [00:40<01:50,  1.35it/s] 26%|██▌       | 52/201 [00:40<01:50,  1.35it/s] 26%|██▌       | 52/201 [00:40<01:50,  1.35it/s] 26%|██▌       | 52/201 [00:40<01:50,  1.35it/s] 26%|██▋       | 53/201 [00:41<01:50,  1.34it/s] 26%|██▋       | 53/201 [00:41<01:50,  1.34it/s] 26%|██▋       | 53/201 [00:41<01:50,  1.34it/s] 26%|██▋       | 53/201 [00:41<01:50,  1.34it/s] 27%|██▋       | 54/201 [00:42<01:59,  1.23it/s] 27%|██▋       | 54/201 [00:42<01:59,  1.23it/s] 27%|██▋       | 54/201 [00:42<01:59,  1.23it/s] 27%|██▋       | 54/201 [00:42<01:59,  1.23it/s] 27%|██▋       | 55/201 [00:42<01:58,  1.23it/s] 27%|██▋       | 55/201 [00:42<01:58,  1.23it/s] 27%|██▋       | 55/201 [00:42<01:58,  1.23it/s] 27%|██▋       | 55/201 [00:42<01:58,  1.23it/s] 28%|██▊       | 56/201 [00:43<01:52,  1.28it/s] 28%|██▊       | 56/201 [00:43<01:52,  1.28it/s] 28%|██▊       | 56/201 [00:43<01:52,  1.28it/s] 28%|██▊       | 56/201 [00:43<01:52,  1.28it/s] 28%|██▊       | 57/201 [00:44<01:51,  1.29it/s] 28%|██▊       | 57/201 [00:44<01:51,  1.29it/s] 28%|██▊       | 57/201 [00:44<01:51,  1.29it/s] 28%|██▊       | 57/201 [00:44<01:51,  1.29it/s] 29%|██▉       | 58/201 [00:45<01:50,  1.30it/s] 29%|██▉       | 58/201 [00:45<01:50,  1.30it/s] 29%|██▉       | 58/201 [00:45<01:50,  1.30it/s] 29%|██▉       | 58/201 [00:45<01:50,  1.30it/s] 29%|██▉       | 59/201 [00:45<01:49,  1.30it/s] 29%|██▉       | 59/201 [00:45<01:49,  1.30it/s] 29%|██▉       | 59/201 [00:45<01:49,  1.30it/s] 29%|██▉       | 59/201 [00:45<01:49,  1.30it/s] 30%|██▉       | 60/201 [00:46<01:55,  1.22it/s] 30%|██▉       | 60/201 [00:46<01:55,  1.22it/s] 30%|██▉       | 60/201 [00:46<01:55,  1.22it/s] 30%|██▉       | 60/201 [00:46<01:55,  1.22it/s] 30%|███       | 61/201 [00:47<01:51,  1.26it/s] 30%|███       | 61/201 [00:47<01:51,  1.26it/s] 30%|███       | 61/201 [00:47<01:51,  1.26it/s] 30%|███       | 61/201 [00:47<01:51,  1.26it/s] 31%|███       | 62/201 [00:48<01:49,  1.27it/s] 31%|███       | 62/201 [00:48<01:49,  1.27it/s] 31%|███       | 62/201 [00:48<01:49,  1.27it/s] 31%|███       | 62/201 [00:48<01:49,  1.27it/s] 31%|███▏      | 63/201 [00:49<01:48,  1.28it/s] 31%|███▏      | 63/201 [00:49<01:48,  1.28it/s] 31%|███▏      | 63/201 [00:49<01:48,  1.28it/s] 31%|███▏      | 63/201 [00:49<01:48,  1.28it/s] 32%|███▏      | 64/201 [00:49<01:46,  1.29it/s] 32%|███▏      | 64/201 [00:49<01:46,  1.29it/s] 32%|███▏      | 64/201 [00:49<01:46,  1.29it/s] 32%|███▏      | 64/201 [00:49<01:46,  1.29it/s] 32%|███▏      | 65/201 [00:50<01:45,  1.29it/s] 32%|███▏      | 65/201 [00:50<01:45,  1.29it/s] 32%|███▏      | 65/201 [00:50<01:45,  1.29it/s] 32%|███▏      | 65/201 [00:50<01:45,  1.29it/s] 33%|███▎      | 66/201 [00:51<01:53,  1.19it/s] 33%|███▎      | 66/201 [00:51<01:53,  1.19it/s] 33%|███▎      | 66/201 [00:51<01:53,  1.19it/s] 33%|███▎      | 66/201 [00:51<01:53,  1.19it/s] 33%|███▎      | 67/201 [00:52<01:46,  1.25it/s] 33%|███▎      | 67/201 [00:52<01:46,  1.25it/s] 33%|███▎      | 67/201 [00:52<01:46,  1.25it/s] 33%|███▎      | 67/201 [00:52<01:46,  1.25it/s] 34%|███▍      | 68/201 [00:53<01:43,  1.29it/s] 34%|███▍      | 68/201 [00:53<01:43,  1.29it/s] 34%|███▍      | 68/201 [00:53<01:43,  1.29it/s] 34%|███▍      | 68/201 [00:53<01:43,  1.29it/s] 34%|███▍      | 69/201 [00:53<01:43,  1.28it/s] 34%|███▍      | 69/201 [00:53<01:43,  1.28it/s] 34%|███▍      | 69/201 [00:53<01:43,  1.28it/s] 34%|███▍      | 69/201 [00:53<01:43,  1.28it/s] 35%|███▍      | 70/201 [00:54<01:43,  1.27it/s] 35%|███▍      | 70/201 [00:54<01:43,  1.27it/s] 35%|███▍      | 70/201 [00:54<01:43,  1.27it/s] 35%|███▍      | 70/201 [00:54<01:43,  1.27it/s] 35%|███▌      | 71/201 [00:55<01:42,  1.27it/s] 35%|███▌      | 71/201 [00:55<01:42,  1.27it/s] 35%|███▌      | 71/201 [00:55<01:42,  1.27it/s] 35%|███▌      | 71/201 [00:55<01:42,  1.27it/s] 36%|███▌      | 72/201 [00:56<01:35,  1.35it/s] 36%|███▌      | 72/201 [00:56<01:35,  1.35it/s] 36%|███▌      | 72/201 [00:56<01:35,  1.35it/s] 36%|███▌      | 72/201 [00:56<01:35,  1.35it/s] 36%|███▋      | 73/201 [00:57<01:44,  1.22it/s] 36%|███▋      | 73/201 [00:57<01:44,  1.22it/s] 36%|███▋      | 73/201 [00:57<01:44,  1.22it/s] 36%|███▋      | 73/201 [00:57<01:44,  1.22it/s] 37%|███▋      | 74/201 [00:57<01:41,  1.26it/s] 37%|███▋      | 74/201 [00:57<01:41,  1.26it/s] 37%|███▋      | 74/201 [00:57<01:41,  1.26it/s] 37%|███▋      | 74/201 [00:57<01:41,  1.26it/s] 37%|███▋      | 75/201 [00:58<01:38,  1.28it/s] 37%|███▋      | 75/201 [00:58<01:38,  1.28it/s] 37%|███▋      | 75/201 [00:58<01:38,  1.28it/s] 37%|███▋      | 75/201 [00:58<01:38,  1.28it/s] 38%|███▊      | 76/201 [00:59<01:35,  1.31it/s] 38%|███▊      | 76/201 [00:59<01:35,  1.31it/s] 38%|███▊      | 76/201 [00:59<01:35,  1.31it/s] 38%|███▊      | 76/201 [00:59<01:35,  1.31it/s] 38%|███▊      | 77/201 [01:00<01:34,  1.31it/s] 38%|███▊      | 77/201 [01:00<01:34,  1.31it/s] 38%|███▊      | 77/201 [01:00<01:34,  1.31it/s] 38%|███▊      | 77/201 [01:00<01:34,  1.31it/s] 39%|███▉      | 78/201 [01:00<01:33,  1.31it/s] 39%|███▉      | 78/201 [01:00<01:33,  1.31it/s] 39%|███▉      | 78/201 [01:00<01:33,  1.31it/s] 39%|███▉      | 78/201 [01:00<01:33,  1.31it/s] 39%|███▉      | 79/201 [01:01<01:35,  1.27it/s] 39%|███▉      | 79/201 [01:01<01:35,  1.27it/s] 39%|███▉      | 79/201 [01:01<01:35,  1.27it/s] 39%|███▉      | 79/201 [01:01<01:35,  1.27it/s] 40%|███▉      | 80/201 [01:02<01:35,  1.27it/s] 40%|███▉      | 80/201 [01:02<01:35,  1.27it/s] 40%|███▉      | 80/201 [01:02<01:35,  1.27it/s] 40%|███▉      | 80/201 [01:02<01:35,  1.27it/s] 40%|████      | 81/201 [01:03<01:34,  1.26it/s] 40%|████      | 81/201 [01:03<01:34,  1.26it/s] 40%|████      | 81/201 [01:03<01:34,  1.26it/s] 40%|████      | 81/201 [01:03<01:34,  1.26it/s] 41%|████      | 82/201 [01:03<01:27,  1.36it/s] 41%|████      | 82/201 [01:03<01:27,  1.36it/s] 41%|████      | 82/201 [01:03<01:27,  1.36it/s] 41%|████      | 82/201 [01:03<01:27,  1.36it/s] 41%|████▏     | 83/201 [01:04<01:25,  1.38it/s] 41%|████▏     | 83/201 [01:04<01:25,  1.38it/s] 41%|████▏     | 83/201 [01:04<01:25,  1.38it/s] 41%|████▏     | 83/201 [01:04<01:25,  1.38it/s] 42%|████▏     | 84/201 [01:05<01:27,  1.34it/s] 42%|████▏     | 84/201 [01:05<01:27,  1.34it/s] 42%|████▏     | 84/201 [01:05<01:27,  1.34it/s] 42%|████▏     | 84/201 [01:05<01:27,  1.34it/s] 42%|████▏     | 85/201 [01:06<01:35,  1.21it/s] 42%|████▏     | 85/201 [01:06<01:35,  1.21it/s] 42%|████▏     | 85/201 [01:06<01:35,  1.21it/s] 42%|████▏     | 85/201 [01:06<01:35,  1.21it/s] 43%|████▎     | 86/201 [01:07<01:37,  1.18it/s] 43%|████▎     | 86/201 [01:07<01:37,  1.18it/s] 43%|████▎     | 86/201 [01:07<01:37,  1.18it/s] 43%|████▎     | 86/201 [01:07<01:37,  1.18it/s] 43%|████▎     | 87/201 [01:08<01:31,  1.24it/s] 43%|████▎     | 87/201 [01:08<01:31,  1.24it/s] 43%|████▎     | 87/201 [01:08<01:31,  1.24it/s] 43%|████▎     | 87/201 [01:08<01:31,  1.24it/s] 44%|████▍     | 88/201 [01:08<01:25,  1.33it/s] 44%|████▍     | 88/201 [01:08<01:25,  1.33it/s] 44%|████▍     | 88/201 [01:08<01:25,  1.33it/s] 44%|████▍     | 88/201 [01:08<01:25,  1.33it/s] 44%|████▍     | 89/201 [01:09<01:19,  1.41it/s] 44%|████▍     | 89/201 [01:09<01:19,  1.41it/s] 44%|████▍     | 89/201 [01:09<01:19,  1.41it/s] 44%|████▍     | 89/201 [01:09<01:19,  1.41it/s] 45%|████▍     | 90/201 [01:10<01:20,  1.39it/s] 45%|████▍     | 90/201 [01:10<01:20,  1.39it/s] 45%|████▍     | 90/201 [01:10<01:20,  1.39it/s] 45%|████▍     | 90/201 [01:10<01:20,  1.39it/s] 45%|████▌     | 91/201 [01:10<01:27,  1.26it/s] 45%|████▌     | 91/201 [01:10<01:27,  1.26it/s] 45%|████▌     | 91/201 [01:10<01:27,  1.26it/s] 45%|████▌     | 91/201 [01:10<01:27,  1.26it/s] 46%|████▌     | 92/201 [01:11<01:29,  1.22it/s] 46%|████▌     | 92/201 [01:11<01:29,  1.22it/s] 46%|████▌     | 92/201 [01:11<01:29,  1.22it/s] 46%|████▌     | 92/201 [01:11<01:29,  1.22it/s] 46%|████▋     | 93/201 [01:12<01:25,  1.26it/s] 46%|████▋     | 93/201 [01:12<01:25,  1.26it/s] 46%|████▋     | 93/201 [01:12<01:25,  1.26it/s] 46%|████▋     | 93/201 [01:12<01:25,  1.26it/s] 47%|████▋     | 94/201 [01:13<01:24,  1.26it/s] 47%|████▋     | 94/201 [01:13<01:24,  1.26it/s] 47%|████▋     | 94/201 [01:13<01:24,  1.26it/s] 47%|████▋     | 94/201 [01:13<01:24,  1.26it/s] 47%|████▋     | 95/201 [01:14<01:21,  1.30it/s] 47%|████▋     | 95/201 [01:14<01:21,  1.30it/s] 47%|████▋     | 95/201 [01:14<01:21,  1.30it/s] 47%|████▋     | 95/201 [01:14<01:21,  1.30it/s] 48%|████▊     | 96/201 [01:14<01:21,  1.29it/s] 48%|████▊     | 96/201 [01:14<01:21,  1.29it/s] 48%|████▊     | 96/201 [01:14<01:21,  1.29it/s] 48%|████▊     | 96/201 [01:14<01:21,  1.29it/s] 48%|████▊     | 97/201 [01:15<01:20,  1.29it/s] 48%|████▊     | 97/201 [01:15<01:20,  1.29it/s] 48%|████▊     | 97/201 [01:15<01:20,  1.29it/s] 48%|████▊     | 97/201 [01:15<01:20,  1.29it/s] 49%|████▉     | 98/201 [01:16<01:23,  1.23it/s] 49%|████▉     | 98/201 [01:16<01:23,  1.23it/s] 49%|████▉     | 98/201 [01:16<01:23,  1.23it/s] 49%|████▉     | 98/201 [01:16<01:23,  1.23it/s] 49%|████▉     | 99/201 [01:17<01:20,  1.26it/s] 49%|████▉     | 99/201 [01:17<01:20,  1.26it/s] 49%|████▉     | 99/201 [01:17<01:20,  1.26it/s] 49%|████▉     | 99/201 [01:17<01:20,  1.26it/s] 50%|████▉     | 100/201 [01:18<01:18,  1.28it/s] 50%|████▉     | 100/201 [01:18<01:18,  1.28it/s] 50%|████▉     | 100/201 [01:18<01:18,  1.28it/s] 50%|████▉     | 100/201 [01:18<01:18,  1.28it/s] 50%|█████     | 101/201 [01:18<01:22,  1.22it/s] 50%|█████     | 101/201 [01:18<01:22,  1.22it/s] 50%|█████     | 101/201 [01:18<01:22,  1.22it/s] 50%|█████     | 101/201 [01:18<01:22,  1.22it/s] 51%|█████     | 102/201 [01:19<01:20,  1.24it/s] 51%|█████     | 102/201 [01:19<01:20,  1.24it/s] 51%|█████     | 102/201 [01:19<01:20,  1.24it/s] 51%|█████     | 102/201 [01:19<01:20,  1.24it/s] 51%|█████     | 103/201 [01:20<01:17,  1.26it/s] 51%|█████     | 103/201 [01:20<01:17,  1.26it/s] 51%|█████     | 103/201 [01:20<01:17,  1.26it/s] 51%|█████     | 103/201 [01:20<01:17,  1.26it/s] 52%|█████▏    | 104/201 [01:21<01:21,  1.19it/s] 52%|█████▏    | 104/201 [01:21<01:21,  1.19it/s] 52%|█████▏    | 104/201 [01:21<01:21,  1.19it/s] 52%|█████▏    | 104/201 [01:21<01:21,  1.19it/s] 52%|█████▏    | 105/201 [01:22<01:14,  1.29it/s] 52%|█████▏    | 105/201 [01:22<01:14,  1.29it/s] 52%|█████▏    | 105/201 [01:22<01:14,  1.29it/s] 52%|█████▏    | 105/201 [01:22<01:14,  1.29it/s] 53%|█████▎    | 106/201 [01:22<01:09,  1.36it/s] 53%|█████▎    | 106/201 [01:22<01:09,  1.36it/s] 53%|█████▎    | 106/201 [01:22<01:09,  1.36it/s] 53%|█████▎    | 106/201 [01:22<01:09,  1.36it/s] 53%|█████▎    | 107/201 [01:23<01:09,  1.35it/s] 53%|█████▎    | 107/201 [01:23<01:09,  1.35it/s] 53%|█████▎    | 107/201 [01:23<01:09,  1.35it/s] 53%|█████▎    | 107/201 [01:23<01:09,  1.35it/s] 54%|█████▎    | 108/201 [01:24<01:08,  1.37it/s] 54%|█████▎    | 108/201 [01:24<01:08,  1.37it/s] 54%|█████▎    | 108/201 [01:24<01:08,  1.37it/s] 54%|█████▎    | 108/201 [01:24<01:08,  1.37it/s] 54%|█████▍    | 109/201 [01:24<01:09,  1.33it/s] 54%|█████▍    | 109/201 [01:24<01:09,  1.33it/s] 54%|█████▍    | 109/201 [01:24<01:09,  1.33it/s] 54%|█████▍    | 109/201 [01:24<01:09,  1.33it/s] 55%|█████▍    | 110/201 [01:25<01:09,  1.31it/s] 55%|█████▍    | 110/201 [01:25<01:09,  1.31it/s] 55%|█████▍    | 110/201 [01:25<01:09,  1.31it/s] 55%|█████▍    | 110/201 [01:25<01:09,  1.31it/s] 55%|█████▌    | 111/201 [01:26<01:13,  1.22it/s] 55%|█████▌    | 111/201 [01:26<01:13,  1.22it/s] 55%|█████▌    | 111/201 [01:26<01:13,  1.22it/s] 55%|█████▌    | 111/201 [01:26<01:13,  1.22it/s] 56%|█████▌    | 112/201 [01:27<01:12,  1.23it/s] 56%|█████▌    | 112/201 [01:27<01:12,  1.22it/s] 56%|█████▌    | 112/201 [01:27<01:12,  1.22it/s] 56%|█████▌    | 112/201 [01:27<01:12,  1.22it/s] 56%|█████▌    | 113/201 [01:28<01:09,  1.26it/s] 56%|█████▌    | 113/201 [01:28<01:09,  1.26it/s] 56%|█████▌    | 113/201 [01:28<01:09,  1.26it/s] 56%|█████▌    | 113/201 [01:28<01:09,  1.26it/s] 57%|█████▋    | 114/201 [01:29<01:08,  1.27it/s] 57%|█████▋    | 114/201 [01:29<01:08,  1.27it/s] 57%|█████▋    | 114/201 [01:29<01:08,  1.27it/s] 57%|█████▋    | 114/201 [01:29<01:08,  1.27it/s] 57%|█████▋    | 115/201 [01:29<01:06,  1.29it/s] 57%|█████▋    | 115/201 [01:29<01:06,  1.29it/s] 57%|█████▋    | 115/201 [01:29<01:06,  1.29it/s] 57%|█████▋    | 115/201 [01:29<01:06,  1.29it/s] 58%|█████▊    | 116/201 [01:30<01:11,  1.19it/s] 58%|█████▊    | 116/201 [01:30<01:11,  1.19it/s] 58%|█████▊    | 116/201 [01:30<01:11,  1.19it/s] 58%|█████▊    | 116/201 [01:30<01:11,  1.19it/s] 58%|█████▊    | 117/201 [01:31<01:12,  1.16it/s] 58%|█████▊    | 117/201 [01:31<01:12,  1.16it/s] 58%|█████▊    | 117/201 [01:31<01:12,  1.16it/s] 58%|█████▊    | 117/201 [01:31<01:12,  1.16it/s] 59%|█████▊    | 118/201 [01:32<01:05,  1.27it/s] 59%|█████▊    | 118/201 [01:32<01:05,  1.27it/s] 59%|█████▊    | 118/201 [01:32<01:05,  1.27it/s] 59%|█████▊    | 118/201 [01:32<01:05,  1.27it/s] 59%|█████▉    | 119/201 [01:33<01:03,  1.29it/s] 59%|█████▉    | 119/201 [01:33<01:03,  1.29it/s] 59%|█████▉    | 119/201 [01:33<01:03,  1.29it/s] 59%|█████▉    | 119/201 [01:33<01:03,  1.29it/s] 60%|█████▉    | 120/201 [01:33<01:02,  1.31it/s] 60%|█████▉    | 120/201 [01:33<01:02,  1.31it/s] 60%|█████▉    | 120/201 [01:33<01:02,  1.31it/s] 60%|█████▉    | 120/201 [01:33<01:02,  1.31it/s] 60%|██████    | 121/201 [01:34<01:01,  1.30it/s] 60%|██████    | 121/201 [01:34<01:01,  1.30it/s] 60%|██████    | 121/201 [01:34<01:01,  1.30it/s] 60%|██████    | 121/201 [01:34<01:01,  1.30it/s] 61%|██████    | 122/201 [01:35<01:00,  1.31it/s] 61%|██████    | 122/201 [01:35<01:00,  1.31it/s] 61%|██████    | 122/201 [01:35<01:00,  1.31it/s] 61%|██████    | 122/201 [01:35<01:00,  1.31it/s] 61%|██████    | 123/201 [01:36<01:03,  1.23it/s] 61%|██████    | 123/201 [01:36<01:03,  1.23it/s] 61%|██████    | 123/201 [01:36<01:03,  1.23it/s] 61%|██████    | 123/201 [01:36<01:03,  1.23it/s] 62%|██████▏   | 124/201 [01:37<01:05,  1.17it/s] 62%|██████▏   | 124/201 [01:37<01:05,  1.17it/s] 62%|██████▏   | 124/201 [01:37<01:05,  1.17it/s] 62%|██████▏   | 124/201 [01:37<01:05,  1.17it/s] 62%|██████▏   | 125/201 [01:38<01:03,  1.20it/s] 62%|██████▏   | 125/201 [01:38<01:03,  1.20it/s] 62%|██████▏   | 125/201 [01:38<01:03,  1.20it/s] 62%|██████▏   | 125/201 [01:38<01:03,  1.20it/s] 63%|██████▎   | 126/201 [01:38<01:01,  1.22it/s] 63%|██████▎   | 126/201 [01:38<01:01,  1.22it/s] 63%|██████▎   | 126/201 [01:38<01:01,  1.22it/s] 63%|██████▎   | 126/201 [01:38<01:01,  1.22it/s] 63%|██████▎   | 127/201 [01:39<00:58,  1.27it/s] 63%|██████▎   | 127/201 [01:39<00:58,  1.27it/s] 63%|██████▎   | 127/201 [01:39<00:58,  1.27it/s] 63%|██████▎   | 127/201 [01:39<00:58,  1.27it/s] 64%|██████▎   | 128/201 [01:40<00:56,  1.29it/s] 64%|██████▎   | 128/201 [01:40<00:56,  1.29it/s] 64%|██████▎   | 128/201 [01:40<00:56,  1.29it/s] 64%|██████▎   | 128/201 [01:40<00:56,  1.29it/s] 64%|██████▍   | 129/201 [01:41<00:59,  1.22it/s] 64%|██████▍   | 129/201 [01:41<00:59,  1.22it/s] 64%|██████▍   | 129/201 [01:41<00:59,  1.22it/s] 64%|██████▍   | 129/201 [01:41<00:59,  1.22it/s] 65%|██████▍   | 130/201 [01:42<01:00,  1.16it/s] 65%|██████▍   | 130/201 [01:42<01:00,  1.16it/s] 65%|██████▍   | 130/201 [01:42<01:00,  1.16it/s] 65%|██████▍   | 130/201 [01:42<01:00,  1.16it/s] 65%|██████▌   | 131/201 [01:42<00:58,  1.20it/s] 65%|██████▌   | 131/201 [01:42<00:58,  1.20it/s] 65%|██████▌   | 131/201 [01:42<00:58,  1.20it/s] 65%|██████▌   | 131/201 [01:42<00:58,  1.20it/s] 66%|██████▌   | 132/201 [01:43<00:54,  1.26it/s] 66%|██████▌   | 132/201 [01:43<00:54,  1.26it/s] 66%|██████▌   | 132/201 [01:43<00:54,  1.26it/s] 66%|██████▌   | 132/201 [01:43<00:54,  1.26it/s] 66%|██████▌   | 133/201 [01:44<00:53,  1.27it/s] 66%|██████▌   | 133/201 [01:44<00:53,  1.27it/s] 66%|██████▌   | 133/201 [01:44<00:53,  1.27it/s] 66%|██████▌   | 133/201 [01:44<00:53,  1.27it/s] 67%|██████▋   | 134/201 [01:45<00:53,  1.26it/s] 67%|██████▋   | 134/201 [01:45<00:53,  1.26it/s] 67%|██████▋   | 134/201 [01:45<00:53,  1.26it/s] 67%|██████▋   | 134/201 [01:45<00:53,  1.26it/s] 67%|██████▋   | 135/201 [01:46<00:55,  1.19it/s] 67%|██████▋   | 135/201 [01:46<00:55,  1.19it/s] 67%|██████▋   | 135/201 [01:46<00:55,  1.19it/s] 67%|██████▋   | 135/201 [01:46<00:55,  1.19it/s] 68%|██████▊   | 136/201 [01:46<00:53,  1.21it/s] 68%|██████▊   | 136/201 [01:46<00:53,  1.21it/s] 68%|██████▊   | 136/201 [01:46<00:53,  1.21it/s] 68%|██████▊   | 136/201 [01:46<00:53,  1.21it/s] 68%|██████▊   | 137/201 [01:47<00:51,  1.24it/s] 68%|██████▊   | 137/201 [01:47<00:51,  1.24it/s] 68%|██████▊   | 137/201 [01:47<00:51,  1.24it/s] 68%|██████▊   | 137/201 [01:47<00:51,  1.24it/s] 69%|██████▊   | 138/201 [01:48<00:49,  1.28it/s] 69%|██████▊   | 138/201 [01:48<00:49,  1.27it/s] 69%|██████▊   | 138/201 [01:48<00:49,  1.27it/s] 69%|██████▊   | 138/201 [01:48<00:49,  1.27it/s] 69%|██████▉   | 139/201 [01:49<00:47,  1.31it/s] 69%|██████▉   | 139/201 [01:49<00:47,  1.31it/s] 69%|██████▉   | 139/201 [01:49<00:47,  1.31it/s] 69%|██████▉   | 139/201 [01:49<00:47,  1.31it/s] 70%|██████▉   | 140/201 [01:49<00:46,  1.31it/s] 70%|██████▉   | 140/201 [01:49<00:46,  1.31it/s] 70%|██████▉   | 140/201 [01:49<00:46,  1.31it/s] 70%|██████▉   | 140/201 [01:49<00:46,  1.31it/s] 70%|███████   | 141/201 [01:50<00:49,  1.22it/s] 70%|███████   | 141/201 [01:50<00:49,  1.22it/s] 70%|███████   | 141/201 [01:50<00:49,  1.22it/s] 70%|███████   | 141/201 [01:50<00:49,  1.22it/s] 71%|███████   | 142/201 [01:51<00:47,  1.24it/s] 71%|███████   | 142/201 [01:51<00:47,  1.24it/s] 71%|███████   | 142/201 [01:51<00:47,  1.24it/s] 71%|███████   | 142/201 [01:51<00:47,  1.24it/s] 71%|███████   | 143/201 [01:52<00:48,  1.19it/s] 71%|███████   | 143/201 [01:52<00:48,  1.19it/s] 71%|███████   | 143/201 [01:52<00:48,  1.19it/s] 71%|███████   | 143/201 [01:52<00:48,  1.19it/s] 72%|███████▏  | 144/201 [01:53<00:46,  1.23it/s] 72%|███████▏  | 144/201 [01:53<00:46,  1.23it/s] 72%|███████▏  | 144/201 [01:53<00:46,  1.23it/s] 72%|███████▏  | 144/201 [01:53<00:46,  1.23it/s] 72%|███████▏  | 145/201 [01:54<00:45,  1.24it/s] 72%|███████▏  | 145/201 [01:54<00:45,  1.24it/s] 72%|███████▏  | 145/201 [01:54<00:45,  1.24it/s] 72%|███████▏  | 145/201 [01:54<00:45,  1.24it/s] 73%|███████▎  | 146/201 [01:54<00:43,  1.26it/s] 73%|███████▎  | 146/201 [01:54<00:43,  1.26it/s] 73%|███████▎  | 146/201 [01:54<00:43,  1.26it/s] 73%|███████▎  | 146/201 [01:54<00:43,  1.26it/s] 73%|███████▎  | 147/201 [01:55<00:42,  1.28it/s] 73%|███████▎  | 147/201 [01:55<00:42,  1.27it/s] 73%|███████▎  | 147/201 [01:55<00:42,  1.27it/s] 73%|███████▎  | 147/201 [01:55<00:42,  1.27it/s] 74%|███████▎  | 148/201 [01:56<00:44,  1.19it/s] 74%|███████▎  | 148/201 [01:56<00:44,  1.19it/s] 74%|███████▎  | 148/201 [01:56<00:44,  1.19it/s] 74%|███████▎  | 148/201 [01:56<00:44,  1.19it/s] 74%|███████▍  | 149/201 [01:57<00:41,  1.24it/s] 74%|███████▍  | 149/201 [01:57<00:41,  1.24it/s] 74%|███████▍  | 149/201 [01:57<00:41,  1.24it/s] 74%|███████▍  | 149/201 [01:57<00:41,  1.24it/s] 75%|███████▍  | 150/201 [01:58<00:43,  1.17it/s] 75%|███████▍  | 150/201 [01:58<00:43,  1.17it/s] 75%|███████▍  | 150/201 [01:58<00:43,  1.17it/s] 75%|███████▍  | 150/201 [01:58<00:43,  1.17it/s] 75%|███████▌  | 151/201 [01:59<00:41,  1.19it/s] 75%|███████▌  | 151/201 [01:59<00:41,  1.19it/s] 75%|███████▌  | 151/201 [01:59<00:41,  1.19it/s] 75%|███████▌  | 151/201 [01:59<00:41,  1.19it/s] 76%|███████▌  | 152/201 [01:59<00:39,  1.23it/s] 76%|███████▌  | 152/201 [01:59<00:39,  1.23it/s] 76%|███████▌  | 152/201 [01:59<00:39,  1.23it/s] 76%|███████▌  | 152/201 [01:59<00:39,  1.23it/s] 76%|███████▌  | 153/201 [02:00<00:38,  1.26it/s] 76%|███████▌  | 153/201 [02:00<00:38,  1.26it/s] 76%|███████▌  | 153/201 [02:00<00:38,  1.26it/s] 76%|███████▌  | 153/201 [02:00<00:38,  1.26it/s] 77%|███████▋  | 154/201 [02:01<00:39,  1.20it/s] 77%|███████▋  | 154/201 [02:01<00:39,  1.20it/s] 77%|███████▋  | 154/201 [02:01<00:39,  1.20it/s] 77%|███████▋  | 154/201 [02:01<00:39,  1.20it/s] 77%|███████▋  | 155/201 [02:02<00:37,  1.23it/s] 77%|███████▋  | 155/201 [02:02<00:37,  1.23it/s] 77%|███████▋  | 155/201 [02:02<00:37,  1.23it/s] 77%|███████▋  | 155/201 [02:02<00:37,  1.23it/s] 78%|███████▊  | 156/201 [02:03<00:37,  1.19it/s] 78%|███████▊  | 156/201 [02:03<00:37,  1.19it/s] 78%|███████▊  | 156/201 [02:03<00:37,  1.19it/s] 78%|███████▊  | 156/201 [02:03<00:37,  1.19it/s] 78%|███████▊  | 157/201 [02:03<00:36,  1.21it/s] 78%|███████▊  | 157/201 [02:03<00:36,  1.21it/s] 78%|███████▊  | 157/201 [02:03<00:36,  1.21it/s] 78%|███████▊  | 157/201 [02:03<00:36,  1.21it/s] 79%|███████▊  | 158/201 [02:04<00:34,  1.24it/s] 79%|███████▊  | 158/201 [02:04<00:34,  1.24it/s] 79%|███████▊  | 158/201 [02:04<00:34,  1.24it/s] 79%|███████▊  | 158/201 [02:04<00:34,  1.24it/s] 79%|███████▉  | 159/201 [02:05<00:32,  1.28it/s] 79%|███████▉  | 159/201 [02:05<00:32,  1.28it/s] 79%|███████▉  | 159/201 [02:05<00:32,  1.28it/s] 79%|███████▉  | 159/201 [02:05<00:32,  1.28it/s] 80%|███████▉  | 160/201 [02:06<00:35,  1.14it/s] 80%|███████▉  | 160/201 [02:06<00:35,  1.14it/s] 80%|███████▉  | 160/201 [02:06<00:35,  1.14it/s] 80%|███████▉  | 160/201 [02:06<00:35,  1.14it/s] 80%|████████  | 161/201 [02:07<00:34,  1.17it/s] 80%|████████  | 161/201 [02:07<00:34,  1.17it/s] 80%|████████  | 161/201 [02:07<00:34,  1.17it/s] 80%|████████  | 161/201 [02:07<00:34,  1.17it/s] 81%|████████  | 162/201 [02:08<00:32,  1.20it/s] 81%|████████  | 162/201 [02:08<00:32,  1.20it/s] 81%|████████  | 162/201 [02:08<00:32,  1.20it/s] 81%|████████  | 162/201 [02:08<00:32,  1.20it/s] 81%|████████  | 163/201 [02:09<00:32,  1.16it/s] 81%|████████  | 163/201 [02:09<00:32,  1.16it/s] 81%|████████  | 163/201 [02:09<00:32,  1.16it/s] 81%|████████  | 163/201 [02:09<00:32,  1.16it/s] 82%|████████▏ | 164/201 [02:09<00:30,  1.23it/s] 82%|████████▏ | 164/201 [02:09<00:30,  1.23it/s] 82%|████████▏ | 164/201 [02:09<00:30,  1.23it/s] 82%|████████▏ | 164/201 [02:09<00:30,  1.23it/s] 82%|████████▏ | 165/201 [02:10<00:28,  1.25it/s] 82%|████████▏ | 165/201 [02:10<00:28,  1.25it/s] 82%|████████▏ | 165/201 [02:10<00:28,  1.25it/s] 82%|████████▏ | 165/201 [02:10<00:28,  1.25it/s] 83%|████████▎ | 166/201 [02:11<00:30,  1.16it/s] 83%|████████▎ | 166/201 [02:11<00:30,  1.16it/s] 83%|████████▎ | 166/201 [02:11<00:30,  1.16it/s] 83%|████████▎ | 166/201 [02:11<00:30,  1.16it/s] 83%|████████▎ | 167/201 [02:12<00:27,  1.22it/s] 83%|████████▎ | 167/201 [02:12<00:27,  1.22it/s] 83%|████████▎ | 167/201 [02:12<00:27,  1.22it/s] 83%|████████▎ | 167/201 [02:12<00:27,  1.22it/s] 84%|████████▎ | 168/201 [02:13<00:26,  1.23it/s] 84%|████████▎ | 168/201 [02:13<00:26,  1.23it/s] 84%|████████▎ | 168/201 [02:13<00:26,  1.23it/s] 84%|████████▎ | 168/201 [02:13<00:26,  1.23it/s] 84%|████████▍ | 169/201 [02:14<00:27,  1.17it/s] 84%|████████▍ | 169/201 [02:14<00:27,  1.17it/s] 84%|████████▍ | 169/201 [02:14<00:27,  1.17it/s] 84%|████████▍ | 169/201 [02:14<00:27,  1.17it/s] 85%|████████▍ | 170/201 [02:14<00:26,  1.19it/s] 85%|████████▍ | 170/201 [02:14<00:26,  1.19it/s] 85%|████████▍ | 170/201 [02:14<00:26,  1.19it/s] 85%|████████▍ | 170/201 [02:14<00:26,  1.19it/s] 85%|████████▌ | 171/201 [02:15<00:24,  1.22it/s] 85%|████████▌ | 171/201 [02:15<00:24,  1.22it/s] 85%|████████▌ | 171/201 [02:15<00:24,  1.22it/s] 85%|████████▌ | 171/201 [02:15<00:24,  1.22it/s] 86%|████████▌ | 172/201 [02:16<00:23,  1.26it/s] 86%|████████▌ | 172/201 [02:16<00:23,  1.26it/s] 86%|████████▌ | 172/201 [02:16<00:23,  1.26it/s] 86%|████████▌ | 172/201 [02:16<00:23,  1.26it/s] 86%|████████▌ | 173/201 [02:17<00:23,  1.17it/s] 86%|████████▌ | 173/201 [02:17<00:23,  1.17it/s] 86%|████████▌ | 173/201 [02:17<00:23,  1.17it/s] 86%|████████▌ | 173/201 [02:17<00:23,  1.17it/s] 87%|████████▋ | 174/201 [02:18<00:22,  1.23it/s] 87%|████████▋ | 174/201 [02:18<00:22,  1.23it/s] 87%|████████▋ | 174/201 [02:18<00:22,  1.23it/s] 87%|████████▋ | 174/201 [02:18<00:22,  1.23it/s] 87%|████████▋ | 175/201 [02:18<00:20,  1.25it/s] 87%|████████▋ | 175/201 [02:18<00:20,  1.25it/s] 87%|████████▋ | 175/201 [02:18<00:20,  1.25it/s] 87%|████████▋ | 175/201 [02:18<00:20,  1.25it/s] 88%|████████▊ | 176/201 [02:19<00:20,  1.21it/s] 88%|████████▊ | 176/201 [02:19<00:20,  1.21it/s] 88%|████████▊ | 176/201 [02:19<00:20,  1.21it/s] 88%|████████▊ | 176/201 [02:19<00:20,  1.21it/s] 88%|████████▊ | 177/201 [02:20<00:19,  1.23it/s] 88%|████████▊ | 177/201 [02:20<00:19,  1.23it/s] 88%|████████▊ | 177/201 [02:20<00:19,  1.23it/s] 88%|████████▊ | 177/201 [02:20<00:19,  1.23it/s] 89%|████████▊ | 178/201 [02:21<00:18,  1.26it/s] 89%|████████▊ | 178/201 [02:21<00:18,  1.26it/s] 89%|████████▊ | 178/201 [02:21<00:18,  1.26it/s] 89%|████████▊ | 178/201 [02:21<00:18,  1.26it/s] 89%|████████▉ | 179/201 [02:22<00:18,  1.19it/s] 89%|████████▉ | 179/201 [02:22<00:18,  1.19it/s] 89%|████████▉ | 179/201 [02:22<00:18,  1.19it/s] 89%|████████▉ | 179/201 [02:22<00:18,  1.19it/s] 90%|████████▉ | 180/201 [02:22<00:16,  1.24it/s] 90%|████████▉ | 180/201 [02:22<00:16,  1.24it/s] 90%|████████▉ | 180/201 [02:22<00:16,  1.24it/s] 90%|████████▉ | 180/201 [02:22<00:16,  1.24it/s] 90%|█████████ | 181/201 [02:23<00:16,  1.25it/s] 90%|█████████ | 181/201 [02:23<00:16,  1.25it/s] 90%|█████████ | 181/201 [02:23<00:16,  1.25it/s] 90%|█████████ | 181/201 [02:23<00:16,  1.25it/s] 91%|█████████ | 182/201 [02:24<00:16,  1.18it/s] 91%|█████████ | 182/201 [02:24<00:16,  1.18it/s] 91%|█████████ | 182/201 [02:24<00:16,  1.18it/s] 91%|█████████ | 182/201 [02:24<00:16,  1.18it/s] 91%|█████████ | 183/201 [02:25<00:14,  1.22it/s] 91%|█████████ | 183/201 [02:25<00:14,  1.22it/s] 91%|█████████ | 183/201 [02:25<00:14,  1.22it/s] 91%|█████████ | 183/201 [02:25<00:14,  1.22it/s] 92%|█████████▏| 184/201 [02:26<00:13,  1.23it/s] 92%|█████████▏| 184/201 [02:26<00:13,  1.23it/s] 92%|█████████▏| 184/201 [02:26<00:13,  1.23it/s] 92%|█████████▏| 184/201 [02:26<00:13,  1.23it/s] 92%|█████████▏| 185/201 [02:27<00:13,  1.18it/s] 92%|█████████▏| 185/201 [02:27<00:13,  1.18it/s] 92%|█████████▏| 185/201 [02:27<00:13,  1.18it/s] 92%|█████████▏| 185/201 [02:27<00:13,  1.18it/s] 93%|█████████▎| 186/201 [02:27<00:12,  1.23it/s] 93%|█████████▎| 186/201 [02:27<00:12,  1.23it/s] 93%|█████████▎| 186/201 [02:27<00:12,  1.23it/s] 93%|█████████▎| 186/201 [02:27<00:12,  1.23it/s] 93%|█████████▎| 187/201 [02:28<00:11,  1.25it/s] 93%|█████████▎| 187/201 [02:28<00:11,  1.25it/s] 93%|█████████▎| 187/201 [02:28<00:11,  1.25it/s] 93%|█████████▎| 187/201 [02:28<00:11,  1.25it/s] 94%|█████████▎| 188/201 [02:29<00:10,  1.28it/s] 94%|█████████▎| 188/201 [02:29<00:10,  1.28it/s] 94%|█████████▎| 188/201 [02:29<00:10,  1.28it/s] 94%|█████████▎| 188/201 [02:29<00:10,  1.28it/s] 94%|█████████▍| 189/201 [02:30<00:10,  1.19it/s] 94%|█████████▍| 189/201 [02:30<00:10,  1.19it/s] 94%|█████████▍| 189/201 [02:30<00:10,  1.19it/s] 94%|█████████▍| 189/201 [02:30<00:10,  1.19it/s] 95%|█████████▍| 190/201 [02:31<00:09,  1.21it/s] 95%|█████████▍| 190/201 [02:31<00:09,  1.21it/s] 95%|█████████▍| 190/201 [02:31<00:09,  1.21it/s] 95%|█████████▍| 190/201 [02:31<00:09,  1.21it/s] 95%|█████████▌| 191/201 [02:32<00:08,  1.15it/s] 95%|█████████▌| 191/201 [02:32<00:08,  1.15it/s] 95%|█████████▌| 191/201 [02:32<00:08,  1.15it/s] 95%|█████████▌| 191/201 [02:32<00:08,  1.14it/s] 96%|█████████▌| 192/201 [02:32<00:07,  1.20it/s] 96%|█████████▌| 192/201 [02:32<00:07,  1.20it/s] 96%|█████████▌| 192/201 [02:32<00:07,  1.20it/s] 96%|█████████▌| 192/201 [02:32<00:07,  1.20it/s] 96%|█████████▌| 193/201 [02:33<00:06,  1.23it/s] 96%|█████████▌| 193/201 [02:33<00:06,  1.23it/s] 96%|█████████▌| 193/201 [02:33<00:06,  1.23it/s] 96%|█████████▌| 193/201 [02:33<00:06,  1.23it/s] 97%|█████████▋| 194/201 [02:34<00:05,  1.26it/s] 97%|█████████▋| 194/201 [02:34<00:05,  1.26it/s] 97%|█████████▋| 194/201 [02:34<00:05,  1.26it/s] 97%|█████████▋| 194/201 [02:34<00:05,  1.26it/s] 97%|█████████▋| 195/201 [02:35<00:05,  1.19it/s] 97%|█████████▋| 195/201 [02:35<00:05,  1.19it/s] 97%|█████████▋| 195/201 [02:35<00:05,  1.19it/s] 97%|█████████▋| 195/201 [02:35<00:05,  1.19it/s] 98%|█████████▊| 196/201 [02:36<00:04,  1.22it/s] 98%|█████████▊| 196/201 [02:36<00:04,  1.22it/s] 98%|█████████▊| 196/201 [02:36<00:04,  1.22it/s] 98%|█████████▊| 196/201 [02:36<00:04,  1.22it/s] 98%|█████████▊| 197/201 [02:36<00:03,  1.26it/s] 98%|█████████▊| 197/201 [02:36<00:03,  1.26it/s] 98%|█████████▊| 197/201 [02:36<00:03,  1.26it/s] 98%|█████████▊| 197/201 [02:36<00:03,  1.26it/s] 99%|█████████▊| 198/201 [02:37<00:02,  1.18it/s] 99%|█████████▊| 198/201 [02:37<00:02,  1.18it/s] 99%|█████████▊| 198/201 [02:37<00:02,  1.18it/s] 99%|█████████▊| 198/201 [02:37<00:02,  1.18it/s] 99%|█████████▉| 199/201 [02:38<00:01,  1.21it/s] 99%|█████████▉| 199/201 [02:38<00:01,  1.21it/s] 99%|█████████▉| 199/201 [02:38<00:01,  1.21it/s] 99%|█████████▉| 199/201 [02:38<00:01,  1.21it/s]100%|█████████▉| 200/201 [02:39<00:00,  1.24it/s]100%|█████████▉| 200/201 [02:39<00:00,  1.24it/s]100%|█████████▉| 200/201 [02:39<00:00,  1.24it/s]100%|█████████▉| 200/201 [02:39<00:00,  1.24it/s]100%|██████████| 201/201 [02:40<00:00,  1.28it/s]100%|██████████| 201/201 [02:40<00:00,  1.28it/s]100%|██████████| 201/201 [02:40<00:00,  1.28it/s]100%|██████████| 201/201 [02:40<00:00,  1.28it/s]100%|██████████| 201/201 [02:40<00:00,  1.26it/s]
100%|██████████| 201/201 [02:40<00:00,  1.26it/s]
100%|██████████| 201/201 [02:40<00:00,  1.26it/s]
100%|██████████| 201/201 [02:40<00:00,  1.26it/s]
Model checkpointing attempts: 0.
Stored epoch 6 model checkpoint to ./checkpoints/parquet_dataset/parquet_dataset__model_nlyrs_4_nheads_4_hdim_64__pred_ovrlap_F_npreds_4__nlyrs_2_activ_relunenc_1__lr_0.0002828_start_0.001_final_0_20251112_231724/epoch_6.pth.
Training loss has improved 1 times since last caching the model. Caching now.
/home/aminmohamadi_squareup_com/projects/.hermit/python/lib/python3.11/site-packages/torch/distributed/distributed_c10d.py:4876: UserWarning: barrier(): using the device under current context. You can specify `device_id` in `init_process_group` to mute this warning.
  warnings.warn(  # warn only once
##############################Training epoch: 8/10##############################
  0%|          | 0/201 [00:00<?, ?it/s]  0%|          | 0/201 [00:00<?, ?it/s]  0%|          | 0/201 [00:00<?, ?it/s]  0%|          | 0/201 [00:00<?, ?it/s]  0%|          | 1/201 [00:00<03:09,  1.05it/s]  0%|          | 1/201 [00:00<03:09,  1.05it/s]  0%|          | 1/201 [00:00<03:09,  1.05it/s]  0%|          | 1/201 [00:01<03:32,  1.06s/it]  1%|          | 2/201 [00:01<03:17,  1.01it/s]  1%|          | 2/201 [00:01<03:13,  1.03it/s]  1%|          | 2/201 [00:01<03:17,  1.01it/s]  1%|          | 2/201 [00:01<03:17,  1.01it/s]  1%|▏         | 3/201 [00:02<03:11,  1.03it/s]  1%|▏         | 3/201 [00:02<03:11,  1.03it/s]  1%|▏         | 3/201 [00:02<03:09,  1.04it/s]  1%|▏         | 3/201 [00:02<03:12,  1.03it/s]  2%|▏         | 4/201 [00:03<02:43,  1.20it/s]  2%|▏         | 4/201 [00:03<02:45,  1.19it/s]  2%|▏         | 4/201 [00:03<02:45,  1.19it/s]  2%|▏         | 4/201 [00:03<02:45,  1.19it/s]  2%|▏         | 5/201 [00:04<02:36,  1.25it/s]  2%|▏         | 5/201 [00:04<02:35,  1.26it/s]  2%|▏         | 5/201 [00:04<02:36,  1.25it/s]  2%|▏         | 5/201 [00:04<02:36,  1.25it/s]  3%|▎         | 6/201 [00:04<02:24,  1.35it/s]  3%|▎         | 6/201 [00:04<02:23,  1.36it/s]  3%|▎         | 6/201 [00:04<02:24,  1.35it/s]  3%|▎         | 6/201 [00:04<02:24,  1.35it/s]  3%|▎         | 7/201 [00:05<02:34,  1.26it/s]  3%|▎         | 7/201 [00:05<02:34,  1.26it/s]  3%|▎         | 7/201 [00:05<02:34,  1.26it/s]  3%|▎         | 7/201 [00:05<02:34,  1.26it/s]  4%|▍         | 8/201 [00:06<02:41,  1.19it/s]  4%|▍         | 8/201 [00:06<02:41,  1.19it/s]  4%|▍         | 8/201 [00:06<02:41,  1.19it/s]  4%|▍         | 8/201 [00:06<02:41,  1.19it/s]  4%|▍         | 9/201 [00:07<02:50,  1.13it/s]  4%|▍         | 9/201 [00:07<02:50,  1.13it/s]  4%|▍         | 9/201 [00:07<02:50,  1.13it/s]  4%|▍         | 9/201 [00:07<02:50,  1.13it/s]  5%|▍         | 10/201 [00:08<02:42,  1.17it/s]  5%|▍         | 10/201 [00:08<02:42,  1.17it/s]  5%|▍         | 10/201 [00:08<02:42,  1.18it/s]  5%|▍         | 10/201 [00:08<02:42,  1.17it/s]  5%|▌         | 11/201 [00:09<02:35,  1.22it/s]  5%|▌         | 11/201 [00:09<02:35,  1.22it/s]  5%|▌         | 11/201 [00:09<02:35,  1.22it/s]  5%|▌         | 11/201 [00:09<02:35,  1.22it/s]  6%|▌         | 12/201 [00:09<02:22,  1.33it/s]  6%|▌         | 12/201 [00:09<02:22,  1.32it/s]  6%|▌         | 12/201 [00:09<02:22,  1.33it/s]  6%|▌         | 12/201 [00:09<02:22,  1.32it/s]  6%|▋         | 13/201 [00:10<02:32,  1.23it/s]  6%|▋         | 13/201 [00:10<02:32,  1.23it/s]  6%|▋         | 13/201 [00:10<02:32,  1.23it/s]  6%|▋         | 13/201 [00:10<02:32,  1.23it/s]  7%|▋         | 14/201 [00:11<02:27,  1.27it/s]  7%|▋         | 14/201 [00:11<02:27,  1.27it/s]  7%|▋         | 14/201 [00:11<02:27,  1.27it/s]  7%|▋         | 14/201 [00:11<02:27,  1.27it/s]  7%|▋         | 15/201 [00:12<02:24,  1.29it/s]  7%|▋         | 15/201 [00:12<02:24,  1.29it/s]  7%|▋         | 15/201 [00:12<02:24,  1.29it/s]  7%|▋         | 15/201 [00:12<02:24,  1.29it/s]  8%|▊         | 16/201 [00:13<02:32,  1.21it/s]  8%|▊         | 16/201 [00:13<02:32,  1.21it/s]  8%|▊         | 16/201 [00:13<02:32,  1.21it/s]  8%|▊         | 16/201 [00:13<02:32,  1.21it/s]  8%|▊         | 17/201 [00:14<02:29,  1.23it/s]  8%|▊         | 17/201 [00:14<02:29,  1.23it/s]  8%|▊         | 17/201 [00:14<02:29,  1.23it/s]  8%|▊         | 17/201 [00:14<02:29,  1.23it/s]  9%|▉         | 18/201 [00:14<02:34,  1.18it/s]  9%|▉         | 18/201 [00:14<02:34,  1.18it/s]  9%|▉         | 18/201 [00:14<02:34,  1.18it/s]  9%|▉         | 18/201 [00:14<02:34,  1.18it/s]  9%|▉         | 19/201 [00:15<02:27,  1.23it/s]  9%|▉         | 19/201 [00:15<02:27,  1.23it/s]  9%|▉         | 19/201 [00:15<02:27,  1.23it/s]  9%|▉         | 19/201 [00:15<02:28,  1.23it/s] 10%|▉         | 20/201 [00:16<02:32,  1.19it/s] 10%|▉         | 20/201 [00:16<02:32,  1.19it/s] 10%|▉         | 20/201 [00:16<02:32,  1.19it/s] 10%|▉         | 20/201 [00:16<02:32,  1.19it/s] 10%|█         | 21/201 [00:17<02:29,  1.21it/s] 10%|█         | 21/201 [00:17<02:29,  1.21it/s] 10%|█         | 21/201 [00:17<02:29,  1.21it/s] 10%|█         | 21/201 [00:17<02:29,  1.21it/s] 11%|█         | 22/201 [00:18<02:35,  1.15it/s] 11%|█         | 22/201 [00:18<02:35,  1.15it/s] 11%|█         | 22/201 [00:18<02:35,  1.15it/s] 11%|█         | 22/201 [00:18<02:35,  1.15it/s] 11%|█▏        | 23/201 [00:19<02:31,  1.17it/s] 11%|█▏        | 23/201 [00:19<02:31,  1.17it/s] 11%|█▏        | 23/201 [00:19<02:31,  1.17it/s] 11%|█▏        | 23/201 [00:19<02:31,  1.17it/s] 12%|█▏        | 24/201 [00:19<02:26,  1.21it/s] 12%|█▏        | 24/201 [00:19<02:26,  1.21it/s] 12%|█▏        | 24/201 [00:19<02:26,  1.21it/s] 12%|█▏        | 24/201 [00:19<02:26,  1.21it/s] 12%|█▏        | 25/201 [00:20<02:22,  1.24it/s] 12%|█▏        | 25/201 [00:20<02:22,  1.24it/s] 12%|█▏        | 25/201 [00:20<02:22,  1.24it/s] 12%|█▏        | 25/201 [00:20<02:22,  1.24it/s] 13%|█▎        | 26/201 [00:21<02:28,  1.18it/s] 13%|█▎        | 26/201 [00:21<02:28,  1.18it/s] 13%|█▎        | 26/201 [00:21<02:28,  1.18it/s] 13%|█▎        | 26/201 [00:21<02:28,  1.18it/s] 13%|█▎        | 27/201 [00:22<02:20,  1.24it/s] 13%|█▎        | 27/201 [00:22<02:20,  1.24it/s] 13%|█▎        | 27/201 [00:22<02:20,  1.24it/s] 13%|█▎        | 27/201 [00:22<02:20,  1.24it/s] 14%|█▍        | 28/201 [00:23<02:19,  1.24it/s] 14%|█▍        | 28/201 [00:23<02:19,  1.24it/s] 14%|█▍        | 28/201 [00:23<02:19,  1.24it/s] 14%|█▍        | 28/201 [00:23<02:19,  1.24it/s] 14%|█▍        | 29/201 [00:23<02:16,  1.26it/s] 14%|█▍        | 29/201 [00:23<02:16,  1.26it/s] 14%|█▍        | 29/201 [00:23<02:16,  1.26it/s] 14%|█▍        | 29/201 [00:23<02:16,  1.26it/s] 15%|█▍        | 30/201 [00:24<02:13,  1.28it/s] 15%|█▍        | 30/201 [00:24<02:13,  1.28it/s] 15%|█▍        | 30/201 [00:24<02:13,  1.28it/s] 15%|█▍        | 30/201 [00:24<02:13,  1.28it/s] 15%|█▌        | 31/201 [00:25<02:12,  1.28it/s] 15%|█▌        | 31/201 [00:25<02:12,  1.28it/s] 15%|█▌        | 31/201 [00:25<02:12,  1.28it/s] 15%|█▌        | 31/201 [00:25<02:12,  1.28it/s] 16%|█▌        | 32/201 [00:26<02:12,  1.28it/s] 16%|█▌        | 32/201 [00:26<02:12,  1.28it/s] 16%|█▌        | 32/201 [00:26<02:12,  1.28it/s] 16%|█▌        | 32/201 [00:26<02:12,  1.28it/s] 16%|█▋        | 33/201 [00:27<02:12,  1.27it/s] 16%|█▋        | 33/201 [00:27<02:12,  1.27it/s] 16%|█▋        | 33/201 [00:27<02:12,  1.27it/s] 16%|█▋        | 33/201 [00:27<02:12,  1.27it/s] 17%|█▋        | 34/201 [00:27<02:08,  1.30it/s] 17%|█▋        | 34/201 [00:27<02:08,  1.30it/s] 17%|█▋        | 34/201 [00:27<02:08,  1.30it/s] 17%|█▋        | 34/201 [00:27<02:08,  1.30it/s] 17%|█▋        | 35/201 [00:28<02:19,  1.19it/s] 17%|█▋        | 35/201 [00:28<02:19,  1.19it/s] 17%|█▋        | 35/201 [00:28<02:19,  1.19it/s] 17%|█▋        | 35/201 [00:28<02:19,  1.19it/s] 18%|█▊        | 36/201 [00:29<02:14,  1.23it/s] 18%|█▊        | 36/201 [00:29<02:14,  1.23it/s] 18%|█▊        | 36/201 [00:29<02:14,  1.23it/s] 18%|█▊        | 36/201 [00:29<02:14,  1.23it/s] 18%|█▊        | 37/201 [00:30<02:18,  1.18it/s] 18%|█▊        | 37/201 [00:30<02:18,  1.18it/s] 18%|█▊        | 37/201 [00:30<02:18,  1.18it/s] 18%|█▊        | 37/201 [00:30<02:18,  1.18it/s] 19%|█▉        | 38/201 [00:31<02:13,  1.22it/s] 19%|█▉        | 38/201 [00:31<02:13,  1.22it/s] 19%|█▉        | 38/201 [00:31<02:13,  1.22it/s] 19%|█▉        | 38/201 [00:31<02:13,  1.22it/s] 19%|█▉        | 39/201 [00:32<02:17,  1.18it/s] 19%|█▉        | 39/201 [00:32<02:17,  1.18it/s] 19%|█▉        | 39/201 [00:32<02:17,  1.18it/s] 19%|█▉        | 39/201 [00:32<02:17,  1.18it/s] 20%|█▉        | 40/201 [00:33<02:30,  1.07it/s] 20%|█▉        | 40/201 [00:33<02:30,  1.07it/s] 20%|█▉        | 40/201 [00:33<02:30,  1.07it/s] 20%|█▉        | 40/201 [00:33<02:30,  1.07it/s] 20%|██        | 41/201 [00:34<02:22,  1.12it/s] 20%|██        | 41/201 [00:34<02:22,  1.12it/s] 20%|██        | 41/201 [00:34<02:22,  1.12it/s] 20%|██        | 41/201 [00:34<02:22,  1.12it/s] 21%|██        | 42/201 [00:34<02:16,  1.17it/s] 21%|██        | 42/201 [00:34<02:16,  1.17it/s] 21%|██        | 42/201 [00:34<02:16,  1.17it/s] 21%|██        | 42/201 [00:34<02:16,  1.17it/s] 21%|██▏       | 43/201 [00:35<02:11,  1.21it/s] 21%|██▏       | 43/201 [00:35<02:11,  1.21it/s] 21%|██▏       | 43/201 [00:35<02:11,  1.21it/s] 21%|██▏       | 43/201 [00:35<02:11,  1.21it/s] 22%|██▏       | 44/201 [00:36<02:07,  1.23it/s] 22%|██▏       | 44/201 [00:36<02:07,  1.23it/s] 22%|██▏       | 44/201 [00:36<02:07,  1.23it/s] 22%|██▏       | 44/201 [00:36<02:07,  1.23it/s] 22%|██▏       | 45/201 [00:37<02:10,  1.20it/s] 22%|██▏       | 45/201 [00:37<02:10,  1.20it/s] 22%|██▏       | 45/201 [00:37<02:10,  1.20it/s] 22%|██▏       | 45/201 [00:37<02:10,  1.20it/s] 23%|██▎       | 46/201 [00:38<02:08,  1.21it/s] 23%|██▎       | 46/201 [00:38<02:08,  1.21it/s] 23%|██▎       | 46/201 [00:38<02:08,  1.21it/s] 23%|██▎       | 46/201 [00:38<02:08,  1.21it/s] 23%|██▎       | 47/201 [00:39<02:15,  1.14it/s] 23%|██▎       | 47/201 [00:39<02:15,  1.14it/s] 23%|██▎       | 47/201 [00:39<02:15,  1.14it/s] 23%|██▎       | 47/201 [00:39<02:15,  1.14it/s] 24%|██▍       | 48/201 [00:39<02:08,  1.19it/s] 24%|██▍       | 48/201 [00:39<02:08,  1.19it/s] 24%|██▍       | 48/201 [00:39<02:08,  1.19it/s] 24%|██▍       | 48/201 [00:39<02:08,  1.19it/s] 24%|██▍       | 49/201 [00:40<02:02,  1.24it/s] 24%|██▍       | 49/201 [00:40<02:02,  1.24it/s] 24%|██▍       | 49/201 [00:40<02:02,  1.24it/s] 24%|██▍       | 49/201 [00:40<02:02,  1.24it/s] 25%|██▍       | 50/201 [00:41<01:54,  1.32it/s] 25%|██▍       | 50/201 [00:41<01:54,  1.32it/s] 25%|██▍       | 50/201 [00:41<01:54,  1.32it/s] 25%|██▍       | 50/201 [00:41<01:54,  1.32it/s] 25%|██▌       | 51/201 [00:41<01:53,  1.32it/s] 25%|██▌       | 51/201 [00:41<01:53,  1.32it/s] 25%|██▌       | 51/201 [00:41<01:53,  1.32it/s] 25%|██▌       | 51/201 [00:41<01:53,  1.32it/s] 26%|██▌       | 52/201 [00:42<01:59,  1.24it/s] 26%|██▌       | 52/201 [00:42<01:59,  1.24it/s] 26%|██▌       | 52/201 [00:42<01:59,  1.24it/s] 26%|██▌       | 52/201 [00:42<01:59,  1.24it/s] 26%|██▋       | 53/201 [00:43<02:04,  1.19it/s] 26%|██▋       | 53/201 [00:43<02:04,  1.19it/s] 26%|██▋       | 53/201 [00:43<02:04,  1.19it/s] 26%|██▋       | 53/201 [00:43<02:04,  1.19it/s] 27%|██▋       | 54/201 [00:44<02:00,  1.22it/s] 27%|██▋       | 54/201 [00:44<02:00,  1.22it/s] 27%|██▋       | 54/201 [00:44<02:00,  1.22it/s] 27%|██▋       | 54/201 [00:44<02:00,  1.22it/s] 27%|██▋       | 55/201 [00:45<01:56,  1.25it/s] 27%|██▋       | 55/201 [00:45<01:56,  1.25it/s] 27%|██▋       | 55/201 [00:45<01:56,  1.25it/s] 27%|██▋       | 55/201 [00:45<01:56,  1.25it/s] 28%|██▊       | 56/201 [00:46<01:53,  1.27it/s] 28%|██▊       | 56/201 [00:46<01:53,  1.27it/s] 28%|██▊       | 56/201 [00:46<01:53,  1.27it/s] 28%|██▊       | 56/201 [00:46<01:53,  1.27it/s] 28%|██▊       | 57/201 [00:46<01:51,  1.29it/s] 28%|██▊       | 57/201 [00:46<01:51,  1.29it/s] 28%|██▊       | 57/201 [00:46<01:51,  1.29it/s] 28%|██▊       | 57/201 [00:46<01:51,  1.29it/s] 29%|██▉       | 58/201 [00:47<01:57,  1.21it/s] 29%|██▉       | 58/201 [00:47<01:57,  1.21it/s] 29%|██▉       | 58/201 [00:47<01:57,  1.21it/s] 29%|██▉       | 58/201 [00:47<01:57,  1.21it/s] 29%|██▉       | 59/201 [00:48<02:01,  1.17it/s] 29%|██▉       | 59/201 [00:48<02:01,  1.17it/s] 29%|██▉       | 59/201 [00:48<02:01,  1.17it/s] 29%|██▉       | 59/201 [00:48<02:01,  1.17it/s] 30%|██▉       | 60/201 [00:49<02:02,  1.15it/s] 30%|██▉       | 60/201 [00:49<02:02,  1.15it/s] 30%|██▉       | 60/201 [00:49<02:02,  1.15it/s] 30%|██▉       | 60/201 [00:49<02:02,  1.15it/s] 30%|███       | 61/201 [00:50<01:55,  1.21it/s] 30%|███       | 61/201 [00:50<01:55,  1.21it/s] 30%|███       | 61/201 [00:50<01:55,  1.21it/s] 30%|███       | 61/201 [00:50<01:55,  1.21it/s] 31%|███       | 62/201 [00:51<01:52,  1.24it/s] 31%|███       | 62/201 [00:51<01:52,  1.24it/s] 31%|███       | 62/201 [00:51<01:52,  1.24it/s] 31%|███       | 62/201 [00:51<01:52,  1.24it/s] 31%|███▏      | 63/201 [00:51<01:49,  1.26it/s] 31%|███▏      | 63/201 [00:51<01:49,  1.26it/s] 31%|███▏      | 63/201 [00:51<01:49,  1.26it/s] 31%|███▏      | 63/201 [00:51<01:49,  1.26it/s] 32%|███▏      | 64/201 [00:52<01:52,  1.21it/s] 32%|███▏      | 64/201 [00:52<01:52,  1.21it/s] 32%|███▏      | 64/201 [00:52<01:52,  1.21it/s] 32%|███▏      | 64/201 [00:52<01:52,  1.21it/s] 32%|███▏      | 65/201 [00:53<01:50,  1.23it/s] 32%|███▏      | 65/201 [00:53<01:50,  1.23it/s] 32%|███▏      | 65/201 [00:53<01:50,  1.23it/s] 32%|███▏      | 65/201 [00:53<01:50,  1.23it/s] 33%|███▎      | 66/201 [00:54<01:50,  1.22it/s] 33%|███▎      | 66/201 [00:54<01:50,  1.22it/s] 33%|███▎      | 66/201 [00:54<01:50,  1.22it/s] 33%|███▎      | 66/201 [00:54<01:50,  1.22it/s] 33%|███▎      | 67/201 [00:55<01:45,  1.27it/s] 33%|███▎      | 67/201 [00:55<01:45,  1.27it/s] 33%|███▎      | 67/201 [00:55<01:45,  1.27it/s] 33%|███▎      | 67/201 [00:55<01:45,  1.27it/s] 34%|███▍      | 68/201 [00:55<01:42,  1.29it/s] 34%|███▍      | 68/201 [00:55<01:42,  1.29it/s] 34%|███▍      | 68/201 [00:55<01:42,  1.29it/s] 34%|███▍      | 68/201 [00:55<01:42,  1.29it/s] 34%|███▍      | 69/201 [00:56<01:40,  1.31it/s] 34%|███▍      | 69/201 [00:56<01:40,  1.31it/s] 34%|███▍      | 69/201 [00:56<01:40,  1.31it/s] 34%|███▍      | 69/201 [00:56<01:40,  1.31it/s] 35%|███▍      | 70/201 [00:57<01:34,  1.39it/s] 35%|███▍      | 70/201 [00:57<01:34,  1.39it/s] 35%|███▍      | 70/201 [00:57<01:34,  1.39it/s] 35%|███▍      | 70/201 [00:57<01:34,  1.39it/s] 35%|███▌      | 71/201 [00:58<01:40,  1.30it/s] 35%|███▌      | 71/201 [00:58<01:40,  1.30it/s] 35%|███▌      | 71/201 [00:58<01:40,  1.30it/s] 35%|███▌      | 71/201 [00:58<01:40,  1.30it/s] 36%|███▌      | 72/201 [00:59<01:48,  1.19it/s] 36%|███▌      | 72/201 [00:59<01:48,  1.19it/s] 36%|███▌      | 72/201 [00:59<01:48,  1.19it/s] 36%|███▌      | 72/201 [00:59<01:48,  1.19it/s] 36%|███▋      | 73/201 [00:59<01:43,  1.23it/s] 36%|███▋      | 73/201 [00:59<01:43,  1.23it/s] 36%|███▋      | 73/201 [00:59<01:43,  1.23it/s] 36%|███▋      | 73/201 [00:59<01:43,  1.23it/s] 37%|███▋      | 74/201 [01:00<01:46,  1.19it/s] 37%|███▋      | 74/201 [01:00<01:46,  1.19it/s] 37%|███▋      | 74/201 [01:00<01:46,  1.19it/s] 37%|███▋      | 74/201 [01:00<01:46,  1.19it/s] 37%|███▋      | 75/201 [01:01<01:38,  1.28it/s] 37%|███▋      | 75/201 [01:01<01:38,  1.28it/s] 37%|███▋      | 75/201 [01:01<01:38,  1.28it/s] 37%|███▋      | 75/201 [01:01<01:38,  1.28it/s] 38%|███▊      | 76/201 [01:02<01:34,  1.32it/s] 38%|███▊      | 76/201 [01:02<01:34,  1.32it/s] 38%|███▊      | 76/201 [01:02<01:34,  1.32it/s] 38%|███▊      | 76/201 [01:02<01:34,  1.32it/s] 38%|███▊      | 77/201 [01:02<01:39,  1.25it/s] 38%|███▊      | 77/201 [01:02<01:39,  1.25it/s] 38%|███▊      | 77/201 [01:02<01:39,  1.25it/s] 38%|███▊      | 77/201 [01:02<01:39,  1.25it/s] 39%|███▉      | 78/201 [01:03<01:44,  1.18it/s] 39%|███▉      | 78/201 [01:03<01:44,  1.18it/s] 39%|███▉      | 78/201 [01:03<01:44,  1.18it/s] 39%|███▉      | 78/201 [01:03<01:44,  1.18it/s] 39%|███▉      | 79/201 [01:04<01:39,  1.23it/s] 39%|███▉      | 79/201 [01:04<01:39,  1.23it/s] 39%|███▉      | 79/201 [01:04<01:39,  1.23it/s] 39%|███▉      | 79/201 [01:04<01:39,  1.23it/s] 40%|███▉      | 80/201 [01:05<01:37,  1.24it/s] 40%|███▉      | 80/201 [01:05<01:37,  1.24it/s] 40%|███▉      | 80/201 [01:05<01:37,  1.24it/s] 40%|███▉      | 80/201 [01:05<01:37,  1.24it/s] 40%|████      | 81/201 [01:06<01:34,  1.26it/s] 40%|████      | 81/201 [01:06<01:34,  1.26it/s] 40%|████      | 81/201 [01:06<01:34,  1.26it/s] 40%|████      | 81/201 [01:06<01:34,  1.26it/s] 41%|████      | 82/201 [01:06<01:33,  1.27it/s] 41%|████      | 82/201 [01:06<01:33,  1.27it/s] 41%|████      | 82/201 [01:06<01:33,  1.27it/s] 41%|████      | 82/201 [01:06<01:33,  1.27it/s] 41%|████▏     | 83/201 [01:07<01:36,  1.22it/s] 41%|████▏     | 83/201 [01:07<01:36,  1.22it/s] 41%|████▏     | 83/201 [01:07<01:36,  1.22it/s] 41%|████▏     | 83/201 [01:07<01:36,  1.22it/s] 42%|████▏     | 84/201 [01:08<01:41,  1.16it/s] 42%|████▏     | 84/201 [01:08<01:41,  1.16it/s] 42%|████▏     | 84/201 [01:08<01:41,  1.16it/s] 42%|████▏     | 84/201 [01:08<01:41,  1.15it/s] 42%|████▏     | 85/201 [01:09<01:36,  1.20it/s] 42%|████▏     | 85/201 [01:09<01:36,  1.20it/s] 42%|████▏     | 85/201 [01:09<01:36,  1.20it/s] 42%|████▏     | 85/201 [01:09<01:36,  1.20it/s] 43%|████▎     | 86/201 [01:10<01:31,  1.26it/s] 43%|████▎     | 86/201 [01:10<01:31,  1.26it/s] 43%|████▎     | 86/201 [01:10<01:31,  1.26it/s] 43%|████▎     | 86/201 [01:10<01:31,  1.26it/s] 43%|████▎     | 87/201 [01:11<01:30,  1.26it/s] 43%|████▎     | 87/201 [01:11<01:30,  1.26it/s] 43%|████▎     | 87/201 [01:11<01:30,  1.26it/s] 43%|████▎     | 87/201 [01:11<01:30,  1.26it/s] 44%|████▍     | 88/201 [01:11<01:28,  1.28it/s] 44%|████▍     | 88/201 [01:11<01:28,  1.28it/s] 44%|████▍     | 88/201 [01:11<01:28,  1.28it/s] 44%|████▍     | 88/201 [01:11<01:28,  1.28it/s] 44%|████▍     | 89/201 [01:12<01:31,  1.23it/s] 44%|████▍     | 89/201 [01:12<01:31,  1.23it/s] 44%|████▍     | 89/201 [01:12<01:31,  1.23it/s] 44%|████▍     | 89/201 [01:12<01:31,  1.23it/s] 45%|████▍     | 90/201 [01:13<01:29,  1.24it/s] 45%|████▍     | 90/201 [01:13<01:29,  1.24it/s] 45%|████▍     | 90/201 [01:13<01:29,  1.24it/s] 45%|████▍     | 90/201 [01:13<01:29,  1.24it/s] 45%|████▌     | 91/201 [01:14<01:28,  1.24it/s] 45%|████▌     | 91/201 [01:14<01:28,  1.24it/s] 45%|████▌     | 91/201 [01:14<01:28,  1.24it/s] 45%|████▌     | 91/201 [01:14<01:28,  1.24it/s] 46%|████▌     | 92/201 [01:15<01:26,  1.26it/s] 46%|████▌     | 92/201 [01:15<01:26,  1.26it/s] 46%|████▌     | 92/201 [01:15<01:26,  1.26it/s] 46%|████▌     | 92/201 [01:15<01:26,  1.26it/s] 46%|████▋     | 93/201 [01:15<01:21,  1.33it/s] 46%|████▋     | 93/201 [01:15<01:21,  1.33it/s] 46%|████▋     | 93/201 [01:15<01:21,  1.33it/s] 46%|████▋     | 93/201 [01:15<01:21,  1.33it/s] 47%|████▋     | 94/201 [01:16<01:15,  1.42it/s] 47%|████▋     | 94/201 [01:16<01:15,  1.42it/s] 47%|████▋     | 94/201 [01:16<01:15,  1.42it/s] 47%|████▋     | 94/201 [01:16<01:15,  1.42it/s] 47%|████▋     | 95/201 [01:17<01:16,  1.39it/s] 47%|████▋     | 95/201 [01:17<01:16,  1.39it/s] 47%|████▋     | 95/201 [01:17<01:16,  1.39it/s] 47%|████▋     | 95/201 [01:17<01:16,  1.39it/s] 48%|████▊     | 96/201 [01:18<01:23,  1.26it/s] 48%|████▊     | 96/201 [01:18<01:23,  1.26it/s] 48%|████▊     | 96/201 [01:18<01:23,  1.26it/s] 48%|████▊     | 96/201 [01:18<01:23,  1.26it/s] 48%|████▊     | 97/201 [01:18<01:25,  1.21it/s] 48%|████▊     | 97/201 [01:18<01:25,  1.21it/s] 48%|████▊     | 97/201 [01:18<01:25,  1.21it/s] 48%|████▊     | 97/201 [01:18<01:25,  1.21it/s] 49%|████▉     | 98/201 [01:19<01:23,  1.23it/s] 49%|████▉     | 98/201 [01:19<01:23,  1.23it/s] 49%|████▉     | 98/201 [01:19<01:23,  1.23it/s] 49%|████▉     | 98/201 [01:19<01:23,  1.23it/s] 49%|████▉     | 99/201 [01:20<01:21,  1.25it/s] 49%|████▉     | 99/201 [01:20<01:21,  1.25it/s] 49%|████▉     | 99/201 [01:20<01:21,  1.25it/s] 49%|████▉     | 99/201 [01:20<01:21,  1.25it/s] 50%|████▉     | 100/201 [01:21<01:17,  1.30it/s] 50%|████▉     | 100/201 [01:21<01:17,  1.30it/s] 50%|████▉     | 100/201 [01:21<01:17,  1.30it/s] 50%|████▉     | 100/201 [01:21<01:17,  1.30it/s] 50%|█████     | 101/201 [01:21<01:12,  1.39it/s] 50%|█████     | 101/201 [01:21<01:12,  1.39it/s] 50%|█████     | 101/201 [01:21<01:12,  1.39it/s] 50%|█████     | 101/201 [01:21<01:12,  1.39it/s] 51%|█████     | 102/201 [01:22<01:18,  1.26it/s] 51%|█████     | 102/201 [01:22<01:18,  1.26it/s] 51%|█████     | 102/201 [01:22<01:18,  1.26it/s] 51%|█████     | 102/201 [01:22<01:18,  1.26it/s] 51%|█████     | 103/201 [01:23<01:21,  1.20it/s] 51%|█████     | 103/201 [01:23<01:21,  1.20it/s] 51%|█████     | 103/201 [01:23<01:21,  1.20it/s] 51%|█████     | 103/201 [01:23<01:21,  1.20it/s] 52%|█████▏    | 104/201 [01:24<01:19,  1.22it/s] 52%|█████▏    | 104/201 [01:24<01:19,  1.22it/s] 52%|█████▏    | 104/201 [01:24<01:19,  1.22it/s] 52%|█████▏    | 104/201 [01:24<01:19,  1.22it/s] 52%|█████▏    | 105/201 [01:25<01:16,  1.26it/s] 52%|█████▏    | 105/201 [01:25<01:16,  1.26it/s] 52%|█████▏    | 105/201 [01:25<01:16,  1.26it/s] 52%|█████▏    | 105/201 [01:25<01:16,  1.26it/s] 53%|█████▎    | 106/201 [01:25<01:15,  1.26it/s] 53%|█████▎    | 106/201 [01:25<01:15,  1.26it/s] 53%|█████▎    | 106/201 [01:25<01:15,  1.26it/s] 53%|█████▎    | 106/201 [01:25<01:15,  1.26it/s] 53%|█████▎    | 107/201 [01:26<01:10,  1.34it/s] 53%|█████▎    | 107/201 [01:26<01:10,  1.34it/s] 53%|█████▎    | 107/201 [01:26<01:10,  1.34it/s] 53%|█████▎    | 107/201 [01:26<01:10,  1.34it/s] 54%|█████▎    | 108/201 [01:27<01:10,  1.31it/s] 54%|█████▎    | 108/201 [01:27<01:10,  1.31it/s] 54%|█████▎    | 108/201 [01:27<01:10,  1.31it/s] 54%|█████▎    | 108/201 [01:27<01:10,  1.31it/s] 54%|█████▍    | 109/201 [01:28<01:10,  1.30it/s] 54%|█████▍    | 109/201 [01:28<01:10,  1.30it/s] 54%|█████▍    | 109/201 [01:28<01:10,  1.30it/s] 54%|█████▍    | 109/201 [01:28<01:10,  1.30it/s] 55%|█████▍    | 110/201 [01:28<01:08,  1.33it/s] 55%|█████▍    | 110/201 [01:28<01:08,  1.33it/s] 55%|█████▍    | 110/201 [01:28<01:08,  1.33it/s] 55%|█████▍    | 110/201 [01:28<01:08,  1.33it/s] 55%|█████▌    | 111/201 [01:29<01:07,  1.34it/s] 55%|█████▌    | 111/201 [01:29<01:07,  1.34it/s] 55%|█████▌    | 111/201 [01:29<01:07,  1.34it/s] 55%|█████▌    | 111/201 [01:29<01:07,  1.34it/s] 56%|█████▌    | 112/201 [01:30<01:07,  1.32it/s] 56%|█████▌    | 112/201 [01:30<01:07,  1.32it/s] 56%|█████▌    | 112/201 [01:30<01:07,  1.32it/s] 56%|█████▌    | 112/201 [01:30<01:07,  1.32it/s] 56%|█████▌    | 113/201 [01:31<01:07,  1.31it/s] 56%|█████▌    | 113/201 [01:31<01:07,  1.31it/s] 56%|█████▌    | 113/201 [01:31<01:07,  1.31it/s] 56%|█████▌    | 113/201 [01:31<01:07,  1.31it/s] 57%|█████▋    | 114/201 [01:31<01:05,  1.32it/s] 57%|█████▋    | 114/201 [01:31<01:05,  1.32it/s] 57%|█████▋    | 114/201 [01:31<01:05,  1.32it/s] 57%|█████▋    | 114/201 [01:31<01:05,  1.32it/s] 57%|█████▋    | 115/201 [01:32<01:07,  1.27it/s] 57%|█████▋    | 115/201 [01:32<01:07,  1.27it/s] 57%|█████▋    | 115/201 [01:32<01:07,  1.27it/s] 57%|█████▋    | 115/201 [01:32<01:07,  1.27it/s] 58%|█████▊    | 116/201 [01:33<01:10,  1.21it/s] 58%|█████▊    | 116/201 [01:33<01:10,  1.21it/s] 58%|█████▊    | 116/201 [01:33<01:10,  1.21it/s] 58%|█████▊    | 116/201 [01:33<01:10,  1.21it/s] 58%|█████▊    | 117/201 [01:34<01:07,  1.24it/s] 58%|█████▊    | 117/201 [01:34<01:07,  1.24it/s] 58%|█████▊    | 117/201 [01:34<01:07,  1.24it/s] 58%|█████▊    | 117/201 [01:34<01:07,  1.24it/s] 59%|█████▊    | 118/201 [01:35<01:04,  1.28it/s] 59%|█████▊    | 118/201 [01:35<01:04,  1.28it/s] 59%|█████▊    | 118/201 [01:35<01:04,  1.28it/s] 59%|█████▊    | 118/201 [01:35<01:04,  1.28it/s] 59%|█████▉    | 119/201 [01:35<01:03,  1.29it/s] 59%|█████▉    | 119/201 [01:35<01:03,  1.29it/s] 59%|█████▉    | 119/201 [01:35<01:03,  1.29it/s] 59%|█████▉    | 119/201 [01:35<01:03,  1.29it/s] 60%|█████▉    | 120/201 [01:36<01:02,  1.29it/s] 60%|█████▉    | 120/201 [01:36<01:02,  1.29it/s] 60%|█████▉    | 120/201 [01:36<01:02,  1.29it/s] 60%|█████▉    | 120/201 [01:36<01:02,  1.29it/s] 60%|██████    | 121/201 [01:37<01:04,  1.24it/s] 60%|██████    | 121/201 [01:37<01:04,  1.24it/s] 60%|██████    | 121/201 [01:37<01:04,  1.24it/s] 60%|██████    | 121/201 [01:37<01:04,  1.25it/s] 61%|██████    | 122/201 [01:38<01:06,  1.19it/s] 61%|██████    | 122/201 [01:38<01:06,  1.19it/s] 61%|██████    | 122/201 [01:38<01:06,  1.19it/s] 61%|██████    | 122/201 [01:38<01:06,  1.19it/s] 61%|██████    | 123/201 [01:39<01:04,  1.22it/s] 61%|██████    | 123/201 [01:39<01:04,  1.22it/s] 61%|██████    | 123/201 [01:39<01:04,  1.22it/s] 61%|██████    | 123/201 [01:39<01:04,  1.22it/s] 62%|██████▏   | 124/201 [01:40<01:02,  1.23it/s] 62%|██████▏   | 124/201 [01:40<01:02,  1.23it/s] 62%|██████▏   | 124/201 [01:40<01:02,  1.23it/s] 62%|██████▏   | 124/201 [01:40<01:02,  1.23it/s] 62%|██████▏   | 125/201 [01:40<01:00,  1.26it/s] 62%|██████▏   | 125/201 [01:40<01:00,  1.26it/s] 62%|██████▏   | 125/201 [01:40<01:00,  1.26it/s] 62%|██████▏   | 125/201 [01:40<01:00,  1.26it/s] 63%|██████▎   | 126/201 [01:41<00:57,  1.30it/s] 63%|██████▎   | 126/201 [01:41<00:57,  1.30it/s] 63%|██████▎   | 126/201 [01:41<00:57,  1.30it/s] 63%|██████▎   | 126/201 [01:41<00:57,  1.30it/s] 63%|██████▎   | 127/201 [01:42<00:59,  1.24it/s] 63%|██████▎   | 127/201 [01:42<00:59,  1.24it/s] 63%|██████▎   | 127/201 [01:42<00:59,  1.24it/s] 63%|██████▎   | 127/201 [01:42<00:59,  1.24it/s] 64%|██████▎   | 128/201 [01:43<01:02,  1.17it/s] 64%|██████▎   | 128/201 [01:43<01:02,  1.17it/s] 64%|██████▎   | 128/201 [01:43<01:02,  1.17it/s] 64%|██████▎   | 128/201 [01:43<01:02,  1.16it/s] 64%|██████▍   | 129/201 [01:44<01:00,  1.19it/s] 64%|██████▍   | 129/201 [01:44<01:00,  1.19it/s] 64%|██████▍   | 129/201 [01:44<01:00,  1.19it/s] 64%|██████▍   | 129/201 [01:44<01:00,  1.19it/s] 65%|██████▍   | 130/201 [01:45<00:58,  1.22it/s] 65%|██████▍   | 130/201 [01:45<00:58,  1.22it/s] 65%|██████▍   | 130/201 [01:45<00:58,  1.22it/s] 65%|██████▍   | 130/201 [01:45<00:58,  1.22it/s] 65%|██████▌   | 131/201 [01:45<00:56,  1.24it/s] 65%|██████▌   | 131/201 [01:45<00:56,  1.24it/s] 65%|██████▌   | 131/201 [01:45<00:56,  1.24it/s] 65%|██████▌   | 131/201 [01:45<00:56,  1.24it/s] 66%|██████▌   | 132/201 [01:46<00:54,  1.27it/s] 66%|██████▌   | 132/201 [01:46<00:54,  1.27it/s] 66%|██████▌   | 132/201 [01:46<00:54,  1.27it/s] 66%|██████▌   | 132/201 [01:46<00:54,  1.27it/s] 66%|██████▌   | 133/201 [01:47<00:59,  1.14it/s] 66%|██████▌   | 133/201 [01:47<00:59,  1.14it/s] 66%|██████▌   | 133/201 [01:47<00:59,  1.14it/s] 66%|██████▌   | 133/201 [01:47<00:59,  1.14it/s] 67%|██████▋   | 134/201 [01:48<00:59,  1.13it/s] 67%|██████▋   | 134/201 [01:48<00:59,  1.13it/s] 67%|██████▋   | 134/201 [01:48<00:59,  1.13it/s] 67%|██████▋   | 134/201 [01:48<00:59,  1.13it/s] 67%|██████▋   | 135/201 [01:49<00:56,  1.18it/s] 67%|██████▋   | 135/201 [01:49<00:56,  1.18it/s] 67%|██████▋   | 135/201 [01:49<00:56,  1.18it/s] 67%|██████▋   | 135/201 [01:49<00:56,  1.18it/s] 68%|██████▊   | 136/201 [01:50<00:53,  1.22it/s] 68%|██████▊   | 136/201 [01:50<00:53,  1.22it/s] 68%|██████▊   | 136/201 [01:50<00:53,  1.22it/s] 68%|██████▊   | 136/201 [01:50<00:53,  1.22it/s] 68%|██████▊   | 137/201 [01:50<00:48,  1.32it/s] 68%|██████▊   | 137/201 [01:50<00:48,  1.32it/s] 68%|██████▊   | 137/201 [01:50<00:48,  1.32it/s] 68%|██████▊   | 137/201 [01:50<00:48,  1.32it/s] 69%|██████▊   | 138/201 [01:51<00:47,  1.33it/s] 69%|██████▊   | 138/201 [01:51<00:47,  1.33it/s] 69%|██████▊   | 138/201 [01:51<00:47,  1.33it/s] 69%|██████▊   | 138/201 [01:51<00:47,  1.33it/s] 69%|██████▉   | 139/201 [01:52<00:46,  1.32it/s] 69%|██████▉   | 139/201 [01:52<00:46,  1.32it/s] 69%|██████▉   | 139/201 [01:52<00:46,  1.32it/s] 69%|██████▉   | 139/201 [01:52<00:46,  1.32it/s] 70%|██████▉   | 140/201 [01:52<00:46,  1.30it/s] 70%|██████▉   | 140/201 [01:52<00:46,  1.30it/s] 70%|██████▉   | 140/201 [01:52<00:46,  1.30it/s] 70%|██████▉   | 140/201 [01:52<00:46,  1.30it/s] 70%|███████   | 141/201 [01:53<00:47,  1.26it/s] 70%|███████   | 141/201 [01:53<00:47,  1.26it/s] 70%|███████   | 141/201 [01:53<00:47,  1.26it/s] 70%|███████   | 141/201 [01:53<00:47,  1.26it/s] 71%|███████   | 142/201 [01:54<00:49,  1.20it/s] 71%|███████   | 142/201 [01:54<00:49,  1.20it/s] 71%|███████   | 142/201 [01:54<00:49,  1.20it/s] 71%|███████   | 142/201 [01:54<00:49,  1.20it/s] 71%|███████   | 143/201 [01:55<00:47,  1.22it/s] 71%|███████   | 143/201 [01:55<00:47,  1.22it/s] 71%|███████   | 143/201 [01:55<00:47,  1.22it/s] 71%|███████   | 143/201 [01:55<00:47,  1.22it/s] 72%|███████▏  | 144/201 [01:56<00:45,  1.24it/s] 72%|███████▏  | 144/201 [01:56<00:45,  1.24it/s] 72%|███████▏  | 144/201 [01:56<00:45,  1.24it/s] 72%|███████▏  | 144/201 [01:56<00:45,  1.24it/s] 72%|███████▏  | 145/201 [01:57<00:44,  1.25it/s] 72%|███████▏  | 145/201 [01:57<00:44,  1.25it/s] 72%|███████▏  | 145/201 [01:57<00:44,  1.25it/s] 72%|███████▏  | 145/201 [01:57<00:44,  1.25it/s] 73%|███████▎  | 146/201 [01:58<00:46,  1.19it/s] 73%|███████▎  | 146/201 [01:58<00:46,  1.19it/s] 73%|███████▎  | 146/201 [01:58<00:46,  1.19it/s] 73%|███████▎  | 146/201 [01:58<00:46,  1.19it/s] 73%|███████▎  | 147/201 [01:58<00:47,  1.14it/s] 73%|███████▎  | 147/201 [01:58<00:47,  1.14it/s] 73%|███████▎  | 147/201 [01:58<00:47,  1.14it/s] 73%|███████▎  | 147/201 [01:58<00:47,  1.14it/s] 74%|███████▎  | 148/201 [01:59<00:44,  1.20it/s] 74%|███████▎  | 148/201 [01:59<00:44,  1.20it/s] 74%|███████▎  | 148/201 [01:59<00:44,  1.20it/s] 74%|███████▎  | 148/201 [01:59<00:44,  1.20it/s] 74%|███████▍  | 149/201 [02:00<00:39,  1.30it/s] 74%|███████▍  | 149/201 [02:00<00:39,  1.30it/s] 74%|███████▍  | 149/201 [02:00<00:39,  1.30it/s] 74%|███████▍  | 149/201 [02:00<00:39,  1.30it/s] 75%|███████▍  | 150/201 [02:01<00:39,  1.29it/s] 75%|███████▍  | 150/201 [02:01<00:39,  1.29it/s] 75%|███████▍  | 150/201 [02:01<00:39,  1.29it/s] 75%|███████▍  | 150/201 [02:01<00:39,  1.29it/s] 75%|███████▌  | 151/201 [02:01<00:38,  1.30it/s] 75%|███████▌  | 151/201 [02:01<00:38,  1.30it/s] 75%|███████▌  | 151/201 [02:01<00:38,  1.30it/s] 75%|███████▌  | 151/201 [02:01<00:38,  1.30it/s] 76%|███████▌  | 152/201 [02:02<00:40,  1.22it/s] 76%|███████▌  | 152/201 [02:02<00:40,  1.22it/s] 76%|███████▌  | 152/201 [02:02<00:40,  1.22it/s] 76%|███████▌  | 152/201 [02:02<00:40,  1.22it/s] 76%|███████▌  | 153/201 [02:03<00:41,  1.16it/s] 76%|███████▌  | 153/201 [02:03<00:41,  1.16it/s] 76%|███████▌  | 153/201 [02:03<00:41,  1.16it/s] 76%|███████▌  | 153/201 [02:03<00:41,  1.16it/s] 77%|███████▋  | 154/201 [02:04<00:39,  1.20it/s] 77%|███████▋  | 154/201 [02:04<00:39,  1.20it/s] 77%|███████▋  | 154/201 [02:04<00:39,  1.20it/s] 77%|███████▋  | 154/201 [02:04<00:39,  1.20it/s] 77%|███████▋  | 155/201 [02:05<00:37,  1.22it/s] 77%|███████▋  | 155/201 [02:05<00:37,  1.22it/s] 77%|███████▋  | 155/201 [02:05<00:37,  1.22it/s] 77%|███████▋  | 155/201 [02:05<00:37,  1.22it/s] 78%|███████▊  | 156/201 [02:06<00:35,  1.27it/s] 78%|███████▊  | 156/201 [02:06<00:35,  1.27it/s] 78%|███████▊  | 156/201 [02:06<00:35,  1.27it/s] 78%|███████▊  | 156/201 [02:06<00:35,  1.27it/s] 78%|███████▊  | 157/201 [02:06<00:34,  1.29it/s] 78%|███████▊  | 157/201 [02:06<00:34,  1.29it/s] 78%|███████▊  | 157/201 [02:06<00:34,  1.29it/s] 78%|███████▊  | 157/201 [02:06<00:34,  1.29it/s] 79%|███████▊  | 158/201 [02:07<00:37,  1.15it/s] 79%|███████▊  | 158/201 [02:07<00:37,  1.15it/s] 79%|███████▊  | 158/201 [02:07<00:37,  1.15it/s] 79%|███████▊  | 158/201 [02:07<00:37,  1.15it/s] 79%|███████▉  | 159/201 [02:08<00:37,  1.11it/s] 79%|███████▉  | 159/201 [02:08<00:37,  1.11it/s] 79%|███████▉  | 159/201 [02:08<00:37,  1.11it/s] 79%|███████▉  | 159/201 [02:08<00:37,  1.11it/s] 80%|███████▉  | 160/201 [02:09<00:36,  1.11it/s] 80%|███████▉  | 160/201 [02:09<00:36,  1.11it/s] 80%|███████▉  | 160/201 [02:09<00:36,  1.11it/s] 80%|███████▉  | 160/201 [02:09<00:36,  1.11it/s] 80%|████████  | 161/201 [02:10<00:34,  1.15it/s] 80%|████████  | 161/201 [02:10<00:34,  1.15it/s] 80%|████████  | 161/201 [02:10<00:34,  1.15it/s] 80%|████████  | 161/201 [02:10<00:34,  1.15it/s] 81%|████████  | 162/201 [02:11<00:33,  1.18it/s] 81%|████████  | 162/201 [02:11<00:33,  1.18it/s] 81%|████████  | 162/201 [02:11<00:33,  1.18it/s] 81%|████████  | 162/201 [02:11<00:33,  1.18it/s] 81%|████████  | 163/201 [02:12<00:31,  1.22it/s] 81%|████████  | 163/201 [02:12<00:31,  1.22it/s] 81%|████████  | 163/201 [02:12<00:31,  1.22it/s] 81%|████████  | 163/201 [02:12<00:31,  1.22it/s] 82%|████████▏ | 164/201 [02:12<00:29,  1.25it/s] 82%|████████▏ | 164/201 [02:12<00:29,  1.25it/s] 82%|████████▏ | 164/201 [02:12<00:29,  1.25it/s] 82%|████████▏ | 164/201 [02:12<00:29,  1.25it/s] 82%|████████▏ | 165/201 [02:13<00:28,  1.28it/s] 82%|████████▏ | 165/201 [02:13<00:28,  1.28it/s] 82%|████████▏ | 165/201 [02:13<00:28,  1.28it/s] 82%|████████▏ | 165/201 [02:13<00:28,  1.28it/s] 83%|████████▎ | 166/201 [02:14<00:29,  1.21it/s] 83%|████████▎ | 166/201 [02:14<00:29,  1.21it/s] 83%|████████▎ | 166/201 [02:14<00:29,  1.21it/s] 83%|████████▎ | 166/201 [02:14<00:29,  1.21it/s] 83%|████████▎ | 167/201 [02:15<00:27,  1.23it/s] 83%|████████▎ | 167/201 [02:15<00:27,  1.23it/s] 83%|████████▎ | 167/201 [02:15<00:27,  1.23it/s] 83%|████████▎ | 167/201 [02:15<00:27,  1.23it/s] 84%|████████▎ | 168/201 [02:16<00:26,  1.27it/s] 84%|████████▎ | 168/201 [02:16<00:26,  1.27it/s] 84%|████████▎ | 168/201 [02:16<00:26,  1.27it/s] 84%|████████▎ | 168/201 [02:16<00:26,  1.27it/s] 84%|████████▍ | 169/201 [02:16<00:25,  1.28it/s] 84%|████████▍ | 169/201 [02:16<00:25,  1.28it/s] 84%|████████▍ | 169/201 [02:16<00:25,  1.28it/s] 84%|████████▍ | 169/201 [02:16<00:25,  1.28it/s] 85%|████████▍ | 170/201 [02:17<00:23,  1.30it/s] 85%|████████▍ | 170/201 [02:17<00:23,  1.30it/s] 85%|████████▍ | 170/201 [02:17<00:23,  1.30it/s] 85%|████████▍ | 170/201 [02:17<00:23,  1.30it/s] 85%|████████▌ | 171/201 [02:18<00:24,  1.23it/s] 85%|████████▌ | 171/201 [02:18<00:24,  1.23it/s] 85%|████████▌ | 171/201 [02:18<00:24,  1.23it/s] 85%|████████▌ | 171/201 [02:18<00:24,  1.23it/s] 86%|████████▌ | 172/201 [02:19<00:24,  1.18it/s] 86%|████████▌ | 172/201 [02:19<00:24,  1.18it/s] 86%|████████▌ | 172/201 [02:19<00:24,  1.18it/s] 86%|████████▌ | 172/201 [02:19<00:24,  1.18it/s] 86%|████████▌ | 173/201 [02:20<00:22,  1.24it/s] 86%|████████▌ | 173/201 [02:20<00:22,  1.24it/s] 86%|████████▌ | 173/201 [02:20<00:22,  1.24it/s] 86%|████████▌ | 173/201 [02:20<00:22,  1.24it/s] 87%|████████▋ | 174/201 [02:20<00:21,  1.26it/s] 87%|████████▋ | 174/201 [02:20<00:21,  1.26it/s] 87%|████████▋ | 174/201 [02:20<00:21,  1.26it/s] 87%|████████▋ | 174/201 [02:20<00:21,  1.26it/s] 87%|████████▋ | 175/201 [02:21<00:20,  1.27it/s] 87%|████████▋ | 175/201 [02:21<00:20,  1.26it/s] 87%|████████▋ | 175/201 [02:21<00:20,  1.26it/s] 87%|████████▋ | 175/201 [02:21<00:20,  1.26it/s] 88%|████████▊ | 176/201 [02:22<00:19,  1.27it/s] 88%|████████▊ | 176/201 [02:22<00:19,  1.27it/s] 88%|████████▊ | 176/201 [02:22<00:19,  1.27it/s] 88%|████████▊ | 176/201 [02:22<00:19,  1.27it/s] 88%|████████▊ | 177/201 [02:23<00:19,  1.26it/s] 88%|████████▊ | 177/201 [02:23<00:19,  1.26it/s] 88%|████████▊ | 177/201 [02:23<00:19,  1.26it/s] 88%|████████▊ | 177/201 [02:23<00:19,  1.26it/s] 89%|████████▊ | 178/201 [02:24<00:19,  1.18it/s] 89%|████████▊ | 178/201 [02:24<00:19,  1.18it/s] 89%|████████▊ | 178/201 [02:24<00:19,  1.18it/s] 89%|████████▊ | 178/201 [02:24<00:19,  1.18it/s] 89%|████████▉ | 179/201 [02:25<00:19,  1.15it/s] 89%|████████▉ | 179/201 [02:25<00:19,  1.15it/s] 89%|████████▉ | 179/201 [02:25<00:19,  1.15it/s] 89%|████████▉ | 179/201 [02:25<00:19,  1.15it/s] 90%|████████▉ | 180/201 [02:25<00:17,  1.20it/s] 90%|████████▉ | 180/201 [02:25<00:17,  1.20it/s] 90%|████████▉ | 180/201 [02:25<00:17,  1.20it/s] 90%|████████▉ | 180/201 [02:25<00:17,  1.20it/s] 90%|█████████ | 181/201 [02:26<00:16,  1.22it/s] 90%|█████████ | 181/201 [02:26<00:16,  1.22it/s] 90%|█████████ | 181/201 [02:26<00:16,  1.22it/s] 90%|█████████ | 181/201 [02:26<00:16,  1.22it/s] 91%|█████████ | 182/201 [02:27<00:15,  1.23it/s] 91%|█████████ | 182/201 [02:27<00:15,  1.23it/s] 91%|█████████ | 182/201 [02:27<00:15,  1.23it/s] 91%|█████████ | 182/201 [02:27<00:15,  1.23it/s] 91%|█████████ | 183/201 [02:28<00:14,  1.23it/s] 91%|█████████ | 183/201 [02:28<00:14,  1.23it/s] 91%|█████████ | 183/201 [02:28<00:14,  1.23it/s] 91%|█████████ | 183/201 [02:28<00:14,  1.23it/s] 92%|█████████▏| 184/201 [02:29<00:14,  1.19it/s] 92%|█████████▏| 184/201 [02:29<00:14,  1.19it/s] 92%|█████████▏| 184/201 [02:29<00:14,  1.19it/s] 92%|█████████▏| 184/201 [02:29<00:14,  1.19it/s] 92%|█████████▏| 185/201 [02:29<00:13,  1.22it/s] 92%|█████████▏| 185/201 [02:29<00:13,  1.22it/s] 92%|█████████▏| 185/201 [02:29<00:13,  1.22it/s] 92%|█████████▏| 185/201 [02:29<00:13,  1.22it/s] 93%|█████████▎| 186/201 [02:30<00:11,  1.33it/s] 93%|█████████▎| 186/201 [02:30<00:11,  1.33it/s] 93%|█████████▎| 186/201 [02:30<00:11,  1.33it/s] 93%|█████████▎| 186/201 [02:30<00:11,  1.33it/s] 93%|█████████▎| 187/201 [02:31<00:10,  1.33it/s] 93%|█████████▎| 187/201 [02:31<00:10,  1.33it/s] 93%|█████████▎| 187/201 [02:31<00:10,  1.33it/s] 93%|█████████▎| 187/201 [02:31<00:10,  1.33it/s] 94%|█████████▎| 188/201 [02:32<00:09,  1.33it/s] 94%|█████████▎| 188/201 [02:32<00:09,  1.33it/s] 94%|█████████▎| 188/201 [02:32<00:09,  1.33it/s] 94%|█████████▎| 188/201 [02:32<00:09,  1.33it/s] 94%|█████████▍| 189/201 [02:32<00:09,  1.31it/s] 94%|█████████▍| 189/201 [02:32<00:09,  1.31it/s] 94%|█████████▍| 189/201 [02:32<00:09,  1.31it/s] 94%|█████████▍| 189/201 [02:32<00:09,  1.31it/s] 95%|█████████▍| 190/201 [02:33<00:09,  1.16it/s] 95%|█████████▍| 190/201 [02:33<00:09,  1.16it/s] 95%|█████████▍| 190/201 [02:33<00:09,  1.16it/s] 95%|█████████▍| 190/201 [02:33<00:09,  1.16it/s] 95%|█████████▌| 191/201 [02:34<00:08,  1.14it/s] 95%|█████████▌| 191/201 [02:34<00:08,  1.14it/s] 95%|█████████▌| 191/201 [02:34<00:08,  1.14it/s] 95%|█████████▌| 191/201 [02:34<00:08,  1.14it/s] 96%|█████████▌| 192/201 [02:35<00:07,  1.21it/s] 96%|█████████▌| 192/201 [02:35<00:07,  1.21it/s] 96%|█████████▌| 192/201 [02:35<00:07,  1.21it/s] 96%|█████████▌| 192/201 [02:35<00:07,  1.21it/s] 96%|█████████▌| 193/201 [02:36<00:06,  1.17it/s] 96%|█████████▌| 193/201 [02:36<00:06,  1.17it/s] 96%|█████████▌| 193/201 [02:36<00:06,  1.17it/s] 96%|█████████▌| 193/201 [02:36<00:06,  1.17it/s] 97%|█████████▋| 194/201 [02:37<00:05,  1.28it/s] 97%|█████████▋| 194/201 [02:37<00:05,  1.28it/s] 97%|█████████▋| 194/201 [02:37<00:05,  1.28it/s] 97%|█████████▋| 194/201 [02:37<00:05,  1.28it/s] 97%|█████████▋| 195/201 [02:37<00:04,  1.30it/s] 97%|█████████▋| 195/201 [02:37<00:04,  1.30it/s] 97%|█████████▋| 195/201 [02:37<00:04,  1.30it/s] 97%|█████████▋| 195/201 [02:37<00:04,  1.30it/s] 98%|█████████▊| 196/201 [02:38<00:03,  1.31it/s] 98%|█████████▊| 196/201 [02:38<00:03,  1.31it/s] 98%|█████████▊| 196/201 [02:38<00:03,  1.31it/s] 98%|█████████▊| 196/201 [02:38<00:03,  1.31it/s] 98%|█████████▊| 197/201 [02:39<00:03,  1.21it/s] 98%|█████████▊| 197/201 [02:39<00:03,  1.20it/s] 98%|█████████▊| 197/201 [02:39<00:03,  1.20it/s] 98%|█████████▊| 197/201 [02:39<00:03,  1.20it/s] 99%|█████████▊| 198/201 [02:40<00:02,  1.25it/s] 99%|█████████▊| 198/201 [02:40<00:02,  1.25it/s] 99%|█████████▊| 198/201 [02:40<00:02,  1.25it/s] 99%|█████████▊| 198/201 [02:40<00:02,  1.25it/s] 99%|█████████▉| 199/201 [02:40<00:01,  1.33it/s] 99%|█████████▉| 199/201 [02:40<00:01,  1.33it/s] 99%|█████████▉| 199/201 [02:40<00:01,  1.33it/s] 99%|█████████▉| 199/201 [02:40<00:01,  1.33it/s]100%|█████████▉| 200/201 [02:41<00:00,  1.34it/s]100%|█████████▉| 200/201 [02:41<00:00,  1.34it/s]100%|█████████▉| 200/201 [02:41<00:00,  1.34it/s]100%|█████████▉| 200/201 [02:41<00:00,  1.34it/s]100%|██████████| 201/201 [02:42<00:00,  1.34it/s]100%|██████████| 201/201 [02:42<00:00,  1.34it/s]100%|██████████| 201/201 [02:42<00:00,  1.34it/s]100%|██████████| 201/201 [02:42<00:00,  1.34it/s]100%|██████████| 201/201 [02:42<00:00,  1.24it/s]
100%|██████████| 201/201 [02:42<00:00,  1.24it/s]
100%|██████████| 201/201 [02:42<00:00,  1.24it/s]
100%|██████████| 201/201 [02:42<00:00,  1.24it/s]
Model checkpointing attempts: 0.
Stored epoch 7 model checkpoint to ./checkpoints/parquet_dataset/parquet_dataset__model_nlyrs_4_nheads_4_hdim_64__pred_ovrlap_F_npreds_4__nlyrs_2_activ_relunenc_1__lr_0.0002828_start_0.001_final_0_20251112_231724/epoch_7.pth.
Training loss has improved 1 times since last caching the model. Caching now.
/home/aminmohamadi_squareup_com/projects/.hermit/python/lib/python3.11/site-packages/torch/distributed/distributed_c10d.py:4876: UserWarning: barrier(): using the device under current context. You can specify `device_id` in `init_process_group` to mute this warning.
  warnings.warn(  # warn only once
##############################Training epoch: 9/10##############################
  0%|          | 0/201 [00:00<?, ?it/s]  0%|          | 0/201 [00:00<?, ?it/s]  0%|          | 0/201 [00:00<?, ?it/s]  0%|          | 0/201 [00:00<?, ?it/s]  0%|          | 1/201 [00:00<02:39,  1.26it/s]  0%|          | 1/201 [00:00<02:39,  1.26it/s]  0%|          | 1/201 [00:00<02:39,  1.26it/s]  0%|          | 1/201 [00:00<03:06,  1.07it/s]  1%|          | 2/201 [00:01<02:51,  1.16it/s]  1%|          | 2/201 [00:01<02:46,  1.20it/s]  1%|          | 2/201 [00:01<02:51,  1.16it/s]  1%|          | 2/201 [00:01<02:51,  1.16it/s]  1%|▏         | 3/201 [00:02<02:41,  1.23it/s]  1%|▏         | 3/201 [00:02<02:38,  1.25it/s]  1%|▏         | 3/201 [00:02<02:41,  1.23it/s]  1%|▏         | 3/201 [00:02<02:41,  1.23it/s]  2%|▏         | 4/201 [00:03<02:32,  1.29it/s]  2%|▏         | 4/201 [00:03<02:33,  1.28it/s]  2%|▏         | 4/201 [00:03<02:33,  1.28it/s]  2%|▏         | 4/201 [00:03<02:33,  1.28it/s]  2%|▏         | 5/201 [00:03<02:33,  1.28it/s]  2%|▏         | 5/201 [00:03<02:33,  1.28it/s]  2%|▏         | 5/201 [00:03<02:32,  1.29it/s]  2%|▏         | 5/201 [00:03<02:33,  1.28it/s]  3%|▎         | 6/201 [00:04<02:32,  1.28it/s]  3%|▎         | 6/201 [00:04<02:32,  1.28it/s]  3%|▎         | 6/201 [00:04<02:31,  1.29it/s]  3%|▎         | 6/201 [00:04<02:32,  1.28it/s]  3%|▎         | 7/201 [00:05<02:26,  1.32it/s]  3%|▎         | 7/201 [00:05<02:26,  1.33it/s]  3%|▎         | 7/201 [00:05<02:26,  1.32it/s]  3%|▎         | 7/201 [00:05<02:26,  1.32it/s]  4%|▍         | 8/201 [00:06<02:38,  1.22it/s]  4%|▍         | 8/201 [00:06<02:38,  1.22it/s]  4%|▍         | 8/201 [00:06<02:38,  1.22it/s]  4%|▍         | 8/201 [00:06<02:38,  1.22it/s]  4%|▍         | 9/201 [00:07<02:49,  1.13it/s]  4%|▍         | 9/201 [00:07<02:49,  1.13it/s]  4%|▍         | 9/201 [00:07<02:49,  1.13it/s]  4%|▍         | 9/201 [00:07<02:49,  1.14it/s]  5%|▍         | 10/201 [00:08<02:41,  1.18it/s]  5%|▍         | 10/201 [00:08<02:41,  1.18it/s]  5%|▍         | 10/201 [00:08<02:41,  1.18it/s]  5%|▍         | 10/201 [00:08<02:41,  1.18it/s]  5%|▌         | 11/201 [00:09<02:38,  1.20it/s]  5%|▌         | 11/201 [00:09<02:38,  1.20it/s]  5%|▌         | 11/201 [00:09<02:38,  1.20it/s]  5%|▌         | 11/201 [00:09<02:38,  1.20it/s]  6%|▌         | 12/201 [00:09<02:24,  1.31it/s]  6%|▌         | 12/201 [00:09<02:24,  1.31it/s]  6%|▌         | 12/201 [00:09<02:24,  1.31it/s]  6%|▌         | 12/201 [00:09<02:24,  1.31it/s]  6%|▋         | 13/201 [00:10<02:21,  1.33it/s]  6%|▋         | 13/201 [00:10<02:21,  1.33it/s]  6%|▋         | 13/201 [00:10<02:21,  1.33it/s]  6%|▋         | 13/201 [00:10<02:21,  1.33it/s]  7%|▋         | 14/201 [00:11<02:21,  1.32it/s]  7%|▋         | 14/201 [00:11<02:21,  1.32it/s]  7%|▋         | 14/201 [00:11<02:21,  1.32it/s]  7%|▋         | 14/201 [00:11<02:21,  1.32it/s]  7%|▋         | 15/201 [00:12<02:34,  1.20it/s]  7%|▋         | 15/201 [00:12<02:34,  1.20it/s]  7%|▋         | 15/201 [00:12<02:34,  1.20it/s]  7%|▋         | 15/201 [00:12<02:34,  1.20it/s]  8%|▊         | 16/201 [00:12<02:26,  1.26it/s]  8%|▊         | 16/201 [00:12<02:26,  1.26it/s]  8%|▊         | 16/201 [00:12<02:26,  1.26it/s]  8%|▊         | 16/201 [00:12<02:26,  1.26it/s]  8%|▊         | 17/201 [00:13<02:22,  1.29it/s]  8%|▊         | 17/201 [00:13<02:22,  1.29it/s]  8%|▊         | 17/201 [00:13<02:22,  1.29it/s]  8%|▊         | 17/201 [00:13<02:22,  1.29it/s]  9%|▉         | 18/201 [00:14<02:20,  1.30it/s]  9%|▉         | 18/201 [00:14<02:20,  1.30it/s]  9%|▉         | 18/201 [00:14<02:20,  1.30it/s]  9%|▉         | 18/201 [00:14<02:20,  1.30it/s]  9%|▉         | 19/201 [00:15<02:21,  1.29it/s]  9%|▉         | 19/201 [00:15<02:21,  1.29it/s]  9%|▉         | 19/201 [00:15<02:21,  1.29it/s]  9%|▉         | 19/201 [00:15<02:21,  1.29it/s] 10%|▉         | 20/201 [00:15<02:19,  1.30it/s] 10%|▉         | 20/201 [00:15<02:19,  1.30it/s] 10%|▉         | 20/201 [00:15<02:19,  1.30it/s] 10%|▉         | 20/201 [00:15<02:19,  1.30it/s] 10%|█         | 21/201 [00:16<02:32,  1.18it/s] 10%|█         | 21/201 [00:16<02:32,  1.18it/s] 10%|█         | 21/201 [00:16<02:32,  1.18it/s] 10%|█         | 21/201 [00:16<02:32,  1.18it/s] 11%|█         | 22/201 [00:17<02:28,  1.20it/s] 11%|█         | 22/201 [00:17<02:28,  1.20it/s] 11%|█         | 22/201 [00:17<02:28,  1.20it/s] 11%|█         | 22/201 [00:17<02:28,  1.20it/s] 11%|█▏        | 23/201 [00:18<02:21,  1.26it/s] 11%|█▏        | 23/201 [00:18<02:21,  1.26it/s] 11%|█▏        | 23/201 [00:18<02:21,  1.26it/s] 11%|█▏        | 23/201 [00:18<02:21,  1.26it/s] 12%|█▏        | 24/201 [00:19<02:15,  1.30it/s] 12%|█▏        | 24/201 [00:19<02:15,  1.30it/s] 12%|█▏        | 24/201 [00:19<02:15,  1.30it/s] 12%|█▏        | 24/201 [00:19<02:15,  1.30it/s] 12%|█▏        | 25/201 [00:19<02:17,  1.28it/s] 12%|█▏        | 25/201 [00:19<02:17,  1.28it/s] 12%|█▏        | 25/201 [00:19<02:17,  1.28it/s] 12%|█▏        | 25/201 [00:19<02:17,  1.28it/s] 13%|█▎        | 26/201 [00:20<02:17,  1.27it/s] 13%|█▎        | 26/201 [00:20<02:17,  1.27it/s] 13%|█▎        | 26/201 [00:20<02:17,  1.27it/s] 13%|█▎        | 26/201 [00:20<02:17,  1.27it/s] 13%|█▎        | 27/201 [00:21<02:07,  1.36it/s] 13%|█▎        | 27/201 [00:21<02:07,  1.36it/s] 13%|█▎        | 27/201 [00:21<02:07,  1.36it/s] 13%|█▎        | 27/201 [00:21<02:07,  1.36it/s] 14%|█▍        | 28/201 [00:22<02:13,  1.30it/s] 14%|█▍        | 28/201 [00:22<02:13,  1.30it/s] 14%|█▍        | 28/201 [00:22<02:13,  1.30it/s] 14%|█▍        | 28/201 [00:22<02:13,  1.30it/s] 14%|█▍        | 29/201 [00:22<02:12,  1.29it/s] 14%|█▍        | 29/201 [00:22<02:12,  1.29it/s] 14%|█▍        | 29/201 [00:22<02:12,  1.29it/s] 14%|█▍        | 29/201 [00:22<02:12,  1.29it/s] 15%|█▍        | 30/201 [00:23<02:05,  1.36it/s] 15%|█▍        | 30/201 [00:23<02:05,  1.36it/s] 15%|█▍        | 30/201 [00:23<02:05,  1.36it/s] 15%|█▍        | 30/201 [00:23<02:05,  1.36it/s] 15%|█▌        | 31/201 [00:24<02:05,  1.35it/s] 15%|█▌        | 31/201 [00:24<02:05,  1.35it/s] 15%|█▌        | 31/201 [00:24<02:05,  1.35it/s] 15%|█▌        | 31/201 [00:24<02:05,  1.35it/s] 16%|█▌        | 32/201 [00:25<02:07,  1.33it/s] 16%|█▌        | 32/201 [00:25<02:07,  1.33it/s] 16%|█▌        | 32/201 [00:25<02:07,  1.33it/s] 16%|█▌        | 32/201 [00:25<02:07,  1.33it/s] 16%|█▋        | 33/201 [00:26<02:17,  1.22it/s] 16%|█▋        | 33/201 [00:26<02:17,  1.22it/s] 16%|█▋        | 33/201 [00:26<02:17,  1.22it/s] 16%|█▋        | 33/201 [00:26<02:17,  1.22it/s] 17%|█▋        | 34/201 [00:26<02:19,  1.19it/s] 17%|█▋        | 34/201 [00:26<02:19,  1.19it/s] 17%|█▋        | 34/201 [00:26<02:19,  1.19it/s] 17%|█▋        | 34/201 [00:26<02:19,  1.19it/s] 17%|█▋        | 35/201 [00:27<02:07,  1.30it/s] 17%|█▋        | 35/201 [00:27<02:07,  1.30it/s] 17%|█▋        | 35/201 [00:27<02:07,  1.30it/s] 17%|█▋        | 35/201 [00:27<02:07,  1.30it/s] 18%|█▊        | 36/201 [00:28<02:05,  1.32it/s] 18%|█▊        | 36/201 [00:28<02:05,  1.32it/s] 18%|█▊        | 36/201 [00:28<02:05,  1.32it/s] 18%|█▊        | 36/201 [00:28<02:05,  1.32it/s] 18%|█▊        | 37/201 [00:28<01:56,  1.40it/s] 18%|█▊        | 37/201 [00:28<01:56,  1.40it/s] 18%|█▊        | 37/201 [00:28<01:56,  1.40it/s] 18%|█▊        | 37/201 [00:28<01:56,  1.40it/s] 19%|█▉        | 38/201 [00:29<01:57,  1.38it/s] 19%|█▉        | 38/201 [00:29<01:57,  1.38it/s] 19%|█▉        | 38/201 [00:29<01:57,  1.38it/s] 19%|█▉        | 38/201 [00:29<01:57,  1.38it/s] 19%|█▉        | 39/201 [00:30<01:59,  1.36it/s] 19%|█▉        | 39/201 [00:30<01:59,  1.36it/s] 19%|█▉        | 39/201 [00:30<01:59,  1.36it/s] 19%|█▉        | 39/201 [00:30<01:59,  1.36it/s] 20%|█▉        | 40/201 [00:31<02:11,  1.22it/s] 20%|█▉        | 40/201 [00:31<02:11,  1.22it/s] 20%|█▉        | 40/201 [00:31<02:11,  1.22it/s] 20%|█▉        | 40/201 [00:31<02:11,  1.22it/s] 20%|██        | 41/201 [00:32<02:08,  1.24it/s] 20%|██        | 41/201 [00:32<02:08,  1.24it/s] 20%|██        | 41/201 [00:32<02:08,  1.24it/s] 20%|██        | 41/201 [00:32<02:08,  1.24it/s] 21%|██        | 42/201 [00:32<02:07,  1.25it/s] 21%|██        | 42/201 [00:33<02:07,  1.25it/s] 21%|██        | 42/201 [00:33<02:07,  1.25it/s] 21%|██        | 42/201 [00:33<02:07,  1.25it/s] 21%|██▏       | 43/201 [00:33<02:04,  1.27it/s] 21%|██▏       | 43/201 [00:33<02:04,  1.27it/s] 21%|██▏       | 43/201 [00:33<02:04,  1.27it/s] 21%|██▏       | 43/201 [00:33<02:04,  1.27it/s] 22%|██▏       | 44/201 [00:34<02:01,  1.29it/s] 22%|██▏       | 44/201 [00:34<02:01,  1.29it/s] 22%|██▏       | 44/201 [00:34<02:01,  1.29it/s] 22%|██▏       | 44/201 [00:34<02:01,  1.29it/s] 22%|██▏       | 45/201 [00:35<02:00,  1.29it/s] 22%|██▏       | 45/201 [00:35<02:00,  1.29it/s] 22%|██▏       | 45/201 [00:35<02:00,  1.29it/s] 22%|██▏       | 45/201 [00:35<02:00,  1.29it/s] 23%|██▎       | 46/201 [00:36<02:11,  1.18it/s] 23%|██▎       | 46/201 [00:36<02:11,  1.18it/s] 23%|██▎       | 46/201 [00:36<02:11,  1.18it/s] 23%|██▎       | 46/201 [00:36<02:11,  1.18it/s] 23%|██▎       | 47/201 [00:37<02:06,  1.21it/s] 23%|██▎       | 47/201 [00:37<02:06,  1.21it/s] 23%|██▎       | 47/201 [00:37<02:06,  1.21it/s] 23%|██▎       | 47/201 [00:37<02:06,  1.21it/s] 24%|██▍       | 48/201 [00:37<02:02,  1.24it/s] 24%|██▍       | 48/201 [00:37<02:02,  1.24it/s] 24%|██▍       | 48/201 [00:37<02:02,  1.24it/s] 24%|██▍       | 48/201 [00:37<02:02,  1.24it/s] 24%|██▍       | 49/201 [00:38<02:01,  1.25it/s] 24%|██▍       | 49/201 [00:38<02:01,  1.25it/s] 24%|██▍       | 49/201 [00:38<02:01,  1.25it/s] 24%|██▍       | 49/201 [00:38<02:01,  1.25it/s] 25%|██▍       | 50/201 [00:39<01:57,  1.28it/s] 25%|██▍       | 50/201 [00:39<01:57,  1.28it/s] 25%|██▍       | 50/201 [00:39<01:57,  1.28it/s] 25%|██▍       | 50/201 [00:39<01:57,  1.28it/s] 25%|██▌       | 51/201 [00:40<01:58,  1.27it/s] 25%|██▌       | 51/201 [00:40<01:58,  1.27it/s] 25%|██▌       | 51/201 [00:40<01:58,  1.27it/s] 25%|██▌       | 51/201 [00:40<01:58,  1.27it/s] 26%|██▌       | 52/201 [00:41<02:05,  1.19it/s] 26%|██▌       | 52/201 [00:41<02:05,  1.19it/s] 26%|██▌       | 52/201 [00:41<02:05,  1.19it/s] 26%|██▌       | 52/201 [00:41<02:05,  1.19it/s] 26%|██▋       | 53/201 [00:41<01:59,  1.24it/s] 26%|██▋       | 53/201 [00:41<01:59,  1.24it/s] 26%|██▋       | 53/201 [00:41<01:59,  1.24it/s] 26%|██▋       | 53/201 [00:41<01:59,  1.24it/s] 27%|██▋       | 54/201 [00:42<02:01,  1.21it/s] 27%|██▋       | 54/201 [00:42<02:01,  1.21it/s] 27%|██▋       | 54/201 [00:42<02:01,  1.21it/s] 27%|██▋       | 54/201 [00:42<02:01,  1.21it/s] 27%|██▋       | 55/201 [00:43<01:56,  1.26it/s] 27%|██▋       | 55/201 [00:43<01:56,  1.26it/s] 27%|██▋       | 55/201 [00:43<01:56,  1.26it/s] 27%|██▋       | 55/201 [00:43<01:56,  1.26it/s] 28%|██▊       | 56/201 [00:44<01:53,  1.28it/s] 28%|██▊       | 56/201 [00:44<01:53,  1.28it/s] 28%|██▊       | 56/201 [00:44<01:53,  1.28it/s] 28%|██▊       | 56/201 [00:44<01:53,  1.28it/s] 28%|██▊       | 57/201 [00:44<01:50,  1.31it/s] 28%|██▊       | 57/201 [00:44<01:50,  1.31it/s] 28%|██▊       | 57/201 [00:44<01:50,  1.31it/s] 28%|██▊       | 57/201 [00:44<01:50,  1.31it/s] 29%|██▉       | 58/201 [00:45<01:50,  1.29it/s] 29%|██▉       | 58/201 [00:45<01:50,  1.29it/s] 29%|██▉       | 58/201 [00:45<01:50,  1.29it/s] 29%|██▉       | 58/201 [00:45<01:50,  1.29it/s] 29%|██▉       | 59/201 [00:46<01:55,  1.23it/s] 29%|██▉       | 59/201 [00:46<01:55,  1.23it/s] 29%|██▉       | 59/201 [00:46<01:55,  1.23it/s] 29%|██▉       | 59/201 [00:46<01:55,  1.23it/s] 30%|██▉       | 60/201 [00:47<01:56,  1.21it/s] 30%|██▉       | 60/201 [00:47<01:56,  1.21it/s] 30%|██▉       | 60/201 [00:47<01:56,  1.21it/s] 30%|██▉       | 60/201 [00:47<01:56,  1.21it/s] 30%|███       | 61/201 [00:48<01:51,  1.26it/s] 30%|███       | 61/201 [00:48<01:51,  1.26it/s] 30%|███       | 61/201 [00:48<01:51,  1.26it/s] 30%|███       | 61/201 [00:48<01:51,  1.26it/s] 31%|███       | 62/201 [00:48<01:43,  1.35it/s] 31%|███       | 62/201 [00:48<01:42,  1.35it/s] 31%|███       | 62/201 [00:48<01:43,  1.35it/s] 31%|███       | 62/201 [00:48<01:43,  1.35it/s] 31%|███▏      | 63/201 [00:49<01:42,  1.35it/s] 31%|███▏      | 63/201 [00:49<01:42,  1.35it/s] 31%|███▏      | 63/201 [00:49<01:42,  1.35it/s] 31%|███▏      | 63/201 [00:49<01:42,  1.35it/s] 32%|███▏      | 64/201 [00:50<01:42,  1.34it/s] 32%|███▏      | 64/201 [00:50<01:42,  1.34it/s] 32%|███▏      | 64/201 [00:50<01:42,  1.34it/s] 32%|███▏      | 64/201 [00:50<01:42,  1.34it/s] 32%|███▏      | 65/201 [00:51<01:50,  1.23it/s] 32%|███▏      | 65/201 [00:51<01:50,  1.23it/s] 32%|███▏      | 65/201 [00:51<01:50,  1.23it/s] 32%|███▏      | 65/201 [00:51<01:50,  1.23it/s] 33%|███▎      | 66/201 [00:52<01:48,  1.24it/s] 33%|███▎      | 66/201 [00:52<01:48,  1.24it/s] 33%|███▎      | 66/201 [00:52<01:48,  1.24it/s] 33%|███▎      | 66/201 [00:52<01:48,  1.24it/s] 33%|███▎      | 67/201 [00:53<01:53,  1.18it/s] 33%|███▎      | 67/201 [00:53<01:53,  1.18it/s] 33%|███▎      | 67/201 [00:53<01:53,  1.18it/s] 33%|███▎      | 67/201 [00:53<01:53,  1.18it/s] 34%|███▍      | 68/201 [00:53<01:48,  1.22it/s] 34%|███▍      | 68/201 [00:53<01:48,  1.22it/s] 34%|███▍      | 68/201 [00:53<01:48,  1.22it/s] 34%|███▍      | 68/201 [00:53<01:48,  1.22it/s] 34%|███▍      | 69/201 [00:54<01:44,  1.27it/s] 34%|███▍      | 69/201 [00:54<01:44,  1.27it/s] 34%|███▍      | 69/201 [00:54<01:44,  1.27it/s] 34%|███▍      | 69/201 [00:54<01:44,  1.27it/s] 35%|███▍      | 70/201 [00:55<01:43,  1.27it/s] 35%|███▍      | 70/201 [00:55<01:43,  1.27it/s] 35%|███▍      | 70/201 [00:55<01:43,  1.27it/s] 35%|███▍      | 70/201 [00:55<01:43,  1.27it/s] 35%|███▌      | 71/201 [00:56<01:51,  1.17it/s] 35%|███▌      | 71/201 [00:56<01:51,  1.17it/s] 35%|███▌      | 71/201 [00:56<01:51,  1.17it/s] 35%|███▌      | 71/201 [00:56<01:51,  1.17it/s] 36%|███▌      | 72/201 [00:57<01:44,  1.23it/s] 36%|███▌      | 72/201 [00:57<01:44,  1.23it/s] 36%|███▌      | 72/201 [00:57<01:44,  1.23it/s] 36%|███▌      | 72/201 [00:57<01:44,  1.23it/s] 36%|███▋      | 73/201 [00:57<01:47,  1.19it/s] 36%|███▋      | 73/201 [00:57<01:47,  1.19it/s] 36%|███▋      | 73/201 [00:57<01:47,  1.19it/s] 36%|███▋      | 73/201 [00:57<01:47,  1.19it/s] 37%|███▋      | 74/201 [00:58<01:45,  1.21it/s] 37%|███▋      | 74/201 [00:58<01:45,  1.21it/s] 37%|███▋      | 74/201 [00:58<01:45,  1.21it/s] 37%|███▋      | 74/201 [00:58<01:45,  1.21it/s] 37%|███▋      | 75/201 [00:59<01:43,  1.22it/s] 37%|███▋      | 75/201 [00:59<01:43,  1.22it/s] 37%|███▋      | 75/201 [00:59<01:43,  1.22it/s] 37%|███▋      | 75/201 [00:59<01:43,  1.22it/s] 38%|███▊      | 76/201 [01:00<01:40,  1.25it/s] 38%|███▊      | 76/201 [01:00<01:40,  1.25it/s] 38%|███▊      | 76/201 [01:00<01:40,  1.25it/s] 38%|███▊      | 76/201 [01:00<01:40,  1.25it/s] 38%|███▊      | 77/201 [01:01<01:44,  1.18it/s] 38%|███▊      | 77/201 [01:01<01:44,  1.18it/s] 38%|███▊      | 77/201 [01:01<01:44,  1.18it/s] 38%|███▊      | 77/201 [01:01<01:44,  1.18it/s] 39%|███▉      | 78/201 [01:01<01:38,  1.24it/s] 39%|███▉      | 78/201 [01:01<01:38,  1.24it/s] 39%|███▉      | 78/201 [01:01<01:38,  1.24it/s] 39%|███▉      | 78/201 [01:01<01:38,  1.24it/s] 39%|███▉      | 79/201 [01:02<01:37,  1.25it/s] 39%|███▉      | 79/201 [01:02<01:37,  1.25it/s] 39%|███▉      | 79/201 [01:02<01:37,  1.25it/s] 39%|███▉      | 79/201 [01:02<01:37,  1.25it/s] 40%|███▉      | 80/201 [01:03<01:39,  1.22it/s] 40%|███▉      | 80/201 [01:03<01:39,  1.22it/s] 40%|███▉      | 80/201 [01:03<01:39,  1.22it/s] 40%|███▉      | 80/201 [01:03<01:39,  1.22it/s] 40%|████      | 81/201 [01:04<01:35,  1.25it/s] 40%|████      | 81/201 [01:04<01:35,  1.25it/s] 40%|████      | 81/201 [01:04<01:35,  1.25it/s] 40%|████      | 81/201 [01:04<01:35,  1.25it/s] 41%|████      | 82/201 [01:05<01:34,  1.26it/s] 41%|████      | 82/201 [01:05<01:34,  1.26it/s] 41%|████      | 82/201 [01:05<01:34,  1.26it/s] 41%|████      | 82/201 [01:05<01:34,  1.26it/s] 41%|████▏     | 83/201 [01:05<01:33,  1.26it/s] 41%|████▏     | 83/201 [01:05<01:33,  1.26it/s] 41%|████▏     | 83/201 [01:05<01:33,  1.26it/s] 41%|████▏     | 83/201 [01:05<01:33,  1.26it/s] 42%|████▏     | 84/201 [01:06<01:37,  1.20it/s] 42%|████▏     | 84/201 [01:06<01:37,  1.20it/s] 42%|████▏     | 84/201 [01:06<01:37,  1.20it/s] 42%|████▏     | 84/201 [01:06<01:37,  1.20it/s] 42%|████▏     | 85/201 [01:07<01:34,  1.23it/s] 42%|████▏     | 85/201 [01:07<01:34,  1.23it/s] 42%|████▏     | 85/201 [01:07<01:34,  1.23it/s] 42%|████▏     | 85/201 [01:07<01:34,  1.23it/s] 43%|████▎     | 86/201 [01:08<01:32,  1.25it/s] 43%|████▎     | 86/201 [01:08<01:32,  1.25it/s] 43%|████▎     | 86/201 [01:08<01:32,  1.25it/s] 43%|████▎     | 86/201 [01:08<01:32,  1.25it/s] 43%|████▎     | 87/201 [01:09<01:29,  1.28it/s] 43%|████▎     | 87/201 [01:09<01:29,  1.28it/s] 43%|████▎     | 87/201 [01:09<01:29,  1.28it/s] 43%|████▎     | 87/201 [01:09<01:29,  1.28it/s] 44%|████▍     | 88/201 [01:09<01:27,  1.29it/s] 44%|████▍     | 88/201 [01:09<01:27,  1.29it/s] 44%|████▍     | 88/201 [01:09<01:27,  1.29it/s] 44%|████▍     | 88/201 [01:09<01:27,  1.29it/s] 44%|████▍     | 89/201 [01:10<01:24,  1.33it/s] 44%|████▍     | 89/201 [01:10<01:24,  1.33it/s] 44%|████▍     | 89/201 [01:10<01:24,  1.33it/s] 44%|████▍     | 89/201 [01:10<01:24,  1.33it/s] 45%|████▍     | 90/201 [01:11<01:25,  1.30it/s] 45%|████▍     | 90/201 [01:11<01:25,  1.30it/s] 45%|████▍     | 90/201 [01:11<01:25,  1.30it/s] 45%|████▍     | 90/201 [01:11<01:25,  1.30it/s] 45%|████▌     | 91/201 [01:12<01:24,  1.29it/s] 45%|████▌     | 91/201 [01:12<01:24,  1.29it/s] 45%|████▌     | 91/201 [01:12<01:24,  1.29it/s] 45%|████▌     | 91/201 [01:12<01:24,  1.29it/s] 46%|████▌     | 92/201 [01:12<01:22,  1.32it/s] 46%|████▌     | 92/201 [01:12<01:22,  1.32it/s] 46%|████▌     | 92/201 [01:12<01:22,  1.32it/s] 46%|████▌     | 92/201 [01:12<01:22,  1.32it/s] 46%|████▋     | 93/201 [01:13<01:27,  1.24it/s] 46%|████▋     | 93/201 [01:13<01:27,  1.24it/s] 46%|████▋     | 93/201 [01:13<01:27,  1.24it/s] 46%|████▋     | 93/201 [01:13<01:27,  1.24it/s] 47%|████▋     | 94/201 [01:14<01:26,  1.24it/s] 47%|████▋     | 94/201 [01:14<01:26,  1.24it/s] 47%|████▋     | 94/201 [01:14<01:26,  1.24it/s] 47%|████▋     | 94/201 [01:14<01:26,  1.24it/s] 47%|████▋     | 95/201 [01:15<01:18,  1.34it/s] 47%|████▋     | 95/201 [01:15<01:18,  1.34it/s] 47%|████▋     | 95/201 [01:15<01:18,  1.34it/s] 47%|████▋     | 95/201 [01:15<01:18,  1.34it/s] 48%|████▊     | 96/201 [01:16<01:24,  1.25it/s] 48%|████▊     | 96/201 [01:16<01:24,  1.25it/s] 48%|████▊     | 96/201 [01:16<01:24,  1.25it/s] 48%|████▊     | 96/201 [01:16<01:24,  1.25it/s] 48%|████▊     | 97/201 [01:16<01:22,  1.26it/s] 48%|████▊     | 97/201 [01:16<01:22,  1.26it/s] 48%|████▊     | 97/201 [01:16<01:22,  1.26it/s] 48%|████▊     | 97/201 [01:16<01:22,  1.26it/s] 49%|████▉     | 98/201 [01:17<01:20,  1.27it/s] 49%|████▉     | 98/201 [01:17<01:20,  1.27it/s] 49%|████▉     | 98/201 [01:17<01:20,  1.27it/s] 49%|████▉     | 98/201 [01:17<01:20,  1.27it/s] 49%|████▉     | 99/201 [01:18<01:25,  1.20it/s] 49%|████▉     | 99/201 [01:18<01:25,  1.20it/s] 49%|████▉     | 99/201 [01:18<01:25,  1.20it/s] 49%|████▉     | 99/201 [01:18<01:25,  1.20it/s] 50%|████▉     | 100/201 [01:19<01:26,  1.16it/s] 50%|████▉     | 100/201 [01:19<01:26,  1.16it/s] 50%|████▉     | 100/201 [01:19<01:26,  1.16it/s] 50%|████▉     | 100/201 [01:19<01:26,  1.16it/s] 50%|█████     | 101/201 [01:20<01:22,  1.21it/s] 50%|█████     | 101/201 [01:20<01:22,  1.21it/s] 50%|█████     | 101/201 [01:20<01:22,  1.21it/s] 50%|█████     | 101/201 [01:20<01:22,  1.21it/s] 51%|█████     | 102/201 [01:21<01:25,  1.16it/s] 51%|█████     | 102/201 [01:21<01:25,  1.16it/s] 51%|█████     | 102/201 [01:21<01:25,  1.16it/s] 51%|█████     | 102/201 [01:21<01:25,  1.16it/s] 51%|█████     | 103/201 [01:22<01:25,  1.14it/s] 51%|█████     | 103/201 [01:22<01:25,  1.14it/s] 51%|█████     | 103/201 [01:22<01:25,  1.14it/s] 51%|█████     | 103/201 [01:22<01:25,  1.14it/s] 52%|█████▏    | 104/201 [01:22<01:17,  1.25it/s] 52%|█████▏    | 104/201 [01:22<01:17,  1.25it/s] 52%|█████▏    | 104/201 [01:22<01:17,  1.25it/s] 52%|█████▏    | 104/201 [01:22<01:17,  1.25it/s] 52%|█████▏    | 105/201 [01:23<01:14,  1.29it/s] 52%|█████▏    | 105/201 [01:23<01:14,  1.29it/s] 52%|█████▏    | 105/201 [01:23<01:14,  1.29it/s] 52%|█████▏    | 105/201 [01:23<01:14,  1.29it/s] 53%|█████▎    | 106/201 [01:24<01:18,  1.21it/s] 53%|█████▎    | 106/201 [01:24<01:18,  1.21it/s] 53%|█████▎    | 106/201 [01:24<01:18,  1.21it/s] 53%|█████▎    | 106/201 [01:24<01:18,  1.21it/s] 53%|█████▎    | 107/201 [01:25<01:16,  1.23it/s] 53%|█████▎    | 107/201 [01:25<01:16,  1.23it/s] 53%|█████▎    | 107/201 [01:25<01:16,  1.23it/s] 53%|█████▎    | 107/201 [01:25<01:16,  1.23it/s] 54%|█████▎    | 108/201 [01:25<01:13,  1.26it/s] 54%|█████▎    | 108/201 [01:25<01:13,  1.26it/s] 54%|█████▎    | 108/201 [01:25<01:13,  1.26it/s] 54%|█████▎    | 108/201 [01:25<01:13,  1.26it/s] 54%|█████▍    | 109/201 [01:26<01:16,  1.21it/s] 54%|█████▍    | 109/201 [01:26<01:16,  1.21it/s] 54%|█████▍    | 109/201 [01:26<01:16,  1.21it/s] 54%|█████▍    | 109/201 [01:26<01:16,  1.21it/s] 55%|█████▍    | 110/201 [01:27<01:11,  1.27it/s] 55%|█████▍    | 110/201 [01:27<01:11,  1.27it/s] 55%|█████▍    | 110/201 [01:27<01:11,  1.27it/s] 55%|█████▍    | 110/201 [01:27<01:11,  1.27it/s] 55%|█████▌    | 111/201 [01:28<01:10,  1.28it/s] 55%|█████▌    | 111/201 [01:28<01:10,  1.28it/s] 55%|█████▌    | 111/201 [01:28<01:10,  1.28it/s] 55%|█████▌    | 111/201 [01:28<01:10,  1.28it/s] 56%|█████▌    | 112/201 [01:29<01:12,  1.23it/s] 56%|█████▌    | 112/201 [01:29<01:12,  1.23it/s] 56%|█████▌    | 112/201 [01:29<01:12,  1.23it/s] 56%|█████▌    | 112/201 [01:29<01:12,  1.23it/s] 56%|█████▌    | 113/201 [01:30<01:10,  1.25it/s] 56%|█████▌    | 113/201 [01:30<01:10,  1.25it/s] 56%|█████▌    | 113/201 [01:30<01:10,  1.25it/s] 56%|█████▌    | 113/201 [01:30<01:10,  1.25it/s] 57%|█████▋    | 114/201 [01:30<01:08,  1.27it/s] 57%|█████▋    | 114/201 [01:30<01:08,  1.27it/s] 57%|█████▋    | 114/201 [01:30<01:08,  1.27it/s] 57%|█████▋    | 114/201 [01:30<01:08,  1.27it/s] 57%|█████▋    | 115/201 [01:31<01:12,  1.19it/s] 57%|█████▋    | 115/201 [01:31<01:12,  1.19it/s] 57%|█████▋    | 115/201 [01:31<01:12,  1.19it/s] 57%|█████▋    | 115/201 [01:31<01:12,  1.19it/s] 58%|█████▊    | 116/201 [01:32<01:09,  1.22it/s] 58%|█████▊    | 116/201 [01:32<01:09,  1.22it/s] 58%|█████▊    | 116/201 [01:32<01:09,  1.22it/s] 58%|█████▊    | 116/201 [01:32<01:09,  1.22it/s] 58%|█████▊    | 117/201 [01:33<01:07,  1.24it/s] 58%|█████▊    | 117/201 [01:33<01:07,  1.24it/s] 58%|█████▊    | 117/201 [01:33<01:07,  1.24it/s] 58%|█████▊    | 117/201 [01:33<01:07,  1.24it/s] 59%|█████▊    | 118/201 [01:34<01:05,  1.28it/s] 59%|█████▊    | 118/201 [01:34<01:05,  1.28it/s] 59%|█████▊    | 118/201 [01:34<01:05,  1.28it/s] 59%|█████▊    | 118/201 [01:34<01:05,  1.28it/s] 59%|█████▉    | 119/201 [01:34<01:07,  1.21it/s] 59%|█████▉    | 119/201 [01:34<01:07,  1.21it/s] 59%|█████▉    | 119/201 [01:34<01:07,  1.21it/s] 59%|█████▉    | 119/201 [01:34<01:07,  1.21it/s] 60%|█████▉    | 120/201 [01:35<01:04,  1.26it/s] 60%|█████▉    | 120/201 [01:35<01:04,  1.26it/s] 60%|█████▉    | 120/201 [01:35<01:04,  1.26it/s] 60%|█████▉    | 120/201 [01:35<01:04,  1.26it/s] 60%|██████    | 121/201 [01:36<01:06,  1.20it/s] 60%|██████    | 121/201 [01:36<01:06,  1.20it/s] 60%|██████    | 121/201 [01:36<01:06,  1.20it/s] 60%|██████    | 121/201 [01:36<01:06,  1.20it/s] 61%|██████    | 122/201 [01:37<01:03,  1.24it/s] 61%|██████    | 122/201 [01:37<01:03,  1.24it/s] 61%|██████    | 122/201 [01:37<01:03,  1.24it/s] 61%|██████    | 122/201 [01:37<01:03,  1.24it/s] 61%|██████    | 123/201 [01:38<01:02,  1.25it/s] 61%|██████    | 123/201 [01:38<01:02,  1.25it/s] 61%|██████    | 123/201 [01:38<01:02,  1.25it/s] 61%|██████    | 123/201 [01:38<01:02,  1.25it/s] 62%|██████▏   | 124/201 [01:38<01:01,  1.25it/s] 62%|██████▏   | 124/201 [01:38<01:01,  1.25it/s] 62%|██████▏   | 124/201 [01:38<01:01,  1.25it/s] 62%|██████▏   | 124/201 [01:38<01:01,  1.25it/s] 62%|██████▏   | 125/201 [01:39<01:04,  1.18it/s] 62%|██████▏   | 125/201 [01:39<01:04,  1.18it/s] 62%|██████▏   | 125/201 [01:39<01:04,  1.18it/s] 62%|██████▏   | 125/201 [01:39<01:04,  1.18it/s] 63%|██████▎   | 126/201 [01:40<01:01,  1.22it/s] 63%|██████▎   | 126/201 [01:40<01:01,  1.22it/s] 63%|██████▎   | 126/201 [01:40<01:01,  1.22it/s] 63%|██████▎   | 126/201 [01:40<01:01,  1.22it/s] 63%|██████▎   | 127/201 [01:41<01:03,  1.16it/s] 63%|██████▎   | 127/201 [01:41<01:03,  1.16it/s] 63%|██████▎   | 127/201 [01:41<01:03,  1.16it/s] 63%|██████▎   | 127/201 [01:41<01:03,  1.16it/s] 64%|██████▎   | 128/201 [01:42<01:01,  1.19it/s] 64%|██████▎   | 128/201 [01:42<01:01,  1.19it/s] 64%|██████▎   | 128/201 [01:42<01:01,  1.19it/s] 64%|██████▎   | 128/201 [01:42<01:01,  1.19it/s] 64%|██████▍   | 129/201 [01:43<00:58,  1.23it/s] 64%|██████▍   | 129/201 [01:43<00:58,  1.23it/s] 64%|██████▍   | 129/201 [01:43<00:58,  1.23it/s] 64%|██████▍   | 129/201 [01:43<00:58,  1.23it/s] 65%|██████▍   | 130/201 [01:43<00:53,  1.33it/s] 65%|██████▍   | 130/201 [01:43<00:53,  1.33it/s] 65%|██████▍   | 130/201 [01:43<00:53,  1.33it/s] 65%|██████▍   | 130/201 [01:43<00:53,  1.33it/s] 65%|██████▌   | 131/201 [01:44<00:55,  1.27it/s] 65%|██████▌   | 131/201 [01:44<00:55,  1.27it/s] 65%|██████▌   | 131/201 [01:44<00:55,  1.27it/s] 65%|██████▌   | 131/201 [01:44<00:55,  1.27it/s] 66%|██████▌   | 132/201 [01:45<00:53,  1.28it/s] 66%|██████▌   | 132/201 [01:45<00:53,  1.28it/s] 66%|██████▌   | 132/201 [01:45<00:53,  1.28it/s] 66%|██████▌   | 132/201 [01:45<00:53,  1.28it/s] 66%|██████▌   | 133/201 [01:46<00:52,  1.30it/s] 66%|██████▌   | 133/201 [01:46<00:52,  1.30it/s] 66%|██████▌   | 133/201 [01:46<00:52,  1.30it/s] 66%|██████▌   | 133/201 [01:46<00:52,  1.30it/s] 67%|██████▋   | 134/201 [01:47<00:55,  1.20it/s] 67%|██████▋   | 134/201 [01:47<00:55,  1.20it/s] 67%|██████▋   | 134/201 [01:47<00:55,  1.20it/s] 67%|██████▋   | 134/201 [01:47<00:55,  1.20it/s] 67%|██████▋   | 135/201 [01:47<00:52,  1.25it/s] 67%|██████▋   | 135/201 [01:47<00:52,  1.25it/s] 67%|██████▋   | 135/201 [01:47<00:52,  1.25it/s] 67%|██████▋   | 135/201 [01:47<00:52,  1.25it/s] 68%|██████▊   | 136/201 [01:48<00:48,  1.34it/s] 68%|██████▊   | 136/201 [01:48<00:48,  1.34it/s] 68%|██████▊   | 136/201 [01:48<00:48,  1.34it/s] 68%|██████▊   | 136/201 [01:48<00:48,  1.34it/s] 68%|██████▊   | 137/201 [01:49<00:47,  1.34it/s] 68%|██████▊   | 137/201 [01:49<00:47,  1.34it/s] 68%|██████▊   | 137/201 [01:49<00:47,  1.34it/s] 68%|██████▊   | 137/201 [01:49<00:47,  1.34it/s] 69%|██████▊   | 138/201 [01:50<00:49,  1.28it/s] 69%|██████▊   | 138/201 [01:50<00:49,  1.28it/s] 69%|██████▊   | 138/201 [01:50<00:49,  1.28it/s] 69%|██████▊   | 138/201 [01:50<00:49,  1.28it/s] 69%|██████▉   | 139/201 [01:50<00:48,  1.28it/s] 69%|██████▉   | 139/201 [01:50<00:48,  1.28it/s] 69%|██████▉   | 139/201 [01:50<00:48,  1.28it/s] 69%|██████▉   | 139/201 [01:50<00:48,  1.28it/s] 70%|██████▉   | 140/201 [01:51<00:50,  1.21it/s] 70%|██████▉   | 140/201 [01:51<00:50,  1.21it/s] 70%|██████▉   | 140/201 [01:51<00:50,  1.21it/s] 70%|██████▉   | 140/201 [01:51<00:50,  1.21it/s] 70%|███████   | 141/201 [01:52<00:51,  1.18it/s] 70%|███████   | 141/201 [01:52<00:51,  1.18it/s] 70%|███████   | 141/201 [01:52<00:51,  1.18it/s] 70%|███████   | 141/201 [01:52<00:51,  1.18it/s] 71%|███████   | 142/201 [01:53<00:48,  1.22it/s] 71%|███████   | 142/201 [01:53<00:48,  1.22it/s] 71%|███████   | 142/201 [01:53<00:48,  1.22it/s] 71%|███████   | 142/201 [01:53<00:48,  1.22it/s] 71%|███████   | 143/201 [01:54<00:43,  1.32it/s] 71%|███████   | 143/201 [01:54<00:43,  1.32it/s] 71%|███████   | 143/201 [01:54<00:43,  1.32it/s] 71%|███████   | 143/201 [01:54<00:43,  1.32it/s] 72%|███████▏  | 144/201 [01:54<00:46,  1.23it/s] 72%|███████▏  | 144/201 [01:54<00:46,  1.23it/s] 72%|███████▏  | 144/201 [01:54<00:46,  1.23it/s] 72%|███████▏  | 144/201 [01:54<00:46,  1.23it/s] 72%|███████▏  | 145/201 [01:55<00:44,  1.25it/s] 72%|███████▏  | 145/201 [01:55<00:44,  1.25it/s] 72%|███████▏  | 145/201 [01:55<00:44,  1.25it/s] 72%|███████▏  | 145/201 [01:55<00:44,  1.25it/s] 73%|███████▎  | 146/201 [01:56<00:45,  1.21it/s] 73%|███████▎  | 146/201 [01:56<00:45,  1.21it/s] 73%|███████▎  | 146/201 [01:56<00:45,  1.21it/s] 73%|███████▎  | 146/201 [01:56<00:45,  1.21it/s] 73%|███████▎  | 147/201 [01:57<00:45,  1.18it/s] 73%|███████▎  | 147/201 [01:57<00:45,  1.18it/s] 73%|███████▎  | 147/201 [01:57<00:45,  1.18it/s] 73%|███████▎  | 147/201 [01:57<00:45,  1.18it/s] 74%|███████▎  | 148/201 [01:58<00:43,  1.22it/s] 74%|███████▎  | 148/201 [01:58<00:43,  1.22it/s] 74%|███████▎  | 148/201 [01:58<00:43,  1.22it/s] 74%|███████▎  | 148/201 [01:58<00:43,  1.22it/s] 74%|███████▍  | 149/201 [01:58<00:39,  1.32it/s] 74%|███████▍  | 149/201 [01:58<00:39,  1.32it/s] 74%|███████▍  | 149/201 [01:58<00:39,  1.32it/s] 74%|███████▍  | 149/201 [01:58<00:39,  1.32it/s] 75%|███████▍  | 150/201 [01:59<00:38,  1.32it/s] 75%|███████▍  | 150/201 [01:59<00:38,  1.32it/s] 75%|███████▍  | 150/201 [01:59<00:38,  1.32it/s] 75%|███████▍  | 150/201 [01:59<00:38,  1.32it/s] 75%|███████▌  | 151/201 [02:00<00:42,  1.17it/s] 75%|███████▌  | 151/201 [02:00<00:42,  1.17it/s] 75%|███████▌  | 151/201 [02:00<00:42,  1.17it/s] 75%|███████▌  | 151/201 [02:00<00:42,  1.17it/s] 76%|███████▌  | 152/201 [02:01<00:43,  1.12it/s] 76%|███████▌  | 152/201 [02:01<00:43,  1.12it/s] 76%|███████▌  | 152/201 [02:01<00:43,  1.12it/s] 76%|███████▌  | 152/201 [02:01<00:43,  1.12it/s] 76%|███████▌  | 153/201 [02:02<00:41,  1.16it/s] 76%|███████▌  | 153/201 [02:02<00:41,  1.16it/s] 76%|███████▌  | 153/201 [02:02<00:41,  1.16it/s] 76%|███████▌  | 153/201 [02:02<00:41,  1.16it/s] 77%|███████▋  | 154/201 [02:03<00:38,  1.22it/s] 77%|███████▋  | 154/201 [02:03<00:38,  1.22it/s] 77%|███████▋  | 154/201 [02:03<00:38,  1.22it/s] 77%|███████▋  | 154/201 [02:03<00:38,  1.22it/s] 77%|███████▋  | 155/201 [02:03<00:34,  1.32it/s] 77%|███████▋  | 155/201 [02:03<00:34,  1.32it/s] 77%|███████▋  | 155/201 [02:03<00:34,  1.32it/s] 77%|███████▋  | 155/201 [02:03<00:34,  1.32it/s] 78%|███████▊  | 156/201 [02:04<00:33,  1.35it/s] 78%|███████▊  | 156/201 [02:04<00:33,  1.35it/s] 78%|███████▊  | 156/201 [02:04<00:33,  1.35it/s] 78%|███████▊  | 156/201 [02:04<00:33,  1.35it/s] 78%|███████▊  | 157/201 [02:05<00:34,  1.28it/s] 78%|███████▊  | 157/201 [02:05<00:34,  1.28it/s] 78%|███████▊  | 157/201 [02:05<00:34,  1.28it/s] 78%|███████▊  | 157/201 [02:05<00:34,  1.28it/s] 79%|███████▊  | 158/201 [02:06<00:33,  1.30it/s] 79%|███████▊  | 158/201 [02:06<00:33,  1.30it/s] 79%|███████▊  | 158/201 [02:06<00:33,  1.30it/s] 79%|███████▊  | 158/201 [02:06<00:33,  1.30it/s] 79%|███████▉  | 159/201 [02:07<00:34,  1.21it/s] 79%|███████▉  | 159/201 [02:07<00:34,  1.21it/s] 79%|███████▉  | 159/201 [02:07<00:34,  1.21it/s] 79%|███████▉  | 159/201 [02:07<00:34,  1.21it/s] 80%|███████▉  | 160/201 [02:07<00:33,  1.23it/s] 80%|███████▉  | 160/201 [02:07<00:33,  1.23it/s] 80%|███████▉  | 160/201 [02:07<00:33,  1.23it/s] 80%|███████▉  | 160/201 [02:07<00:33,  1.23it/s] 80%|████████  | 161/201 [02:08<00:30,  1.33it/s] 80%|████████  | 161/201 [02:08<00:30,  1.33it/s] 80%|████████  | 161/201 [02:08<00:30,  1.33it/s] 80%|████████  | 161/201 [02:08<00:30,  1.33it/s] 81%|████████  | 162/201 [02:09<00:29,  1.33it/s] 81%|████████  | 162/201 [02:09<00:29,  1.33it/s] 81%|████████  | 162/201 [02:09<00:29,  1.33it/s] 81%|████████  | 162/201 [02:09<00:29,  1.33it/s] 81%|████████  | 163/201 [02:10<00:30,  1.26it/s] 81%|████████  | 163/201 [02:10<00:30,  1.26it/s] 81%|████████  | 163/201 [02:10<00:30,  1.26it/s] 81%|████████  | 163/201 [02:10<00:30,  1.26it/s] 82%|████████▏ | 164/201 [02:11<00:30,  1.21it/s] 82%|████████▏ | 164/201 [02:11<00:30,  1.21it/s] 82%|████████▏ | 164/201 [02:11<00:30,  1.21it/s] 82%|████████▏ | 164/201 [02:11<00:30,  1.21it/s] 82%|████████▏ | 165/201 [02:11<00:29,  1.22it/s] 82%|████████▏ | 165/201 [02:11<00:29,  1.22it/s] 82%|████████▏ | 165/201 [02:11<00:29,  1.22it/s] 82%|████████▏ | 165/201 [02:11<00:29,  1.22it/s] 83%|████████▎ | 166/201 [02:12<00:27,  1.26it/s] 83%|████████▎ | 166/201 [02:12<00:27,  1.26it/s] 83%|████████▎ | 166/201 [02:12<00:27,  1.26it/s] 83%|████████▎ | 166/201 [02:12<00:27,  1.26it/s] 83%|████████▎ | 167/201 [02:13<00:26,  1.26it/s] 83%|████████▎ | 167/201 [02:13<00:26,  1.26it/s] 83%|████████▎ | 167/201 [02:13<00:26,  1.26it/s] 83%|████████▎ | 167/201 [02:13<00:26,  1.26it/s] 84%|████████▎ | 168/201 [02:14<00:25,  1.28it/s] 84%|████████▎ | 168/201 [02:14<00:25,  1.28it/s] 84%|████████▎ | 168/201 [02:14<00:25,  1.28it/s] 84%|████████▎ | 168/201 [02:14<00:25,  1.28it/s] 84%|████████▍ | 169/201 [02:15<00:26,  1.22it/s] 84%|████████▍ | 169/201 [02:15<00:26,  1.22it/s] 84%|████████▍ | 169/201 [02:15<00:26,  1.22it/s] 84%|████████▍ | 169/201 [02:15<00:26,  1.22it/s] 85%|████████▍ | 170/201 [02:15<00:26,  1.18it/s] 85%|████████▍ | 170/201 [02:15<00:26,  1.18it/s] 85%|████████▍ | 170/201 [02:15<00:26,  1.18it/s] 85%|████████▍ | 170/201 [02:15<00:26,  1.18it/s] 85%|████████▌ | 171/201 [02:16<00:25,  1.19it/s] 85%|████████▌ | 171/201 [02:16<00:25,  1.19it/s] 85%|████████▌ | 171/201 [02:16<00:25,  1.19it/s] 85%|████████▌ | 171/201 [02:16<00:25,  1.19it/s] 86%|████████▌ | 172/201 [02:17<00:23,  1.23it/s] 86%|████████▌ | 172/201 [02:17<00:23,  1.23it/s] 86%|████████▌ | 172/201 [02:17<00:23,  1.23it/s] 86%|████████▌ | 172/201 [02:17<00:23,  1.23it/s] 86%|████████▌ | 173/201 [02:18<00:22,  1.25it/s] 86%|████████▌ | 173/201 [02:18<00:22,  1.25it/s] 86%|████████▌ | 173/201 [02:18<00:22,  1.25it/s] 86%|████████▌ | 173/201 [02:18<00:22,  1.25it/s] 87%|████████▋ | 174/201 [02:19<00:21,  1.27it/s] 87%|████████▋ | 174/201 [02:19<00:21,  1.27it/s] 87%|████████▋ | 174/201 [02:19<00:21,  1.27it/s] 87%|████████▋ | 174/201 [02:19<00:21,  1.27it/s] 87%|████████▋ | 175/201 [02:19<00:20,  1.26it/s] 87%|████████▋ | 175/201 [02:19<00:20,  1.26it/s] 87%|████████▋ | 175/201 [02:19<00:20,  1.26it/s] 87%|████████▋ | 175/201 [02:19<00:20,  1.26it/s] 88%|████████▊ | 176/201 [02:20<00:20,  1.21it/s] 88%|████████▊ | 176/201 [02:20<00:20,  1.21it/s] 88%|████████▊ | 176/201 [02:20<00:20,  1.21it/s] 88%|████████▊ | 176/201 [02:20<00:20,  1.21it/s] 88%|████████▊ | 177/201 [02:21<00:20,  1.16it/s] 88%|████████▊ | 177/201 [02:21<00:20,  1.16it/s] 88%|████████▊ | 177/201 [02:21<00:20,  1.16it/s] 88%|████████▊ | 177/201 [02:21<00:20,  1.16it/s] 89%|████████▊ | 178/201 [02:22<00:19,  1.19it/s] 89%|████████▊ | 178/201 [02:22<00:19,  1.19it/s] 89%|████████▊ | 178/201 [02:22<00:19,  1.19it/s] 89%|████████▊ | 178/201 [02:22<00:19,  1.19it/s] 89%|████████▉ | 179/201 [02:23<00:18,  1.21it/s] 89%|████████▉ | 179/201 [02:23<00:18,  1.21it/s] 89%|████████▉ | 179/201 [02:23<00:18,  1.21it/s] 89%|████████▉ | 179/201 [02:23<00:18,  1.21it/s] 90%|████████▉ | 180/201 [02:24<00:16,  1.24it/s] 90%|████████▉ | 180/201 [02:24<00:16,  1.24it/s] 90%|████████▉ | 180/201 [02:24<00:16,  1.24it/s] 90%|████████▉ | 180/201 [02:24<00:16,  1.24it/s] 90%|█████████ | 181/201 [02:24<00:15,  1.26it/s] 90%|█████████ | 181/201 [02:24<00:15,  1.26it/s] 90%|█████████ | 181/201 [02:24<00:15,  1.26it/s] 90%|█████████ | 181/201 [02:24<00:15,  1.26it/s] 91%|█████████ | 182/201 [02:25<00:15,  1.19it/s] 91%|█████████ | 182/201 [02:25<00:15,  1.19it/s] 91%|█████████ | 182/201 [02:25<00:15,  1.19it/s] 91%|█████████ | 182/201 [02:25<00:15,  1.19it/s] 91%|█████████ | 183/201 [02:26<00:14,  1.23it/s] 91%|█████████ | 183/201 [02:26<00:14,  1.23it/s] 91%|█████████ | 183/201 [02:26<00:14,  1.23it/s] 91%|█████████ | 183/201 [02:26<00:14,  1.23it/s] 92%|█████████▏| 184/201 [02:27<00:14,  1.16it/s] 92%|█████████▏| 184/201 [02:27<00:14,  1.16it/s] 92%|█████████▏| 184/201 [02:27<00:14,  1.16it/s] 92%|█████████▏| 184/201 [02:27<00:14,  1.16it/s] 92%|█████████▏| 185/201 [02:28<00:13,  1.19it/s] 92%|█████████▏| 185/201 [02:28<00:13,  1.19it/s] 92%|█████████▏| 185/201 [02:28<00:13,  1.19it/s] 92%|█████████▏| 185/201 [02:28<00:13,  1.19it/s] 93%|█████████▎| 186/201 [02:29<00:12,  1.24it/s] 93%|█████████▎| 186/201 [02:29<00:12,  1.24it/s] 93%|█████████▎| 186/201 [02:29<00:12,  1.24it/s] 93%|█████████▎| 186/201 [02:29<00:12,  1.24it/s] 93%|█████████▎| 187/201 [02:29<00:11,  1.26it/s] 93%|█████████▎| 187/201 [02:29<00:11,  1.26it/s] 93%|█████████▎| 187/201 [02:29<00:11,  1.26it/s] 93%|█████████▎| 187/201 [02:29<00:11,  1.26it/s] 94%|█████████▎| 188/201 [02:30<00:11,  1.14it/s] 94%|█████████▎| 188/201 [02:30<00:11,  1.14it/s] 94%|█████████▎| 188/201 [02:30<00:11,  1.14it/s] 94%|█████████▎| 188/201 [02:30<00:11,  1.14it/s] 94%|█████████▍| 189/201 [02:31<00:09,  1.25it/s] 94%|█████████▍| 189/201 [02:31<00:09,  1.25it/s] 94%|█████████▍| 189/201 [02:31<00:09,  1.25it/s] 94%|█████████▍| 189/201 [02:31<00:09,  1.25it/s] 95%|█████████▍| 190/201 [02:32<00:09,  1.17it/s] 95%|█████████▍| 190/201 [02:32<00:09,  1.17it/s] 95%|█████████▍| 190/201 [02:32<00:09,  1.17it/s] 95%|█████████▍| 190/201 [02:32<00:09,  1.17it/s] 95%|█████████▌| 191/201 [02:33<00:08,  1.23it/s] 95%|█████████▌| 191/201 [02:33<00:08,  1.23it/s] 95%|█████████▌| 191/201 [02:33<00:08,  1.23it/s] 95%|█████████▌| 191/201 [02:33<00:08,  1.23it/s] 96%|█████████▌| 192/201 [02:33<00:07,  1.23it/s] 96%|█████████▌| 192/201 [02:33<00:07,  1.23it/s] 96%|█████████▌| 192/201 [02:33<00:07,  1.23it/s] 96%|█████████▌| 192/201 [02:33<00:07,  1.23it/s] 96%|█████████▌| 193/201 [02:34<00:06,  1.27it/s] 96%|█████████▌| 193/201 [02:34<00:06,  1.27it/s] 96%|█████████▌| 193/201 [02:34<00:06,  1.27it/s] 96%|█████████▌| 193/201 [02:34<00:06,  1.27it/s] 97%|█████████▋| 194/201 [02:35<00:05,  1.19it/s] 97%|█████████▋| 194/201 [02:35<00:05,  1.19it/s] 97%|█████████▋| 194/201 [02:35<00:05,  1.19it/s] 97%|█████████▋| 194/201 [02:35<00:05,  1.19it/s] 97%|█████████▋| 195/201 [02:36<00:04,  1.21it/s] 97%|█████████▋| 195/201 [02:36<00:04,  1.21it/s] 97%|█████████▋| 195/201 [02:36<00:04,  1.21it/s] 97%|█████████▋| 195/201 [02:36<00:04,  1.21it/s] 98%|█████████▊| 196/201 [02:37<00:04,  1.15it/s] 98%|█████████▊| 196/201 [02:37<00:04,  1.15it/s] 98%|█████████▊| 196/201 [02:37<00:04,  1.15it/s] 98%|█████████▊| 196/201 [02:37<00:04,  1.15it/s] 98%|█████████▊| 197/201 [02:38<00:03,  1.21it/s] 98%|█████████▊| 197/201 [02:38<00:03,  1.21it/s] 98%|█████████▊| 197/201 [02:38<00:03,  1.21it/s] 98%|█████████▊| 197/201 [02:38<00:03,  1.21it/s] 99%|█████████▊| 198/201 [02:38<00:02,  1.24it/s] 99%|█████████▊| 198/201 [02:38<00:02,  1.24it/s] 99%|█████████▊| 198/201 [02:38<00:02,  1.24it/s] 99%|█████████▊| 198/201 [02:38<00:02,  1.24it/s] 99%|█████████▉| 199/201 [02:39<00:01,  1.27it/s] 99%|█████████▉| 199/201 [02:39<00:01,  1.27it/s] 99%|█████████▉| 199/201 [02:39<00:01,  1.27it/s] 99%|█████████▉| 199/201 [02:39<00:01,  1.27it/s]100%|█████████▉| 200/201 [02:40<00:00,  1.22it/s]100%|█████████▉| 200/201 [02:40<00:00,  1.22it/s]100%|█████████▉| 200/201 [02:40<00:00,  1.22it/s]100%|█████████▉| 200/201 [02:40<00:00,  1.22it/s]100%|██████████| 201/201 [02:41<00:00,  1.25it/s]100%|██████████| 201/201 [02:41<00:00,  1.25it/s]100%|██████████| 201/201 [02:41<00:00,  1.25it/s]100%|██████████| 201/201 [02:41<00:00,  1.25it/s]100%|██████████| 201/201 [02:41<00:00,  1.25it/s]
100%|██████████| 201/201 [02:41<00:00,  1.25it/s]
100%|██████████| 201/201 [02:41<00:00,  1.25it/s]
100%|██████████| 201/201 [02:41<00:00,  1.25it/s]
Model checkpointing attempts: 0.
Stored epoch 8 model checkpoint to ./checkpoints/parquet_dataset/parquet_dataset__model_nlyrs_4_nheads_4_hdim_64__pred_ovrlap_F_npreds_4__nlyrs_2_activ_relunenc_1__lr_0.0002828_start_0.001_final_0_20251112_231724/epoch_8.pth.
Training loss has improved 1 times since last caching the model. Caching now.
/home/aminmohamadi_squareup_com/projects/.hermit/python/lib/python3.11/site-packages/torch/distributed/distributed_c10d.py:4876: UserWarning: barrier(): using the device under current context. You can specify `device_id` in `init_process_group` to mute this warning.
  warnings.warn(  # warn only once
#############################Training epoch: 10/10##############################
  0%|          | 0/201 [00:00<?, ?it/s]  0%|          | 0/201 [00:00<?, ?it/s]  0%|          | 0/201 [00:00<?, ?it/s]  0%|          | 0/201 [00:00<?, ?it/s]  0%|          | 1/201 [00:00<02:51,  1.17it/s]  0%|          | 1/201 [00:00<02:51,  1.17it/s]  0%|          | 1/201 [00:00<02:51,  1.17it/s]  0%|          | 1/201 [00:00<03:12,  1.04it/s]  1%|          | 2/201 [00:01<02:48,  1.18it/s]  1%|          | 2/201 [00:01<02:45,  1.20it/s]  1%|          | 2/201 [00:01<02:48,  1.18it/s]  1%|          | 2/201 [00:01<02:48,  1.18it/s]  1%|▏         | 3/201 [00:02<02:40,  1.23it/s]  1%|▏         | 3/201 [00:02<02:40,  1.23it/s]  1%|▏         | 3/201 [00:02<02:38,  1.25it/s]  1%|▏         | 3/201 [00:02<02:40,  1.23it/s]  2%|▏         | 4/201 [00:03<02:34,  1.27it/s]  2%|▏         | 4/201 [00:03<02:33,  1.28it/s]  2%|▏         | 4/201 [00:03<02:34,  1.27it/s]  2%|▏         | 4/201 [00:03<02:34,  1.27it/s]  2%|▏         | 5/201 [00:04<02:40,  1.22it/s]  2%|▏         | 5/201 [00:04<02:40,  1.22it/s]  2%|▏         | 5/201 [00:04<02:40,  1.22it/s]  2%|▏         | 5/201 [00:04<02:40,  1.22it/s]  3%|▎         | 6/201 [00:04<02:26,  1.33it/s]  3%|▎         | 6/201 [00:04<02:26,  1.33it/s]  3%|▎         | 6/201 [00:04<02:26,  1.33it/s]  3%|▎         | 6/201 [00:04<02:26,  1.33it/s]  3%|▎         | 7/201 [00:05<02:32,  1.27it/s]  3%|▎         | 7/201 [00:05<02:32,  1.27it/s]  3%|▎         | 7/201 [00:05<02:32,  1.27it/s]  3%|▎         | 7/201 [00:05<02:32,  1.28it/s]  4%|▍         | 8/201 [00:06<02:39,  1.21it/s]  4%|▍         | 8/201 [00:06<02:39,  1.21it/s]  4%|▍         | 8/201 [00:06<02:39,  1.21it/s]  4%|▍         | 8/201 [00:06<02:39,  1.21it/s]  4%|▍         | 9/201 [00:07<02:32,  1.26it/s]  4%|▍         | 9/201 [00:07<02:32,  1.26it/s]  4%|▍         | 9/201 [00:07<02:32,  1.26it/s]  4%|▍         | 9/201 [00:07<02:32,  1.26it/s]  5%|▍         | 10/201 [00:08<02:39,  1.20it/s]  5%|▍         | 10/201 [00:08<02:38,  1.20it/s]  5%|▍         | 10/201 [00:08<02:39,  1.20it/s]  5%|▍         | 10/201 [00:08<02:39,  1.20it/s]  5%|▌         | 11/201 [00:08<02:35,  1.22it/s]  5%|▌         | 11/201 [00:08<02:35,  1.22it/s]  5%|▌         | 11/201 [00:08<02:35,  1.22it/s]  5%|▌         | 11/201 [00:08<02:35,  1.22it/s]  6%|▌         | 12/201 [00:09<02:41,  1.17it/s]  6%|▌         | 12/201 [00:09<02:41,  1.17it/s]  6%|▌         | 12/201 [00:09<02:41,  1.17it/s]  6%|▌         | 12/201 [00:09<02:41,  1.17it/s]  6%|▋         | 13/201 [00:10<02:48,  1.12it/s]  6%|▋         | 13/201 [00:10<02:48,  1.12it/s]  6%|▋         | 13/201 [00:10<02:48,  1.12it/s]  6%|▋         | 13/201 [00:10<02:48,  1.12it/s]  7%|▋         | 14/201 [00:11<02:38,  1.18it/s]  7%|▋         | 14/201 [00:11<02:38,  1.18it/s]  7%|▋         | 14/201 [00:11<02:38,  1.18it/s]  7%|▋         | 14/201 [00:11<02:38,  1.18it/s]  7%|▋         | 15/201 [00:12<02:35,  1.20it/s]  7%|▋         | 15/201 [00:12<02:35,  1.20it/s]  7%|▋         | 15/201 [00:12<02:35,  1.20it/s]  7%|▋         | 15/201 [00:12<02:35,  1.20it/s]  8%|▊         | 16/201 [00:13<02:32,  1.21it/s]  8%|▊         | 16/201 [00:13<02:32,  1.21it/s]  8%|▊         | 16/201 [00:13<02:32,  1.21it/s]  8%|▊         | 16/201 [00:13<02:32,  1.21it/s]  8%|▊         | 17/201 [00:13<02:28,  1.24it/s]  8%|▊         | 17/201 [00:13<02:28,  1.24it/s]  8%|▊         | 17/201 [00:13<02:28,  1.24it/s]  8%|▊         | 17/201 [00:13<02:28,  1.24it/s]  9%|▉         | 18/201 [00:14<02:33,  1.19it/s]  9%|▉         | 18/201 [00:14<02:33,  1.19it/s]  9%|▉         | 18/201 [00:14<02:33,  1.19it/s]  9%|▉         | 18/201 [00:14<02:33,  1.19it/s]  9%|▉         | 19/201 [00:15<02:28,  1.22it/s]  9%|▉         | 19/201 [00:15<02:28,  1.22it/s]  9%|▉         | 19/201 [00:15<02:28,  1.22it/s]  9%|▉         | 19/201 [00:15<02:28,  1.22it/s] 10%|▉         | 20/201 [00:16<02:44,  1.10it/s] 10%|▉         | 20/201 [00:16<02:44,  1.10it/s] 10%|▉         | 20/201 [00:16<02:44,  1.10it/s] 10%|▉         | 20/201 [00:16<02:44,  1.10it/s] 10%|█         | 21/201 [00:17<02:35,  1.16it/s] 10%|█         | 21/201 [00:17<02:35,  1.16it/s] 10%|█         | 21/201 [00:17<02:35,  1.16it/s] 10%|█         | 21/201 [00:17<02:35,  1.16it/s] 11%|█         | 22/201 [00:18<02:20,  1.27it/s] 11%|█         | 22/201 [00:18<02:20,  1.27it/s] 11%|█         | 22/201 [00:18<02:20,  1.27it/s] 11%|█         | 22/201 [00:18<02:20,  1.27it/s] 11%|█▏        | 23/201 [00:18<02:11,  1.35it/s] 11%|█▏        | 23/201 [00:18<02:11,  1.35it/s] 11%|█▏        | 23/201 [00:18<02:11,  1.35it/s] 11%|█▏        | 23/201 [00:18<02:11,  1.35it/s] 12%|█▏        | 24/201 [00:19<02:13,  1.33it/s] 12%|█▏        | 24/201 [00:19<02:13,  1.33it/s] 12%|█▏        | 24/201 [00:19<02:13,  1.33it/s] 12%|█▏        | 24/201 [00:19<02:13,  1.33it/s] 12%|█▏        | 25/201 [00:20<02:20,  1.25it/s] 12%|█▏        | 25/201 [00:20<02:20,  1.25it/s] 12%|█▏        | 25/201 [00:20<02:20,  1.25it/s] 12%|█▏        | 25/201 [00:20<02:20,  1.25it/s] 13%|█▎        | 26/201 [00:21<02:21,  1.24it/s] 13%|█▎        | 26/201 [00:21<02:21,  1.24it/s] 13%|█▎        | 26/201 [00:21<02:21,  1.24it/s] 13%|█▎        | 26/201 [00:21<02:21,  1.24it/s] 13%|█▎        | 27/201 [00:21<02:16,  1.28it/s] 13%|█▎        | 27/201 [00:21<02:16,  1.28it/s] 13%|█▎        | 27/201 [00:21<02:16,  1.28it/s] 13%|█▎        | 27/201 [00:21<02:16,  1.28it/s] 14%|█▍        | 28/201 [00:22<02:13,  1.29it/s] 14%|█▍        | 28/201 [00:22<02:13,  1.29it/s] 14%|█▍        | 28/201 [00:22<02:13,  1.29it/s] 14%|█▍        | 28/201 [00:22<02:13,  1.29it/s] 14%|█▍        | 29/201 [00:23<02:12,  1.30it/s] 14%|█▍        | 29/201 [00:23<02:12,  1.30it/s] 14%|█▍        | 29/201 [00:23<02:12,  1.30it/s] 14%|█▍        | 29/201 [00:23<02:12,  1.30it/s] 15%|█▍        | 30/201 [00:24<02:11,  1.31it/s] 15%|█▍        | 30/201 [00:24<02:11,  1.30it/s] 15%|█▍        | 30/201 [00:24<02:11,  1.31it/s] 15%|█▍        | 30/201 [00:24<02:11,  1.31it/s] 15%|█▌        | 31/201 [00:25<02:20,  1.21it/s] 15%|█▌        | 31/201 [00:25<02:20,  1.21it/s] 15%|█▌        | 31/201 [00:25<02:20,  1.21it/s] 15%|█▌        | 31/201 [00:25<02:20,  1.21it/s] 16%|█▌        | 32/201 [00:26<02:19,  1.21it/s] 16%|█▌        | 32/201 [00:26<02:19,  1.21it/s] 16%|█▌        | 32/201 [00:26<02:19,  1.21it/s] 16%|█▌        | 32/201 [00:26<02:19,  1.21it/s] 16%|█▋        | 33/201 [00:26<02:08,  1.31it/s] 16%|█▋        | 33/201 [00:26<02:08,  1.31it/s] 16%|█▋        | 33/201 [00:26<02:08,  1.31it/s] 16%|█▋        | 33/201 [00:26<02:08,  1.31it/s] 17%|█▋        | 34/201 [00:27<02:15,  1.23it/s] 17%|█▋        | 34/201 [00:27<02:15,  1.23it/s] 17%|█▋        | 34/201 [00:27<02:15,  1.23it/s] 17%|█▋        | 34/201 [00:27<02:15,  1.23it/s] 17%|█▋        | 35/201 [00:28<02:04,  1.33it/s] 17%|█▋        | 35/201 [00:28<02:04,  1.33it/s] 17%|█▋        | 35/201 [00:28<02:04,  1.33it/s] 17%|█▋        | 35/201 [00:28<02:04,  1.33it/s] 18%|█▊        | 36/201 [00:28<02:02,  1.34it/s] 18%|█▊        | 36/201 [00:28<02:02,  1.34it/s] 18%|█▊        | 36/201 [00:28<02:02,  1.34it/s] 18%|█▊        | 36/201 [00:28<02:02,  1.34it/s] 18%|█▊        | 37/201 [00:29<02:01,  1.35it/s] 18%|█▊        | 37/201 [00:29<02:01,  1.35it/s] 18%|█▊        | 37/201 [00:29<02:01,  1.35it/s] 18%|█▊        | 37/201 [00:29<02:01,  1.35it/s] 19%|█▉        | 38/201 [00:30<02:07,  1.28it/s] 19%|█▉        | 38/201 [00:30<02:07,  1.28it/s] 19%|█▉        | 38/201 [00:30<02:07,  1.28it/s] 19%|█▉        | 38/201 [00:30<02:07,  1.28it/s] 19%|█▉        | 39/201 [00:31<02:08,  1.26it/s] 19%|█▉        | 39/201 [00:31<02:08,  1.26it/s] 19%|█▉        | 39/201 [00:31<02:08,  1.26it/s] 19%|█▉        | 39/201 [00:31<02:09,  1.26it/s] 20%|█▉        | 40/201 [00:32<02:04,  1.29it/s] 20%|█▉        | 40/201 [00:32<02:04,  1.29it/s] 20%|█▉        | 40/201 [00:32<02:04,  1.29it/s] 20%|█▉        | 40/201 [00:32<02:04,  1.29it/s] 20%|██        | 41/201 [00:32<02:04,  1.29it/s] 20%|██        | 41/201 [00:32<02:04,  1.29it/s] 20%|██        | 41/201 [00:32<02:04,  1.29it/s] 20%|██        | 41/201 [00:32<02:04,  1.29it/s] 21%|██        | 42/201 [00:33<02:00,  1.32it/s] 21%|██        | 42/201 [00:33<02:00,  1.32it/s] 21%|██        | 42/201 [00:33<02:00,  1.32it/s] 21%|██        | 42/201 [00:33<02:00,  1.32it/s] 21%|██▏       | 43/201 [00:34<01:53,  1.40it/s] 21%|██▏       | 43/201 [00:34<01:53,  1.40it/s] 21%|██▏       | 43/201 [00:34<01:53,  1.40it/s] 21%|██▏       | 43/201 [00:34<01:53,  1.40it/s] 22%|██▏       | 44/201 [00:35<02:02,  1.28it/s] 22%|██▏       | 44/201 [00:35<02:02,  1.28it/s] 22%|██▏       | 44/201 [00:35<02:02,  1.28it/s] 22%|██▏       | 44/201 [00:35<02:02,  1.28it/s] 22%|██▏       | 45/201 [00:35<02:03,  1.26it/s] 22%|██▏       | 45/201 [00:35<02:03,  1.26it/s] 22%|██▏       | 45/201 [00:35<02:03,  1.26it/s] 22%|██▏       | 45/201 [00:35<02:03,  1.26it/s] 23%|██▎       | 46/201 [00:36<02:02,  1.27it/s] 23%|██▎       | 46/201 [00:36<02:02,  1.27it/s] 23%|██▎       | 46/201 [00:36<02:02,  1.27it/s] 23%|██▎       | 46/201 [00:36<02:02,  1.27it/s] 23%|██▎       | 47/201 [00:37<01:58,  1.30it/s] 23%|██▎       | 47/201 [00:37<01:58,  1.30it/s] 23%|██▎       | 47/201 [00:37<01:58,  1.30it/s] 23%|██▎       | 47/201 [00:37<01:58,  1.30it/s] 24%|██▍       | 48/201 [00:38<01:55,  1.33it/s] 24%|██▍       | 48/201 [00:38<01:55,  1.33it/s] 24%|██▍       | 48/201 [00:38<01:55,  1.33it/s] 24%|██▍       | 48/201 [00:38<01:55,  1.33it/s] 24%|██▍       | 49/201 [00:38<01:52,  1.35it/s] 24%|██▍       | 49/201 [00:38<01:52,  1.35it/s] 24%|██▍       | 49/201 [00:38<01:52,  1.35it/s] 24%|██▍       | 49/201 [00:38<01:52,  1.35it/s] 25%|██▍       | 50/201 [00:39<01:58,  1.27it/s] 25%|██▍       | 50/201 [00:39<01:58,  1.27it/s] 25%|██▍       | 50/201 [00:39<01:58,  1.27it/s] 25%|██▍       | 50/201 [00:39<01:58,  1.27it/s] 25%|██▌       | 51/201 [00:40<02:07,  1.18it/s] 25%|██▌       | 51/201 [00:40<02:07,  1.18it/s] 25%|██▌       | 51/201 [00:40<02:07,  1.18it/s] 25%|██▌       | 51/201 [00:40<02:07,  1.18it/s] 26%|██▌       | 52/201 [00:41<01:59,  1.25it/s] 26%|██▌       | 52/201 [00:41<01:59,  1.25it/s] 26%|██▌       | 52/201 [00:41<01:59,  1.25it/s] 26%|██▌       | 52/201 [00:41<01:59,  1.25it/s] 26%|██▋       | 53/201 [00:42<01:56,  1.27it/s] 26%|██▋       | 53/201 [00:42<01:56,  1.27it/s] 26%|██▋       | 53/201 [00:42<01:56,  1.27it/s] 26%|██▋       | 53/201 [00:42<01:56,  1.27it/s] 27%|██▋       | 54/201 [00:42<01:53,  1.30it/s] 27%|██▋       | 54/201 [00:42<01:53,  1.30it/s] 27%|██▋       | 54/201 [00:42<01:53,  1.30it/s] 27%|██▋       | 54/201 [00:42<01:53,  1.30it/s] 27%|██▋       | 55/201 [00:43<01:46,  1.37it/s] 27%|██▋       | 55/201 [00:43<01:46,  1.37it/s] 27%|██▋       | 55/201 [00:43<01:46,  1.37it/s] 27%|██▋       | 55/201 [00:43<01:46,  1.37it/s] 28%|██▊       | 56/201 [00:44<01:47,  1.35it/s] 28%|██▊       | 56/201 [00:44<01:47,  1.35it/s] 28%|██▊       | 56/201 [00:44<01:47,  1.35it/s] 28%|██▊       | 56/201 [00:44<01:47,  1.35it/s] 28%|██▊       | 57/201 [00:45<01:55,  1.25it/s] 28%|██▊       | 57/201 [00:45<01:55,  1.25it/s] 28%|██▊       | 57/201 [00:45<01:55,  1.25it/s] 28%|██▊       | 57/201 [00:45<01:55,  1.25it/s] 29%|██▉       | 58/201 [00:46<01:52,  1.27it/s] 29%|██▉       | 58/201 [00:46<01:52,  1.27it/s] 29%|██▉       | 58/201 [00:46<01:52,  1.27it/s] 29%|██▉       | 58/201 [00:46<01:52,  1.27it/s] 29%|██▉       | 59/201 [00:46<01:49,  1.30it/s] 29%|██▉       | 59/201 [00:46<01:49,  1.30it/s] 29%|██▉       | 59/201 [00:46<01:49,  1.30it/s] 29%|██▉       | 59/201 [00:46<01:49,  1.30it/s] 30%|██▉       | 60/201 [00:47<01:47,  1.32it/s] 30%|██▉       | 60/201 [00:47<01:47,  1.32it/s] 30%|██▉       | 60/201 [00:47<01:47,  1.32it/s] 30%|██▉       | 60/201 [00:47<01:47,  1.32it/s] 30%|███       | 61/201 [00:48<01:44,  1.33it/s] 30%|███       | 61/201 [00:48<01:44,  1.33it/s] 30%|███       | 61/201 [00:48<01:44,  1.33it/s] 30%|███       | 61/201 [00:48<01:44,  1.33it/s] 31%|███       | 62/201 [00:48<01:37,  1.42it/s] 31%|███       | 62/201 [00:48<01:37,  1.42it/s] 31%|███       | 62/201 [00:48<01:37,  1.42it/s] 31%|███       | 62/201 [00:48<01:37,  1.42it/s] 31%|███▏      | 63/201 [00:49<01:44,  1.32it/s] 31%|███▏      | 63/201 [00:49<01:44,  1.32it/s] 31%|███▏      | 63/201 [00:49<01:44,  1.32it/s] 31%|███▏      | 63/201 [00:49<01:44,  1.32it/s] 32%|███▏      | 64/201 [00:50<01:53,  1.20it/s] 32%|███▏      | 64/201 [00:50<01:53,  1.20it/s] 32%|███▏      | 64/201 [00:50<01:53,  1.20it/s] 32%|███▏      | 64/201 [00:50<01:53,  1.20it/s] 32%|███▏      | 65/201 [00:51<01:44,  1.30it/s] 32%|███▏      | 65/201 [00:51<01:44,  1.30it/s] 32%|███▏      | 65/201 [00:51<01:44,  1.30it/s] 32%|███▏      | 65/201 [00:51<01:44,  1.30it/s] 33%|███▎      | 66/201 [00:52<01:44,  1.29it/s] 33%|███▎      | 66/201 [00:52<01:44,  1.29it/s] 33%|███▎      | 66/201 [00:52<01:44,  1.29it/s] 33%|███▎      | 66/201 [00:52<01:44,  1.29it/s] 33%|███▎      | 67/201 [00:52<01:44,  1.28it/s] 33%|███▎      | 67/201 [00:52<01:44,  1.28it/s] 33%|███▎      | 67/201 [00:52<01:44,  1.28it/s] 33%|███▎      | 67/201 [00:52<01:44,  1.28it/s] 34%|███▍      | 68/201 [00:53<01:41,  1.31it/s] 34%|███▍      | 68/201 [00:53<01:41,  1.31it/s] 34%|███▍      | 68/201 [00:53<01:41,  1.31it/s] 34%|███▍      | 68/201 [00:53<01:41,  1.31it/s] 34%|███▍      | 69/201 [00:54<01:47,  1.23it/s] 34%|███▍      | 69/201 [00:54<01:47,  1.23it/s] 34%|███▍      | 69/201 [00:54<01:47,  1.23it/s] 34%|███▍      | 69/201 [00:54<01:47,  1.23it/s] 35%|███▍      | 70/201 [00:55<01:51,  1.17it/s] 35%|███▍      | 70/201 [00:55<01:51,  1.17it/s] 35%|███▍      | 70/201 [00:55<01:51,  1.17it/s] 35%|███▍      | 70/201 [00:55<01:51,  1.17it/s] 35%|███▌      | 71/201 [00:56<01:46,  1.22it/s] 35%|███▌      | 71/201 [00:56<01:46,  1.22it/s] 35%|███▌      | 71/201 [00:56<01:46,  1.22it/s] 35%|███▌      | 71/201 [00:56<01:46,  1.22it/s] 36%|███▌      | 72/201 [00:57<01:45,  1.23it/s] 36%|███▌      | 72/201 [00:57<01:45,  1.23it/s] 36%|███▌      | 72/201 [00:57<01:45,  1.23it/s] 36%|███▌      | 72/201 [00:57<01:45,  1.23it/s] 36%|███▋      | 73/201 [00:57<01:40,  1.28it/s] 36%|███▋      | 73/201 [00:57<01:40,  1.28it/s] 36%|███▋      | 73/201 [00:57<01:40,  1.28it/s] 36%|███▋      | 73/201 [00:57<01:40,  1.28it/s] 37%|███▋      | 74/201 [00:58<01:39,  1.27it/s] 37%|███▋      | 74/201 [00:58<01:39,  1.27it/s] 37%|███▋      | 74/201 [00:58<01:39,  1.27it/s] 37%|███▋      | 74/201 [00:58<01:39,  1.27it/s] 37%|███▋      | 75/201 [00:59<01:39,  1.26it/s] 37%|███▋      | 75/201 [00:59<01:39,  1.26it/s] 37%|███▋      | 75/201 [00:59<01:39,  1.26it/s] 37%|███▋      | 75/201 [00:59<01:39,  1.26it/s] 38%|███▊      | 76/201 [01:00<01:45,  1.18it/s] 38%|███▊      | 76/201 [01:00<01:45,  1.18it/s] 38%|███▊      | 76/201 [01:00<01:45,  1.18it/s] 38%|███▊      | 76/201 [01:00<01:45,  1.18it/s] 38%|███▊      | 77/201 [01:01<01:43,  1.20it/s] 38%|███▊      | 77/201 [01:01<01:43,  1.20it/s] 38%|███▊      | 77/201 [01:01<01:43,  1.20it/s] 38%|███▊      | 77/201 [01:01<01:43,  1.20it/s] 39%|███▉      | 78/201 [01:01<01:41,  1.21it/s] 39%|███▉      | 78/201 [01:01<01:41,  1.21it/s] 39%|███▉      | 78/201 [01:01<01:41,  1.21it/s] 39%|███▉      | 78/201 [01:01<01:41,  1.21it/s] 39%|███▉      | 79/201 [01:02<01:36,  1.27it/s] 39%|███▉      | 79/201 [01:02<01:36,  1.27it/s] 39%|███▉      | 79/201 [01:02<01:36,  1.27it/s] 39%|███▉      | 79/201 [01:02<01:36,  1.27it/s] 40%|███▉      | 80/201 [01:03<01:35,  1.27it/s] 40%|███▉      | 80/201 [01:03<01:35,  1.27it/s] 40%|███▉      | 80/201 [01:03<01:35,  1.27it/s] 40%|███▉      | 80/201 [01:03<01:35,  1.27it/s] 40%|████      | 81/201 [01:04<01:33,  1.28it/s] 40%|████      | 81/201 [01:04<01:33,  1.28it/s] 40%|████      | 81/201 [01:04<01:33,  1.28it/s] 40%|████      | 81/201 [01:04<01:33,  1.28it/s] 41%|████      | 82/201 [01:05<01:39,  1.19it/s] 41%|████      | 82/201 [01:05<01:39,  1.19it/s] 41%|████      | 82/201 [01:05<01:39,  1.19it/s] 41%|████      | 82/201 [01:05<01:39,  1.19it/s] 41%|████▏     | 83/201 [01:05<01:36,  1.22it/s] 41%|████▏     | 83/201 [01:05<01:36,  1.22it/s] 41%|████▏     | 83/201 [01:05<01:36,  1.22it/s] 41%|████▏     | 83/201 [01:05<01:36,  1.22it/s] 42%|████▏     | 84/201 [01:06<01:34,  1.23it/s] 42%|████▏     | 84/201 [01:06<01:34,  1.23it/s] 42%|████▏     | 84/201 [01:06<01:34,  1.23it/s] 42%|████▏     | 84/201 [01:06<01:34,  1.23it/s] 42%|████▏     | 85/201 [01:07<01:37,  1.19it/s] 42%|████▏     | 85/201 [01:07<01:37,  1.19it/s] 42%|████▏     | 85/201 [01:07<01:37,  1.19it/s] 42%|████▏     | 85/201 [01:07<01:37,  1.19it/s] 43%|████▎     | 86/201 [01:08<01:34,  1.22it/s] 43%|████▎     | 86/201 [01:08<01:34,  1.22it/s] 43%|████▎     | 86/201 [01:08<01:34,  1.22it/s] 43%|████▎     | 86/201 [01:08<01:34,  1.22it/s] 43%|████▎     | 87/201 [01:09<01:32,  1.23it/s] 43%|████▎     | 87/201 [01:09<01:32,  1.23it/s] 43%|████▎     | 87/201 [01:09<01:32,  1.23it/s] 43%|████▎     | 87/201 [01:09<01:32,  1.23it/s] 44%|████▍     | 88/201 [01:10<01:35,  1.18it/s] 44%|████▍     | 88/201 [01:10<01:35,  1.18it/s] 44%|████▍     | 88/201 [01:10<01:35,  1.18it/s] 44%|████▍     | 88/201 [01:10<01:35,  1.18it/s] 44%|████▍     | 89/201 [01:11<01:37,  1.15it/s] 44%|████▍     | 89/201 [01:11<01:37,  1.15it/s] 44%|████▍     | 89/201 [01:11<01:37,  1.15it/s] 44%|████▍     | 89/201 [01:11<01:37,  1.15it/s] 45%|████▍     | 90/201 [01:11<01:34,  1.18it/s] 45%|████▍     | 90/201 [01:11<01:34,  1.18it/s] 45%|████▍     | 90/201 [01:11<01:34,  1.18it/s] 45%|████▍     | 90/201 [01:11<01:34,  1.18it/s] 45%|████▌     | 91/201 [01:12<01:28,  1.24it/s] 45%|████▌     | 91/201 [01:12<01:28,  1.24it/s] 45%|████▌     | 91/201 [01:12<01:28,  1.24it/s] 45%|████▌     | 91/201 [01:12<01:28,  1.24it/s] 46%|████▌     | 92/201 [01:13<01:24,  1.29it/s] 46%|████▌     | 92/201 [01:13<01:24,  1.29it/s] 46%|████▌     | 92/201 [01:13<01:24,  1.29it/s] 46%|████▌     | 92/201 [01:13<01:24,  1.29it/s] 46%|████▋     | 93/201 [01:14<01:23,  1.29it/s] 46%|████▋     | 93/201 [01:14<01:23,  1.29it/s] 46%|████▋     | 93/201 [01:14<01:23,  1.29it/s] 46%|████▋     | 93/201 [01:14<01:23,  1.29it/s] 47%|████▋     | 94/201 [01:14<01:22,  1.30it/s] 47%|████▋     | 94/201 [01:14<01:22,  1.30it/s] 47%|████▋     | 94/201 [01:14<01:22,  1.30it/s] 47%|████▋     | 94/201 [01:14<01:22,  1.30it/s] 47%|████▋     | 95/201 [01:15<01:27,  1.21it/s] 47%|████▋     | 95/201 [01:15<01:27,  1.21it/s] 47%|████▋     | 95/201 [01:15<01:27,  1.21it/s] 47%|████▋     | 95/201 [01:15<01:27,  1.20it/s] 48%|████▊     | 96/201 [01:16<01:23,  1.26it/s] 48%|████▊     | 96/201 [01:16<01:23,  1.26it/s] 48%|████▊     | 96/201 [01:16<01:23,  1.26it/s] 48%|████▊     | 96/201 [01:16<01:23,  1.26it/s] 48%|████▊     | 97/201 [01:17<01:17,  1.34it/s] 48%|████▊     | 97/201 [01:17<01:17,  1.34it/s] 48%|████▊     | 97/201 [01:17<01:17,  1.34it/s] 48%|████▊     | 97/201 [01:17<01:17,  1.34it/s] 49%|████▉     | 98/201 [01:17<01:16,  1.34it/s] 49%|████▉     | 98/201 [01:17<01:16,  1.34it/s] 49%|████▉     | 98/201 [01:17<01:16,  1.34it/s] 49%|████▉     | 98/201 [01:17<01:16,  1.34it/s] 49%|████▉     | 99/201 [01:18<01:21,  1.25it/s] 49%|████▉     | 99/201 [01:18<01:21,  1.25it/s] 49%|████▉     | 99/201 [01:18<01:21,  1.25it/s] 49%|████▉     | 99/201 [01:18<01:21,  1.25it/s] 50%|████▉     | 100/201 [01:19<01:24,  1.19it/s] 50%|████▉     | 100/201 [01:19<01:24,  1.19it/s] 50%|████▉     | 100/201 [01:19<01:24,  1.19it/s] 50%|████▉     | 100/201 [01:19<01:24,  1.19it/s] 50%|█████     | 101/201 [01:20<01:27,  1.14it/s] 50%|█████     | 101/201 [01:20<01:27,  1.14it/s] 50%|█████     | 101/201 [01:20<01:27,  1.14it/s] 50%|█████     | 101/201 [01:20<01:27,  1.14it/s] 51%|█████     | 102/201 [01:21<01:24,  1.18it/s] 51%|█████     | 102/201 [01:21<01:24,  1.18it/s] 51%|█████     | 102/201 [01:21<01:24,  1.18it/s] 51%|█████     | 102/201 [01:21<01:24,  1.18it/s] 51%|█████     | 103/201 [01:22<01:19,  1.23it/s] 51%|█████     | 103/201 [01:22<01:19,  1.23it/s] 51%|█████     | 103/201 [01:22<01:19,  1.23it/s] 51%|█████     | 103/201 [01:22<01:19,  1.23it/s] 52%|█████▏    | 104/201 [01:22<01:16,  1.27it/s] 52%|█████▏    | 104/201 [01:22<01:16,  1.27it/s] 52%|█████▏    | 104/201 [01:22<01:16,  1.27it/s] 52%|█████▏    | 104/201 [01:22<01:16,  1.27it/s] 52%|█████▏    | 105/201 [01:23<01:15,  1.27it/s] 52%|█████▏    | 105/201 [01:23<01:15,  1.27it/s] 52%|█████▏    | 105/201 [01:23<01:15,  1.27it/s] 52%|█████▏    | 105/201 [01:23<01:15,  1.27it/s] 53%|█████▎    | 106/201 [01:24<01:18,  1.22it/s] 53%|█████▎    | 106/201 [01:24<01:18,  1.22it/s] 53%|█████▎    | 106/201 [01:24<01:18,  1.22it/s] 53%|█████▎    | 106/201 [01:24<01:18,  1.22it/s] 53%|█████▎    | 107/201 [01:25<01:20,  1.17it/s] 53%|█████▎    | 107/201 [01:25<01:20,  1.17it/s] 53%|█████▎    | 107/201 [01:25<01:20,  1.17it/s] 53%|█████▎    | 107/201 [01:25<01:20,  1.17it/s] 54%|█████▎    | 108/201 [01:26<01:21,  1.14it/s] 54%|█████▎    | 108/201 [01:26<01:21,  1.14it/s] 54%|█████▎    | 108/201 [01:26<01:21,  1.14it/s] 54%|█████▎    | 108/201 [01:26<01:21,  1.14it/s] 54%|█████▍    | 109/201 [01:27<01:17,  1.19it/s] 54%|█████▍    | 109/201 [01:27<01:17,  1.19it/s] 54%|█████▍    | 109/201 [01:27<01:17,  1.19it/s] 54%|█████▍    | 109/201 [01:27<01:17,  1.19it/s] 55%|█████▍    | 110/201 [01:27<01:13,  1.24it/s] 55%|█████▍    | 110/201 [01:27<01:13,  1.24it/s] 55%|█████▍    | 110/201 [01:27<01:13,  1.24it/s] 55%|█████▍    | 110/201 [01:27<01:13,  1.24it/s] 55%|█████▌    | 111/201 [01:28<01:11,  1.25it/s] 55%|█████▌    | 111/201 [01:28<01:11,  1.25it/s] 55%|█████▌    | 111/201 [01:28<01:11,  1.25it/s] 55%|█████▌    | 111/201 [01:28<01:11,  1.25it/s] 56%|█████▌    | 112/201 [01:29<01:13,  1.21it/s] 56%|█████▌    | 112/201 [01:29<01:13,  1.21it/s] 56%|█████▌    | 112/201 [01:29<01:13,  1.21it/s] 56%|█████▌    | 112/201 [01:29<01:13,  1.21it/s] 56%|█████▌    | 113/201 [01:30<01:10,  1.25it/s] 56%|█████▌    | 113/201 [01:30<01:10,  1.25it/s] 56%|█████▌    | 113/201 [01:30<01:10,  1.25it/s] 56%|█████▌    | 113/201 [01:30<01:10,  1.25it/s] 57%|█████▋    | 114/201 [01:31<01:13,  1.19it/s] 57%|█████▋    | 114/201 [01:31<01:13,  1.19it/s] 57%|█████▋    | 114/201 [01:31<01:13,  1.19it/s] 57%|█████▋    | 114/201 [01:31<01:13,  1.19it/s] 57%|█████▋    | 115/201 [01:32<01:08,  1.25it/s] 57%|█████▋    | 115/201 [01:32<01:08,  1.25it/s] 57%|█████▋    | 115/201 [01:32<01:08,  1.25it/s] 57%|█████▋    | 115/201 [01:32<01:08,  1.25it/s] 58%|█████▊    | 116/201 [01:32<01:07,  1.26it/s] 58%|█████▊    | 116/201 [01:32<01:07,  1.26it/s] 58%|█████▊    | 116/201 [01:32<01:07,  1.26it/s] 58%|█████▊    | 116/201 [01:32<01:07,  1.26it/s] 58%|█████▊    | 117/201 [01:33<01:06,  1.26it/s] 58%|█████▊    | 117/201 [01:33<01:06,  1.26it/s] 58%|█████▊    | 117/201 [01:33<01:06,  1.26it/s] 58%|█████▊    | 117/201 [01:33<01:06,  1.26it/s] 59%|█████▊    | 118/201 [01:34<01:03,  1.30it/s] 59%|█████▊    | 118/201 [01:34<01:03,  1.30it/s] 59%|█████▊    | 118/201 [01:34<01:03,  1.30it/s] 59%|█████▊    | 118/201 [01:34<01:03,  1.30it/s] 59%|█████▉    | 119/201 [01:35<01:06,  1.23it/s] 59%|█████▉    | 119/201 [01:35<01:06,  1.23it/s] 59%|█████▉    | 119/201 [01:35<01:06,  1.23it/s] 59%|█████▉    | 119/201 [01:35<01:06,  1.23it/s] 60%|█████▉    | 120/201 [01:36<01:09,  1.16it/s] 60%|█████▉    | 120/201 [01:36<01:09,  1.16it/s] 60%|█████▉    | 120/201 [01:36<01:09,  1.16it/s] 60%|█████▉    | 120/201 [01:36<01:09,  1.16it/s] 60%|██████    | 121/201 [01:36<01:05,  1.21it/s] 60%|██████    | 121/201 [01:36<01:05,  1.21it/s] 60%|██████    | 121/201 [01:36<01:05,  1.21it/s] 60%|██████    | 121/201 [01:36<01:05,  1.21it/s] 61%|██████    | 122/201 [01:37<01:02,  1.26it/s] 61%|██████    | 122/201 [01:37<01:02,  1.26it/s] 61%|██████    | 122/201 [01:37<01:02,  1.26it/s] 61%|██████    | 122/201 [01:37<01:02,  1.26it/s] 61%|██████    | 123/201 [01:38<01:00,  1.29it/s] 61%|██████    | 123/201 [01:38<01:00,  1.29it/s] 61%|██████    | 123/201 [01:38<01:00,  1.29it/s] 61%|██████    | 123/201 [01:38<01:00,  1.29it/s] 62%|██████▏   | 124/201 [01:39<01:00,  1.27it/s] 62%|██████▏   | 124/201 [01:39<01:00,  1.27it/s] 62%|██████▏   | 124/201 [01:39<01:00,  1.27it/s] 62%|██████▏   | 124/201 [01:39<01:00,  1.27it/s] 62%|██████▏   | 125/201 [01:40<01:01,  1.23it/s] 62%|██████▏   | 125/201 [01:40<01:01,  1.23it/s] 62%|██████▏   | 125/201 [01:40<01:01,  1.23it/s] 62%|██████▏   | 125/201 [01:40<01:01,  1.23it/s] 63%|██████▎   | 126/201 [01:40<01:01,  1.23it/s] 63%|██████▎   | 126/201 [01:40<01:01,  1.23it/s] 63%|██████▎   | 126/201 [01:40<01:01,  1.23it/s] 63%|██████▎   | 126/201 [01:40<01:01,  1.23it/s] 63%|██████▎   | 127/201 [01:41<00:59,  1.23it/s] 63%|██████▎   | 127/201 [01:41<00:59,  1.23it/s] 63%|██████▎   | 127/201 [01:41<00:59,  1.23it/s] 63%|██████▎   | 127/201 [01:41<00:59,  1.23it/s] 64%|██████▎   | 128/201 [01:42<00:59,  1.23it/s] 64%|██████▎   | 128/201 [01:42<00:59,  1.23it/s] 64%|██████▎   | 128/201 [01:42<00:59,  1.23it/s] 64%|██████▎   | 128/201 [01:42<00:59,  1.23it/s] 64%|██████▍   | 129/201 [01:43<00:57,  1.24it/s] 64%|██████▍   | 129/201 [01:43<00:58,  1.24it/s] 64%|██████▍   | 129/201 [01:43<00:58,  1.24it/s] 64%|██████▍   | 129/201 [01:43<00:58,  1.24it/s] 65%|██████▍   | 130/201 [01:44<00:55,  1.27it/s] 65%|██████▍   | 130/201 [01:44<00:55,  1.27it/s] 65%|██████▍   | 130/201 [01:44<00:55,  1.27it/s] 65%|██████▍   | 130/201 [01:44<00:55,  1.27it/s] 65%|██████▌   | 131/201 [01:45<00:58,  1.20it/s] 65%|██████▌   | 131/201 [01:45<00:58,  1.20it/s] 65%|██████▌   | 131/201 [01:45<00:58,  1.20it/s] 65%|██████▌   | 131/201 [01:45<00:58,  1.20it/s] 66%|██████▌   | 132/201 [01:45<00:59,  1.15it/s] 66%|██████▌   | 132/201 [01:45<00:59,  1.15it/s] 66%|██████▌   | 132/201 [01:45<00:59,  1.15it/s] 66%|██████▌   | 132/201 [01:45<00:59,  1.15it/s] 66%|██████▌   | 133/201 [01:46<00:56,  1.20it/s] 66%|██████▌   | 133/201 [01:46<00:56,  1.20it/s] 66%|██████▌   | 133/201 [01:46<00:56,  1.20it/s] 66%|██████▌   | 133/201 [01:46<00:56,  1.20it/s] 67%|██████▋   | 134/201 [01:47<00:54,  1.23it/s] 67%|██████▋   | 134/201 [01:47<00:54,  1.23it/s] 67%|██████▋   | 134/201 [01:47<00:54,  1.23it/s] 67%|██████▋   | 134/201 [01:47<00:54,  1.23it/s] 67%|██████▋   | 135/201 [01:48<00:51,  1.28it/s] 67%|██████▋   | 135/201 [01:48<00:51,  1.28it/s] 67%|██████▋   | 135/201 [01:48<00:51,  1.28it/s] 67%|██████▋   | 135/201 [01:48<00:51,  1.28it/s] 68%|██████▊   | 136/201 [01:48<00:49,  1.31it/s] 68%|██████▊   | 136/201 [01:48<00:49,  1.31it/s] 68%|██████▊   | 136/201 [01:48<00:49,  1.31it/s] 68%|██████▊   | 136/201 [01:48<00:49,  1.31it/s] 68%|██████▊   | 137/201 [01:49<00:51,  1.25it/s] 68%|██████▊   | 137/201 [01:49<00:51,  1.25it/s] 68%|██████▊   | 137/201 [01:49<00:51,  1.25it/s] 68%|██████▊   | 137/201 [01:49<00:51,  1.25it/s] 69%|██████▊   | 138/201 [01:50<00:52,  1.20it/s] 69%|██████▊   | 138/201 [01:50<00:52,  1.20it/s] 69%|██████▊   | 138/201 [01:50<00:52,  1.20it/s] 69%|██████▊   | 138/201 [01:50<00:52,  1.20it/s] 69%|██████▉   | 139/201 [01:51<00:54,  1.13it/s] 69%|██████▉   | 139/201 [01:51<00:54,  1.13it/s] 69%|██████▉   | 139/201 [01:51<00:54,  1.13it/s] 69%|██████▉   | 139/201 [01:51<00:54,  1.13it/s] 70%|██████▉   | 140/201 [01:52<00:51,  1.19it/s] 70%|██████▉   | 140/201 [01:52<00:51,  1.19it/s] 70%|██████▉   | 140/201 [01:52<00:51,  1.19it/s] 70%|██████▉   | 140/201 [01:52<00:51,  1.19it/s] 70%|███████   | 141/201 [01:53<00:49,  1.22it/s] 70%|███████   | 141/201 [01:53<00:49,  1.22it/s] 70%|███████   | 141/201 [01:53<00:49,  1.22it/s] 70%|███████   | 141/201 [01:53<00:49,  1.22it/s] 71%|███████   | 142/201 [01:54<00:47,  1.24it/s] 71%|███████   | 142/201 [01:54<00:47,  1.24it/s] 71%|███████   | 142/201 [01:54<00:47,  1.24it/s] 71%|███████   | 142/201 [01:54<00:47,  1.24it/s] 71%|███████   | 143/201 [01:54<00:46,  1.25it/s] 71%|███████   | 143/201 [01:54<00:46,  1.25it/s] 71%|███████   | 143/201 [01:54<00:46,  1.25it/s] 71%|███████   | 143/201 [01:54<00:46,  1.25it/s] 72%|███████▏  | 144/201 [01:55<00:47,  1.19it/s] 72%|███████▏  | 144/201 [01:55<00:47,  1.19it/s] 72%|███████▏  | 144/201 [01:55<00:47,  1.19it/s] 72%|███████▏  | 144/201 [01:55<00:47,  1.19it/s] 72%|███████▏  | 145/201 [01:56<00:49,  1.12it/s] 72%|███████▏  | 145/201 [01:56<00:49,  1.12it/s] 72%|███████▏  | 145/201 [01:56<00:49,  1.12it/s] 72%|███████▏  | 145/201 [01:56<00:49,  1.12it/s] 73%|███████▎  | 146/201 [01:57<00:45,  1.20it/s] 73%|███████▎  | 146/201 [01:57<00:45,  1.20it/s] 73%|███████▎  | 146/201 [01:57<00:45,  1.20it/s] 73%|███████▎  | 146/201 [01:57<00:45,  1.20it/s] 73%|███████▎  | 147/201 [01:58<00:44,  1.23it/s] 73%|███████▎  | 147/201 [01:58<00:44,  1.23it/s] 73%|███████▎  | 147/201 [01:58<00:44,  1.23it/s] 73%|███████▎  | 147/201 [01:58<00:44,  1.23it/s] 74%|███████▎  | 148/201 [01:58<00:41,  1.26it/s] 74%|███████▎  | 148/201 [01:58<00:41,  1.26it/s] 74%|███████▎  | 148/201 [01:58<00:41,  1.26it/s] 74%|███████▎  | 148/201 [01:58<00:41,  1.26it/s] 74%|███████▍  | 149/201 [01:59<00:40,  1.28it/s] 74%|███████▍  | 149/201 [01:59<00:40,  1.28it/s] 74%|███████▍  | 149/201 [01:59<00:40,  1.28it/s] 74%|███████▍  | 149/201 [01:59<00:40,  1.28it/s] 75%|███████▍  | 150/201 [02:00<00:41,  1.22it/s] 75%|███████▍  | 150/201 [02:00<00:41,  1.22it/s] 75%|███████▍  | 150/201 [02:00<00:41,  1.22it/s] 75%|███████▍  | 150/201 [02:00<00:41,  1.22it/s] 75%|███████▌  | 151/201 [02:01<00:44,  1.13it/s] 75%|███████▌  | 151/201 [02:01<00:44,  1.13it/s] 75%|███████▌  | 151/201 [02:01<00:44,  1.13it/s] 75%|███████▌  | 151/201 [02:01<00:44,  1.13it/s] 76%|███████▌  | 152/201 [02:02<00:41,  1.19it/s] 76%|███████▌  | 152/201 [02:02<00:41,  1.19it/s] 76%|███████▌  | 152/201 [02:02<00:41,  1.19it/s] 76%|███████▌  | 152/201 [02:02<00:41,  1.19it/s] 76%|███████▌  | 153/201 [02:03<00:38,  1.24it/s] 76%|███████▌  | 153/201 [02:03<00:38,  1.24it/s] 76%|███████▌  | 153/201 [02:03<00:38,  1.24it/s] 76%|███████▌  | 153/201 [02:03<00:38,  1.24it/s] 77%|███████▋  | 154/201 [02:03<00:37,  1.26it/s] 77%|███████▋  | 154/201 [02:03<00:37,  1.26it/s] 77%|███████▋  | 154/201 [02:03<00:37,  1.26it/s] 77%|███████▋  | 154/201 [02:03<00:37,  1.26it/s] 77%|███████▋  | 155/201 [02:04<00:36,  1.27it/s] 77%|███████▋  | 155/201 [02:04<00:36,  1.27it/s] 77%|███████▋  | 155/201 [02:04<00:36,  1.27it/s] 77%|███████▋  | 155/201 [02:04<00:36,  1.27it/s] 78%|███████▊  | 156/201 [02:05<00:34,  1.30it/s] 78%|███████▊  | 156/201 [02:05<00:34,  1.30it/s] 78%|███████▊  | 156/201 [02:05<00:34,  1.30it/s] 78%|███████▊  | 156/201 [02:05<00:34,  1.30it/s] 78%|███████▊  | 157/201 [02:06<00:36,  1.20it/s] 78%|███████▊  | 157/201 [02:06<00:36,  1.20it/s] 78%|███████▊  | 157/201 [02:06<00:36,  1.20it/s] 78%|███████▊  | 157/201 [02:06<00:36,  1.20it/s] 79%|███████▊  | 158/201 [02:07<00:35,  1.22it/s] 79%|███████▊  | 158/201 [02:07<00:35,  1.22it/s] 79%|███████▊  | 158/201 [02:07<00:35,  1.22it/s] 79%|███████▊  | 158/201 [02:07<00:35,  1.22it/s] 79%|███████▉  | 159/201 [02:07<00:33,  1.24it/s] 79%|███████▉  | 159/201 [02:07<00:33,  1.24it/s] 79%|███████▉  | 159/201 [02:07<00:33,  1.24it/s] 79%|███████▉  | 159/201 [02:07<00:33,  1.24it/s] 80%|███████▉  | 160/201 [02:08<00:32,  1.26it/s] 80%|███████▉  | 160/201 [02:08<00:32,  1.26it/s] 80%|███████▉  | 160/201 [02:08<00:32,  1.26it/s] 80%|███████▉  | 160/201 [02:08<00:32,  1.26it/s] 80%|████████  | 161/201 [02:09<00:31,  1.29it/s] 80%|████████  | 161/201 [02:09<00:31,  1.29it/s] 80%|████████  | 161/201 [02:09<00:31,  1.29it/s] 80%|████████  | 161/201 [02:09<00:31,  1.29it/s] 81%|████████  | 162/201 [02:09<00:28,  1.39it/s] 81%|████████  | 162/201 [02:09<00:28,  1.39it/s] 81%|████████  | 162/201 [02:09<00:28,  1.39it/s] 81%|████████  | 162/201 [02:09<00:28,  1.39it/s] 81%|████████  | 163/201 [02:10<00:29,  1.28it/s] 81%|████████  | 163/201 [02:10<00:29,  1.28it/s] 81%|████████  | 163/201 [02:10<00:29,  1.28it/s] 81%|████████  | 163/201 [02:10<00:29,  1.28it/s] 82%|████████▏ | 164/201 [02:11<00:31,  1.19it/s] 82%|████████▏ | 164/201 [02:11<00:31,  1.19it/s] 82%|████████▏ | 164/201 [02:11<00:31,  1.19it/s] 82%|████████▏ | 164/201 [02:11<00:31,  1.19it/s] 82%|████████▏ | 165/201 [02:12<00:29,  1.22it/s] 82%|████████▏ | 165/201 [02:12<00:29,  1.22it/s] 82%|████████▏ | 165/201 [02:12<00:29,  1.22it/s] 82%|████████▏ | 165/201 [02:12<00:29,  1.22it/s] 83%|████████▎ | 166/201 [02:13<00:26,  1.33it/s] 83%|████████▎ | 166/201 [02:13<00:26,  1.32it/s] 83%|████████▎ | 166/201 [02:13<00:26,  1.32it/s] 83%|████████▎ | 166/201 [02:13<00:26,  1.32it/s] 83%|████████▎ | 167/201 [02:14<00:25,  1.33it/s] 83%|████████▎ | 167/201 [02:14<00:25,  1.33it/s] 83%|████████▎ | 167/201 [02:14<00:25,  1.33it/s] 83%|████████▎ | 167/201 [02:14<00:25,  1.33it/s] 84%|████████▎ | 168/201 [02:14<00:24,  1.36it/s] 84%|████████▎ | 168/201 [02:14<00:24,  1.36it/s] 84%|████████▎ | 168/201 [02:14<00:24,  1.36it/s] 84%|████████▎ | 168/201 [02:14<00:24,  1.36it/s] 84%|████████▍ | 169/201 [02:15<00:25,  1.26it/s] 84%|████████▍ | 169/201 [02:15<00:25,  1.26it/s] 84%|████████▍ | 169/201 [02:15<00:25,  1.26it/s] 84%|████████▍ | 169/201 [02:15<00:25,  1.26it/s] 85%|████████▍ | 170/201 [02:16<00:26,  1.19it/s] 85%|████████▍ | 170/201 [02:16<00:26,  1.19it/s] 85%|████████▍ | 170/201 [02:16<00:26,  1.19it/s] 85%|████████▍ | 170/201 [02:16<00:26,  1.19it/s] 85%|████████▌ | 171/201 [02:17<00:24,  1.23it/s] 85%|████████▌ | 171/201 [02:17<00:24,  1.23it/s] 85%|████████▌ | 171/201 [02:17<00:24,  1.23it/s] 85%|████████▌ | 171/201 [02:17<00:24,  1.23it/s] 86%|████████▌ | 172/201 [02:17<00:21,  1.32it/s] 86%|████████▌ | 172/201 [02:17<00:21,  1.32it/s] 86%|████████▌ | 172/201 [02:17<00:21,  1.32it/s] 86%|████████▌ | 172/201 [02:17<00:21,  1.32it/s] 86%|████████▌ | 173/201 [02:18<00:20,  1.38it/s] 86%|████████▌ | 173/201 [02:18<00:20,  1.38it/s] 86%|████████▌ | 173/201 [02:18<00:20,  1.38it/s] 86%|████████▌ | 173/201 [02:18<00:20,  1.38it/s] 87%|████████▋ | 174/201 [02:19<00:19,  1.37it/s] 87%|████████▋ | 174/201 [02:19<00:19,  1.37it/s] 87%|████████▋ | 174/201 [02:19<00:19,  1.37it/s] 87%|████████▋ | 174/201 [02:19<00:19,  1.37it/s] 87%|████████▋ | 175/201 [02:20<00:20,  1.28it/s] 87%|████████▋ | 175/201 [02:20<00:20,  1.28it/s] 87%|████████▋ | 175/201 [02:20<00:20,  1.28it/s] 87%|████████▋ | 175/201 [02:20<00:20,  1.28it/s] 88%|████████▊ | 176/201 [02:21<00:20,  1.21it/s] 88%|████████▊ | 176/201 [02:21<00:20,  1.21it/s] 88%|████████▊ | 176/201 [02:21<00:20,  1.21it/s] 88%|████████▊ | 176/201 [02:21<00:20,  1.21it/s] 88%|████████▊ | 177/201 [02:21<00:19,  1.25it/s] 88%|████████▊ | 177/201 [02:21<00:19,  1.25it/s] 88%|████████▊ | 177/201 [02:21<00:19,  1.25it/s] 88%|████████▊ | 177/201 [02:21<00:19,  1.25it/s] 89%|████████▊ | 178/201 [02:22<00:18,  1.27it/s] 89%|████████▊ | 178/201 [02:22<00:18,  1.27it/s] 89%|████████▊ | 178/201 [02:22<00:18,  1.27it/s] 89%|████████▊ | 178/201 [02:22<00:18,  1.27it/s] 89%|████████▉ | 179/201 [02:23<00:17,  1.28it/s] 89%|████████▉ | 179/201 [02:23<00:17,  1.28it/s] 89%|████████▉ | 179/201 [02:23<00:17,  1.28it/s] 89%|████████▉ | 179/201 [02:23<00:17,  1.28it/s] 90%|████████▉ | 180/201 [02:24<00:15,  1.36it/s] 90%|████████▉ | 180/201 [02:24<00:15,  1.36it/s] 90%|████████▉ | 180/201 [02:24<00:15,  1.36it/s] 90%|████████▉ | 180/201 [02:24<00:15,  1.36it/s] 90%|█████████ | 181/201 [02:24<00:14,  1.34it/s] 90%|█████████ | 181/201 [02:24<00:14,  1.34it/s] 90%|█████████ | 181/201 [02:24<00:14,  1.34it/s] 90%|█████████ | 181/201 [02:24<00:14,  1.34it/s] 91%|█████████ | 182/201 [02:25<00:15,  1.24it/s] 91%|█████████ | 182/201 [02:25<00:15,  1.24it/s] 91%|█████████ | 182/201 [02:25<00:15,  1.24it/s] 91%|█████████ | 182/201 [02:25<00:15,  1.24it/s] 91%|█████████ | 183/201 [02:26<00:14,  1.27it/s] 91%|█████████ | 183/201 [02:26<00:14,  1.27it/s] 91%|█████████ | 183/201 [02:26<00:14,  1.27it/s] 91%|█████████ | 183/201 [02:26<00:14,  1.27it/s] 92%|█████████▏| 184/201 [02:27<00:13,  1.29it/s] 92%|█████████▏| 184/201 [02:27<00:13,  1.29it/s] 92%|█████████▏| 184/201 [02:27<00:13,  1.29it/s] 92%|█████████▏| 184/201 [02:27<00:13,  1.29it/s] 92%|█████████▏| 185/201 [02:28<00:12,  1.30it/s] 92%|█████████▏| 185/201 [02:28<00:12,  1.30it/s] 92%|█████████▏| 185/201 [02:28<00:12,  1.30it/s] 92%|█████████▏| 185/201 [02:28<00:12,  1.30it/s] 93%|█████████▎| 186/201 [02:28<00:11,  1.32it/s] 93%|█████████▎| 186/201 [02:28<00:11,  1.32it/s] 93%|█████████▎| 186/201 [02:28<00:11,  1.32it/s] 93%|█████████▎| 186/201 [02:28<00:11,  1.32it/s] 93%|█████████▎| 187/201 [02:29<00:10,  1.33it/s] 93%|█████████▎| 187/201 [02:29<00:10,  1.33it/s] 93%|█████████▎| 187/201 [02:29<00:10,  1.33it/s] 93%|█████████▎| 187/201 [02:29<00:10,  1.33it/s] 94%|█████████▎| 188/201 [02:30<00:10,  1.26it/s] 94%|█████████▎| 188/201 [02:30<00:10,  1.26it/s] 94%|█████████▎| 188/201 [02:30<00:10,  1.26it/s] 94%|█████████▎| 188/201 [02:30<00:10,  1.26it/s] 94%|█████████▍| 189/201 [02:31<00:10,  1.19it/s] 94%|█████████▍| 189/201 [02:31<00:10,  1.19it/s] 94%|█████████▍| 189/201 [02:31<00:10,  1.19it/s] 94%|█████████▍| 189/201 [02:31<00:10,  1.19it/s] 95%|█████████▍| 190/201 [02:32<00:08,  1.25it/s] 95%|█████████▍| 190/201 [02:32<00:08,  1.25it/s] 95%|█████████▍| 190/201 [02:32<00:08,  1.25it/s] 95%|█████████▍| 190/201 [02:32<00:08,  1.25it/s] 95%|█████████▌| 191/201 [02:32<00:07,  1.34it/s] 95%|█████████▌| 191/201 [02:32<00:07,  1.34it/s] 95%|█████████▌| 191/201 [02:32<00:07,  1.34it/s] 95%|█████████▌| 191/201 [02:32<00:07,  1.34it/s] 96%|█████████▌| 192/201 [02:33<00:06,  1.43it/s] 96%|█████████▌| 192/201 [02:33<00:06,  1.43it/s] 96%|█████████▌| 192/201 [02:33<00:06,  1.43it/s] 96%|█████████▌| 192/201 [02:33<00:06,  1.43it/s] 96%|█████████▌| 193/201 [02:34<00:05,  1.37it/s] 96%|█████████▌| 193/201 [02:34<00:05,  1.37it/s] 96%|█████████▌| 193/201 [02:34<00:05,  1.37it/s] 96%|█████████▌| 193/201 [02:34<00:05,  1.37it/s] 97%|█████████▋| 194/201 [02:34<00:05,  1.36it/s] 97%|█████████▋| 194/201 [02:34<00:05,  1.36it/s] 97%|█████████▋| 194/201 [02:34<00:05,  1.36it/s] 97%|█████████▋| 194/201 [02:34<00:05,  1.36it/s] 97%|█████████▋| 195/201 [02:35<00:04,  1.32it/s] 97%|█████████▋| 195/201 [02:35<00:04,  1.32it/s] 97%|█████████▋| 195/201 [02:35<00:04,  1.32it/s] 97%|█████████▋| 195/201 [02:35<00:04,  1.32it/s] 98%|█████████▊| 196/201 [02:36<00:03,  1.34it/s] 98%|█████████▊| 196/201 [02:36<00:03,  1.34it/s] 98%|█████████▊| 196/201 [02:36<00:03,  1.34it/s] 98%|█████████▊| 196/201 [02:36<00:03,  1.34it/s] 98%|█████████▊| 197/201 [02:37<00:02,  1.35it/s] 98%|█████████▊| 197/201 [02:37<00:02,  1.35it/s] 98%|█████████▊| 197/201 [02:37<00:02,  1.35it/s] 98%|█████████▊| 197/201 [02:37<00:02,  1.35it/s] 99%|█████████▊| 198/201 [02:37<00:02,  1.33it/s] 99%|█████████▊| 198/201 [02:37<00:02,  1.33it/s] 99%|█████████▊| 198/201 [02:37<00:02,  1.33it/s] 99%|█████████▊| 198/201 [02:37<00:02,  1.33it/s] 99%|█████████▉| 199/201 [02:38<00:01,  1.31it/s] 99%|█████████▉| 199/201 [02:38<00:01,  1.31it/s] 99%|█████████▉| 199/201 [02:38<00:01,  1.31it/s] 99%|█████████▉| 199/201 [02:38<00:01,  1.31it/s]100%|█████████▉| 200/201 [02:39<00:00,  1.30it/s]100%|█████████▉| 200/201 [02:39<00:00,  1.30it/s]100%|█████████▉| 200/201 [02:39<00:00,  1.30it/s]100%|█████████▉| 200/201 [02:39<00:00,  1.30it/s]100%|██████████| 201/201 [02:40<00:00,  1.21it/s]100%|██████████| 201/201 [02:40<00:00,  1.21it/s]100%|██████████| 201/201 [02:40<00:00,  1.21it/s]100%|██████████| 201/201 [02:40<00:00,  1.21it/s]100%|██████████| 201/201 [02:40<00:00,  1.25it/s]
100%|██████████| 201/201 [02:40<00:00,  1.25it/s]
100%|██████████| 201/201 [02:40<00:00,  1.25it/s]
100%|██████████| 201/201 [02:40<00:00,  1.25it/s]
Model checkpointing attempts: 0.
Stored epoch 9 model checkpoint to ./checkpoints/parquet_dataset/parquet_dataset__model_nlyrs_4_nheads_4_hdim_64__pred_ovrlap_F_npreds_4__nlyrs_2_activ_relunenc_1__lr_0.0002828_start_0.001_final_0_20251112_231724/epoch_9.pth.
Training loss has improved 1 times since last caching the model. Caching now.
/home/aminmohamadi_squareup_com/projects/.hermit/python/lib/python3.11/site-packages/torch/distributed/distributed_c10d.py:4876: UserWarning: barrier(): using the device under current context. You can specify `device_id` in `init_process_group` to mute this warning.
  warnings.warn(  # warn only once
Total training time took: 1607.613509 secondsTotal training time took: 1607.643997 seconds

Total training time took: 1607.6001570000003 seconds
Model checkpointing attempts: 0.
Model checkpointing attempts: 0.
Model checkpointing attempts: 0.
Stored epoch 10 model checkpoint to ./checkpoints/parquet_dataset/parquet_dataset__model_nlyrs_4_nheads_4_hdim_64__pred_ovrlap_F_npreds_4__nlyrs_2_activ_relunenc_1__lr_0.0002828_start_0.001_final_0_20251112_231724/epoch_10.pth.
OPTUNA_SCORE: -inf
Best validation score: -inf
Stored epoch 10 model checkpoint to ./checkpoints/parquet_dataset/parquet_dataset__model_nlyrs_4_nheads_4_hdim_64__pred_ovrlap_F_npreds_4__nlyrs_2_activ_relunenc_1__lr_0.0002828_start_0.001_final_0_20251112_231724/epoch_10.pth.
OPTUNA_SCORE: -inf
Best validation score: -inf
Stored epoch 10 model checkpoint to ./checkpoints/parquet_dataset/parquet_dataset__model_nlyrs_4_nheads_4_hdim_64__pred_ovrlap_F_npreds_4__nlyrs_2_activ_relunenc_1__lr_0.0002828_start_0.001_final_0_20251112_231724/epoch_10.pth.
OPTUNA_SCORE: -inf
Best validation score: -inf
🏃 View run parquet_dataset__model_nlyrs_4_nheads_4_hdim_64__pred_ovrlap_F_npreds_4__nlyrs_2_activ_relunenc_1__lr_0.0002828_start_0.001_final_0_20251112_231724 at: https://block-lakehouse-production.cloud.databricks.com/ml/experiments/3770822289029490/runs/60cffbf9ccec4d06bae7f1857099eb7a
🧪 View experiment at: https://block-lakehouse-production.cloud.databricks.com/ml/experiments/3770822289029490
2025/11/12 23:44:15 INFO mlflow.system_metrics.system_metrics_monitor: Stopping system metrics monitoring...
Total training time took: 1606.7147569999997 seconds
2025/11/12 23:44:15 INFO mlflow.system_metrics.system_metrics_monitor: Successfully terminated system metrics monitoring!
OPTUNA_SCORE: -inf
Best validation score: -inf
[rank0]:[W1112 23:44:15.200226651 ProcessGroupNCCL.cpp:1524] Warning: WARNING: destroy_process_group() was not called before program exit, which can leak resources. For more info, please see https://pytorch.org/docs/stable/distributed.html#shutdown (function operator())

========================================================================
Training completed with exit code: 0
========================================================================
✓ SUCCESS: 4-GPU scaled configuration test completed!

Configuration summary:
  - Dataset size: ~3.3M samples (11 chunks × 300K)
  - Input features: 128 → 256 (after categorize_nan)
  - Batch size: 4096 per GPU × 4 GPUs = 16384 total
  - Learning rate: 2.828e-4
  - Preprocessing: IQR scaling + asinh transform + NaN categorization
  - Linear probe: DISABLED for clean scaling measurement

Extracting timing information...
Total training time took: 1607.613509 secondsTotal training time took: 1607.643997 seconds
Total training time took: 1607.6001570000003 seconds
Total training time took: 1606.7147569999997 seconds
