========================================================================
Scaled Configuration Test
========================================================================
Job ID: 14673
Node: smallslurm-a38msp-0
Date: Wed Nov 12 16:47:40 UTC 2025
========================================================================
Configuration:
  - Data: chunk_10 to chunk_20 (11 files)
  - Features: 128 (up from 30)
  - Batch size: 4096 (up from 512)
  - Learning rate: 2.828e-4 (scaled by sqrt(8))
  - Scaling: IQR + asinh transform
  - Categorize NaN: True (doubles features to 256)
========================================================================
Hermit environment /home/aminmohamadi_squareup_com/projects activated
Available GPUs:
GPU 0: NVIDIA H100 80GB HBM3 (UUID: GPU-ad1de790-2739-9261-ed11-427725d9325a)

Wed Nov 12 16:47:40 2025       
+-----------------------------------------------------------------------------------------+
| NVIDIA-SMI 550.90.12              Driver Version: 550.90.12      CUDA Version: 12.4     |
|-----------------------------------------+------------------------+----------------------+
| GPU  Name                 Persistence-M | Bus-Id          Disp.A | Volatile Uncorr. ECC |
| Fan  Temp   Perf          Pwr:Usage/Cap |           Memory-Usage | GPU-Util  Compute M. |
|                                         |                        |               MIG M. |
|=========================================+========================+======================|
|   0  NVIDIA H100 80GB HBM3          On  |   00000000:0C:00.0 Off |                    0 |
| N/A   37C    P0             72W /  700W |       1MiB /  81559MiB |      0%      Default |
|                                         |                        |             Disabled |
+-----------------------------------------+------------------------+----------------------+
                                                                                         
+-----------------------------------------------------------------------------------------+
| Processes:                                                                              |
|  GPU   GI   CI        PID   Type   Process name                              GPU Memory |
|        ID   ID                                                               Usage      |
|=========================================================================================|
|  No running processes found                                                             |
+-----------------------------------------------------------------------------------------+

========================================================================
Starting T-JEPA training with scaled configuration...
========================================================================
/home/aminmohamadi_squareup_com/projects/.hermit/python/lib/python3.11/site-packages/torch/cuda/__init__.py:63: FutureWarning: The pynvml package is deprecated. Please install nvidia-ml-py instead. If you did not install pynvml directly, please report this to the maintainers of the package that installed pynvml for you.
  import pynvml  # type: ignore[import]
Not SLURM job.
✓ MLflow logging configured for project: scaled_config_test
[Debug] Using parquet dataset from LocalFilesDataset
[Debug] Parquet dataset created: N=3300000, D=256
╒═══════════════════════════════╤════════════════════════════════════════════════════════════════════════════════════════════════════════════════════════════════════════════════════════════════════════════════════════════╕
│ mock                          │ False                                                                                                                                                                                      │
├───────────────────────────────┼────────────────────────────────────────────────────────────────────────────────────────────────────────────────────────────────────────────────────────────────────────────────────────────┤
│ res_dir                       │ ./                                                                                                                                                                                         │
├───────────────────────────────┼────────────────────────────────────────────────────────────────────────────────────────────────────────────────────────────────────────────────────────────────────────────────────────────┤
│ data_path                     │ data                                                                                                                                                                                       │
├───────────────────────────────┼────────────────────────────────────────────────────────────────────────────────────────────────────────────────────────────────────────────────────────────────────────────────────────────┤
│ data_set                      │ parquet_dataset                                                                                                                                                                            │
├───────────────────────────────┼────────────────────────────────────────────────────────────────────────────────────────────────────────────────────────────────────────────────────────────────────────────────────────────┤
│ test_size_ratio               │ 0.0                                                                                                                                                                                        │
├───────────────────────────────┼────────────────────────────────────────────────────────────────────────────────────────────────────────────────────────────────────────────────────────────────────────────────────────────┤
│ val_size_ratio                │ 0.0                                                                                                                                                                                        │
├───────────────────────────────┼────────────────────────────────────────────────────────────────────────────────────────────────────────────────────────────────────────────────────────────────────────────────────────────┤
│ random_state                  │ 42                                                                                                                                                                                         │
├───────────────────────────────┼────────────────────────────────────────────────────────────────────────────────────────────────────────────────────────────────────────────────────────────────────────────────────────────┤
│ full_dataset_cuda             │ False                                                                                                                                                                                      │
├───────────────────────────────┼────────────────────────────────────────────────────────────────────────────────────────────────────────────────────────────────────────────────────────────────────────────────────────────┤
│ verbose                       │ False                                                                                                                                                                                      │
├───────────────────────────────┼────────────────────────────────────────────────────────────────────────────────────────────────────────────────────────────────────────────────────────────────────────────────────────────┤
│ use_parquet_dataset           │ True                                                                                                                                                                                       │
├───────────────────────────────┼────────────────────────────────────────────────────────────────────────────────────────────────────────────────────────────────────────────────────────────────────────────────────────────┤
│ parquet_data_dir              │ /projects/risk-tabular/general_chargebacks/202207-202407-all-positives-negative-ratio-1.0-v0/train                                                                                         │
├───────────────────────────────┼────────────────────────────────────────────────────────────────────────────────────────────────────────────────────────────────────────────────────────────────────────────────────────────┤
│ parquet_data_files            │ chunk_10.parquet,chunk_11.parquet,chunk_12.parquet,chunk_13.parquet,chunk_14.parquet,chunk_15.parquet,chunk_16.parquet,chunk_17.parquet,chunk_18.parquet,chunk_19.parquet,chunk_20.parquet │
├───────────────────────────────┼────────────────────────────────────────────────────────────────────────────────────────────────────────────────────────────────────────────────────────────────────────────────────────────┤
│ parquet_scaling_stats_file    │ /projects/risk-tabular/general_chargebacks/202207-202407-all-positives-negative-ratio-1.0-v0/train/stats_bootstrap.pq                                                                      │
├───────────────────────────────┼────────────────────────────────────────────────────────────────────────────────────────────────────────────────────────────────────────────────────────────────────────────────────────────┤
│ parquet_feature_names_file    │ /projects/risk-tabular/general_chargebacks/20240724_feature_selection/xgboost_importances_seed_1_sample_0.5.csv                                                                            │
├───────────────────────────────┼────────────────────────────────────────────────────────────────────────────────────────────────────────────────────────────────────────────────────────────────────────────────────────────┤
│ parquet_num_features          │ 128                                                                                                                                                                                        │
├───────────────────────────────┼────────────────────────────────────────────────────────────────────────────────────────────────────────────────────────────────────────────────────────────────────────────────────────────┤
│ parquet_target_col            │ target                                                                                                                                                                                     │
├───────────────────────────────┼────────────────────────────────────────────────────────────────────────────────────────────────────────────────────────────────────────────────────────────────────────────────────────────┤
│ parquet_task_type             │ binary_class                                                                                                                                                                               │
├───────────────────────────────┼────────────────────────────────────────────────────────────────────────────────────────────────────────────────────────────────────────────────────────────────────────────────────────────┤
│ parquet_id_col                │ ID                                                                                                                                                                                         │
├───────────────────────────────┼────────────────────────────────────────────────────────────────────────────────────────────────────────────────────────────────────────────────────────────────────────────────────────────┤
│ parquet_preload_data          │ True                                                                                                                                                                                       │
├───────────────────────────────┼────────────────────────────────────────────────────────────────────────────────────────────────────────────────────────────────────────────────────────────────────────────────────────────┤
│ parquet_shuffle               │ True                                                                                                                                                                                       │
├───────────────────────────────┼────────────────────────────────────────────────────────────────────────────────────────────────────────────────────────────────────────────────────────────────────────────────────────────┤
│ parquet_scaling_method        │ IQR                                                                                                                                                                                        │
├───────────────────────────────┼────────────────────────────────────────────────────────────────────────────────────────────────────────────────────────────────────────────────────────────────────────────────────────────┤
│ parquet_infill_value          │ zero                                                                                                                                                                                       │
├───────────────────────────────┼────────────────────────────────────────────────────────────────────────────────────────────────────────────────────────────────────────────────────────────────────────────────────────────┤
│ parquet_transform             │ asinh                                                                                                                                                                                      │
├───────────────────────────────┼────────────────────────────────────────────────────────────────────────────────────────────────────────────────────────────────────────────────────────────────────────────────────────────┤
│ parquet_categorize_nan        │ True                                                                                                                                                                                       │
├───────────────────────────────┼────────────────────────────────────────────────────────────────────────────────────────────────────────────────────────────────────────────────────────────────────────────────────────────┤
│ parquet_clip_min              │                                                                                                                                                                                            │
├───────────────────────────────┼────────────────────────────────────────────────────────────────────────────────────────────────────────────────────────────────────────────────────────────────────────────────────────────┤
│ parquet_clip_max              │                                                                                                                                                                                            │
├───────────────────────────────┼────────────────────────────────────────────────────────────────────────────────────────────────────────────────────────────────────────────────────────────────────────────────────────────┤
│ tag                           │                                                                                                                                                                                            │
├───────────────────────────────┼────────────────────────────────────────────────────────────────────────────────────────────────────────────────────────────────────────────────────────────────────────────────────────────┤
│ project_name                  │ scaled_config_test                                                                                                                                                                         │
├───────────────────────────────┼────────────────────────────────────────────────────────────────────────────────────────────────────────────────────────────────────────────────────────────────────────────────────────────┤
│ test                          │ False                                                                                                                                                                                      │
├───────────────────────────────┼────────────────────────────────────────────────────────────────────────────────────────────────────────────────────────────────────────────────────────────────────────────────────────────┤
│ exp_n_runs                    │ 1                                                                                                                                                                                          │
├───────────────────────────────┼────────────────────────────────────────────────────────────────────────────────────────────────────────────────────────────────────────────────────────────────────────────────────────────┤
│ exp_device                    │                                                                                                                                                                                            │
├───────────────────────────────┼────────────────────────────────────────────────────────────────────────────────────────────────────────────────────────────────────────────────────────────────────────────────────────────┤
│ np_seed                       │ 42                                                                                                                                                                                         │
├───────────────────────────────┼────────────────────────────────────────────────────────────────────────────────────────────────────────────────────────────────────────────────────────────────────────────────────────────┤
│ torch_seed                    │ 42                                                                                                                                                                                         │
├───────────────────────────────┼────────────────────────────────────────────────────────────────────────────────────────────────────────────────────────────────────────────────────────────────────────────────────────────┤
│ random                        │ False                                                                                                                                                                                      │
├───────────────────────────────┼────────────────────────────────────────────────────────────────────────────────────────────────────────────────────────────────────────────────────────────────────────────────────────────┤
│ batch_size                    │ 4096                                                                                                                                                                                       │
├───────────────────────────────┼────────────────────────────────────────────────────────────────────────────────────────────────────────────────────────────────────────────────────────────────────────────────────────────┤
│ val_batch_size                │ -1                                                                                                                                                                                         │
├───────────────────────────────┼────────────────────────────────────────────────────────────────────────────────────────────────────────────────────────────────────────────────────────────────────────────────────────────┤
│ exp_train_total_epochs        │ 10                                                                                                                                                                                         │
├───────────────────────────────┼────────────────────────────────────────────────────────────────────────────────────────────────────────────────────────────────────────────────────────────────────────────────────────────┤
│ exp_patience                  │ 10                                                                                                                                                                                         │
├───────────────────────────────┼────────────────────────────────────────────────────────────────────────────────────────────────────────────────────────────────────────────────────────────────────────────────────────────┤
│ log_tensorboard               │ False                                                                                                                                                                                      │
├───────────────────────────────┼────────────────────────────────────────────────────────────────────────────────────────────────────────────────────────────────────────────────────────────────────────────────────────────┤
│ exp_cadence_type              │ improvement                                                                                                                                                                                │
├───────────────────────────────┼────────────────────────────────────────────────────────────────────────────────────────────────────────────────────────────────────────────────────────────────────────────────────────────┤
│ exp_cache_cadence             │ 1                                                                                                                                                                                          │
├───────────────────────────────┼────────────────────────────────────────────────────────────────────────────────────────────────────────────────────────────────────────────────────────────────────────────────────────────┤
│ exp_val_cache_cadence         │ 1                                                                                                                                                                                          │
├───────────────────────────────┼────────────────────────────────────────────────────────────────────────────────────────────────────────────────────────────────────────────────────────────────────────────────────────────┤
│ init_type                     │ kaiming                                                                                                                                                                                    │
├───────────────────────────────┼────────────────────────────────────────────────────────────────────────────────────────────────────────────────────────────────────────────────────────────────────────────────────────────┤
│ exp_scheduler                 │ True                                                                                                                                                                                       │
├───────────────────────────────┼────────────────────────────────────────────────────────────────────────────────────────────────────────────────────────────────────────────────────────────────────────────────────────────┤
│ exp_weight_decay_scheduler    │ True                                                                                                                                                                                       │
├───────────────────────────────┼────────────────────────────────────────────────────────────────────────────────────────────────────────────────────────────────────────────────────────────────────────────────────────────┤
│ exp_start_lr                  │ 0.001                                                                                                                                                                                      │
├───────────────────────────────┼────────────────────────────────────────────────────────────────────────────────────────────────────────────────────────────────────────────────────────────────────────────────────────────┤
│ exp_lr                        │ 0.0002828                                                                                                                                                                                  │
├───────────────────────────────┼────────────────────────────────────────────────────────────────────────────────────────────────────────────────────────────────────────────────────────────────────────────────────────────┤
│ exp_final_lr                  │ 0                                                                                                                                                                                          │
├───────────────────────────────┼────────────────────────────────────────────────────────────────────────────────────────────────────────────────────────────────────────────────────────────────────────────────────────────┤
│ exp_warmup                    │ 0.05                                                                                                                                                                                       │
├───────────────────────────────┼────────────────────────────────────────────────────────────────────────────────────────────────────────────────────────────────────────────────────────────────────────────────────────────┤
│ exp_weight_decay              │ 1e-05                                                                                                                                                                                      │
├───────────────────────────────┼────────────────────────────────────────────────────────────────────────────────────────────────────────────────────────────────────────────────────────────────────────────────────────────┤
│ exp_final_weight_decay        │ 0.01                                                                                                                                                                                       │
├───────────────────────────────┼────────────────────────────────────────────────────────────────────────────────────────────────────────────────────────────────────────────────────────────────────────────────────────────┤
│ exp_ipe_scale                 │ 1.0                                                                                                                                                                                        │
├───────────────────────────────┼────────────────────────────────────────────────────────────────────────────────────────────────────────────────────────────────────────────────────────────────────────────────────────────┤
│ exp_gradient_clipping         │ 1.0                                                                                                                                                                                        │
├───────────────────────────────┼────────────────────────────────────────────────────────────────────────────────────────────────────────────────────────────────────────────────────────────────────────────────────────────┤
│ mp_distributed                │ False                                                                                                                                                                                      │
├───────────────────────────────┼────────────────────────────────────────────────────────────────────────────────────────────────────────────────────────────────────────────────────────────────────────────────────────────┤
│ mp_nodes                      │ 1                                                                                                                                                                                          │
├───────────────────────────────┼────────────────────────────────────────────────────────────────────────────────────────────────────────────────────────────────────────────────────────────────────────────────────────────┤
│ mp_gpus                       │ 1                                                                                                                                                                                          │
├───────────────────────────────┼────────────────────────────────────────────────────────────────────────────────────────────────────────────────────────────────────────────────────────────────────────────────────────────┤
│ mp_nr                         │ 0                                                                                                                                                                                          │
├───────────────────────────────┼────────────────────────────────────────────────────────────────────────────────────────────────────────────────────────────────────────────────────────────────────────────────────────────┤
│ pin_memory                    │ True                                                                                                                                                                                       │
├───────────────────────────────┼────────────────────────────────────────────────────────────────────────────────────────────────────────────────────────────────────────────────────────────────────────────────────────────┤
│ using_embedding               │ False                                                                                                                                                                                      │
├───────────────────────────────┼────────────────────────────────────────────────────────────────────────────────────────────────────────────────────────────────────────────────────────────────────────────────────────────┤
│ model_dtype                   │ float32                                                                                                                                                                                    │
├───────────────────────────────┼────────────────────────────────────────────────────────────────────────────────────────────────────────────────────────────────────────────────────────────────────────────────────────────┤
│ data_loader_nprocs            │ 0                                                                                                                                                                                          │
├───────────────────────────────┼────────────────────────────────────────────────────────────────────────────────────────────────────────────────────────────────────────────────────────────────────────────────────────────┤
│ load_from_checkpoint          │ False                                                                                                                                                                                      │
├───────────────────────────────┼────────────────────────────────────────────────────────────────────────────────────────────────────────────────────────────────────────────────────────────────────────────────────────────┤
│ load_path                     │                                                                                                                                                                                            │
├───────────────────────────────┼────────────────────────────────────────────────────────────────────────────────────────────────────────────────────────────────────────────────────────────────────────────────────────────┤
│ model_amp                     │ False                                                                                                                                                                                      │
├───────────────────────────────┼────────────────────────────────────────────────────────────────────────────────────────────────────────────────────────────────────────────────────────────────────────────────────────────┤
│ model_feature_type_embedding  │ True                                                                                                                                                                                       │
├───────────────────────────────┼────────────────────────────────────────────────────────────────────────────────────────────────────────────────────────────────────────────────────────────────────────────────────────────┤
│ model_feature_index_embedding │ True                                                                                                                                                                                       │
├───────────────────────────────┼────────────────────────────────────────────────────────────────────────────────────────────────────────────────────────────────────────────────────────────────────────────────────────────┤
│ model_dropout_prob            │ 0.1                                                                                                                                                                                        │
├───────────────────────────────┼────────────────────────────────────────────────────────────────────────────────────────────────────────────────────────────────────────────────────────────────────────────────────────────┤
│ model_layer_norm_eps          │ 1e-05                                                                                                                                                                                      │
├───────────────────────────────┼────────────────────────────────────────────────────────────────────────────────────────────────────────────────────────────────────────────────────────────────────────────────────────────┤
│ model_dim_hidden              │ 64                                                                                                                                                                                         │
├───────────────────────────────┼────────────────────────────────────────────────────────────────────────────────────────────────────────────────────────────────────────────────────────────────────────────────────────────┤
│ model_dim_feedforward         │ 256                                                                                                                                                                                        │
├───────────────────────────────┼────────────────────────────────────────────────────────────────────────────────────────────────────────────────────────────────────────────────────────────────────────────────────────────┤
│ model_num_heads               │ 4                                                                                                                                                                                          │
├───────────────────────────────┼────────────────────────────────────────────────────────────────────────────────────────────────────────────────────────────────────────────────────────────────────────────────────────────┤
│ model_num_layers              │ 4                                                                                                                                                                                          │
├───────────────────────────────┼────────────────────────────────────────────────────────────────────────────────────────────────────────────────────────────────────────────────────────────────────────────────────────────┤
│ model_ema_end                 │ 1                                                                                                                                                                                          │
├───────────────────────────────┼────────────────────────────────────────────────────────────────────────────────────────────────────────────────────────────────────────────────────────────────────────────────────────────┤
│ model_ema_start               │ 0.996                                                                                                                                                                                      │
├───────────────────────────────┼────────────────────────────────────────────────────────────────────────────────────────────────────────────────────────────────────────────────────────────────────────────────────────────┤
│ model_act_func                │ relu                                                                                                                                                                                       │
├───────────────────────────────┼────────────────────────────────────────────────────────────────────────────────────────────────────────────────────────────────────────────────────────────────────────────────────────────┤
│ probe_cadence                 │ 0                                                                                                                                                                                          │
├───────────────────────────────┼────────────────────────────────────────────────────────────────────────────────────────────────────────────────────────────────────────────────────────────────────────────────────────────┤
│ probe_model                   │ mlp                                                                                                                                                                                        │
├───────────────────────────────┼────────────────────────────────────────────────────────────────────────────────────────────────────────────────────────────────────────────────────────────────────────────────────────────┤
│ n_cls_tokens                  │ 1                                                                                                                                                                                          │
├───────────────────────────────┼────────────────────────────────────────────────────────────────────────────────────────────────────────────────────────────────────────────────────────────────────────────────────────────┤
│ n_reg_tokens                  │ 1                                                                                                                                                                                          │
├───────────────────────────────┼────────────────────────────────────────────────────────────────────────────────────────────────────────────────────────────────────────────────────────────────────────────────────────────┤
│ pred_type                     │ transformer                                                                                                                                                                                │
├───────────────────────────────┼────────────────────────────────────────────────────────────────────────────────────────────────────────────────────────────────────────────────────────────────────────────────────────────┤
│ pred_num_layers               │ 2                                                                                                                                                                                          │
├───────────────────────────────┼────────────────────────────────────────────────────────────────────────────────────────────────────────────────────────────────────────────────────────────────────────────────────────────┤
│ pred_embed_dim                │ 64                                                                                                                                                                                         │
├───────────────────────────────┼────────────────────────────────────────────────────────────────────────────────────────────────────────────────────────────────────────────────────────────────────────────────────────────┤
│ pred_num_heads                │ 4                                                                                                                                                                                          │
├───────────────────────────────┼────────────────────────────────────────────────────────────────────────────────────────────────────────────────────────────────────────────────────────────────────────────────────────────┤
│ pred_p_dropout                │ 0.1                                                                                                                                                                                        │
├───────────────────────────────┼────────────────────────────────────────────────────────────────────────────────────────────────────────────────────────────────────────────────────────────────────────────────────────────┤
│ pred_layer_norm_eps           │ 1e-05                                                                                                                                                                                      │
├───────────────────────────────┼────────────────────────────────────────────────────────────────────────────────────────────────────────────────────────────────────────────────────────────────────────────────────────────┤
│ pred_activation               │ relu                                                                                                                                                                                       │
├───────────────────────────────┼────────────────────────────────────────────────────────────────────────────────────────────────────────────────────────────────────────────────────────────────────────────────────────────┤
│ pred_dim_feedforward          │ 256                                                                                                                                                                                        │
├───────────────────────────────┼────────────────────────────────────────────────────────────────────────────────────────────────────────────────────────────────────────────────────────────────────────────────────────────┤
│ mask_allow_overlap            │ False                                                                                                                                                                                      │
├───────────────────────────────┼────────────────────────────────────────────────────────────────────────────────────────────────────────────────────────────────────────────────────────────────────────────────────────────┤
│ mask_min_ctx_share            │ 0.2                                                                                                                                                                                        │
├───────────────────────────────┼────────────────────────────────────────────────────────────────────────────────────────────────────────────────────────────────────────────────────────────────────────────────────────────┤
│ mask_max_ctx_share            │ 0.4                                                                                                                                                                                        │
├───────────────────────────────┼────────────────────────────────────────────────────────────────────────────────────────────────────────────────────────────────────────────────────────────────────────────────────────────┤
│ mask_min_trgt_share           │ 0.2                                                                                                                                                                                        │
├───────────────────────────────┼────────────────────────────────────────────────────────────────────────────────────────────────────────────────────────────────────────────────────────────────────────────────────────────┤
│ mask_max_trgt_share           │ 0.4                                                                                                                                                                                        │
├───────────────────────────────┼────────────────────────────────────────────────────────────────────────────────────────────────────────────────────────────────────────────────────────────────────────────────────────────┤
│ mask_num_preds                │ 4                                                                                                                                                                                          │
├───────────────────────────────┼────────────────────────────────────────────────────────────────────────────────────────────────────────────────────────────────────────────────────────────────────────────────────────────┤
│ mask_num_encs                 │ 1                                                                                                                                                                                          │
├───────────────────────────────┼────────────────────────────────────────────────────────────────────────────────────────────────────────────────────────────────────────────────────────────────────────────────────────────┤
│ optuna_study_name             │                                                                                                                                                                                            │
├───────────────────────────────┼────────────────────────────────────────────────────────────────────────────────────────────────────────────────────────────────────────────────────────────────────────────────────────────┤
│ optuna_trial_number           │                                                                                                                                                                                            │
├───────────────────────────────┼────────────────────────────────────────────────────────────────────────────────────────────────────────────────────────────────────────────────────────────────────────────────────────────┤
│ optuna_output_dir             │                                                                                                                                                                                            │
├───────────────────────────────┼────────────────────────────────────────────────────────────────────────────────────────────────────────────────────────────────────────────────────────────────────────────────────────────┤
│ is_batchlearning              │ True                                                                                                                                                                                       │
├───────────────────────────────┼────────────────────────────────────────────────────────────────────────────────────────────────────────────────────────────────────────────────────────────────────────────────────────────┤
│ iteration                     │ 0                                                                                                                                                                                          │
╘═══════════════════════════════╧════════════════════════════════════════════════════════════════════════════════════════════════════════════════════════════════════════════════════════════════════════════════════════════╛
[Debug] Loading dataset …
[Debug] Parquet dataset ready (preprocessing handled by LocalFilesDataset)
/home/aminmohamadi_squareup_com/projects/t-jepa-parquet-scaling/src/tjepa_transformer.py:172: UserWarning: enable_nested_tensor is True, but self.use_nested_tensor is False because encoder_layer was not TransformerEncoderLayer
  warnings.warn(
/home/aminmohamadi_squareup_com/projects/t-jepa-parquet-scaling/run.py:232: FutureWarning: `torch.cuda.amp.GradScaler(args...)` is deprecated. Please use `torch.amp.GradScaler('cuda', args...)` instead.
  scaler = GradScaler(enabled=args.model_amp)
Encoder Module parameters:
+-------------------+--------------------------------------------------------------------------------------------------------------------------------------------------------------------------------------------------------------------------------------------------------------------------------------------------------------------------------------------------------------------------------------------------------------------------------------------------------------------------------------------------------------------------------------------------------------------------------------------------------------------------------------------------------------------------------------------------------------------------------------------------------------------------------------------------------------------------------------------------------------------------------------------------------------------------------------------------------------------------------------------------------------------------------------------------------------------------------------------------------------------------------------------------------------------------------------------------------------------+
|     Parameter     |                                                                                                                                                                                                                                                                                                                                                                                                                                                                                                                                                                                                       Value                                                                                                                                                                                                                                                                                                                                                                                                                                                                                                                                                                                                        |
+-------------------+--------------------------------------------------------------------------------------------------------------------------------------------------------------------------------------------------------------------------------------------------------------------------------------------------------------------------------------------------------------------------------------------------------------------------------------------------------------------------------------------------------------------------------------------------------------------------------------------------------------------------------------------------------------------------------------------------------------------------------------------------------------------------------------------------------------------------------------------------------------------------------------------------------------------------------------------------------------------------------------------------------------------------------------------------------------------------------------------------------------------------------------------------------------------------------------------------------------------+
|    hidden_dim     |                                                                                                                                                                                                                                                                                                                                                                                                                                                                                                                                                                                                         64                                                                                                                                                                                                                                                                                                                                                                                                                                                                                                                                                                                                         |
| idx_num_features  | [0, 1, 2, 3, 4, 5, 6, 7, 8, 9, 10, 11, 12, 13, 14, 15, 16, 17, 18, 19, 20, 21, 22, 23, 24, 25, 26, 27, 28, 29, 30, 31, 32, 33, 34, 35, 36, 37, 38, 39, 40, 41, 42, 43, 44, 45, 46, 47, 48, 49, 50, 51, 52, 53, 54, 55, 56, 57, 58, 59, 60, 61, 62, 63, 64, 65, 66, 67, 68, 69, 70, 71, 72, 73, 74, 75, 76, 77, 78, 79, 80, 81, 82, 83, 84, 85, 86, 87, 88, 89, 90, 91, 92, 93, 94, 95, 96, 97, 98, 99, 100, 101, 102, 103, 104, 105, 106, 107, 108, 109, 110, 111, 112, 113, 114, 115, 116, 117, 118, 119, 120, 121, 122, 123, 124, 125, 126, 127, 128, 129, 130, 131, 132, 133, 134, 135, 136, 137, 138, 139, 140, 141, 142, 143, 144, 145, 146, 147, 148, 149, 150, 151, 152, 153, 154, 155, 156, 157, 158, 159, 160, 161, 162, 163, 164, 165, 166, 167, 168, 169, 170, 171, 172, 173, 174, 175, 176, 177, 178, 179, 180, 181, 182, 183, 184, 185, 186, 187, 188, 189, 190, 191, 192, 193, 194, 195, 196, 197, 198, 199, 200, 201, 202, 203, 204, 205, 206, 207, 208, 209, 210, 211, 212, 213, 214, 215, 216, 217, 218, 219, 220, 221, 222, 223, 224, 225, 226, 227, 228, 229, 230, 231, 232, 233, 234, 235, 236, 237, 238, 239, 240, 241, 242, 243, 244, 245, 246, 247, 248, 249, 250, 251, 252, 253, 254, 255] |
| idx_cat_features  |                                                                                                                                                                                                                                                                                                                                                                                                                                                                                                                                                                                                         []                                                                                                                                                                                                                                                                                                                                                                                                                                                                                                                                                                                                         |
|   cardinalities   |                                                                                                                                                                                                                                                                                                                                                                                                                                                                                                                                                                                                         []                                                                                                                                                                                                                                                                                                                                                                                                                                                                                                                                                                                                         |
| n_input_features  |                                                                                                                                                                                                                                                                                                                                                                                                                                                                                                                                                                                                        256                                                                                                                                                                                                                                                                                                                                                                                                                                                                                                                                                                                                         |
|      device       |                                                                                                                                                                                                                                                                                                                                                                                                                                                                                                                                                                                                       cuda:0                                                                                                                                                                                                                                                                                                                                                                                                                                                                                                                                                                                                       |
|    num_layers     |                                                                                                                                                                                                                                                                                                                                                                                                                                                                                                                                                                                                         4                                                                                                                                                                                                                                                                                                                                                                                                                                                                                                                                                                                                          |
|     num_heads     |                                                                                                                                                                                                                                                                                                                                                                                                                                                                                                                                                                                                         4                                                                                                                                                                                                                                                                                                                                                                                                                                                                                                                                                                                                          |
|     p_dropout     |                                                                                                                                                                                                                                                                                                                                                                                                                                                                                                                                                                                                        0.1                                                                                                                                                                                                                                                                                                                                                                                                                                                                                                                                                                                                         |
|  layer_norm_eps   |                                                                                                                                                                                                                                                                                                                                                                                                                                                                                                                                                                                                       1e-05                                                                                                                                                                                                                                                                                                                                                                                                                                                                                                                                                                                                        |
| gradient_clipping |                                                                                                                                                                                                                                                                                                                                                                                                                                                                                                                                                                                                        1.0                                                                                                                                                                                                                                                                                                                                                                                                                                                                                                                                                                                                         |
|  dim_feedforward  |                                                                                                                                                                                                                                                                                                                                                                                                                                                                                                                                                                                                        256                                                                                                                                                                                                                                                                                                                                                                                                                                                                                                                                                                                                         |
+-------------------+--------------------------------------------------------------------------------------------------------------------------------------------------------------------------------------------------------------------------------------------------------------------------------------------------------------------------------------------------------------------------------------------------------------------------------------------------------------------------------------------------------------------------------------------------------------------------------------------------------------------------------------------------------------------------------------------------------------------------------------------------------------------------------------------------------------------------------------------------------------------------------------------------------------------------------------------------------------------------------------------------------------------------------------------------------------------------------------------------------------------------------------------------------------------------------------------------------------------+
Using feature index embedding (unique embedding for each column).
Clipping gradients to value 1.0.
Predictors Module parameters:
+-----------------+--------+
|    Parameter    | Value  |
+-----------------+--------+
|   hidden_dim    |   64   |
|  num_features   |  256   |
|   num_layers    |   2    |
|    num_heads    |   4    |
|    p_dropout    |  0.1   |
| layer_norm_eps  | 1e-05  |
|   activation    |  relu  |
| pred_embed_dim  |   64   |
|     device      | cuda:0 |
|  cardinalities  |   []   |
| dim_feedforward |  256   |
+-----------------+--------+
MaskCollator params:
-----------------  -----
Allow overlap      False
Min context share  0.2
Max context share  0.4
Min target share   0.2
Max target share   0.4
Min context        51
Max context        102
Min target         51
Max target         102
Num preds          4
Num encs           1
Num features       256
Cardinalities      []
-----------------  -----
[Debug] Building DataLoader …
[Debug] Parquet DataLoader created (pre-batched, batch_size=4096)
[Debug] DataLoader built
[Debug] ipe (iterations per epoch) = 805
[Debug] Instantiating Trainer
[Debug] is_main_process=True
[Debug] Trainer instantiated
Starting training…
2025/11/12 16:48:05 INFO mlflow.system_metrics.system_metrics_monitor: Started monitoring system metrics.
##############################Training epoch: 1/10##############################
  0%|          | 0/805 [00:00<?, ?it/s]/home/aminmohamadi_squareup_com/projects/t-jepa-parquet-scaling/src/train.py:426: UserWarning: The use of `x.T` on tensors of dimension other than 2 to reverse their shape is deprecated and it will throw an error in a future release. Consider `x.mT` to transpose batches of matrices or `x.permute(*torch.arange(x.ndim - 1, -1, -1))` to reverse the dimensions of a tensor. (Triggered internally at /pytorch/aten/src/ATen/native/TensorShape.cpp:4416.)
  _debug_values(batch[0].T, "batch[0]")
  0%|          | 1/805 [00:01<14:57,  1.12s/it]  0%|          | 2/805 [00:02<13:33,  1.01s/it]  0%|          | 3/805 [00:02<11:54,  1.12it/s]  0%|          | 4/805 [00:03<10:17,  1.30it/s]  1%|          | 5/805 [00:04<10:10,  1.31it/s]  1%|          | 6/805 [00:04<10:04,  1.32it/s]  1%|          | 7/805 [00:05<10:03,  1.32it/s]  1%|          | 8/805 [00:06<09:56,  1.34it/s]  1%|          | 9/805 [00:07<10:38,  1.25it/s]  1%|          | 10/805 [00:08<10:23,  1.28it/s]  1%|▏         | 11/805 [00:08<10:10,  1.30it/s]  1%|▏         | 12/805 [00:09<09:51,  1.34it/s]  2%|▏         | 13/805 [00:10<09:45,  1.35it/s]  2%|▏         | 14/805 [00:10<09:34,  1.38it/s]  2%|▏         | 15/805 [00:11<10:11,  1.29it/s]  2%|▏         | 16/805 [00:12<09:56,  1.32it/s]  2%|▏         | 17/805 [00:13<09:42,  1.35it/s]  2%|▏         | 18/805 [00:13<09:41,  1.35it/s]  2%|▏         | 19/805 [00:14<09:39,  1.36it/s]  2%|▏         | 20/805 [00:15<09:45,  1.34it/s]  3%|▎         | 21/805 [00:16<10:17,  1.27it/s]  3%|▎         | 22/805 [00:17<10:08,  1.29it/s]  3%|▎         | 23/805 [00:17<09:59,  1.30it/s]  3%|▎         | 24/805 [00:18<09:52,  1.32it/s]  3%|▎         | 25/805 [00:19<09:51,  1.32it/s]  3%|▎         | 26/805 [00:20<09:48,  1.32it/s]  3%|▎         | 27/805 [00:21<10:42,  1.21it/s]  3%|▎         | 28/805 [00:21<10:31,  1.23it/s]  4%|▎         | 29/805 [00:22<10:21,  1.25it/s]  4%|▎         | 30/805 [00:23<10:02,  1.29it/s]  4%|▍         | 31/805 [00:24<10:06,  1.28it/s]  4%|▍         | 32/805 [00:24<09:50,  1.31it/s]  4%|▍         | 33/805 [00:25<10:36,  1.21it/s]  4%|▍         | 34/805 [00:26<10:21,  1.24it/s]  4%|▍         | 35/805 [00:27<10:18,  1.24it/s]  4%|▍         | 36/805 [00:27<09:36,  1.33it/s]  5%|▍         | 37/805 [00:28<09:33,  1.34it/s]  5%|▍         | 38/805 [00:29<09:45,  1.31it/s]  5%|▍         | 39/805 [00:30<09:45,  1.31it/s]  5%|▍         | 40/805 [00:31<09:53,  1.29it/s]  5%|▌         | 41/805 [00:31<09:51,  1.29it/s]  5%|▌         | 42/805 [00:32<09:20,  1.36it/s]  5%|▌         | 43/805 [00:33<10:07,  1.25it/s]  5%|▌         | 44/805 [00:34<09:50,  1.29it/s]  6%|▌         | 45/805 [00:34<09:50,  1.29it/s]  6%|▌         | 46/805 [00:35<10:19,  1.22it/s]  6%|▌         | 47/805 [00:36<10:03,  1.26it/s]  6%|▌         | 48/805 [00:37<09:16,  1.36it/s]  6%|▌         | 49/805 [00:37<09:14,  1.36it/s]  6%|▌         | 50/805 [00:38<08:43,  1.44it/s]  6%|▋         | 51/805 [00:39<08:51,  1.42it/s]  6%|▋         | 52/805 [00:40<09:13,  1.36it/s]  7%|▋         | 53/805 [00:41<10:06,  1.24it/s]  7%|▋         | 54/805 [00:41<10:01,  1.25it/s]  7%|▋         | 55/805 [00:42<09:51,  1.27it/s]  7%|▋         | 56/805 [00:43<10:16,  1.21it/s]  7%|▋         | 57/805 [00:44<10:08,  1.23it/s]  7%|▋         | 58/805 [00:45<09:55,  1.26it/s]  7%|▋         | 59/805 [00:45<10:20,  1.20it/s]  7%|▋         | 60/805 [00:46<10:09,  1.22it/s]  8%|▊         | 61/805 [00:47<09:23,  1.32it/s]  8%|▊         | 62/805 [00:48<09:12,  1.34it/s]  8%|▊         | 63/805 [00:48<09:20,  1.32it/s]  8%|▊         | 64/805 [00:49<09:25,  1.31it/s]  8%|▊         | 65/805 [00:50<09:52,  1.25it/s]  8%|▊         | 66/805 [00:51<09:49,  1.25it/s]  8%|▊         | 67/805 [00:52<09:30,  1.29it/s]  8%|▊         | 68/805 [00:52<09:27,  1.30it/s]  9%|▊         | 69/805 [00:53<09:20,  1.31it/s]  9%|▊         | 70/805 [00:54<09:27,  1.29it/s]  9%|▉         | 71/805 [00:55<09:53,  1.24it/s]  9%|▉         | 72/805 [00:55<09:36,  1.27it/s]  9%|▉         | 73/805 [00:56<09:23,  1.30it/s]  9%|▉         | 74/805 [00:57<09:13,  1.32it/s]  9%|▉         | 75/805 [00:58<09:17,  1.31it/s]  9%|▉         | 76/805 [00:58<09:12,  1.32it/s] 10%|▉         | 77/805 [00:59<09:11,  1.32it/s] 10%|▉         | 78/805 [01:00<09:40,  1.25it/s] 10%|▉         | 79/805 [01:01<09:21,  1.29it/s] 10%|▉         | 80/805 [01:01<08:46,  1.38it/s] 10%|█         | 81/805 [01:02<08:47,  1.37it/s] 10%|█         | 82/805 [01:03<09:24,  1.28it/s] 10%|█         | 83/805 [01:04<09:14,  1.30it/s] 10%|█         | 84/805 [01:05<09:57,  1.21it/s] 11%|█         | 85/805 [01:06<09:43,  1.23it/s] 11%|█         | 86/805 [01:06<09:33,  1.25it/s] 11%|█         | 87/805 [01:07<09:28,  1.26it/s] 11%|█         | 88/805 [01:08<09:09,  1.30it/s] 11%|█         | 89/805 [01:09<09:11,  1.30it/s] 11%|█         | 90/805 [01:10<09:49,  1.21it/s] 11%|█▏        | 91/805 [01:10<09:25,  1.26it/s] 11%|█▏        | 92/805 [01:11<09:16,  1.28it/s] 12%|█▏        | 93/805 [01:12<09:39,  1.23it/s] 12%|█▏        | 94/805 [01:13<09:18,  1.27it/s] 12%|█▏        | 95/805 [01:13<08:36,  1.37it/s] 12%|█▏        | 96/805 [01:14<08:36,  1.37it/s] 12%|█▏        | 97/805 [01:15<09:29,  1.24it/s] 12%|█▏        | 98/805 [01:16<09:09,  1.29it/s] 12%|█▏        | 99/805 [01:16<08:55,  1.32it/s] 12%|█▏        | 100/805 [01:17<08:46,  1.34it/s] 13%|█▎        | 101/805 [01:18<08:39,  1.36it/s] 13%|█▎        | 102/805 [01:18<08:31,  1.38it/s] 13%|█▎        | 103/805 [01:19<09:07,  1.28it/s] 13%|█▎        | 104/805 [01:20<09:01,  1.29it/s] 13%|█▎        | 105/805 [01:21<09:06,  1.28it/s] 13%|█▎        | 106/805 [01:22<08:36,  1.35it/s] 13%|█▎        | 107/805 [01:22<08:31,  1.36it/s] 13%|█▎        | 108/805 [01:23<08:39,  1.34it/s] 14%|█▎        | 109/805 [01:24<09:15,  1.25it/s] 14%|█▎        | 110/805 [01:25<09:06,  1.27it/s] 14%|█▍        | 111/805 [01:25<08:55,  1.29it/s] 14%|█▍        | 112/805 [01:26<08:59,  1.29it/s] 14%|█▍        | 113/805 [01:27<08:19,  1.38it/s] 14%|█▍        | 114/805 [01:28<08:15,  1.39it/s] 14%|█▍        | 115/805 [01:29<09:00,  1.28it/s] 14%|█▍        | 116/805 [01:29<08:47,  1.31it/s] 15%|█▍        | 117/805 [01:30<08:38,  1.33it/s] 15%|█▍        | 118/805 [01:31<08:34,  1.33it/s] 15%|█▍        | 119/805 [01:31<08:26,  1.35it/s] 15%|█▍        | 120/805 [01:32<08:21,  1.37it/s] 15%|█▌        | 121/805 [01:33<08:24,  1.35it/s] 15%|█▌        | 122/805 [01:34<08:58,  1.27it/s] 15%|█▌        | 123/805 [01:35<08:43,  1.30it/s] 15%|█▌        | 124/805 [01:35<08:34,  1.32it/s] 16%|█▌        | 125/805 [01:36<08:23,  1.35it/s] 16%|█▌        | 126/805 [01:37<08:26,  1.34it/s] 16%|█▌        | 127/805 [01:38<08:37,  1.31it/s] 16%|█▌        | 128/805 [01:38<08:34,  1.32it/s] 16%|█▌        | 129/805 [01:39<08:34,  1.31it/s] 16%|█▌        | 130/805 [01:40<08:21,  1.35it/s] 16%|█▋        | 131/805 [01:40<08:16,  1.36it/s] 16%|█▋        | 132/805 [01:41<07:56,  1.41it/s] 17%|█▋        | 133/805 [01:42<08:07,  1.38it/s] 17%|█▋        | 134/805 [01:43<08:12,  1.36it/s] 17%|█▋        | 135/805 [01:44<08:54,  1.25it/s] 17%|█▋        | 136/805 [01:44<08:41,  1.28it/s] 17%|█▋        | 137/805 [01:45<08:26,  1.32it/s] 17%|█▋        | 138/805 [01:46<08:25,  1.32it/s] 17%|█▋        | 139/805 [01:47<08:53,  1.25it/s] 17%|█▋        | 140/805 [01:47<08:50,  1.25it/s] 18%|█▊        | 141/805 [01:48<09:16,  1.19it/s] 18%|█▊        | 142/805 [01:49<08:59,  1.23it/s] 18%|█▊        | 143/805 [01:50<08:52,  1.24it/s] 18%|█▊        | 144/805 [01:51<08:40,  1.27it/s] 18%|█▊        | 145/805 [01:51<08:38,  1.27it/s] 18%|█▊        | 146/805 [01:52<08:35,  1.28it/s] 18%|█▊        | 147/805 [01:53<08:58,  1.22it/s] 18%|█▊        | 148/805 [01:54<08:46,  1.25it/s] 19%|█▊        | 149/805 [01:55<08:12,  1.33it/s] 19%|█▊        | 150/805 [01:55<08:10,  1.33it/s] 19%|█▉        | 151/805 [01:56<08:11,  1.33it/s] 19%|█▉        | 152/805 [01:57<07:59,  1.36it/s] 19%|█▉        | 153/805 [01:58<08:34,  1.27it/s] 19%|█▉        | 154/805 [01:58<08:27,  1.28it/s] 19%|█▉        | 155/805 [01:59<08:27,  1.28it/s] 19%|█▉        | 156/805 [02:00<08:59,  1.20it/s] 20%|█▉        | 157/805 [02:01<08:40,  1.25it/s] 20%|█▉        | 158/805 [02:02<08:21,  1.29it/s] 20%|█▉        | 159/805 [02:02<08:50,  1.22it/s] 20%|█▉        | 160/805 [02:03<09:05,  1.18it/s] 20%|██        | 161/805 [02:04<08:48,  1.22it/s] 20%|██        | 162/805 [02:05<09:02,  1.18it/s] 20%|██        | 163/805 [02:06<08:15,  1.30it/s] 20%|██        | 164/805 [02:06<07:45,  1.38it/s] 20%|██        | 165/805 [02:07<07:49,  1.36it/s] 21%|██        | 166/805 [02:08<08:16,  1.29it/s] 21%|██        | 167/805 [02:09<08:06,  1.31it/s] 21%|██        | 168/805 [02:10<08:33,  1.24it/s] 21%|██        | 169/805 [02:10<08:12,  1.29it/s] 21%|██        | 170/805 [02:11<08:03,  1.31it/s] 21%|██        | 171/805 [02:12<08:03,  1.31it/s] 21%|██▏       | 172/805 [02:13<08:06,  1.30it/s] 21%|██▏       | 173/805 [02:13<07:38,  1.38it/s] 22%|██▏       | 174/805 [02:14<07:48,  1.35it/s] 22%|██▏       | 175/805 [02:15<07:54,  1.33it/s] 22%|██▏       | 176/805 [02:15<07:55,  1.32it/s] 22%|██▏       | 177/805 [02:16<07:49,  1.34it/s] 22%|██▏       | 178/805 [02:17<08:22,  1.25it/s] 22%|██▏       | 179/805 [02:18<08:06,  1.29it/s] 22%|██▏       | 180/805 [02:18<07:38,  1.36it/s] 22%|██▏       | 181/805 [02:19<07:11,  1.45it/s] 23%|██▎       | 182/805 [02:20<07:16,  1.43it/s] 23%|██▎       | 183/805 [02:21<07:19,  1.41it/s] 23%|██▎       | 184/805 [02:21<07:59,  1.30it/s] 23%|██▎       | 185/805 [02:22<07:52,  1.31it/s] 23%|██▎       | 186/805 [02:23<07:45,  1.33it/s] 23%|██▎       | 187/805 [02:24<07:44,  1.33it/s] 23%|██▎       | 188/805 [02:24<07:47,  1.32it/s] 23%|██▎       | 189/805 [02:25<07:35,  1.35it/s] 24%|██▎       | 190/805 [02:26<07:12,  1.42it/s] 24%|██▎       | 191/805 [02:27<07:47,  1.31it/s] 24%|██▍       | 192/805 [02:27<07:47,  1.31it/s] 24%|██▍       | 193/805 [02:28<07:51,  1.30it/s] 24%|██▍       | 194/805 [02:29<08:15,  1.23it/s] 24%|██▍       | 195/805 [02:30<08:08,  1.25it/s] 24%|██▍       | 196/805 [02:31<07:53,  1.28it/s] 24%|██▍       | 197/805 [02:31<07:45,  1.31it/s] 25%|██▍       | 198/805 [02:32<07:51,  1.29it/s] 25%|██▍       | 199/805 [02:33<07:35,  1.33it/s] 25%|██▍       | 200/805 [02:34<07:33,  1.34it/s] 25%|██▍       | 201/805 [02:34<07:33,  1.33it/s] 25%|██▌       | 202/805 [02:35<07:24,  1.36it/s] 25%|██▌       | 203/805 [02:36<07:29,  1.34it/s] 25%|██▌       | 204/805 [02:37<07:53,  1.27it/s] 25%|██▌       | 205/805 [02:37<07:40,  1.30it/s] 26%|██▌       | 206/805 [02:38<07:39,  1.30it/s] 26%|██▌       | 207/805 [02:39<07:35,  1.31it/s] 26%|██▌       | 208/805 [02:40<07:31,  1.32it/s] 26%|██▌       | 209/805 [02:40<07:26,  1.33it/s] 26%|██▌       | 210/805 [02:41<08:03,  1.23it/s] 26%|██▌       | 211/805 [02:42<07:54,  1.25it/s] 26%|██▋       | 212/805 [02:43<07:35,  1.30it/s] 26%|██▋       | 213/805 [02:44<07:34,  1.30it/s] 27%|██▋       | 214/805 [02:44<07:36,  1.29it/s] 27%|██▋       | 215/805 [02:45<07:11,  1.37it/s] 27%|██▋       | 216/805 [02:46<07:41,  1.28it/s] 27%|██▋       | 217/805 [02:47<07:25,  1.32it/s] 27%|██▋       | 218/805 [02:47<07:17,  1.34it/s] 27%|██▋       | 219/805 [02:48<07:19,  1.33it/s] 27%|██▋       | 220/805 [02:49<07:17,  1.34it/s] 27%|██▋       | 221/805 [02:50<07:08,  1.36it/s] 28%|██▊       | 222/805 [02:51<07:50,  1.24it/s] 28%|██▊       | 223/805 [02:51<07:40,  1.26it/s] 28%|██▊       | 224/805 [02:52<07:38,  1.27it/s] 28%|██▊       | 225/805 [02:53<07:26,  1.30it/s] 28%|██▊       | 226/805 [02:54<07:22,  1.31it/s] 28%|██▊       | 227/805 [02:54<07:09,  1.35it/s] 28%|██▊       | 228/805 [02:55<07:14,  1.33it/s] 28%|██▊       | 229/805 [02:56<07:49,  1.23it/s] 29%|██▊       | 230/805 [02:57<08:02,  1.19it/s] 29%|██▊       | 231/805 [02:58<07:46,  1.23it/s] 29%|██▉       | 232/805 [02:58<07:06,  1.34it/s] 29%|██▉       | 233/805 [02:59<07:12,  1.32it/s] 29%|██▉       | 234/805 [03:00<06:53,  1.38it/s] 29%|██▉       | 235/805 [03:01<07:35,  1.25it/s] 29%|██▉       | 236/805 [03:01<07:19,  1.29it/s] 29%|██▉       | 237/805 [03:02<07:47,  1.21it/s] 30%|██▉       | 238/805 [03:03<07:36,  1.24it/s] 30%|██▉       | 239/805 [03:04<07:30,  1.26it/s] 30%|██▉       | 240/805 [03:05<07:23,  1.27it/s] 30%|██▉       | 241/805 [03:05<07:39,  1.23it/s] 30%|███       | 242/805 [03:06<07:27,  1.26it/s] 30%|███       | 243/805 [03:07<07:16,  1.29it/s] 30%|███       | 244/805 [03:08<07:04,  1.32it/s] 30%|███       | 245/805 [03:08<06:43,  1.39it/s] 31%|███       | 246/805 [03:09<06:42,  1.39it/s] 31%|███       | 247/805 [03:10<07:39,  1.22it/s] 31%|███       | 248/805 [03:11<07:25,  1.25it/s] 31%|███       | 249/805 [03:12<07:10,  1.29it/s] 31%|███       | 250/805 [03:12<07:06,  1.30it/s] 31%|███       | 251/805 [03:13<07:05,  1.30it/s] 31%|███▏      | 252/805 [03:14<06:41,  1.38it/s] 31%|███▏      | 253/805 [03:14<06:45,  1.36it/s] 32%|███▏      | 254/805 [03:15<07:09,  1.28it/s] 32%|███▏      | 255/805 [03:16<06:55,  1.32it/s] 32%|███▏      | 256/805 [03:17<06:51,  1.33it/s] 32%|███▏      | 257/805 [03:17<06:53,  1.32it/s] 32%|███▏      | 258/805 [03:18<06:27,  1.41it/s] 32%|███▏      | 259/805 [03:19<06:36,  1.38it/s] 32%|███▏      | 260/805 [03:20<07:05,  1.28it/s] 32%|███▏      | 261/805 [03:21<07:02,  1.29it/s] 33%|███▎      | 262/805 [03:21<06:49,  1.33it/s] 33%|███▎      | 263/805 [03:22<06:42,  1.35it/s] 33%|███▎      | 264/805 [03:23<06:42,  1.34it/s] 33%|███▎      | 265/805 [03:24<07:07,  1.26it/s] 33%|███▎      | 266/805 [03:24<07:00,  1.28it/s] 33%|███▎      | 267/805 [03:25<07:15,  1.24it/s] 33%|███▎      | 268/805 [03:26<06:55,  1.29it/s] 33%|███▎      | 269/805 [03:27<06:41,  1.33it/s] 34%|███▎      | 270/805 [03:27<06:35,  1.35it/s] 34%|███▎      | 271/805 [03:28<06:40,  1.33it/s] 34%|███▍      | 272/805 [03:29<06:38,  1.34it/s] 34%|███▍      | 273/805 [03:30<07:05,  1.25it/s] 34%|███▍      | 274/805 [03:31<06:59,  1.27it/s] 34%|███▍      | 275/805 [03:31<06:47,  1.30it/s] 34%|███▍      | 276/805 [03:32<06:47,  1.30it/s] 34%|███▍      | 277/805 [03:33<06:43,  1.31it/s] 35%|███▍      | 278/805 [03:33<06:16,  1.40it/s] 35%|███▍      | 279/805 [03:34<06:14,  1.41it/s] 35%|███▍      | 280/805 [03:35<06:50,  1.28it/s] 35%|███▍      | 281/805 [03:36<06:35,  1.32it/s] 35%|███▌      | 282/805 [03:36<06:29,  1.34it/s] 35%|███▌      | 283/805 [03:37<06:30,  1.34it/s] 35%|███▌      | 284/805 [03:38<06:35,  1.32it/s] 35%|███▌      | 285/805 [03:39<06:34,  1.32it/s] 36%|███▌      | 286/805 [03:40<06:58,  1.24it/s] 36%|███▌      | 287/805 [03:40<06:24,  1.35it/s] 36%|███▌      | 288/805 [03:41<06:27,  1.33it/s] 36%|███▌      | 289/805 [03:42<06:30,  1.32it/s] 36%|███▌      | 290/805 [03:42<06:04,  1.41it/s] 36%|███▌      | 291/805 [03:43<06:14,  1.37it/s] 36%|███▋      | 292/805 [03:44<06:18,  1.36it/s] 36%|███▋      | 293/805 [03:45<06:16,  1.36it/s] 37%|███▋      | 294/805 [03:45<06:22,  1.34it/s] 37%|███▋      | 295/805 [03:46<06:15,  1.36it/s] 37%|███▋      | 296/805 [03:47<06:21,  1.34it/s] 37%|███▋      | 297/805 [03:48<06:45,  1.25it/s] 37%|███▋      | 298/805 [03:49<06:42,  1.26it/s] 37%|███▋      | 299/805 [03:49<06:12,  1.36it/s] 37%|███▋      | 300/805 [03:50<06:13,  1.35it/s] 37%|███▋      | 301/805 [03:51<06:12,  1.35it/s] 38%|███▊      | 302/805 [03:51<05:55,  1.42it/s] 38%|███▊      | 303/805 [03:52<06:01,  1.39it/s] 38%|███▊      | 304/805 [03:53<05:41,  1.47it/s] 38%|███▊      | 305/805 [03:54<06:21,  1.31it/s] 38%|███▊      | 306/805 [03:54<06:17,  1.32it/s] 38%|███▊      | 307/805 [03:55<06:17,  1.32it/s] 38%|███▊      | 308/805 [03:56<06:08,  1.35it/s] 38%|███▊      | 309/805 [03:57<06:30,  1.27it/s] 39%|███▊      | 310/805 [03:58<06:31,  1.27it/s] 39%|███▊      | 311/805 [03:58<06:42,  1.23it/s] 39%|███▉      | 312/805 [03:59<06:27,  1.27it/s] 39%|███▉      | 313/805 [04:00<06:20,  1.29it/s] 39%|███▉      | 314/805 [04:01<06:16,  1.30it/s] 39%|███▉      | 315/805 [04:01<06:19,  1.29it/s] 39%|███▉      | 316/805 [04:02<06:38,  1.23it/s] 39%|███▉      | 317/805 [04:03<06:24,  1.27it/s] 40%|███▉      | 318/805 [04:04<06:41,  1.21it/s] 40%|███▉      | 319/805 [04:05<06:23,  1.27it/s] 40%|███▉      | 320/805 [04:05<06:15,  1.29it/s] 40%|███▉      | 321/805 [04:06<06:33,  1.23it/s] 40%|████      | 322/805 [04:07<06:23,  1.26it/s] 40%|████      | 323/805 [04:08<06:15,  1.28it/s] 40%|████      | 324/805 [04:09<06:27,  1.24it/s] 40%|████      | 325/805 [04:09<06:15,  1.28it/s] 40%|████      | 326/805 [04:10<06:09,  1.30it/s] 41%|████      | 327/805 [04:11<06:08,  1.30it/s] 41%|████      | 328/805 [04:12<06:07,  1.30it/s] 41%|████      | 329/805 [04:12<05:43,  1.39it/s] 41%|████      | 330/805 [04:13<06:29,  1.22it/s] 41%|████      | 331/805 [04:14<06:21,  1.24it/s] 41%|████      | 332/805 [04:15<06:11,  1.27it/s] 41%|████▏     | 333/805 [04:15<05:44,  1.37it/s] 41%|████▏     | 334/805 [04:16<05:40,  1.38it/s] 42%|████▏     | 335/805 [04:17<05:50,  1.34it/s] 42%|████▏     | 336/805 [04:18<06:17,  1.24it/s] 42%|████▏     | 337/805 [04:19<06:10,  1.26it/s] 42%|████▏     | 338/805 [04:19<06:05,  1.28it/s] 42%|████▏     | 339/805 [04:20<05:40,  1.37it/s] 42%|████▏     | 340/805 [04:21<05:25,  1.43it/s] 42%|████▏     | 341/805 [04:21<05:23,  1.43it/s] 42%|████▏     | 342/805 [04:22<05:36,  1.38it/s] 43%|████▎     | 343/805 [04:23<06:00,  1.28it/s] 43%|████▎     | 344/805 [04:24<05:35,  1.38it/s] 43%|████▎     | 345/805 [04:24<05:38,  1.36it/s] 43%|████▎     | 346/805 [04:25<05:40,  1.35it/s] 43%|████▎     | 347/805 [04:26<05:44,  1.33it/s] 43%|████▎     | 348/805 [04:27<05:41,  1.34it/s] 43%|████▎     | 349/805 [04:28<06:07,  1.24it/s] 43%|████▎     | 350/805 [04:28<06:03,  1.25it/s] 44%|████▎     | 351/805 [04:29<05:56,  1.27it/s] 44%|████▎     | 352/805 [04:30<05:52,  1.29it/s] 44%|████▍     | 353/805 [04:31<05:43,  1.32it/s] 44%|████▍     | 354/805 [04:31<05:41,  1.32it/s] 44%|████▍     | 355/805 [04:32<05:36,  1.34it/s] 44%|████▍     | 356/805 [04:33<05:48,  1.29it/s] 44%|████▍     | 357/805 [04:34<05:43,  1.30it/s] 44%|████▍     | 358/805 [04:34<05:18,  1.40it/s] 45%|████▍     | 359/805 [04:35<05:21,  1.39it/s] 45%|████▍     | 360/805 [04:36<05:07,  1.45it/s] 45%|████▍     | 361/805 [04:36<05:13,  1.41it/s] 45%|████▍     | 362/805 [04:37<05:20,  1.38it/s] 45%|████▌     | 363/805 [04:38<05:17,  1.39it/s] 45%|████▌     | 364/805 [04:39<05:21,  1.37it/s] 45%|████▌     | 365/805 [04:39<05:23,  1.36it/s] 45%|████▌     | 366/805 [04:40<05:18,  1.38it/s] 46%|████▌     | 367/805 [04:41<05:25,  1.35it/s] 46%|████▌     | 368/805 [04:41<05:07,  1.42it/s] 46%|████▌     | 369/805 [04:42<05:33,  1.31it/s] 46%|████▌     | 370/805 [04:43<05:28,  1.32it/s] 46%|████▌     | 371/805 [04:44<05:28,  1.32it/s] 46%|████▌     | 372/805 [04:45<05:27,  1.32it/s] 46%|████▋     | 373/805 [04:45<05:36,  1.28it/s] 46%|████▋     | 374/805 [04:46<05:30,  1.30it/s] 47%|████▋     | 375/805 [04:47<05:49,  1.23it/s] 47%|████▋     | 376/805 [04:48<05:22,  1.33it/s] 47%|████▋     | 377/805 [04:48<05:17,  1.35it/s] 47%|████▋     | 378/805 [04:49<05:01,  1.42it/s] 47%|████▋     | 379/805 [04:50<05:01,  1.41it/s] 47%|████▋     | 380/805 [04:51<05:08,  1.38it/s] 47%|████▋     | 381/805 [04:51<05:30,  1.28it/s] 47%|████▋     | 382/805 [04:52<05:45,  1.22it/s] 48%|████▊     | 383/805 [04:53<05:16,  1.33it/s] 48%|████▊     | 384/805 [04:54<05:16,  1.33it/s] 48%|████▊     | 385/805 [04:54<04:55,  1.42it/s] 48%|████▊     | 386/805 [04:55<04:45,  1.47it/s] 48%|████▊     | 387/805 [04:56<05:26,  1.28it/s] 48%|████▊     | 388/805 [04:57<05:22,  1.29it/s] 48%|████▊     | 389/805 [04:57<05:20,  1.30it/s] 48%|████▊     | 390/805 [04:58<05:16,  1.31it/s] 49%|████▊     | 391/805 [04:59<05:15,  1.31it/s] 49%|████▊     | 392/805 [05:00<05:18,  1.30it/s] 49%|████▉     | 393/805 [05:01<05:35,  1.23it/s] 49%|████▉     | 394/805 [05:01<05:10,  1.32it/s] 49%|████▉     | 395/805 [05:02<05:11,  1.32it/s] 49%|████▉     | 396/805 [05:03<04:54,  1.39it/s] 49%|████▉     | 397/805 [05:03<05:02,  1.35it/s] 49%|████▉     | 398/805 [05:04<04:58,  1.36it/s] 50%|████▉     | 399/805 [05:05<04:59,  1.36it/s] 50%|████▉     | 400/805 [05:06<05:01,  1.34it/s] 50%|████▉     | 401/805 [05:06<04:57,  1.36it/s] 50%|████▉     | 402/805 [05:07<04:59,  1.34it/s] 50%|█████     | 403/805 [05:08<04:39,  1.44it/s] 50%|█████     | 404/805 [05:09<04:49,  1.39it/s] 50%|█████     | 405/805 [05:09<04:35,  1.45it/s] 50%|█████     | 406/805 [05:10<05:02,  1.32it/s] 51%|█████     | 407/805 [05:11<04:40,  1.42it/s] 51%|█████     | 408/805 [05:11<04:43,  1.40it/s] 51%|█████     | 409/805 [05:12<04:44,  1.39it/s] 51%|█████     | 410/805 [05:13<04:41,  1.40it/s] 51%|█████     | 411/805 [05:14<04:40,  1.40it/s] 51%|█████     | 412/805 [05:14<05:02,  1.30it/s] 51%|█████▏    | 413/805 [05:15<05:03,  1.29it/s] 51%|█████▏    | 414/805 [05:16<04:58,  1.31it/s] 52%|█████▏    | 415/805 [05:17<04:54,  1.32it/s] 52%|█████▏    | 416/805 [05:17<04:34,  1.42it/s] 52%|█████▏    | 417/805 [05:18<04:39,  1.39it/s] 52%|█████▏    | 418/805 [05:19<04:42,  1.37it/s] 52%|█████▏    | 419/805 [05:20<04:55,  1.31it/s] 52%|█████▏    | 420/805 [05:20<04:53,  1.31it/s] 52%|█████▏    | 421/805 [05:21<04:51,  1.32it/s] 52%|█████▏    | 422/805 [05:22<04:55,  1.29it/s] 53%|█████▎    | 423/805 [05:23<04:48,  1.32it/s] 53%|█████▎    | 424/805 [05:23<04:48,  1.32it/s] 53%|█████▎    | 425/805 [05:24<05:09,  1.23it/s] 53%|█████▎    | 426/805 [05:25<04:55,  1.28it/s] 53%|█████▎    | 427/805 [05:26<04:46,  1.32it/s] 53%|█████▎    | 428/805 [05:27<04:44,  1.33it/s] 53%|█████▎    | 429/805 [05:27<04:45,  1.32it/s] 53%|█████▎    | 430/805 [05:28<05:01,  1.24it/s] 54%|█████▎    | 431/805 [05:29<05:17,  1.18it/s] 54%|█████▎    | 432/805 [05:30<05:06,  1.22it/s] 54%|█████▍    | 433/805 [05:31<04:54,  1.26it/s] 54%|█████▍    | 434/805 [05:31<04:47,  1.29it/s] 54%|█████▍    | 435/805 [05:32<04:42,  1.31it/s] 54%|█████▍    | 436/805 [05:33<04:42,  1.30it/s] 54%|█████▍    | 437/805 [05:34<05:01,  1.22it/s] 54%|█████▍    | 438/805 [05:35<04:52,  1.25it/s] 55%|█████▍    | 439/805 [05:35<04:47,  1.27it/s] 55%|█████▍    | 440/805 [05:36<04:37,  1.32it/s] 55%|█████▍    | 441/805 [05:37<04:37,  1.31it/s] 55%|█████▍    | 442/805 [05:38<04:38,  1.31it/s] 55%|█████▌    | 443/805 [05:38<04:46,  1.26it/s] 55%|█████▌    | 444/805 [05:39<04:43,  1.27it/s] 55%|█████▌    | 445/805 [05:40<04:40,  1.28it/s] 55%|█████▌    | 446/805 [05:41<04:35,  1.30it/s] 56%|█████▌    | 447/805 [05:41<04:27,  1.34it/s] 56%|█████▌    | 448/805 [05:42<04:25,  1.35it/s] 56%|█████▌    | 449/805 [05:43<04:22,  1.36it/s] 56%|█████▌    | 450/805 [05:44<04:34,  1.30it/s] 56%|█████▌    | 451/805 [05:44<04:30,  1.31it/s] 56%|█████▌    | 452/805 [05:45<04:29,  1.31it/s] 56%|█████▋    | 453/805 [05:46<04:28,  1.31it/s] 56%|█████▋    | 454/805 [05:47<04:27,  1.31it/s] 57%|█████▋    | 455/805 [05:47<04:10,  1.40it/s] 57%|█████▋    | 456/805 [05:48<04:28,  1.30it/s] 57%|█████▋    | 457/805 [05:49<04:23,  1.32it/s] 57%|█████▋    | 458/805 [05:50<04:19,  1.34it/s] 57%|█████▋    | 459/805 [05:50<04:16,  1.35it/s] 57%|█████▋    | 460/805 [05:51<04:15,  1.35it/s] 57%|█████▋    | 461/805 [05:52<04:13,  1.36it/s] 57%|█████▋    | 462/805 [05:53<04:27,  1.28it/s] 58%|█████▊    | 463/805 [05:53<04:21,  1.31it/s] 58%|█████▊    | 464/805 [05:54<04:13,  1.34it/s] 58%|█████▊    | 465/805 [05:55<04:01,  1.41it/s] 58%|█████▊    | 466/805 [05:56<04:04,  1.38it/s] 58%|█████▊    | 467/805 [05:56<04:10,  1.35it/s] 58%|█████▊    | 468/805 [05:57<04:27,  1.26it/s] 58%|█████▊    | 469/805 [05:58<04:23,  1.27it/s] 58%|█████▊    | 470/805 [05:59<04:35,  1.22it/s] 59%|█████▊    | 471/805 [06:00<04:22,  1.27it/s] 59%|█████▊    | 472/805 [06:00<04:03,  1.37it/s] 59%|█████▉    | 473/805 [06:01<03:55,  1.41it/s] 59%|█████▉    | 474/805 [06:02<04:08,  1.33it/s] 59%|█████▉    | 475/805 [06:03<04:29,  1.23it/s] 59%|█████▉    | 476/805 [06:03<04:09,  1.32it/s] 59%|█████▉    | 477/805 [06:04<04:09,  1.31it/s] 59%|█████▉    | 478/805 [06:05<04:07,  1.32it/s] 60%|█████▉    | 479/805 [06:06<04:07,  1.32it/s] 60%|█████▉    | 480/805 [06:06<04:02,  1.34it/s] 60%|█████▉    | 481/805 [06:07<04:11,  1.29it/s] 60%|█████▉    | 482/805 [06:08<04:23,  1.23it/s] 60%|██████    | 483/805 [06:09<04:16,  1.25it/s] 60%|██████    | 484/805 [06:10<04:09,  1.28it/s] 60%|██████    | 485/805 [06:11<04:22,  1.22it/s] 60%|██████    | 486/805 [06:11<04:09,  1.28it/s] 60%|██████    | 487/805 [06:12<04:02,  1.31it/s] 61%|██████    | 488/805 [06:13<04:16,  1.24it/s] 61%|██████    | 489/805 [06:13<03:55,  1.34it/s] 61%|██████    | 490/805 [06:14<03:44,  1.40it/s] 61%|██████    | 491/805 [06:15<03:42,  1.41it/s] 61%|██████    | 492/805 [06:15<03:40,  1.42it/s] 61%|██████    | 493/805 [06:16<03:47,  1.37it/s] 61%|██████▏   | 494/805 [06:17<04:07,  1.26it/s] 61%|██████▏   | 495/805 [06:18<03:57,  1.31it/s] 62%|██████▏   | 496/805 [06:19<03:57,  1.30it/s] 62%|██████▏   | 497/805 [06:19<03:59,  1.29it/s] 62%|██████▏   | 498/805 [06:20<03:50,  1.33it/s] 62%|██████▏   | 499/805 [06:21<03:47,  1.35it/s] 62%|██████▏   | 500/805 [06:22<03:57,  1.29it/s] 62%|██████▏   | 501/805 [06:22<03:52,  1.31it/s] 62%|██████▏   | 502/805 [06:23<03:36,  1.40it/s] 62%|██████▏   | 503/805 [06:24<03:51,  1.31it/s] 63%|██████▎   | 504/805 [06:25<03:48,  1.32it/s] 63%|██████▎   | 505/805 [06:25<03:49,  1.31it/s] 63%|██████▎   | 506/805 [06:26<03:51,  1.29it/s] 63%|██████▎   | 507/805 [06:27<03:59,  1.24it/s] 63%|██████▎   | 508/805 [06:28<03:54,  1.26it/s] 63%|██████▎   | 509/805 [06:29<03:49,  1.29it/s] 63%|██████▎   | 510/805 [06:29<03:44,  1.32it/s] 63%|██████▎   | 511/805 [06:30<03:41,  1.33it/s] 64%|██████▎   | 512/805 [06:31<03:53,  1.25it/s] 64%|██████▎   | 513/805 [06:32<04:03,  1.20it/s] 64%|██████▍   | 514/805 [06:33<03:52,  1.25it/s] 64%|██████▍   | 515/805 [06:33<03:45,  1.29it/s] 64%|██████▍   | 516/805 [06:34<03:44,  1.29it/s] 64%|██████▍   | 517/805 [06:35<03:43,  1.29it/s] 64%|██████▍   | 518/805 [06:36<03:42,  1.29it/s] 64%|██████▍   | 519/805 [06:36<03:39,  1.30it/s] 65%|██████▍   | 520/805 [06:37<03:47,  1.25it/s] 65%|██████▍   | 521/805 [06:38<03:39,  1.29it/s] 65%|██████▍   | 522/805 [06:39<03:36,  1.30it/s] 65%|██████▍   | 523/805 [06:40<03:36,  1.30it/s] 65%|██████▌   | 524/805 [06:40<03:35,  1.30it/s] 65%|██████▌   | 525/805 [06:41<03:30,  1.33it/s] 65%|██████▌   | 526/805 [06:42<03:39,  1.27it/s] 65%|██████▌   | 527/805 [06:43<03:36,  1.28it/s] 66%|██████▌   | 528/805 [06:43<03:30,  1.32it/s] 66%|██████▌   | 529/805 [06:44<03:30,  1.31it/s] 66%|██████▌   | 530/805 [06:45<03:27,  1.32it/s] 66%|██████▌   | 531/805 [06:45<03:14,  1.41it/s] 66%|██████▌   | 532/805 [06:46<03:17,  1.38it/s] 66%|██████▌   | 533/805 [06:47<03:33,  1.27it/s] 66%|██████▋   | 534/805 [06:48<03:32,  1.28it/s] 66%|██████▋   | 535/805 [06:49<03:25,  1.31it/s] 67%|██████▋   | 536/805 [06:49<03:27,  1.29it/s] 67%|██████▋   | 537/805 [06:50<03:14,  1.38it/s] 67%|██████▋   | 538/805 [06:51<03:16,  1.36it/s] 67%|██████▋   | 539/805 [06:52<03:28,  1.28it/s] 67%|██████▋   | 540/805 [06:53<03:26,  1.28it/s] 67%|██████▋   | 541/805 [06:53<03:26,  1.28it/s] 67%|██████▋   | 542/805 [06:54<03:23,  1.29it/s] 67%|██████▋   | 543/805 [06:55<03:17,  1.33it/s] 68%|██████▊   | 544/805 [06:55<03:06,  1.40it/s] 68%|██████▊   | 545/805 [06:56<03:25,  1.27it/s] 68%|██████▊   | 546/805 [06:57<03:09,  1.36it/s] 68%|██████▊   | 547/805 [06:58<03:08,  1.37it/s] 68%|██████▊   | 548/805 [06:58<03:04,  1.39it/s] 68%|██████▊   | 549/805 [06:59<03:07,  1.36it/s] 68%|██████▊   | 550/805 [07:00<03:09,  1.35it/s] 68%|██████▊   | 551/805 [07:00<02:57,  1.43it/s] 69%|██████▊   | 552/805 [07:01<03:14,  1.30it/s] 69%|██████▊   | 553/805 [07:02<03:10,  1.32it/s] 69%|██████▉   | 554/805 [07:03<03:07,  1.34it/s] 69%|██████▉   | 555/805 [07:03<02:55,  1.42it/s] 69%|██████▉   | 556/805 [07:04<02:59,  1.39it/s] 69%|██████▉   | 557/805 [07:05<02:59,  1.38it/s] 69%|██████▉   | 558/805 [07:06<03:17,  1.25it/s] 69%|██████▉   | 559/805 [07:07<03:10,  1.29it/s] 70%|██████▉   | 560/805 [07:07<03:11,  1.28it/s] 70%|██████▉   | 561/805 [07:08<03:06,  1.31it/s] 70%|██████▉   | 562/805 [07:09<03:04,  1.32it/s] 70%|██████▉   | 563/805 [07:10<02:59,  1.35it/s] 70%|███████   | 564/805 [07:10<03:00,  1.33it/s] 70%|███████   | 565/805 [07:11<03:12,  1.25it/s] 70%|███████   | 566/805 [07:12<03:03,  1.30it/s] 70%|███████   | 567/805 [07:13<03:01,  1.31it/s] 71%|███████   | 568/805 [07:13<02:56,  1.35it/s] 71%|███████   | 569/805 [07:14<02:58,  1.32it/s] 71%|███████   | 570/805 [07:15<02:55,  1.34it/s] 71%|███████   | 571/805 [07:16<03:08,  1.24it/s] 71%|███████   | 572/805 [07:17<03:02,  1.28it/s] 71%|███████   | 573/805 [07:17<03:01,  1.28it/s] 71%|███████▏  | 574/805 [07:18<02:55,  1.32it/s] 71%|███████▏  | 575/805 [07:19<02:56,  1.30it/s] 72%|███████▏  | 576/805 [07:20<02:55,  1.30it/s] 72%|███████▏  | 577/805 [07:21<03:03,  1.24it/s] 72%|███████▏  | 578/805 [07:21<03:01,  1.25it/s] 72%|███████▏  | 579/805 [07:22<03:08,  1.20it/s] 72%|███████▏  | 580/805 [07:23<03:02,  1.23it/s] 72%|███████▏  | 581/805 [07:24<02:59,  1.25it/s] 72%|███████▏  | 582/805 [07:25<02:51,  1.30it/s] 72%|███████▏  | 583/805 [07:25<02:49,  1.31it/s] 73%|███████▎  | 584/805 [07:26<03:00,  1.22it/s] 73%|███████▎  | 585/805 [07:27<02:47,  1.32it/s] 73%|███████▎  | 586/805 [07:28<02:46,  1.32it/s] 73%|███████▎  | 587/805 [07:28<02:36,  1.40it/s] 73%|███████▎  | 588/805 [07:29<02:36,  1.39it/s] 73%|███████▎  | 589/805 [07:30<02:40,  1.35it/s] 73%|███████▎  | 590/805 [07:30<02:41,  1.33it/s] 73%|███████▎  | 591/805 [07:31<02:40,  1.34it/s] 74%|███████▎  | 592/805 [07:32<02:38,  1.35it/s] 74%|███████▎  | 593/805 [07:33<02:37,  1.34it/s] 74%|███████▍  | 594/805 [07:33<02:35,  1.35it/s] 74%|███████▍  | 595/805 [07:34<02:35,  1.35it/s] 74%|███████▍  | 596/805 [07:35<02:36,  1.34it/s] 74%|███████▍  | 597/805 [07:36<02:35,  1.34it/s] 74%|███████▍  | 598/805 [07:36<02:35,  1.33it/s] 74%|███████▍  | 599/805 [07:37<02:33,  1.34it/s] 75%|███████▍  | 600/805 [07:38<02:32,  1.34it/s] 75%|███████▍  | 601/805 [07:39<02:31,  1.35it/s] 75%|███████▍  | 602/805 [07:39<02:29,  1.36it/s] 75%|███████▍  | 603/805 [07:40<02:40,  1.26it/s] 75%|███████▌  | 604/805 [07:41<02:36,  1.28it/s] 75%|███████▌  | 605/805 [07:42<02:36,  1.28it/s] 75%|███████▌  | 606/805 [07:43<02:33,  1.30it/s] 75%|███████▌  | 607/805 [07:43<02:28,  1.34it/s] 76%|███████▌  | 608/805 [07:44<02:29,  1.32it/s] 76%|███████▌  | 609/805 [07:45<02:39,  1.23it/s] 76%|███████▌  | 610/805 [07:46<02:34,  1.27it/s] 76%|███████▌  | 611/805 [07:47<02:34,  1.26it/s] 76%|███████▌  | 612/805 [07:47<02:31,  1.28it/s] 76%|███████▌  | 613/805 [07:48<02:30,  1.27it/s] 76%|███████▋  | 614/805 [07:49<02:29,  1.28it/s] 76%|███████▋  | 615/805 [07:50<02:36,  1.21it/s] 77%|███████▋  | 616/805 [07:51<02:33,  1.23it/s] 77%|███████▋  | 617/805 [07:51<02:29,  1.26it/s] 77%|███████▋  | 618/805 [07:52<02:18,  1.35it/s] 77%|███████▋  | 619/805 [07:53<02:19,  1.33it/s] 77%|███████▋  | 620/805 [07:53<02:20,  1.32it/s] 77%|███████▋  | 621/805 [07:54<02:30,  1.22it/s] 77%|███████▋  | 622/805 [07:55<02:26,  1.25it/s] 77%|███████▋  | 623/805 [07:56<02:20,  1.29it/s] 78%|███████▊  | 624/805 [07:57<02:17,  1.32it/s] 78%|███████▊  | 625/805 [07:57<02:18,  1.30it/s] 78%|███████▊  | 626/805 [07:58<02:15,  1.32it/s] 78%|███████▊  | 627/805 [07:59<02:14,  1.32it/s] 78%|███████▊  | 628/805 [08:00<02:23,  1.23it/s] 78%|███████▊  | 629/805 [08:01<02:17,  1.28it/s] 78%|███████▊  | 630/805 [08:01<02:16,  1.29it/s] 78%|███████▊  | 631/805 [08:02<02:16,  1.28it/s] 79%|███████▊  | 632/805 [08:03<02:16,  1.27it/s] 79%|███████▊  | 633/805 [08:04<02:15,  1.27it/s] 79%|███████▉  | 634/805 [08:05<02:22,  1.20it/s] 79%|███████▉  | 635/805 [08:05<02:19,  1.22it/s] 79%|███████▉  | 636/805 [08:06<02:13,  1.26it/s] 79%|███████▉  | 637/805 [08:07<02:08,  1.31it/s] 79%|███████▉  | 638/805 [08:08<02:06,  1.32it/s] 79%|███████▉  | 639/805 [08:08<02:06,  1.32it/s] 80%|███████▉  | 640/805 [08:09<02:02,  1.35it/s] 80%|███████▉  | 641/805 [08:10<02:10,  1.26it/s] 80%|███████▉  | 642/805 [08:11<02:06,  1.28it/s] 80%|███████▉  | 643/805 [08:11<02:03,  1.31it/s] 80%|████████  | 644/805 [08:12<02:01,  1.33it/s] 80%|████████  | 645/805 [08:13<01:59,  1.34it/s] 80%|████████  | 646/805 [08:14<01:57,  1.35it/s] 80%|████████  | 647/805 [08:14<01:58,  1.33it/s] 80%|████████  | 648/805 [08:15<01:55,  1.36it/s] 81%|████████  | 649/805 [08:16<01:54,  1.36it/s] 81%|████████  | 650/805 [08:17<01:56,  1.33it/s] 81%|████████  | 651/805 [08:17<01:55,  1.33it/s] 81%|████████  | 652/805 [08:18<01:48,  1.41it/s] 81%|████████  | 653/805 [08:19<01:42,  1.48it/s] 81%|████████  | 654/805 [08:20<01:53,  1.33it/s] 81%|████████▏ | 655/805 [08:20<01:55,  1.30it/s] 81%|████████▏ | 656/805 [08:21<01:52,  1.33it/s] 82%|████████▏ | 657/805 [08:22<01:51,  1.32it/s] 82%|████████▏ | 658/805 [08:23<01:49,  1.35it/s] 82%|████████▏ | 659/805 [08:23<01:41,  1.43it/s] 82%|████████▏ | 660/805 [08:24<01:53,  1.28it/s] 82%|████████▏ | 661/805 [08:25<01:52,  1.28it/s] 82%|████████▏ | 662/805 [08:26<01:50,  1.30it/s] 82%|████████▏ | 663/805 [08:26<01:46,  1.33it/s] 82%|████████▏ | 664/805 [08:27<01:45,  1.34it/s] 83%|████████▎ | 665/805 [08:28<01:43,  1.35it/s] 83%|████████▎ | 666/805 [08:29<01:42,  1.36it/s] 83%|████████▎ | 667/805 [08:29<01:47,  1.28it/s] 83%|████████▎ | 668/805 [08:30<01:46,  1.29it/s] 83%|████████▎ | 669/805 [08:31<01:45,  1.29it/s] 83%|████████▎ | 670/805 [08:32<01:44,  1.30it/s] 83%|████████▎ | 671/805 [08:32<01:41,  1.32it/s] 83%|████████▎ | 672/805 [08:33<01:38,  1.35it/s] 84%|████████▎ | 673/805 [08:34<01:46,  1.24it/s] 84%|████████▎ | 674/805 [08:35<01:38,  1.34it/s] 84%|████████▍ | 675/805 [08:35<01:37,  1.33it/s] 84%|████████▍ | 676/805 [08:36<01:38,  1.31it/s] 84%|████████▍ | 677/805 [08:37<01:32,  1.38it/s] 84%|████████▍ | 678/805 [08:38<01:28,  1.43it/s] 84%|████████▍ | 679/805 [08:38<01:35,  1.31it/s] 84%|████████▍ | 680/805 [08:39<01:33,  1.33it/s] 85%|████████▍ | 681/805 [08:40<01:32,  1.33it/s] 85%|████████▍ | 682/805 [08:41<01:32,  1.33it/s] 85%|████████▍ | 683/805 [08:41<01:25,  1.42it/s] 85%|████████▍ | 684/805 [08:42<01:27,  1.38it/s] 85%|████████▌ | 685/805 [08:43<01:25,  1.40it/s] 85%|████████▌ | 686/805 [08:44<01:31,  1.30it/s] 85%|████████▌ | 687/805 [08:44<01:30,  1.30it/s] 85%|████████▌ | 688/805 [08:45<01:29,  1.31it/s] 86%|████████▌ | 689/805 [08:46<01:27,  1.32it/s] 86%|████████▌ | 690/805 [08:46<01:21,  1.41it/s] 86%|████████▌ | 691/805 [08:47<01:20,  1.41it/s] 86%|████████▌ | 692/805 [08:48<01:26,  1.31it/s] 86%|████████▌ | 693/805 [08:49<01:24,  1.33it/s] 86%|████████▌ | 694/805 [08:50<01:21,  1.36it/s] 86%|████████▋ | 695/805 [08:50<01:20,  1.37it/s] 86%|████████▋ | 696/805 [08:51<01:24,  1.29it/s] 87%|████████▋ | 697/805 [08:52<01:23,  1.30it/s] 87%|████████▋ | 698/805 [08:53<01:21,  1.31it/s] 87%|████████▋ | 699/805 [08:54<01:25,  1.24it/s] 87%|████████▋ | 700/805 [08:54<01:21,  1.29it/s] 87%|████████▋ | 701/805 [08:55<01:14,  1.39it/s] 87%|████████▋ | 702/805 [08:56<01:15,  1.36it/s] 87%|████████▋ | 703/805 [08:56<01:15,  1.35it/s] 87%|████████▋ | 704/805 [08:57<01:15,  1.33it/s] 88%|████████▊ | 705/805 [08:58<01:18,  1.27it/s] 88%|████████▊ | 706/805 [08:59<01:16,  1.30it/s] 88%|████████▊ | 707/805 [08:59<01:13,  1.33it/s] 88%|████████▊ | 708/805 [09:00<01:12,  1.34it/s] 88%|████████▊ | 709/805 [09:01<01:16,  1.26it/s] 88%|████████▊ | 710/805 [09:02<01:15,  1.26it/s] 88%|████████▊ | 711/805 [09:03<01:13,  1.28it/s] 88%|████████▊ | 712/805 [09:04<01:17,  1.21it/s] 89%|████████▊ | 713/805 [09:04<01:13,  1.26it/s] 89%|████████▊ | 714/805 [09:05<01:09,  1.31it/s] 89%|████████▉ | 715/805 [09:06<01:08,  1.32it/s] 89%|████████▉ | 716/805 [09:06<01:07,  1.32it/s] 89%|████████▉ | 717/805 [09:07<01:06,  1.32it/s] 89%|████████▉ | 718/805 [09:08<01:11,  1.22it/s] 89%|████████▉ | 719/805 [09:09<01:08,  1.25it/s] 89%|████████▉ | 720/805 [09:10<01:06,  1.29it/s] 90%|████████▉ | 721/805 [09:10<01:04,  1.30it/s] 90%|████████▉ | 722/805 [09:11<01:03,  1.32it/s] 90%|████████▉ | 723/805 [09:12<01:02,  1.32it/s] 90%|████████▉ | 724/805 [09:13<01:01,  1.32it/s] 90%|█████████ | 725/805 [09:13<00:57,  1.40it/s] 90%|█████████ | 726/805 [09:14<00:57,  1.36it/s] 90%|█████████ | 727/805 [09:15<00:58,  1.34it/s] 90%|█████████ | 728/805 [09:16<00:57,  1.34it/s] 91%|█████████ | 729/805 [09:16<00:56,  1.35it/s] 91%|█████████ | 730/805 [09:17<00:56,  1.33it/s] 91%|█████████ | 731/805 [09:18<00:59,  1.23it/s] 91%|█████████ | 732/805 [09:19<00:54,  1.33it/s] 91%|█████████ | 733/805 [09:20<00:57,  1.25it/s] 91%|█████████ | 734/805 [09:20<00:55,  1.28it/s] 91%|█████████▏| 735/805 [09:21<00:53,  1.30it/s] 91%|█████████▏| 736/805 [09:22<00:53,  1.30it/s] 92%|█████████▏| 737/805 [09:23<00:56,  1.21it/s] 92%|█████████▏| 738/805 [09:23<00:53,  1.25it/s] 92%|█████████▏| 739/805 [09:24<00:50,  1.30it/s] 92%|█████████▏| 740/805 [09:25<00:49,  1.30it/s] 92%|█████████▏| 741/805 [09:26<00:49,  1.30it/s] 92%|█████████▏| 742/805 [09:26<00:47,  1.32it/s] 92%|█████████▏| 743/805 [09:27<00:46,  1.32it/s] 92%|█████████▏| 744/805 [09:28<00:49,  1.23it/s] 93%|█████████▎| 745/805 [09:29<00:48,  1.25it/s] 93%|█████████▎| 746/805 [09:30<00:46,  1.27it/s] 93%|█████████▎| 747/805 [09:30<00:45,  1.27it/s] 93%|█████████▎| 748/805 [09:31<00:43,  1.30it/s] 93%|█████████▎| 749/805 [09:32<00:42,  1.31it/s] 93%|█████████▎| 750/805 [09:33<00:44,  1.23it/s] 93%|█████████▎| 751/805 [09:34<00:43,  1.25it/s] 93%|█████████▎| 752/805 [09:34<00:41,  1.26it/s] 94%|█████████▎| 753/805 [09:35<00:41,  1.27it/s] 94%|█████████▎| 754/805 [09:36<00:40,  1.26it/s] 94%|█████████▍| 755/805 [09:37<00:38,  1.28it/s] 94%|█████████▍| 756/805 [09:38<00:37,  1.29it/s] 94%|█████████▍| 757/805 [09:38<00:39,  1.21it/s] 94%|█████████▍| 758/805 [09:39<00:37,  1.25it/s] 94%|█████████▍| 759/805 [09:40<00:36,  1.26it/s] 94%|█████████▍| 760/805 [09:41<00:35,  1.28it/s] 95%|█████████▍| 761/805 [09:41<00:34,  1.28it/s] 95%|█████████▍| 762/805 [09:42<00:32,  1.31it/s] 95%|█████████▍| 763/805 [09:43<00:33,  1.25it/s] 95%|█████████▍| 764/805 [09:44<00:32,  1.26it/s] 95%|█████████▌| 765/805 [09:45<00:31,  1.26it/s] 95%|█████████▌| 766/805 [09:45<00:30,  1.26it/s] 95%|█████████▌| 767/805 [09:46<00:30,  1.26it/s] 95%|█████████▌| 768/805 [09:47<00:27,  1.35it/s] 96%|█████████▌| 769/805 [09:48<00:26,  1.34it/s] 96%|█████████▌| 770/805 [09:49<00:28,  1.24it/s] 96%|█████████▌| 771/805 [09:49<00:27,  1.25it/s] 96%|█████████▌| 772/805 [09:50<00:25,  1.27it/s] 96%|█████████▌| 773/805 [09:51<00:24,  1.31it/s] 96%|█████████▌| 774/805 [09:52<00:23,  1.32it/s] 96%|█████████▋| 775/805 [09:52<00:21,  1.39it/s] 96%|█████████▋| 776/805 [09:53<00:22,  1.30it/s] 97%|█████████▋| 777/805 [09:54<00:21,  1.32it/s] 97%|█████████▋| 778/805 [09:55<00:19,  1.36it/s] 97%|█████████▋| 779/805 [09:55<00:19,  1.34it/s] 97%|█████████▋| 780/805 [09:56<00:18,  1.35it/s] 97%|█████████▋| 781/805 [09:57<00:17,  1.35it/s] 97%|█████████▋| 782/805 [09:57<00:16,  1.38it/s] 97%|█████████▋| 783/805 [09:58<00:17,  1.28it/s] 97%|█████████▋| 784/805 [09:59<00:15,  1.33it/s] 98%|█████████▊| 785/805 [10:00<00:15,  1.32it/s] 98%|█████████▊| 786/805 [10:00<00:13,  1.39it/s] 98%|█████████▊| 787/805 [10:01<00:13,  1.35it/s] 98%|█████████▊| 788/805 [10:02<00:12,  1.36it/s] 98%|█████████▊| 789/805 [10:03<00:12,  1.27it/s] 98%|█████████▊| 790/805 [10:04<00:11,  1.27it/s] 98%|█████████▊| 791/805 [10:04<00:10,  1.37it/s] 98%|█████████▊| 792/805 [10:05<00:09,  1.36it/s] 99%|█████████▊| 793/805 [10:06<00:08,  1.37it/s] 99%|█████████▊| 794/805 [10:06<00:07,  1.38it/s] 99%|█████████▉| 795/805 [10:07<00:07,  1.29it/s] 99%|█████████▉| 796/805 [10:08<00:06,  1.31it/s] 99%|█████████▉| 797/805 [10:09<00:05,  1.34it/s] 99%|█████████▉| 798/805 [10:10<00:05,  1.32it/s] 99%|█████████▉| 799/805 [10:10<00:04,  1.32it/s] 99%|█████████▉| 800/805 [10:11<00:03,  1.36it/s]100%|█████████▉| 801/805 [10:12<00:02,  1.34it/s]100%|█████████▉| 802/805 [10:13<00:02,  1.34it/s]100%|█████████▉| 803/805 [10:13<00:01,  1.33it/s]100%|█████████▉| 804/805 [10:14<00:00,  1.34it/s]100%|██████████| 805/805 [10:15<00:00,  1.26it/s]100%|██████████| 805/805 [10:15<00:00,  1.31it/s]
Model checkpointing attempts: 0.
Stored epoch 0 model checkpoint to ./checkpoints/parquet_dataset/parquet_dataset__model_nlyrs_4_nheads_4_hdim_64__pred_ovrlap_F_npreds_4__nlyrs_2_activ_relunenc_1__lr_0.0002828_start_0.001_final_0_20251112_164804/epoch_0.pth.
Training loss has improved 1 times since last caching the model. Caching now.
##############################Training epoch: 2/10##############################
  0%|          | 0/805 [00:00<?, ?it/s]  0%|          | 1/805 [00:03<53:16,  3.98s/it]  0%|          | 2/805 [00:04<27:57,  2.09s/it]  0%|          | 3/805 [00:05<20:34,  1.54s/it]  0%|          | 4/805 [00:06<16:15,  1.22s/it]  1%|          | 5/805 [00:07<14:09,  1.06s/it]  1%|          | 6/805 [00:07<12:44,  1.05it/s]  1%|          | 7/805 [00:08<11:58,  1.11it/s]  1%|          | 8/805 [00:09<11:12,  1.18it/s]  1%|          | 9/805 [00:10<10:53,  1.22it/s]  1%|          | 10/805 [00:11<11:19,  1.17it/s]  1%|▏         | 11/805 [00:11<10:58,  1.21it/s]  1%|▏         | 12/805 [00:12<11:13,  1.18it/s]  2%|▏         | 13/805 [00:13<10:48,  1.22it/s]  2%|▏         | 14/805 [00:14<10:40,  1.24it/s]  2%|▏         | 15/805 [00:15<10:30,  1.25it/s]  2%|▏         | 16/805 [00:15<10:53,  1.21it/s]  2%|▏         | 17/805 [00:16<10:24,  1.26it/s]  2%|▏         | 18/805 [00:17<09:44,  1.35it/s]  2%|▏         | 19/805 [00:18<09:52,  1.33it/s]  2%|▏         | 20/805 [00:18<09:55,  1.32it/s]  3%|▎         | 21/805 [00:19<09:48,  1.33it/s]  3%|▎         | 22/805 [00:20<09:43,  1.34it/s]  3%|▎         | 23/805 [00:21<09:47,  1.33it/s]  3%|▎         | 24/805 [00:21<09:48,  1.33it/s]  3%|▎         | 25/805 [00:22<09:57,  1.31it/s]  3%|▎         | 26/805 [00:23<09:42,  1.34it/s]  3%|▎         | 27/805 [00:24<09:39,  1.34it/s]  3%|▎         | 28/805 [00:24<09:44,  1.33it/s]  4%|▎         | 29/805 [00:25<10:26,  1.24it/s]  4%|▎         | 30/805 [00:26<10:24,  1.24it/s]  4%|▍         | 31/805 [00:27<10:18,  1.25it/s]  4%|▍         | 32/805 [00:28<10:07,  1.27it/s]  4%|▍         | 33/805 [00:28<09:48,  1.31it/s]  4%|▍         | 34/805 [00:29<09:51,  1.30it/s]  4%|▍         | 35/805 [00:30<09:38,  1.33it/s]  4%|▍         | 36/805 [00:31<10:20,  1.24it/s]  5%|▍         | 37/805 [00:32<10:18,  1.24it/s]  5%|▍         | 38/805 [00:32<09:30,  1.34it/s]  5%|▍         | 39/805 [00:33<09:41,  1.32it/s]  5%|▍         | 40/805 [00:34<09:43,  1.31it/s]  5%|▌         | 41/805 [00:35<09:54,  1.28it/s]  5%|▌         | 42/805 [00:35<10:10,  1.25it/s]  5%|▌         | 43/805 [00:36<10:03,  1.26it/s]  5%|▌         | 44/805 [00:37<09:49,  1.29it/s]  6%|▌         | 45/805 [00:38<09:56,  1.27it/s]  6%|▌         | 46/805 [00:38<09:47,  1.29it/s]  6%|▌         | 47/805 [00:39<09:35,  1.32it/s]  6%|▌         | 48/805 [00:40<09:40,  1.30it/s]  6%|▌         | 49/805 [00:41<10:17,  1.22it/s]  6%|▌         | 50/805 [00:42<09:59,  1.26it/s]  6%|▋         | 51/805 [00:42<09:47,  1.28it/s]  6%|▋         | 52/805 [00:43<09:34,  1.31it/s]  7%|▋         | 53/805 [00:44<09:20,  1.34it/s]  7%|▋         | 54/805 [00:45<09:54,  1.26it/s]  7%|▋         | 55/805 [00:46<09:49,  1.27it/s]  7%|▋         | 56/805 [00:46<09:44,  1.28it/s]  7%|▋         | 57/805 [00:47<09:31,  1.31it/s]  7%|▋         | 58/805 [00:48<09:35,  1.30it/s]  7%|▋         | 59/805 [00:48<09:18,  1.34it/s]  7%|▋         | 60/805 [00:49<09:05,  1.36it/s]  8%|▊         | 61/805 [00:50<09:50,  1.26it/s]  8%|▊         | 62/805 [00:51<09:41,  1.28it/s]  8%|▊         | 63/805 [00:52<09:28,  1.30it/s]  8%|▊         | 64/805 [00:52<09:31,  1.30it/s]  8%|▊         | 65/805 [00:53<09:20,  1.32it/s]  8%|▊         | 66/805 [00:54<09:14,  1.33it/s]  8%|▊         | 67/805 [00:55<09:02,  1.36it/s]  8%|▊         | 68/805 [00:55<09:35,  1.28it/s]  9%|▊         | 69/805 [00:56<09:15,  1.32it/s]  9%|▊         | 70/805 [00:57<09:12,  1.33it/s]  9%|▉         | 71/805 [00:58<09:14,  1.32it/s]  9%|▉         | 72/805 [00:58<09:19,  1.31it/s]  9%|▉         | 73/805 [00:59<09:23,  1.30it/s]  9%|▉         | 74/805 [01:00<10:07,  1.20it/s]  9%|▉         | 75/805 [01:01<09:55,  1.22it/s]  9%|▉         | 76/805 [01:02<09:39,  1.26it/s] 10%|▉         | 77/805 [01:02<09:32,  1.27it/s] 10%|▉         | 78/805 [01:03<09:18,  1.30it/s] 10%|▉         | 79/805 [01:04<09:48,  1.23it/s] 10%|▉         | 80/805 [01:05<09:42,  1.25it/s] 10%|█         | 81/805 [01:06<09:31,  1.27it/s] 10%|█         | 82/805 [01:06<09:21,  1.29it/s] 10%|█         | 83/805 [01:07<09:03,  1.33it/s] 10%|█         | 84/805 [01:08<08:52,  1.35it/s] 11%|█         | 85/805 [01:09<09:02,  1.33it/s] 11%|█         | 86/805 [01:09<09:03,  1.32it/s] 11%|█         | 87/805 [01:10<09:41,  1.24it/s] 11%|█         | 88/805 [01:11<09:34,  1.25it/s] 11%|█         | 89/805 [01:12<09:15,  1.29it/s] 11%|█         | 90/805 [01:13<09:12,  1.29it/s] 11%|█▏        | 91/805 [01:13<09:07,  1.30it/s] 11%|█▏        | 92/805 [01:14<08:56,  1.33it/s] 12%|█▏        | 93/805 [01:15<09:39,  1.23it/s] 12%|█▏        | 94/805 [01:16<09:26,  1.25it/s] 12%|█▏        | 95/805 [01:16<08:42,  1.36it/s] 12%|█▏        | 96/805 [01:17<08:48,  1.34it/s] 12%|█▏        | 97/805 [01:18<08:58,  1.31it/s] 12%|█▏        | 98/805 [01:19<08:53,  1.33it/s] 12%|█▏        | 99/805 [01:20<09:23,  1.25it/s] 12%|█▏        | 100/805 [01:20<09:54,  1.19it/s] 13%|█▎        | 101/805 [01:21<09:44,  1.20it/s] 13%|█▎        | 102/805 [01:22<09:29,  1.23it/s] 13%|█▎        | 103/805 [01:23<09:23,  1.25it/s] 13%|█▎        | 104/805 [01:24<09:01,  1.29it/s] 13%|█▎        | 105/805 [01:24<08:57,  1.30it/s] 13%|█▎        | 106/805 [01:25<09:17,  1.25it/s] 13%|█▎        | 107/805 [01:26<09:15,  1.26it/s] 13%|█▎        | 108/805 [01:27<09:07,  1.27it/s] 14%|█▎        | 109/805 [01:27<08:54,  1.30it/s] 14%|█▎        | 110/805 [01:28<08:50,  1.31it/s] 14%|█▍        | 111/805 [01:29<08:49,  1.31it/s] 14%|█▍        | 112/805 [01:30<08:33,  1.35it/s] 14%|█▍        | 113/805 [01:31<09:05,  1.27it/s] 14%|█▍        | 114/805 [01:31<08:51,  1.30it/s] 14%|█▍        | 115/805 [01:32<08:45,  1.31it/s] 14%|█▍        | 116/805 [01:33<08:40,  1.32it/s] 15%|█▍        | 117/805 [01:33<08:28,  1.35it/s] 15%|█▍        | 118/805 [01:34<07:59,  1.43it/s] 15%|█▍        | 119/805 [01:35<08:39,  1.32it/s] 15%|█▍        | 120/805 [01:36<09:08,  1.25it/s] 15%|█▌        | 121/805 [01:37<08:57,  1.27it/s] 15%|█▌        | 122/805 [01:37<09:22,  1.21it/s] 15%|█▌        | 123/805 [01:38<09:18,  1.22it/s] 15%|█▌        | 124/805 [01:39<08:57,  1.27it/s] 16%|█▌        | 125/805 [01:40<08:55,  1.27it/s] 16%|█▌        | 126/805 [01:41<09:11,  1.23it/s] 16%|█▌        | 127/805 [01:41<08:57,  1.26it/s] 16%|█▌        | 128/805 [01:42<09:20,  1.21it/s] 16%|█▌        | 129/805 [01:43<09:10,  1.23it/s] 16%|█▌        | 130/805 [01:44<08:59,  1.25it/s] 16%|█▋        | 131/805 [01:45<08:42,  1.29it/s] 16%|█▋        | 132/805 [01:45<08:56,  1.26it/s] 17%|█▋        | 133/805 [01:46<08:53,  1.26it/s] 17%|█▋        | 134/805 [01:47<08:41,  1.29it/s] 17%|█▋        | 135/805 [01:48<08:34,  1.30it/s] 17%|█▋        | 136/805 [01:48<08:23,  1.33it/s] 17%|█▋        | 137/805 [01:49<08:25,  1.32it/s] 17%|█▋        | 138/805 [01:50<08:14,  1.35it/s] 17%|█▋        | 139/805 [01:51<08:20,  1.33it/s] 17%|█▋        | 140/805 [01:51<08:11,  1.35it/s] 18%|█▊        | 141/805 [01:52<08:07,  1.36it/s] 18%|█▊        | 142/805 [01:53<08:07,  1.36it/s] 18%|█▊        | 143/805 [01:53<07:47,  1.42it/s] 18%|█▊        | 144/805 [01:54<07:50,  1.41it/s] 18%|█▊        | 145/805 [01:55<08:30,  1.29it/s] 18%|█▊        | 146/805 [01:56<08:27,  1.30it/s] 18%|█▊        | 147/805 [01:57<08:20,  1.31it/s] 18%|█▊        | 148/805 [01:57<08:27,  1.29it/s] 19%|█▊        | 149/805 [01:58<08:19,  1.31it/s] 19%|█▊        | 150/805 [01:59<08:17,  1.32it/s] 19%|█▉        | 151/805 [02:00<08:13,  1.32it/s] 19%|█▉        | 152/805 [02:01<08:48,  1.24it/s] 19%|█▉        | 153/805 [02:01<08:42,  1.25it/s] 19%|█▉        | 154/805 [02:02<08:33,  1.27it/s] 19%|█▉        | 155/805 [02:03<08:21,  1.30it/s] 19%|█▉        | 156/805 [02:04<08:09,  1.33it/s] 20%|█▉        | 157/805 [02:04<08:06,  1.33it/s] 20%|█▉        | 158/805 [02:05<08:32,  1.26it/s] 20%|█▉        | 159/805 [02:06<08:20,  1.29it/s] 20%|█▉        | 160/805 [02:07<08:17,  1.30it/s] 20%|██        | 161/805 [02:07<08:11,  1.31it/s] 20%|██        | 162/805 [02:08<08:13,  1.30it/s] 20%|██        | 163/805 [02:09<08:15,  1.30it/s] 20%|██        | 164/805 [02:10<07:42,  1.38it/s] 20%|██        | 165/805 [02:11<08:11,  1.30it/s] 21%|██        | 166/805 [02:11<07:59,  1.33it/s] 21%|██        | 167/805 [02:12<07:58,  1.33it/s] 21%|██        | 168/805 [02:13<07:52,  1.35it/s] 21%|██        | 169/805 [02:13<07:49,  1.35it/s] 21%|██        | 170/805 [02:14<07:46,  1.36it/s] 21%|██        | 171/805 [02:15<08:21,  1.26it/s] 21%|██▏       | 172/805 [02:16<07:46,  1.36it/s] 21%|██▏       | 173/805 [02:16<07:55,  1.33it/s] 22%|██▏       | 174/805 [02:17<07:51,  1.34it/s] 22%|██▏       | 175/805 [02:18<07:56,  1.32it/s] 22%|██▏       | 176/805 [02:19<07:48,  1.34it/s] 22%|██▏       | 177/805 [02:19<07:45,  1.35it/s] 22%|██▏       | 178/805 [02:20<08:16,  1.26it/s] 22%|██▏       | 179/805 [02:21<08:12,  1.27it/s] 22%|██▏       | 180/805 [02:22<08:12,  1.27it/s] 22%|██▏       | 181/805 [02:23<08:08,  1.28it/s] 23%|██▎       | 182/805 [02:23<07:31,  1.38it/s] 23%|██▎       | 183/805 [02:24<07:39,  1.35it/s] 23%|██▎       | 184/805 [02:25<08:17,  1.25it/s] 23%|██▎       | 185/805 [02:26<08:14,  1.26it/s] 23%|██▎       | 186/805 [02:26<07:37,  1.35it/s] 23%|██▎       | 187/805 [02:27<07:33,  1.36it/s] 23%|██▎       | 188/805 [02:28<07:39,  1.34it/s] 23%|██▎       | 189/805 [02:28<07:17,  1.41it/s] 24%|██▎       | 190/805 [02:29<07:27,  1.37it/s] 24%|██▎       | 191/805 [02:30<08:00,  1.28it/s] 24%|██▍       | 192/805 [02:31<07:59,  1.28it/s] 24%|██▍       | 193/805 [02:32<07:26,  1.37it/s] 24%|██▍       | 194/805 [02:32<07:39,  1.33it/s] 24%|██▍       | 195/805 [02:33<07:42,  1.32it/s] 24%|██▍       | 196/805 [02:34<07:37,  1.33it/s] 24%|██▍       | 197/805 [02:35<08:00,  1.27it/s] 25%|██▍       | 198/805 [02:35<07:45,  1.30it/s] 25%|██▍       | 199/805 [02:36<07:14,  1.40it/s] 25%|██▍       | 200/805 [02:37<07:25,  1.36it/s] 25%|██▍       | 201/805 [02:38<07:29,  1.34it/s] 25%|██▌       | 202/805 [02:38<07:07,  1.41it/s] 25%|██▌       | 203/805 [02:39<07:21,  1.36it/s] 25%|██▌       | 204/805 [02:40<06:58,  1.44it/s] 25%|██▌       | 205/805 [02:40<07:04,  1.41it/s] 26%|██▌       | 206/805 [02:41<07:37,  1.31it/s] 26%|██▌       | 207/805 [02:42<07:34,  1.32it/s] 26%|██▌       | 208/805 [02:43<07:35,  1.31it/s] 26%|██▌       | 209/805 [02:44<07:36,  1.31it/s] 26%|██▌       | 210/805 [02:44<07:58,  1.24it/s] 26%|██▌       | 211/805 [02:45<07:51,  1.26it/s] 26%|██▋       | 212/805 [02:46<07:43,  1.28it/s] 26%|██▋       | 213/805 [02:47<07:42,  1.28it/s] 27%|██▋       | 214/805 [02:48<07:38,  1.29it/s] 27%|██▋       | 215/805 [02:48<07:41,  1.28it/s] 27%|██▋       | 216/805 [02:49<07:58,  1.23it/s] 27%|██▋       | 217/805 [02:50<07:28,  1.31it/s] 27%|██▋       | 218/805 [02:50<06:58,  1.40it/s] 27%|██▋       | 219/805 [02:51<06:38,  1.47it/s] 27%|██▋       | 220/805 [02:52<06:58,  1.40it/s] 27%|██▋       | 221/805 [02:52<06:37,  1.47it/s] 28%|██▊       | 222/805 [02:53<06:41,  1.45it/s] 28%|██▊       | 223/805 [02:54<07:07,  1.36it/s] 28%|██▊       | 224/805 [02:55<07:10,  1.35it/s] 28%|██▊       | 225/805 [02:56<07:16,  1.33it/s] 28%|██▊       | 226/805 [02:56<07:09,  1.35it/s] 28%|██▊       | 227/805 [02:57<07:06,  1.36it/s] 28%|██▊       | 228/805 [02:58<07:10,  1.34it/s] 28%|██▊       | 229/805 [02:59<07:38,  1.26it/s] 29%|██▊       | 230/805 [02:59<07:25,  1.29it/s] 29%|██▊       | 231/805 [03:00<06:56,  1.38it/s] 29%|██▉       | 232/805 [03:01<07:00,  1.36it/s] 29%|██▉       | 233/805 [03:01<07:00,  1.36it/s] 29%|██▉       | 234/805 [03:02<07:03,  1.35it/s] 29%|██▉       | 235/805 [03:03<07:23,  1.28it/s] 29%|██▉       | 236/805 [03:04<07:15,  1.31it/s] 29%|██▉       | 237/805 [03:05<07:08,  1.33it/s] 30%|██▉       | 238/805 [03:05<06:39,  1.42it/s] 30%|██▉       | 239/805 [03:06<06:37,  1.42it/s] 30%|██▉       | 240/805 [03:07<06:48,  1.38it/s] 30%|██▉       | 241/805 [03:07<07:12,  1.30it/s] 30%|███       | 242/805 [03:08<07:06,  1.32it/s] 30%|███       | 243/805 [03:09<06:44,  1.39it/s] 30%|███       | 244/805 [03:10<06:55,  1.35it/s] 30%|███       | 245/805 [03:10<06:30,  1.43it/s] 31%|███       | 246/805 [03:11<06:38,  1.40it/s] 31%|███       | 247/805 [03:12<06:47,  1.37it/s] 31%|███       | 248/805 [03:13<07:11,  1.29it/s] 31%|███       | 249/805 [03:13<07:15,  1.28it/s] 31%|███       | 250/805 [03:14<07:10,  1.29it/s] 31%|███       | 251/805 [03:15<07:09,  1.29it/s] 31%|███▏      | 252/805 [03:16<07:09,  1.29it/s] 31%|███▏      | 253/805 [03:17<07:05,  1.30it/s] 32%|███▏      | 254/805 [03:17<07:35,  1.21it/s] 32%|███▏      | 255/805 [03:18<07:12,  1.27it/s] 32%|███▏      | 256/805 [03:19<07:02,  1.30it/s] 32%|███▏      | 257/805 [03:20<06:59,  1.31it/s] 32%|███▏      | 258/805 [03:20<06:46,  1.35it/s] 32%|███▏      | 259/805 [03:21<06:46,  1.34it/s] 32%|███▏      | 260/805 [03:22<06:25,  1.41it/s] 32%|███▏      | 261/805 [03:22<06:35,  1.37it/s] 33%|███▎      | 262/805 [03:23<06:36,  1.37it/s] 33%|███▎      | 263/805 [03:24<06:37,  1.36it/s] 33%|███▎      | 264/805 [03:25<06:48,  1.33it/s] 33%|███▎      | 265/805 [03:25<06:36,  1.36it/s] 33%|███▎      | 266/805 [03:26<06:36,  1.36it/s] 33%|███▎      | 267/805 [03:27<07:05,  1.27it/s] 33%|███▎      | 268/805 [03:28<07:01,  1.27it/s] 33%|███▎      | 269/805 [03:29<07:03,  1.27it/s] 34%|███▎      | 270/805 [03:29<07:01,  1.27it/s] 34%|███▎      | 271/805 [03:30<06:58,  1.28it/s] 34%|███▍      | 272/805 [03:31<06:59,  1.27it/s] 34%|███▍      | 273/805 [03:32<06:57,  1.27it/s] 34%|███▍      | 274/805 [03:33<07:22,  1.20it/s] 34%|███▍      | 275/805 [03:34<07:07,  1.24it/s] 34%|███▍      | 276/805 [03:34<06:56,  1.27it/s] 34%|███▍      | 277/805 [03:35<06:45,  1.30it/s] 35%|███▍      | 278/805 [03:36<06:38,  1.32it/s] 35%|███▍      | 279/805 [03:36<06:15,  1.40it/s] 35%|███▍      | 280/805 [03:37<06:52,  1.27it/s] 35%|███▍      | 281/805 [03:38<06:35,  1.32it/s] 35%|███▌      | 282/805 [03:39<06:27,  1.35it/s] 35%|███▌      | 283/805 [03:39<06:20,  1.37it/s] 35%|███▌      | 284/805 [03:40<06:19,  1.37it/s] 35%|███▌      | 285/805 [03:41<06:19,  1.37it/s] 36%|███▌      | 286/805 [03:42<06:40,  1.30it/s] 36%|███▌      | 287/805 [03:43<06:59,  1.23it/s] 36%|███▌      | 288/805 [03:43<06:56,  1.24it/s] 36%|███▌      | 289/805 [03:44<06:24,  1.34it/s] 36%|███▌      | 290/805 [03:45<06:28,  1.33it/s] 36%|███▌      | 291/805 [03:45<06:04,  1.41it/s] 36%|███▋      | 292/805 [03:46<06:28,  1.32it/s] 36%|███▋      | 293/805 [03:47<06:22,  1.34it/s] 37%|███▋      | 294/805 [03:48<06:25,  1.33it/s] 37%|███▋      | 295/805 [03:48<06:21,  1.34it/s] 37%|███▋      | 296/805 [03:49<06:11,  1.37it/s] 37%|███▋      | 297/805 [03:50<06:18,  1.34it/s] 37%|███▋      | 298/805 [03:51<06:15,  1.35it/s] 37%|███▋      | 299/805 [03:51<06:15,  1.35it/s] 37%|███▋      | 300/805 [03:52<06:15,  1.35it/s] 37%|███▋      | 301/805 [03:53<06:06,  1.37it/s] 38%|███▊      | 302/805 [03:53<05:44,  1.46it/s] 38%|███▊      | 303/805 [03:54<05:51,  1.43it/s] 38%|███▊      | 304/805 [03:55<05:38,  1.48it/s] 38%|███▊      | 305/805 [03:56<06:09,  1.35it/s] 38%|███▊      | 306/805 [03:56<06:16,  1.33it/s] 38%|███▊      | 307/805 [03:57<06:10,  1.35it/s] 38%|███▊      | 308/805 [03:58<06:06,  1.35it/s] 38%|███▊      | 309/805 [03:59<05:45,  1.44it/s] 39%|███▊      | 310/805 [03:59<05:58,  1.38it/s] 39%|███▊      | 311/805 [04:00<06:08,  1.34it/s] 39%|███▉      | 312/805 [04:01<06:45,  1.21it/s] 39%|███▉      | 313/805 [04:02<06:40,  1.23it/s] 39%|███▉      | 314/805 [04:03<06:31,  1.25it/s] 39%|███▉      | 315/805 [04:03<06:15,  1.31it/s] 39%|███▉      | 316/805 [04:04<06:12,  1.31it/s] 39%|███▉      | 317/805 [04:05<06:15,  1.30it/s] 40%|███▉      | 318/805 [04:06<06:34,  1.23it/s] 40%|███▉      | 319/805 [04:06<06:20,  1.28it/s] 40%|███▉      | 320/805 [04:07<06:22,  1.27it/s] 40%|███▉      | 321/805 [04:08<05:58,  1.35it/s] 40%|████      | 322/805 [04:09<05:55,  1.36it/s] 40%|████      | 323/805 [04:09<05:58,  1.35it/s] 40%|████      | 324/805 [04:10<06:14,  1.28it/s] 40%|████      | 325/805 [04:11<06:07,  1.30it/s] 40%|████      | 326/805 [04:12<06:00,  1.33it/s] 41%|████      | 327/805 [04:12<05:53,  1.35it/s] 41%|████      | 328/805 [04:13<05:59,  1.33it/s] 41%|████      | 329/805 [04:14<05:40,  1.40it/s] 41%|████      | 330/805 [04:15<06:06,  1.30it/s] 41%|████      | 331/805 [04:16<06:28,  1.22it/s] 41%|████      | 332/805 [04:16<06:12,  1.27it/s] 41%|████▏     | 333/805 [04:17<06:02,  1.30it/s] 41%|████▏     | 334/805 [04:18<05:38,  1.39it/s] 42%|████▏     | 335/805 [04:18<05:41,  1.37it/s] 42%|████▏     | 336/805 [04:19<05:20,  1.46it/s] 42%|████▏     | 337/805 [04:20<05:31,  1.41it/s] 42%|████▏     | 338/805 [04:21<05:33,  1.40it/s] 42%|████▏     | 339/805 [04:21<05:32,  1.40it/s] 42%|████▏     | 340/805 [04:22<05:31,  1.40it/s] 42%|████▏     | 341/805 [04:23<05:40,  1.36it/s] 42%|████▏     | 342/805 [04:23<05:36,  1.38it/s] 43%|████▎     | 343/805 [04:24<05:58,  1.29it/s] 43%|████▎     | 344/805 [04:25<05:55,  1.29it/s] 43%|████▎     | 345/805 [04:26<05:54,  1.30it/s] 43%|████▎     | 346/805 [04:27<05:48,  1.32it/s] 43%|████▎     | 347/805 [04:27<05:30,  1.39it/s] 43%|████▎     | 348/805 [04:28<05:37,  1.35it/s] 43%|████▎     | 349/805 [04:29<05:55,  1.28it/s] 43%|████▎     | 350/805 [04:30<05:34,  1.36it/s] 44%|████▎     | 351/805 [04:30<05:39,  1.34it/s] 44%|████▎     | 352/805 [04:31<05:37,  1.34it/s] 44%|████▍     | 353/805 [04:32<05:40,  1.33it/s] 44%|████▍     | 354/805 [04:33<05:37,  1.34it/s] 44%|████▍     | 355/805 [04:33<05:30,  1.36it/s] 44%|████▍     | 356/805 [04:34<05:49,  1.29it/s] 44%|████▍     | 357/805 [04:35<05:22,  1.39it/s] 44%|████▍     | 358/805 [04:35<05:27,  1.37it/s] 45%|████▍     | 359/805 [04:36<05:21,  1.39it/s] 45%|████▍     | 360/805 [04:37<05:08,  1.44it/s] 45%|████▍     | 361/805 [04:38<05:08,  1.44it/s] 45%|████▍     | 362/805 [04:38<05:37,  1.31it/s] 45%|████▌     | 363/805 [04:39<05:30,  1.34it/s] 45%|████▌     | 364/805 [04:40<05:32,  1.32it/s] 45%|████▌     | 365/805 [04:41<05:27,  1.35it/s] 45%|████▌     | 366/805 [04:41<05:19,  1.37it/s] 46%|████▌     | 367/805 [04:42<05:25,  1.35it/s] 46%|████▌     | 368/805 [04:43<05:48,  1.25it/s] 46%|████▌     | 369/805 [04:44<05:39,  1.28it/s] 46%|████▌     | 370/805 [04:45<05:40,  1.28it/s] 46%|████▌     | 371/805 [04:45<05:32,  1.30it/s] 46%|████▌     | 372/805 [04:46<05:28,  1.32it/s] 46%|████▋     | 373/805 [04:47<05:29,  1.31it/s] 46%|████▋     | 374/805 [04:48<05:28,  1.31it/s] 47%|████▋     | 375/805 [04:49<05:52,  1.22it/s] 47%|████▋     | 376/805 [04:49<05:43,  1.25it/s] 47%|████▋     | 377/805 [04:50<05:31,  1.29it/s] 47%|████▋     | 378/805 [04:51<05:07,  1.39it/s] 47%|████▋     | 379/805 [04:51<05:05,  1.39it/s] 47%|████▋     | 380/805 [04:52<05:14,  1.35it/s] 47%|████▋     | 381/805 [04:53<05:20,  1.32it/s] 47%|████▋     | 382/805 [04:54<05:20,  1.32it/s] 48%|████▊     | 383/805 [04:54<05:21,  1.31it/s] 48%|████▊     | 384/805 [04:55<05:13,  1.34it/s] 48%|████▊     | 385/805 [04:56<05:11,  1.35it/s] 48%|████▊     | 386/805 [04:57<05:15,  1.33it/s] 48%|████▊     | 387/805 [04:58<05:35,  1.25it/s] 48%|████▊     | 388/805 [04:58<05:29,  1.27it/s] 48%|████▊     | 389/805 [04:59<05:21,  1.29it/s] 48%|████▊     | 390/805 [05:00<05:20,  1.30it/s] 49%|████▊     | 391/805 [05:01<05:17,  1.30it/s] 49%|████▊     | 392/805 [05:01<05:07,  1.34it/s] 49%|████▉     | 393/805 [05:02<05:30,  1.25it/s] 49%|████▉     | 394/805 [05:03<05:28,  1.25it/s] 49%|████▉     | 395/805 [05:04<05:22,  1.27it/s] 49%|████▉     | 396/805 [05:05<05:19,  1.28it/s] 49%|████▉     | 397/805 [05:05<05:21,  1.27it/s] 49%|████▉     | 398/805 [05:06<05:08,  1.32it/s] 50%|████▉     | 399/805 [05:07<05:07,  1.32it/s] 50%|████▉     | 400/805 [05:08<05:22,  1.26it/s] 50%|████▉     | 401/805 [05:08<05:11,  1.30it/s] 50%|████▉     | 402/805 [05:09<05:11,  1.30it/s] 50%|█████     | 403/805 [05:10<05:03,  1.33it/s] 50%|█████     | 404/805 [05:11<04:54,  1.36it/s] 50%|█████     | 405/805 [05:11<04:54,  1.36it/s] 50%|█████     | 406/805 [05:12<05:20,  1.24it/s] 51%|█████     | 407/805 [05:13<05:14,  1.27it/s] 51%|█████     | 408/805 [05:14<05:08,  1.29it/s] 51%|█████     | 409/805 [05:15<05:06,  1.29it/s] 51%|█████     | 410/805 [05:15<04:46,  1.38it/s] 51%|█████     | 411/805 [05:16<04:47,  1.37it/s] 51%|█████     | 412/805 [05:17<04:55,  1.33it/s] 51%|█████▏    | 413/805 [05:18<05:08,  1.27it/s] 51%|█████▏    | 414/805 [05:18<05:05,  1.28it/s] 52%|█████▏    | 415/805 [05:19<04:57,  1.31it/s] 52%|█████▏    | 416/805 [05:20<04:37,  1.40it/s] 52%|█████▏    | 417/805 [05:20<04:37,  1.40it/s] 52%|█████▏    | 418/805 [05:21<04:39,  1.38it/s] 52%|█████▏    | 419/805 [05:22<05:04,  1.27it/s] 52%|█████▏    | 420/805 [05:23<04:56,  1.30it/s] 52%|█████▏    | 421/805 [05:24<04:54,  1.30it/s] 52%|█████▏    | 422/805 [05:24<04:52,  1.31it/s] 53%|█████▎    | 423/805 [05:25<04:52,  1.31it/s] 53%|█████▎    | 424/805 [05:26<04:51,  1.31it/s] 53%|█████▎    | 425/805 [05:27<04:48,  1.32it/s] 53%|█████▎    | 426/805 [05:28<05:24,  1.17it/s] 53%|█████▎    | 427/805 [05:28<05:11,  1.21it/s] 53%|█████▎    | 428/805 [05:29<05:01,  1.25it/s] 53%|█████▎    | 429/805 [05:30<04:53,  1.28it/s] 53%|█████▎    | 430/805 [05:30<04:33,  1.37it/s] 54%|█████▎    | 431/805 [05:31<04:28,  1.39it/s] 54%|█████▎    | 432/805 [05:32<04:32,  1.37it/s] 54%|█████▍    | 433/805 [05:33<04:17,  1.44it/s] 54%|█████▍    | 434/805 [05:33<04:24,  1.40it/s] 54%|█████▍    | 435/805 [05:34<04:30,  1.37it/s] 54%|█████▍    | 436/805 [05:35<04:49,  1.28it/s] 54%|█████▍    | 437/805 [05:36<04:30,  1.36it/s] 54%|█████▍    | 438/805 [05:36<04:37,  1.32it/s] 55%|█████▍    | 439/805 [05:37<04:51,  1.25it/s] 55%|█████▍    | 440/805 [05:38<04:40,  1.30it/s] 55%|█████▍    | 441/805 [05:39<04:35,  1.32it/s] 55%|█████▍    | 442/805 [05:39<04:36,  1.31it/s] 55%|█████▌    | 443/805 [05:40<04:36,  1.31it/s] 55%|█████▌    | 444/805 [05:41<04:34,  1.32it/s] 55%|█████▌    | 445/805 [05:42<04:44,  1.27it/s] 55%|█████▌    | 446/805 [05:42<04:23,  1.36it/s] 56%|█████▌    | 447/805 [05:43<04:07,  1.45it/s] 56%|█████▌    | 448/805 [05:44<04:11,  1.42it/s] 56%|█████▌    | 449/805 [05:45<04:20,  1.37it/s] 56%|█████▌    | 450/805 [05:45<04:19,  1.37it/s] 56%|█████▌    | 451/805 [05:46<04:39,  1.27it/s] 56%|█████▌    | 452/805 [05:47<04:28,  1.31it/s] 56%|█████▋    | 453/805 [05:48<04:21,  1.35it/s] 56%|█████▋    | 454/805 [05:48<04:23,  1.33it/s] 57%|█████▋    | 455/805 [05:49<04:23,  1.33it/s] 57%|█████▋    | 456/805 [05:50<04:26,  1.31it/s] 57%|█████▋    | 457/805 [05:51<04:18,  1.35it/s] 57%|█████▋    | 458/805 [05:52<04:34,  1.27it/s] 57%|█████▋    | 459/805 [05:52<04:28,  1.29it/s] 57%|█████▋    | 460/805 [05:53<04:24,  1.30it/s] 57%|█████▋    | 461/805 [05:54<04:16,  1.34it/s] 57%|█████▋    | 462/805 [05:54<04:14,  1.35it/s] 58%|█████▊    | 463/805 [05:55<04:15,  1.34it/s] 58%|█████▊    | 464/805 [05:56<04:32,  1.25it/s] 58%|█████▊    | 465/805 [05:57<04:24,  1.28it/s] 58%|█████▊    | 466/805 [05:58<04:21,  1.29it/s] 58%|█████▊    | 467/805 [05:58<04:20,  1.30it/s] 58%|█████▊    | 468/805 [05:59<04:11,  1.34it/s] 58%|█████▊    | 469/805 [06:00<04:12,  1.33it/s] 58%|█████▊    | 470/805 [06:01<04:31,  1.24it/s] 59%|█████▊    | 471/805 [06:02<04:28,  1.24it/s] 59%|█████▊    | 472/805 [06:02<04:23,  1.26it/s] 59%|█████▉    | 473/805 [06:03<04:08,  1.33it/s] 59%|█████▉    | 474/805 [06:04<04:13,  1.31it/s] 59%|█████▉    | 475/805 [06:05<04:09,  1.32it/s] 59%|█████▉    | 476/805 [06:05<04:05,  1.34it/s] 59%|█████▉    | 477/805 [06:06<04:18,  1.27it/s] 59%|█████▉    | 478/805 [06:07<04:13,  1.29it/s] 60%|█████▉    | 479/805 [06:08<04:09,  1.31it/s] 60%|█████▉    | 480/805 [06:08<03:54,  1.38it/s] 60%|█████▉    | 481/805 [06:09<04:00,  1.35it/s] 60%|█████▉    | 482/805 [06:10<04:03,  1.33it/s] 60%|██████    | 483/805 [06:11<04:02,  1.33it/s] 60%|██████    | 484/805 [06:11<03:55,  1.36it/s] 60%|██████    | 485/805 [06:12<03:59,  1.34it/s] 60%|██████    | 486/805 [06:13<04:02,  1.32it/s] 60%|██████    | 487/805 [06:14<04:01,  1.32it/s] 61%|██████    | 488/805 [06:14<03:54,  1.35it/s] 61%|██████    | 489/805 [06:15<03:59,  1.32it/s] 61%|██████    | 490/805 [06:16<03:43,  1.41it/s] 61%|██████    | 491/805 [06:16<03:46,  1.39it/s] 61%|██████    | 492/805 [06:17<03:48,  1.37it/s] 61%|██████    | 493/805 [06:18<03:47,  1.37it/s] 61%|██████▏   | 494/805 [06:19<03:46,  1.37it/s] 61%|██████▏   | 495/805 [06:19<03:51,  1.34it/s] 62%|██████▏   | 496/805 [06:20<04:03,  1.27it/s] 62%|██████▏   | 497/805 [06:21<04:01,  1.27it/s] 62%|██████▏   | 498/805 [06:22<03:59,  1.28it/s] 62%|██████▏   | 499/805 [06:23<03:52,  1.32it/s] 62%|██████▏   | 500/805 [06:23<03:47,  1.34it/s] 62%|██████▏   | 501/805 [06:24<03:46,  1.34it/s] 62%|██████▏   | 502/805 [06:25<04:13,  1.19it/s] 62%|██████▏   | 503/805 [06:26<04:06,  1.22it/s] 63%|██████▎   | 504/805 [06:27<04:00,  1.25it/s] 63%|██████▎   | 505/805 [06:27<03:54,  1.28it/s] 63%|██████▎   | 506/805 [06:28<03:37,  1.37it/s] 63%|██████▎   | 507/805 [06:29<03:27,  1.43it/s] 63%|██████▎   | 508/805 [06:29<03:44,  1.32it/s] 63%|██████▎   | 509/805 [06:30<03:38,  1.35it/s] 63%|██████▎   | 510/805 [06:31<03:42,  1.33it/s] 63%|██████▎   | 511/805 [06:32<03:26,  1.42it/s] 64%|██████▎   | 512/805 [06:32<03:32,  1.38it/s] 64%|██████▎   | 513/805 [06:33<03:38,  1.33it/s] 64%|██████▍   | 514/805 [06:34<03:50,  1.26it/s] 64%|██████▍   | 515/805 [06:35<03:47,  1.28it/s] 64%|██████▍   | 516/805 [06:36<03:43,  1.29it/s] 64%|██████▍   | 517/805 [06:36<03:42,  1.29it/s] 64%|██████▍   | 518/805 [06:37<03:40,  1.30it/s] 64%|██████▍   | 519/805 [06:38<03:24,  1.40it/s] 65%|██████▍   | 520/805 [06:38<03:26,  1.38it/s] 65%|██████▍   | 521/805 [06:39<03:40,  1.29it/s] 65%|██████▍   | 522/805 [06:40<03:38,  1.29it/s] 65%|██████▍   | 523/805 [06:41<03:35,  1.31it/s] 65%|██████▌   | 524/805 [06:42<03:31,  1.33it/s] 65%|██████▌   | 525/805 [06:42<03:33,  1.31it/s] 65%|██████▌   | 526/805 [06:43<03:34,  1.30it/s] 65%|██████▌   | 527/805 [06:44<03:49,  1.21it/s] 66%|██████▌   | 528/805 [06:45<03:37,  1.27it/s] 66%|██████▌   | 529/805 [06:45<03:33,  1.29it/s] 66%|██████▌   | 530/805 [06:46<03:27,  1.33it/s] 66%|██████▌   | 531/805 [06:47<03:28,  1.31it/s] 66%|██████▌   | 532/805 [06:48<03:27,  1.31it/s] 66%|██████▌   | 533/805 [06:49<03:35,  1.26it/s] 66%|██████▋   | 534/805 [06:49<03:32,  1.28it/s] 66%|██████▋   | 535/805 [06:50<03:33,  1.27it/s] 67%|██████▋   | 536/805 [06:51<03:30,  1.28it/s] 67%|██████▋   | 537/805 [06:52<03:29,  1.28it/s] 67%|██████▋   | 538/805 [06:52<03:14,  1.37it/s] 67%|██████▋   | 539/805 [06:53<03:12,  1.39it/s] 67%|██████▋   | 540/805 [06:54<03:22,  1.31it/s] 67%|██████▋   | 541/805 [06:55<03:19,  1.32it/s] 67%|██████▋   | 542/805 [06:55<03:16,  1.34it/s] 67%|██████▋   | 543/805 [06:56<03:16,  1.33it/s] 68%|██████▊   | 544/805 [06:57<03:16,  1.33it/s] 68%|██████▊   | 545/805 [06:58<03:13,  1.34it/s] 68%|██████▊   | 546/805 [06:59<03:30,  1.23it/s] 68%|██████▊   | 547/805 [06:59<03:25,  1.26it/s] 68%|██████▊   | 548/805 [07:00<03:20,  1.28it/s] 68%|██████▊   | 549/805 [07:01<03:18,  1.29it/s] 68%|██████▊   | 550/805 [07:02<03:13,  1.32it/s] 68%|██████▊   | 551/805 [07:02<03:15,  1.30it/s] 69%|██████▊   | 552/805 [07:03<03:30,  1.20it/s] 69%|██████▊   | 553/805 [07:04<03:22,  1.25it/s] 69%|██████▉   | 554/805 [07:05<03:16,  1.27it/s] 69%|██████▉   | 555/805 [07:06<03:11,  1.30it/s] 69%|██████▉   | 556/805 [07:06<03:10,  1.31it/s] 69%|██████▉   | 557/805 [07:07<03:07,  1.32it/s] 69%|██████▉   | 558/805 [07:08<03:08,  1.31it/s] 69%|██████▉   | 559/805 [07:09<03:17,  1.24it/s] 70%|██████▉   | 560/805 [07:09<03:11,  1.28it/s] 70%|██████▉   | 561/805 [07:10<03:19,  1.23it/s] 70%|██████▉   | 562/805 [07:11<03:16,  1.23it/s] 70%|██████▉   | 563/805 [07:12<03:13,  1.25it/s] 70%|███████   | 564/805 [07:13<03:08,  1.28it/s] 70%|███████   | 565/805 [07:13<03:13,  1.24it/s] 70%|███████   | 566/805 [07:14<03:09,  1.26it/s] 70%|███████   | 567/805 [07:15<03:07,  1.27it/s] 71%|███████   | 568/805 [07:16<03:01,  1.30it/s] 71%|███████   | 569/805 [07:17<03:01,  1.30it/s] 71%|███████   | 570/805 [07:17<03:01,  1.30it/s] 71%|███████   | 571/805 [07:18<03:01,  1.29it/s] 71%|███████   | 572/805 [07:19<03:11,  1.22it/s] 71%|███████   | 573/805 [07:20<03:04,  1.26it/s] 71%|███████▏  | 574/805 [07:21<03:02,  1.27it/s] 71%|███████▏  | 575/805 [07:21<02:56,  1.30it/s] 72%|███████▏  | 576/805 [07:22<02:55,  1.31it/s] 72%|███████▏  | 577/805 [07:23<02:49,  1.34it/s] 72%|███████▏  | 578/805 [07:24<03:02,  1.24it/s] 72%|███████▏  | 579/805 [07:24<02:57,  1.27it/s] 72%|███████▏  | 580/805 [07:25<02:54,  1.29it/s] 72%|███████▏  | 581/805 [07:26<02:49,  1.32it/s] 72%|███████▏  | 582/805 [07:27<02:50,  1.31it/s] 72%|███████▏  | 583/805 [07:27<02:50,  1.30it/s] 73%|███████▎  | 584/805 [07:28<02:48,  1.31it/s] 73%|███████▎  | 585/805 [07:29<03:01,  1.21it/s] 73%|███████▎  | 586/805 [07:30<02:54,  1.26it/s] 73%|███████▎  | 587/805 [07:31<02:49,  1.29it/s] 73%|███████▎  | 588/805 [07:31<02:48,  1.29it/s] 73%|███████▎  | 589/805 [07:32<02:45,  1.31it/s] 73%|███████▎  | 590/805 [07:33<02:46,  1.29it/s] 73%|███████▎  | 591/805 [07:34<02:57,  1.21it/s] 74%|███████▎  | 592/805 [07:35<02:53,  1.23it/s] 74%|███████▎  | 593/805 [07:35<02:46,  1.27it/s] 74%|███████▍  | 594/805 [07:36<02:44,  1.28it/s] 74%|███████▍  | 595/805 [07:37<02:40,  1.31it/s] 74%|███████▍  | 596/805 [07:38<02:39,  1.31it/s] 74%|███████▍  | 597/805 [07:39<02:48,  1.24it/s] 74%|███████▍  | 598/805 [07:39<02:41,  1.28it/s] 74%|███████▍  | 599/805 [07:40<02:39,  1.29it/s] 75%|███████▍  | 600/805 [07:41<02:38,  1.29it/s] 75%|███████▍  | 601/805 [07:42<02:36,  1.30it/s] 75%|███████▍  | 602/805 [07:42<02:32,  1.34it/s] 75%|███████▍  | 603/805 [07:43<02:31,  1.34it/s] 75%|███████▌  | 604/805 [07:44<02:49,  1.19it/s] 75%|███████▌  | 605/805 [07:45<02:41,  1.24it/s] 75%|███████▌  | 606/805 [07:45<02:31,  1.32it/s] 75%|███████▌  | 607/805 [07:46<02:27,  1.34it/s] 76%|███████▌  | 608/805 [07:47<02:18,  1.42it/s] 76%|███████▌  | 609/805 [07:47<02:20,  1.40it/s] 76%|███████▌  | 610/805 [07:48<02:30,  1.30it/s] 76%|███████▌  | 611/805 [07:49<02:39,  1.22it/s] 76%|███████▌  | 612/805 [07:50<02:35,  1.24it/s] 76%|███████▌  | 613/805 [07:51<02:30,  1.27it/s] 76%|███████▋  | 614/805 [07:51<02:18,  1.38it/s] 76%|███████▋  | 615/805 [07:52<02:21,  1.35it/s] 77%|███████▋  | 616/805 [07:53<02:19,  1.36it/s] 77%|███████▋  | 617/805 [07:54<02:27,  1.28it/s] 77%|███████▋  | 618/805 [07:55<02:22,  1.31it/s] 77%|███████▋  | 619/805 [07:55<02:22,  1.31it/s] 77%|███████▋  | 620/805 [07:56<02:29,  1.24it/s] 77%|███████▋  | 621/805 [07:57<02:24,  1.27it/s] 77%|███████▋  | 622/805 [07:58<02:21,  1.29it/s] 77%|███████▋  | 623/805 [07:59<02:30,  1.21it/s] 78%|███████▊  | 624/805 [07:59<02:25,  1.25it/s] 78%|███████▊  | 625/805 [08:00<02:24,  1.25it/s] 78%|███████▊  | 626/805 [08:01<02:20,  1.28it/s] 78%|███████▊  | 627/805 [08:02<02:18,  1.29it/s] 78%|███████▊  | 628/805 [08:02<02:16,  1.30it/s] 78%|███████▊  | 629/805 [08:03<02:11,  1.34it/s] 78%|███████▊  | 630/805 [08:04<02:12,  1.33it/s] 78%|███████▊  | 631/805 [08:05<02:11,  1.32it/s] 79%|███████▊  | 632/805 [08:05<02:09,  1.33it/s] 79%|███████▊  | 633/805 [08:06<02:09,  1.33it/s] 79%|███████▉  | 634/805 [08:07<02:10,  1.31it/s] 79%|███████▉  | 635/805 [08:08<02:03,  1.38it/s] 79%|███████▉  | 636/805 [08:08<02:09,  1.30it/s] 79%|███████▉  | 637/805 [08:09<02:09,  1.29it/s] 79%|███████▉  | 638/805 [08:10<02:07,  1.31it/s] 79%|███████▉  | 639/805 [08:11<02:13,  1.24it/s] 80%|███████▉  | 640/805 [08:12<02:10,  1.26it/s] 80%|███████▉  | 641/805 [08:12<02:07,  1.29it/s] 80%|███████▉  | 642/805 [08:13<02:20,  1.16it/s] 80%|███████▉  | 643/805 [08:14<02:15,  1.19it/s] 80%|████████  | 644/805 [08:15<02:10,  1.23it/s] 80%|████████  | 645/805 [08:16<02:07,  1.25it/s] 80%|████████  | 646/805 [08:16<02:04,  1.27it/s] 80%|████████  | 647/805 [08:17<02:00,  1.31it/s] 80%|████████  | 648/805 [08:18<02:01,  1.30it/s] 81%|████████  | 649/805 [08:19<02:08,  1.22it/s] 81%|████████  | 650/805 [08:20<02:04,  1.25it/s] 81%|████████  | 651/805 [08:20<02:00,  1.28it/s] 81%|████████  | 652/805 [08:21<01:52,  1.36it/s] 81%|████████  | 653/805 [08:22<01:52,  1.35it/s] 81%|████████  | 654/805 [08:23<01:52,  1.34it/s] 81%|████████▏ | 655/805 [08:23<01:58,  1.26it/s] 81%|████████▏ | 656/805 [08:24<01:57,  1.27it/s] 82%|████████▏ | 657/805 [08:25<01:53,  1.30it/s] 82%|████████▏ | 658/805 [08:26<01:52,  1.31it/s] 82%|████████▏ | 659/805 [08:26<01:50,  1.32it/s] 82%|████████▏ | 660/805 [08:27<01:50,  1.32it/s] 82%|████████▏ | 661/805 [08:28<01:55,  1.24it/s] 82%|████████▏ | 662/805 [08:29<01:58,  1.20it/s] 82%|████████▏ | 663/805 [08:30<01:52,  1.26it/s] 82%|████████▏ | 664/805 [08:30<01:50,  1.27it/s] 83%|████████▎ | 665/805 [08:31<01:49,  1.28it/s] 83%|████████▎ | 666/805 [08:32<01:46,  1.31it/s] 83%|████████▎ | 667/805 [08:33<01:45,  1.30it/s] 83%|████████▎ | 668/805 [08:34<01:46,  1.29it/s] 83%|████████▎ | 669/805 [08:34<01:42,  1.32it/s] 83%|████████▎ | 670/805 [08:35<01:40,  1.34it/s] 83%|████████▎ | 671/805 [08:36<01:39,  1.35it/s] 83%|████████▎ | 672/805 [08:36<01:33,  1.43it/s] 84%|████████▎ | 673/805 [08:37<01:33,  1.41it/s] 84%|████████▎ | 674/805 [08:38<01:43,  1.26it/s] 84%|████████▍ | 675/805 [08:39<01:41,  1.28it/s] 84%|████████▍ | 676/805 [08:40<01:45,  1.22it/s] 84%|████████▍ | 677/805 [08:40<01:38,  1.30it/s] 84%|████████▍ | 678/805 [08:41<01:34,  1.34it/s] 84%|████████▍ | 679/805 [08:42<01:33,  1.35it/s] 84%|████████▍ | 680/805 [08:42<01:32,  1.36it/s] 85%|████████▍ | 681/805 [08:43<01:37,  1.27it/s] 85%|████████▍ | 682/805 [08:44<01:36,  1.28it/s] 85%|████████▍ | 683/805 [08:45<01:34,  1.29it/s] 85%|████████▍ | 684/805 [08:46<01:33,  1.29it/s] 85%|████████▌ | 685/805 [08:46<01:31,  1.31it/s] 85%|████████▌ | 686/805 [08:47<01:29,  1.32it/s] 85%|████████▌ | 687/805 [08:48<01:35,  1.24it/s] 85%|████████▌ | 688/805 [08:49<01:30,  1.29it/s] 86%|████████▌ | 689/805 [08:50<01:29,  1.29it/s] 86%|████████▌ | 690/805 [08:50<01:28,  1.29it/s] 86%|████████▌ | 691/805 [08:51<01:26,  1.32it/s] 86%|████████▌ | 692/805 [08:52<01:25,  1.31it/s] 86%|████████▌ | 693/805 [08:53<01:26,  1.29it/s] 86%|████████▌ | 694/805 [08:53<01:24,  1.31it/s] 86%|████████▋ | 695/805 [08:54<01:19,  1.38it/s] 86%|████████▋ | 696/805 [08:55<01:14,  1.45it/s] 87%|████████▋ | 697/805 [08:55<01:16,  1.42it/s] 87%|████████▋ | 698/805 [08:56<01:17,  1.38it/s] 87%|████████▋ | 699/805 [08:57<01:22,  1.29it/s] 87%|████████▋ | 700/805 [08:58<01:21,  1.29it/s] 87%|████████▋ | 701/805 [08:59<01:20,  1.29it/s] 87%|████████▋ | 702/805 [08:59<01:17,  1.34it/s] 87%|████████▋ | 703/805 [09:00<01:11,  1.42it/s] 87%|████████▋ | 704/805 [09:01<01:13,  1.37it/s] 88%|████████▊ | 705/805 [09:01<01:12,  1.39it/s] 88%|████████▊ | 706/805 [09:02<01:19,  1.25it/s] 88%|████████▊ | 707/805 [09:03<01:16,  1.29it/s] 88%|████████▊ | 708/805 [09:04<01:15,  1.28it/s] 88%|████████▊ | 709/805 [09:04<01:10,  1.36it/s] 88%|████████▊ | 710/805 [09:05<01:11,  1.33it/s] 88%|████████▊ | 711/805 [09:06<01:06,  1.42it/s] 88%|████████▊ | 712/805 [09:07<01:10,  1.31it/s] 89%|████████▊ | 713/805 [09:07<01:09,  1.32it/s] 89%|████████▊ | 714/805 [09:08<01:09,  1.31it/s] 89%|████████▉ | 715/805 [09:09<01:08,  1.31it/s] 89%|████████▉ | 716/805 [09:10<01:07,  1.32it/s] 89%|████████▉ | 717/805 [09:10<01:05,  1.34it/s] 89%|████████▉ | 718/805 [09:11<01:03,  1.36it/s] 89%|████████▉ | 719/805 [09:12<01:08,  1.26it/s] 89%|████████▉ | 720/805 [09:13<01:05,  1.29it/s] 90%|████████▉ | 721/805 [09:14<01:04,  1.30it/s] 90%|████████▉ | 722/805 [09:14<01:03,  1.30it/s] 90%|████████▉ | 723/805 [09:15<01:01,  1.33it/s] 90%|████████▉ | 724/805 [09:16<01:00,  1.34it/s] 90%|█████████ | 725/805 [09:17<01:04,  1.23it/s] 90%|█████████ | 726/805 [09:18<01:03,  1.25it/s] 90%|█████████ | 727/805 [09:18<01:01,  1.27it/s] 90%|█████████ | 728/805 [09:19<00:58,  1.32it/s] 91%|█████████ | 729/805 [09:20<00:57,  1.32it/s] 91%|█████████ | 730/805 [09:21<00:56,  1.33it/s] 91%|█████████ | 731/805 [09:21<00:56,  1.31it/s] 91%|█████████ | 732/805 [09:22<00:59,  1.22it/s] 91%|█████████ | 733/805 [09:23<00:58,  1.24it/s] 91%|█████████ | 734/805 [09:24<00:55,  1.28it/s] 91%|█████████▏| 735/805 [09:25<00:57,  1.22it/s] 91%|█████████▏| 736/805 [09:25<00:53,  1.28it/s] 92%|█████████▏| 737/805 [09:26<00:52,  1.30it/s] 92%|█████████▏| 738/805 [09:27<00:54,  1.23it/s] 92%|█████████▏| 739/805 [09:28<00:50,  1.31it/s] 92%|█████████▏| 740/805 [09:28<00:49,  1.33it/s] 92%|█████████▏| 741/805 [09:29<00:48,  1.33it/s] 92%|█████████▏| 742/805 [09:30<00:45,  1.39it/s] 92%|█████████▏| 743/805 [09:30<00:42,  1.44it/s] 92%|█████████▏| 744/805 [09:31<00:46,  1.32it/s] 93%|█████████▎| 745/805 [09:32<00:48,  1.23it/s] 93%|█████████▎| 746/805 [09:33<00:47,  1.25it/s] 93%|█████████▎| 747/805 [09:34<00:45,  1.27it/s] 93%|█████████▎| 748/805 [09:35<00:44,  1.28it/s] 93%|█████████▎| 749/805 [09:35<00:43,  1.28it/s] 93%|█████████▎| 750/805 [09:36<00:42,  1.30it/s] 93%|█████████▎| 751/805 [09:37<00:41,  1.30it/s] 93%|█████████▎| 752/805 [09:38<00:40,  1.30it/s] 94%|█████████▎| 753/805 [09:38<00:39,  1.31it/s] 94%|█████████▎| 754/805 [09:39<00:39,  1.30it/s] 94%|█████████▍| 755/805 [09:40<00:37,  1.32it/s] 94%|█████████▍| 756/805 [09:41<00:37,  1.32it/s] 94%|█████████▍| 757/805 [09:42<00:39,  1.22it/s] 94%|█████████▍| 758/805 [09:42<00:36,  1.27it/s] 94%|█████████▍| 759/805 [09:43<00:35,  1.30it/s] 94%|█████████▍| 760/805 [09:44<00:36,  1.23it/s] 95%|█████████▍| 761/805 [09:45<00:35,  1.24it/s] 95%|█████████▍| 762/805 [09:46<00:35,  1.20it/s] 95%|█████████▍| 763/805 [09:46<00:34,  1.22it/s] 95%|█████████▍| 764/805 [09:47<00:35,  1.16it/s] 95%|█████████▌| 765/805 [09:48<00:32,  1.22it/s] 95%|█████████▌| 766/805 [09:49<00:29,  1.32it/s] 95%|█████████▌| 767/805 [09:49<00:28,  1.34it/s] 95%|█████████▌| 768/805 [09:50<00:27,  1.34it/s] 96%|█████████▌| 769/805 [09:51<00:27,  1.33it/s] 96%|█████████▌| 770/805 [09:52<00:27,  1.27it/s] 96%|█████████▌| 771/805 [09:53<00:26,  1.28it/s] 96%|█████████▌| 772/805 [09:53<00:25,  1.31it/s] 96%|█████████▌| 773/805 [09:54<00:24,  1.32it/s] 96%|█████████▌| 774/805 [09:55<00:23,  1.34it/s] 96%|█████████▋| 775/805 [09:55<00:22,  1.36it/s] 96%|█████████▋| 776/805 [09:56<00:21,  1.35it/s] 97%|█████████▋| 777/805 [09:57<00:22,  1.25it/s] 97%|█████████▋| 778/805 [09:58<00:21,  1.26it/s] 97%|█████████▋| 779/805 [09:59<00:19,  1.34it/s] 97%|█████████▋| 780/805 [09:59<00:18,  1.32it/s] 97%|█████████▋| 781/805 [10:00<00:19,  1.25it/s] 97%|█████████▋| 782/805 [10:01<00:18,  1.28it/s] 97%|█████████▋| 783/805 [10:02<00:18,  1.21it/s] 97%|█████████▋| 784/805 [10:03<00:17,  1.23it/s] 98%|█████████▊| 785/805 [10:04<00:16,  1.24it/s] 98%|█████████▊| 786/805 [10:04<00:14,  1.29it/s] 98%|█████████▊| 787/805 [10:05<00:13,  1.31it/s] 98%|█████████▊| 788/805 [10:06<00:12,  1.40it/s] 98%|█████████▊| 789/805 [10:06<00:12,  1.30it/s] 98%|█████████▊| 790/805 [10:07<00:11,  1.31it/s] 98%|█████████▊| 791/805 [10:08<00:10,  1.30it/s] 98%|█████████▊| 792/805 [10:09<00:10,  1.24it/s] 99%|█████████▊| 793/805 [10:10<00:09,  1.28it/s] 99%|█████████▊| 794/805 [10:10<00:08,  1.32it/s] 99%|█████████▉| 795/805 [10:11<00:08,  1.17it/s] 99%|█████████▉| 796/805 [10:12<00:06,  1.29it/s] 99%|█████████▉| 797/805 [10:13<00:06,  1.31it/s] 99%|█████████▉| 798/805 [10:13<00:05,  1.32it/s] 99%|█████████▉| 799/805 [10:14<00:04,  1.31it/s] 99%|█████████▉| 800/805 [10:15<00:03,  1.34it/s]100%|█████████▉| 801/805 [10:16<00:02,  1.40it/s]100%|█████████▉| 802/805 [10:16<00:02,  1.31it/s]100%|█████████▉| 803/805 [10:17<00:01,  1.32it/s]100%|█████████▉| 804/805 [10:18<00:00,  1.33it/s]100%|██████████| 805/805 [10:19<00:00,  1.42it/s]100%|██████████| 805/805 [10:19<00:00,  1.30it/s]
Model checkpointing attempts: 0.
Stored epoch 1 model checkpoint to ./checkpoints/parquet_dataset/parquet_dataset__model_nlyrs_4_nheads_4_hdim_64__pred_ovrlap_F_npreds_4__nlyrs_2_activ_relunenc_1__lr_0.0002828_start_0.001_final_0_20251112_164804/epoch_1.pth.
Training loss has improved 1 times since last caching the model. Caching now.
##############################Training epoch: 3/10##############################
  0%|          | 0/805 [00:00<?, ?it/s]  0%|          | 1/805 [00:02<40:00,  2.99s/it]  0%|          | 2/805 [00:03<22:08,  1.65s/it]  0%|          | 3/805 [00:04<17:38,  1.32s/it]  0%|          | 4/805 [00:05<14:39,  1.10s/it]  1%|          | 5/805 [00:06<12:44,  1.05it/s]  1%|          | 6/805 [00:06<11:58,  1.11it/s]  1%|          | 7/805 [00:07<11:37,  1.14it/s]  1%|          | 8/805 [00:08<11:06,  1.20it/s]  1%|          | 9/805 [00:09<11:36,  1.14it/s]  1%|          | 10/805 [00:10<10:27,  1.27it/s]  1%|▏         | 11/805 [00:10<10:09,  1.30it/s]  1%|▏         | 12/805 [00:11<10:03,  1.31it/s]  2%|▏         | 13/805 [00:12<10:08,  1.30it/s]  2%|▏         | 14/805 [00:12<09:51,  1.34it/s]  2%|▏         | 15/805 [00:13<09:46,  1.35it/s]  2%|▏         | 16/805 [00:14<10:23,  1.27it/s]  2%|▏         | 17/805 [00:15<10:21,  1.27it/s]  2%|▏         | 18/805 [00:16<10:27,  1.25it/s]  2%|▏         | 19/805 [00:17<10:28,  1.25it/s]  2%|▏         | 20/805 [00:17<10:24,  1.26it/s]  3%|▎         | 21/805 [00:18<09:59,  1.31it/s]  3%|▎         | 22/805 [00:19<10:26,  1.25it/s]  3%|▎         | 23/805 [00:20<10:25,  1.25it/s]  3%|▎         | 24/805 [00:20<10:25,  1.25it/s]  3%|▎         | 25/805 [00:21<09:40,  1.34it/s]  3%|▎         | 26/805 [00:22<09:13,  1.41it/s]  3%|▎         | 27/805 [00:22<09:27,  1.37it/s]  3%|▎         | 28/805 [00:23<09:54,  1.31it/s]  4%|▎         | 29/805 [00:24<09:50,  1.32it/s]  4%|▎         | 30/805 [00:25<09:51,  1.31it/s]  4%|▍         | 31/805 [00:26<09:49,  1.31it/s]  4%|▍         | 32/805 [00:26<09:37,  1.34it/s]  4%|▍         | 33/805 [00:27<09:02,  1.42it/s]  4%|▍         | 34/805 [00:28<09:53,  1.30it/s]  4%|▍         | 35/805 [00:28<09:12,  1.39it/s]  4%|▍         | 36/805 [00:29<09:17,  1.38it/s]  5%|▍         | 37/805 [00:30<09:24,  1.36it/s]  5%|▍         | 38/805 [00:31<09:35,  1.33it/s]  5%|▍         | 39/805 [00:31<09:01,  1.42it/s]  5%|▍         | 40/805 [00:32<09:14,  1.38it/s]  5%|▌         | 41/805 [00:33<09:51,  1.29it/s]  5%|▌         | 42/805 [00:34<09:41,  1.31it/s]  5%|▌         | 43/805 [00:34<09:40,  1.31it/s]  5%|▌         | 44/805 [00:35<09:47,  1.29it/s]  6%|▌         | 45/805 [00:36<09:06,  1.39it/s]  6%|▌         | 46/805 [00:37<09:10,  1.38it/s]  6%|▌         | 47/805 [00:38<10:03,  1.26it/s]  6%|▌         | 48/805 [00:38<09:48,  1.29it/s]  6%|▌         | 49/805 [00:39<09:51,  1.28it/s]  6%|▌         | 50/805 [00:40<09:47,  1.29it/s]  6%|▋         | 51/805 [00:41<09:32,  1.32it/s]  6%|▋         | 52/805 [00:41<09:19,  1.35it/s]  7%|▋         | 53/805 [00:42<09:48,  1.28it/s]  7%|▋         | 54/805 [00:43<09:39,  1.30it/s]  7%|▋         | 55/805 [00:44<09:25,  1.33it/s]  7%|▋         | 56/805 [00:44<09:29,  1.32it/s]  7%|▋         | 57/805 [00:45<09:16,  1.34it/s]  7%|▋         | 58/805 [00:46<09:03,  1.37it/s]  7%|▋         | 59/805 [00:47<09:01,  1.38it/s]  7%|▋         | 60/805 [00:47<09:07,  1.36it/s]  8%|▊         | 61/805 [00:48<09:07,  1.36it/s]  8%|▊         | 62/805 [00:49<09:11,  1.35it/s]  8%|▊         | 63/805 [00:50<09:14,  1.34it/s]  8%|▊         | 64/805 [00:50<09:28,  1.30it/s]  8%|▊         | 65/805 [00:51<09:26,  1.31it/s]  8%|▊         | 66/805 [00:52<09:58,  1.23it/s]  8%|▊         | 67/805 [00:53<09:36,  1.28it/s]  8%|▊         | 68/805 [00:54<09:37,  1.28it/s]  9%|▊         | 69/805 [00:54<09:41,  1.26it/s]  9%|▊         | 70/805 [00:55<09:23,  1.30it/s]  9%|▉         | 71/805 [00:56<09:16,  1.32it/s]  9%|▉         | 72/805 [00:57<09:56,  1.23it/s]  9%|▉         | 73/805 [00:58<09:52,  1.24it/s]  9%|▉         | 74/805 [00:58<09:36,  1.27it/s]  9%|▉         | 75/805 [00:59<09:22,  1.30it/s]  9%|▉         | 76/805 [01:00<09:04,  1.34it/s] 10%|▉         | 77/805 [01:00<09:11,  1.32it/s] 10%|▉         | 78/805 [01:01<08:57,  1.35it/s] 10%|▉         | 79/805 [01:02<09:28,  1.28it/s] 10%|▉         | 80/805 [01:03<09:24,  1.28it/s] 10%|█         | 81/805 [01:04<09:24,  1.28it/s] 10%|█         | 82/805 [01:04<09:08,  1.32it/s] 10%|█         | 83/805 [01:05<09:07,  1.32it/s] 10%|█         | 84/805 [01:06<08:30,  1.41it/s] 11%|█         | 85/805 [01:07<09:07,  1.32it/s] 11%|█         | 86/805 [01:07<09:04,  1.32it/s] 11%|█         | 87/805 [01:08<08:49,  1.36it/s] 11%|█         | 88/805 [01:09<08:20,  1.43it/s] 11%|█         | 89/805 [01:09<08:35,  1.39it/s] 11%|█         | 90/805 [01:10<08:31,  1.40it/s] 11%|█▏        | 91/805 [01:11<09:11,  1.30it/s] 11%|█▏        | 92/805 [01:12<09:17,  1.28it/s] 12%|█▏        | 93/805 [01:12<08:34,  1.38it/s] 12%|█▏        | 94/805 [01:13<08:36,  1.38it/s] 12%|█▏        | 95/805 [01:14<08:44,  1.35it/s] 12%|█▏        | 96/805 [01:15<08:46,  1.35it/s] 12%|█▏        | 97/805 [01:16<09:27,  1.25it/s] 12%|█▏        | 98/805 [01:16<09:46,  1.20it/s] 12%|█▏        | 99/805 [01:17<09:30,  1.24it/s] 12%|█▏        | 100/805 [01:18<09:12,  1.28it/s] 13%|█▎        | 101/805 [01:19<09:36,  1.22it/s] 13%|█▎        | 102/805 [01:19<08:50,  1.33it/s] 13%|█▎        | 103/805 [01:20<08:41,  1.35it/s] 13%|█▎        | 104/805 [01:21<09:21,  1.25it/s] 13%|█▎        | 105/805 [01:22<09:14,  1.26it/s] 13%|█▎        | 106/805 [01:23<09:04,  1.28it/s] 13%|█▎        | 107/805 [01:23<08:47,  1.32it/s] 13%|█▎        | 108/805 [01:24<08:32,  1.36it/s] 14%|█▎        | 109/805 [01:25<08:35,  1.35it/s] 14%|█▎        | 110/805 [01:26<09:06,  1.27it/s] 14%|█▍        | 111/805 [01:26<08:58,  1.29it/s] 14%|█▍        | 112/805 [01:27<08:52,  1.30it/s] 14%|█▍        | 113/805 [01:28<08:51,  1.30it/s] 14%|█▍        | 114/805 [01:29<08:49,  1.31it/s] 14%|█▍        | 115/805 [01:29<08:50,  1.30it/s] 14%|█▍        | 116/805 [01:30<09:13,  1.24it/s] 15%|█▍        | 117/805 [01:31<09:04,  1.26it/s] 15%|█▍        | 118/805 [01:32<08:46,  1.30it/s] 15%|█▍        | 119/805 [01:33<08:36,  1.33it/s] 15%|█▍        | 120/805 [01:33<08:29,  1.34it/s] 15%|█▌        | 121/805 [01:34<08:38,  1.32it/s] 15%|█▌        | 122/805 [01:35<08:42,  1.31it/s] 15%|█▌        | 123/805 [01:36<09:20,  1.22it/s] 15%|█▌        | 124/805 [01:37<09:03,  1.25it/s] 16%|█▌        | 125/805 [01:37<08:54,  1.27it/s] 16%|█▌        | 126/805 [01:38<08:50,  1.28it/s] 16%|█▌        | 127/805 [01:39<08:43,  1.30it/s] 16%|█▌        | 128/805 [01:39<08:05,  1.39it/s] 16%|█▌        | 129/805 [01:40<08:39,  1.30it/s] 16%|█▌        | 130/805 [01:41<08:35,  1.31it/s] 16%|█▋        | 131/805 [01:42<08:28,  1.33it/s] 16%|█▋        | 132/805 [01:43<08:30,  1.32it/s] 17%|█▋        | 133/805 [01:43<08:19,  1.34it/s] 17%|█▋        | 134/805 [01:44<07:50,  1.43it/s] 17%|█▋        | 135/805 [01:45<07:56,  1.40it/s] 17%|█▋        | 136/805 [01:45<08:28,  1.32it/s] 17%|█▋        | 137/805 [01:46<08:28,  1.31it/s] 17%|█▋        | 138/805 [01:47<08:17,  1.34it/s] 17%|█▋        | 139/805 [01:48<08:46,  1.26it/s] 17%|█▋        | 140/805 [01:49<08:39,  1.28it/s] 18%|█▊        | 141/805 [01:49<08:06,  1.37it/s] 18%|█▊        | 142/805 [01:50<08:46,  1.26it/s] 18%|█▊        | 143/805 [01:51<08:37,  1.28it/s] 18%|█▊        | 144/805 [01:52<08:19,  1.32it/s] 18%|█▊        | 145/805 [01:52<08:46,  1.25it/s] 18%|█▊        | 146/805 [01:53<08:34,  1.28it/s] 18%|█▊        | 147/805 [01:54<07:56,  1.38it/s] 18%|█▊        | 148/805 [01:55<08:32,  1.28it/s] 19%|█▊        | 149/805 [01:56<08:56,  1.22it/s] 19%|█▊        | 150/805 [01:56<08:50,  1.24it/s] 19%|█▉        | 151/805 [01:57<08:43,  1.25it/s] 19%|█▉        | 152/805 [01:58<08:26,  1.29it/s] 19%|█▉        | 153/805 [01:59<07:51,  1.38it/s] 19%|█▉        | 154/805 [01:59<07:46,  1.40it/s] 19%|█▉        | 155/805 [02:00<08:13,  1.32it/s] 19%|█▉        | 156/805 [02:01<08:06,  1.33it/s] 20%|█▉        | 157/805 [02:02<08:08,  1.33it/s] 20%|█▉        | 158/805 [02:02<08:11,  1.32it/s] 20%|█▉        | 159/805 [02:03<07:40,  1.40it/s] 20%|█▉        | 160/805 [02:04<07:42,  1.39it/s] 20%|██        | 161/805 [02:05<08:11,  1.31it/s] 20%|██        | 162/805 [02:05<08:37,  1.24it/s] 20%|██        | 163/805 [02:06<07:59,  1.34it/s] 20%|██        | 164/805 [02:07<07:57,  1.34it/s] 20%|██        | 165/805 [02:08<08:05,  1.32it/s] 21%|██        | 166/805 [02:08<08:08,  1.31it/s] 21%|██        | 167/805 [02:09<08:35,  1.24it/s] 21%|██        | 168/805 [02:10<08:52,  1.20it/s] 21%|██        | 169/805 [02:11<08:08,  1.30it/s] 21%|██        | 170/805 [02:12<08:00,  1.32it/s] 21%|██        | 171/805 [02:12<08:01,  1.32it/s] 21%|██▏       | 172/805 [02:13<07:57,  1.32it/s] 21%|██▏       | 173/805 [02:14<08:07,  1.30it/s] 22%|██▏       | 174/805 [02:15<08:36,  1.22it/s] 22%|██▏       | 175/805 [02:16<08:25,  1.25it/s] 22%|██▏       | 176/805 [02:16<08:21,  1.25it/s] 22%|██▏       | 177/805 [02:17<08:18,  1.26it/s] 22%|██▏       | 178/805 [02:18<08:08,  1.28it/s] 22%|██▏       | 179/805 [02:19<08:01,  1.30it/s] 22%|██▏       | 180/805 [02:20<08:32,  1.22it/s] 22%|██▏       | 181/805 [02:20<08:19,  1.25it/s] 23%|██▎       | 182/805 [02:21<08:12,  1.26it/s] 23%|██▎       | 183/805 [02:22<08:11,  1.26it/s] 23%|██▎       | 184/805 [02:23<07:59,  1.29it/s] 23%|██▎       | 185/805 [02:23<07:56,  1.30it/s] 23%|██▎       | 186/805 [02:24<08:21,  1.23it/s] 23%|██▎       | 187/805 [02:25<08:18,  1.24it/s] 23%|██▎       | 188/805 [02:26<08:13,  1.25it/s] 23%|██▎       | 189/805 [02:27<07:57,  1.29it/s] 24%|██▎       | 190/805 [02:27<08:04,  1.27it/s] 24%|██▎       | 191/805 [02:28<07:52,  1.30it/s] 24%|██▍       | 192/805 [02:29<07:53,  1.30it/s] 24%|██▍       | 193/805 [02:30<08:25,  1.21it/s] 24%|██▍       | 194/805 [02:31<08:11,  1.24it/s] 24%|██▍       | 195/805 [02:31<07:55,  1.28it/s] 24%|██▍       | 196/805 [02:32<07:56,  1.28it/s] 24%|██▍       | 197/805 [02:33<07:46,  1.30it/s] 25%|██▍       | 198/805 [02:34<07:37,  1.33it/s] 25%|██▍       | 199/805 [02:34<08:04,  1.25it/s] 25%|██▍       | 200/805 [02:35<07:30,  1.34it/s] 25%|██▍       | 201/805 [02:36<07:26,  1.35it/s] 25%|██▌       | 202/805 [02:37<07:31,  1.34it/s] 25%|██▌       | 203/805 [02:37<07:30,  1.34it/s] 25%|██▌       | 204/805 [02:38<07:23,  1.35it/s] 25%|██▌       | 205/805 [02:39<06:59,  1.43it/s] 26%|██▌       | 206/805 [02:39<07:20,  1.36it/s] 26%|██▌       | 207/805 [02:40<07:50,  1.27it/s] 26%|██▌       | 208/805 [02:41<07:37,  1.31it/s] 26%|██▌       | 209/805 [02:42<08:01,  1.24it/s] 26%|██▌       | 210/805 [02:43<07:55,  1.25it/s] 26%|██▌       | 211/805 [02:44<07:51,  1.26it/s] 26%|██▋       | 212/805 [02:44<08:20,  1.19it/s] 26%|██▋       | 213/805 [02:45<07:59,  1.24it/s] 27%|██▋       | 214/805 [02:46<07:55,  1.24it/s] 27%|██▋       | 215/805 [02:47<07:53,  1.25it/s] 27%|██▋       | 216/805 [02:48<07:45,  1.27it/s] 27%|██▋       | 217/805 [02:48<07:35,  1.29it/s] 27%|██▋       | 218/805 [02:49<07:58,  1.23it/s] 27%|██▋       | 219/805 [02:50<08:13,  1.19it/s] 27%|██▋       | 220/805 [02:51<07:57,  1.23it/s] 27%|██▋       | 221/805 [02:51<07:18,  1.33it/s] 28%|██▊       | 222/805 [02:52<06:53,  1.41it/s] 28%|██▊       | 223/805 [02:53<07:05,  1.37it/s] 28%|██▊       | 224/805 [02:54<07:33,  1.28it/s] 28%|██▊       | 225/805 [02:54<07:02,  1.37it/s] 28%|██▊       | 226/805 [02:55<06:59,  1.38it/s] 28%|██▊       | 227/805 [02:56<07:02,  1.37it/s] 28%|██▊       | 228/805 [02:57<07:06,  1.35it/s] 28%|██▊       | 229/805 [02:57<07:09,  1.34it/s] 29%|██▊       | 230/805 [02:58<07:16,  1.32it/s] 29%|██▊       | 231/805 [02:59<07:17,  1.31it/s] 29%|██▉       | 232/805 [03:00<06:53,  1.39it/s] 29%|██▉       | 233/805 [03:00<07:25,  1.28it/s] 29%|██▉       | 234/805 [03:01<06:54,  1.38it/s] 29%|██▉       | 235/805 [03:02<06:53,  1.38it/s] 29%|██▉       | 236/805 [03:03<06:55,  1.37it/s] 29%|██▉       | 237/805 [03:03<07:20,  1.29it/s] 30%|██▉       | 238/805 [03:04<06:53,  1.37it/s] 30%|██▉       | 239/805 [03:05<06:49,  1.38it/s] 30%|██▉       | 240/805 [03:05<06:55,  1.36it/s] 30%|██▉       | 241/805 [03:06<06:51,  1.37it/s] 30%|███       | 242/805 [03:07<06:27,  1.45it/s] 30%|███       | 243/805 [03:08<06:37,  1.41it/s] 30%|███       | 244/805 [03:08<06:46,  1.38it/s] 30%|███       | 245/805 [03:09<06:52,  1.36it/s] 31%|███       | 246/805 [03:10<06:49,  1.36it/s] 31%|███       | 247/805 [03:11<06:44,  1.38it/s] 31%|███       | 248/805 [03:11<06:41,  1.39it/s] 31%|███       | 249/805 [03:12<06:41,  1.39it/s] 31%|███       | 250/805 [03:13<07:15,  1.27it/s] 31%|███       | 251/805 [03:14<06:58,  1.32it/s] 31%|███▏      | 252/805 [03:14<06:56,  1.33it/s] 31%|███▏      | 253/805 [03:15<06:51,  1.34it/s] 32%|███▏      | 254/805 [03:16<06:30,  1.41it/s] 32%|███▏      | 255/805 [03:16<06:35,  1.39it/s] 32%|███▏      | 256/805 [03:17<06:37,  1.38it/s] 32%|███▏      | 257/805 [03:18<07:04,  1.29it/s] 32%|███▏      | 258/805 [03:19<06:54,  1.32it/s] 32%|███▏      | 259/805 [03:19<06:48,  1.33it/s] 32%|███▏      | 260/805 [03:20<06:45,  1.35it/s] 32%|███▏      | 261/805 [03:21<06:19,  1.43it/s] 33%|███▎      | 262/805 [03:22<06:21,  1.42it/s] 33%|███▎      | 263/805 [03:22<07:03,  1.28it/s] 33%|███▎      | 264/805 [03:23<06:38,  1.36it/s] 33%|███▎      | 265/805 [03:24<06:46,  1.33it/s] 33%|███▎      | 266/805 [03:25<06:49,  1.31it/s] 33%|███▎      | 267/805 [03:25<06:40,  1.34it/s] 33%|███▎      | 268/805 [03:26<06:43,  1.33it/s] 33%|███▎      | 269/805 [03:27<06:38,  1.35it/s] 34%|███▎      | 270/805 [03:28<07:00,  1.27it/s] 34%|███▎      | 271/805 [03:29<07:01,  1.27it/s] 34%|███▍      | 272/805 [03:29<06:46,  1.31it/s] 34%|███▍      | 273/805 [03:30<06:48,  1.30it/s] 34%|███▍      | 274/805 [03:31<06:25,  1.38it/s] 34%|███▍      | 275/805 [03:31<06:33,  1.35it/s] 34%|███▍      | 276/805 [03:32<07:04,  1.25it/s] 34%|███▍      | 277/805 [03:33<07:03,  1.25it/s] 35%|███▍      | 278/805 [03:34<06:46,  1.30it/s] 35%|███▍      | 279/805 [03:35<06:46,  1.29it/s] 35%|███▍      | 280/805 [03:35<06:17,  1.39it/s] 35%|███▍      | 281/805 [03:36<06:21,  1.37it/s] 35%|███▌      | 282/805 [03:37<06:26,  1.35it/s] 35%|███▌      | 283/805 [03:38<06:58,  1.25it/s] 35%|███▌      | 284/805 [03:39<07:12,  1.20it/s] 35%|███▌      | 285/805 [03:39<07:05,  1.22it/s] 36%|███▌      | 286/805 [03:40<06:59,  1.24it/s] 36%|███▌      | 287/805 [03:41<06:51,  1.26it/s] 36%|███▌      | 288/805 [03:42<06:39,  1.30it/s] 36%|███▌      | 289/805 [03:43<07:03,  1.22it/s] 36%|███▌      | 290/805 [03:43<06:43,  1.28it/s] 36%|███▌      | 291/805 [03:44<06:27,  1.33it/s] 36%|███▋      | 292/805 [03:45<06:30,  1.31it/s] 36%|███▋      | 293/805 [03:45<06:05,  1.40it/s] 37%|███▋      | 294/805 [03:46<06:10,  1.38it/s] 37%|███▋      | 295/805 [03:47<06:04,  1.40it/s] 37%|███▋      | 296/805 [03:48<06:17,  1.35it/s] 37%|███▋      | 297/805 [03:48<06:16,  1.35it/s] 37%|███▋      | 298/805 [03:49<06:40,  1.27it/s] 37%|███▋      | 299/805 [03:50<06:34,  1.28it/s] 37%|███▋      | 300/805 [03:51<06:32,  1.29it/s] 37%|███▋      | 301/805 [03:52<06:32,  1.28it/s] 38%|███▊      | 302/805 [03:52<06:47,  1.23it/s] 38%|███▊      | 303/805 [03:53<06:32,  1.28it/s] 38%|███▊      | 304/805 [03:54<06:30,  1.28it/s] 38%|███▊      | 305/805 [03:55<06:24,  1.30it/s] 38%|███▊      | 306/805 [03:55<06:17,  1.32it/s] 38%|███▊      | 307/805 [03:56<06:38,  1.25it/s] 38%|███▊      | 308/805 [03:57<06:29,  1.28it/s] 38%|███▊      | 309/805 [03:58<06:41,  1.23it/s] 39%|███▊      | 310/805 [03:59<06:34,  1.25it/s] 39%|███▊      | 311/805 [03:59<06:25,  1.28it/s] 39%|███▉      | 312/805 [04:00<06:13,  1.32it/s] 39%|███▉      | 313/805 [04:01<06:09,  1.33it/s] 39%|███▉      | 314/805 [04:02<06:00,  1.36it/s] 39%|███▉      | 315/805 [04:03<06:30,  1.25it/s] 39%|███▉      | 316/805 [04:03<06:27,  1.26it/s] 39%|███▉      | 317/805 [04:04<06:15,  1.30it/s] 40%|███▉      | 318/805 [04:05<06:11,  1.31it/s] 40%|███▉      | 319/805 [04:06<06:11,  1.31it/s] 40%|███▉      | 320/805 [04:06<06:06,  1.32it/s] 40%|███▉      | 321/805 [04:07<06:01,  1.34it/s] 40%|████      | 322/805 [04:08<06:22,  1.26it/s] 40%|████      | 323/805 [04:09<06:23,  1.26it/s] 40%|████      | 324/805 [04:09<06:10,  1.30it/s] 40%|████      | 325/805 [04:10<05:45,  1.39it/s] 40%|████      | 326/805 [04:11<05:55,  1.35it/s] 41%|████      | 327/805 [04:12<06:04,  1.31it/s] 41%|████      | 328/805 [04:13<06:33,  1.21it/s] 41%|████      | 329/805 [04:13<06:19,  1.25it/s] 41%|████      | 330/805 [04:14<06:16,  1.26it/s] 41%|████      | 331/805 [04:15<06:09,  1.28it/s] 41%|████      | 332/805 [04:16<06:03,  1.30it/s] 41%|████▏     | 333/805 [04:16<06:02,  1.30it/s] 41%|████▏     | 334/805 [04:17<06:15,  1.26it/s] 42%|████▏     | 335/805 [04:18<06:04,  1.29it/s] 42%|████▏     | 336/805 [04:19<05:54,  1.32it/s] 42%|████▏     | 337/805 [04:20<06:12,  1.25it/s] 42%|████▏     | 338/805 [04:20<06:12,  1.25it/s] 42%|████▏     | 339/805 [04:21<05:59,  1.29it/s] 42%|████▏     | 340/805 [04:22<06:00,  1.29it/s] 42%|████▏     | 341/805 [04:23<06:23,  1.21it/s] 42%|████▏     | 342/805 [04:24<06:14,  1.24it/s] 43%|████▎     | 343/805 [04:24<06:08,  1.25it/s] 43%|████▎     | 344/805 [04:25<06:06,  1.26it/s] 43%|████▎     | 345/805 [04:26<05:52,  1.31it/s] 43%|████▎     | 346/805 [04:27<05:51,  1.31it/s] 43%|████▎     | 347/805 [04:27<06:05,  1.25it/s] 43%|████▎     | 348/805 [04:28<05:56,  1.28it/s] 43%|████▎     | 349/805 [04:29<05:51,  1.30it/s] 43%|████▎     | 350/805 [04:30<05:56,  1.28it/s] 44%|████▎     | 351/805 [04:30<05:47,  1.31it/s] 44%|████▎     | 352/805 [04:31<05:41,  1.33it/s] 44%|████▍     | 353/805 [04:32<05:43,  1.32it/s] 44%|████▍     | 354/805 [04:33<06:09,  1.22it/s] 44%|████▍     | 355/805 [04:34<05:55,  1.27it/s] 44%|████▍     | 356/805 [04:34<05:51,  1.28it/s] 44%|████▍     | 357/805 [04:35<05:50,  1.28it/s] 44%|████▍     | 358/805 [04:36<05:49,  1.28it/s] 45%|████▍     | 359/805 [04:37<05:45,  1.29it/s] 45%|████▍     | 360/805 [04:38<06:00,  1.24it/s] 45%|████▍     | 361/805 [04:38<05:32,  1.34it/s] 45%|████▍     | 362/805 [04:39<05:32,  1.33it/s] 45%|████▌     | 363/805 [04:40<05:35,  1.32it/s] 45%|████▌     | 364/805 [04:41<05:36,  1.31it/s] 45%|████▌     | 365/805 [04:41<05:13,  1.40it/s] 45%|████▌     | 366/805 [04:42<05:35,  1.31it/s] 46%|████▌     | 367/805 [04:43<05:24,  1.35it/s] 46%|████▌     | 368/805 [04:44<05:26,  1.34it/s] 46%|████▌     | 369/805 [04:44<05:25,  1.34it/s] 46%|████▌     | 370/805 [04:45<05:22,  1.35it/s] 46%|████▌     | 371/805 [04:46<05:06,  1.41it/s] 46%|████▌     | 372/805 [04:46<05:18,  1.36it/s] 46%|████▋     | 373/805 [04:47<05:15,  1.37it/s] 46%|████▋     | 374/805 [04:48<05:17,  1.36it/s] 47%|████▋     | 375/805 [04:49<05:15,  1.36it/s] 47%|████▋     | 376/805 [04:49<05:13,  1.37it/s] 47%|████▋     | 377/805 [04:50<05:14,  1.36it/s] 47%|████▋     | 378/805 [04:51<05:16,  1.35it/s] 47%|████▋     | 379/805 [04:52<05:21,  1.33it/s] 47%|████▋     | 380/805 [04:52<05:23,  1.32it/s] 47%|████▋     | 381/805 [04:53<05:20,  1.32it/s] 47%|████▋     | 382/805 [04:54<05:17,  1.33it/s] 48%|████▊     | 383/805 [04:55<05:13,  1.35it/s] 48%|████▊     | 384/805 [04:55<05:13,  1.34it/s] 48%|████▊     | 385/805 [04:56<05:28,  1.28it/s] 48%|████▊     | 386/805 [04:57<05:20,  1.31it/s] 48%|████▊     | 387/805 [04:58<05:14,  1.33it/s] 48%|████▊     | 388/805 [04:58<05:13,  1.33it/s] 48%|████▊     | 389/805 [04:59<05:05,  1.36it/s] 48%|████▊     | 390/805 [05:00<04:48,  1.44it/s] 49%|████▊     | 391/805 [05:00<04:53,  1.41it/s] 49%|████▊     | 392/805 [05:01<05:03,  1.36it/s] 49%|████▉     | 393/805 [05:02<05:01,  1.37it/s] 49%|████▉     | 394/805 [05:03<04:44,  1.44it/s] 49%|████▉     | 395/805 [05:03<04:46,  1.43it/s] 49%|████▉     | 396/805 [05:04<04:48,  1.42it/s] 49%|████▉     | 397/805 [05:05<04:54,  1.38it/s] 49%|████▉     | 398/805 [05:06<05:19,  1.28it/s] 50%|████▉     | 399/805 [05:06<05:17,  1.28it/s] 50%|████▉     | 400/805 [05:07<05:09,  1.31it/s] 50%|████▉     | 401/805 [05:08<05:12,  1.29it/s] 50%|████▉     | 402/805 [05:09<04:54,  1.37it/s] 50%|█████     | 403/805 [05:09<04:54,  1.37it/s] 50%|█████     | 404/805 [05:10<05:20,  1.25it/s] 50%|█████     | 405/805 [05:11<05:12,  1.28it/s] 50%|█████     | 406/805 [05:12<05:12,  1.28it/s] 51%|█████     | 407/805 [05:13<05:06,  1.30it/s] 51%|█████     | 408/805 [05:13<04:49,  1.37it/s] 51%|█████     | 409/805 [05:14<04:50,  1.36it/s] 51%|█████     | 410/805 [05:15<05:07,  1.28it/s] 51%|█████     | 411/805 [05:16<05:00,  1.31it/s] 51%|█████     | 412/805 [05:16<04:55,  1.33it/s] 51%|█████▏    | 413/805 [05:17<04:56,  1.32it/s] 51%|█████▏    | 414/805 [05:18<04:55,  1.32it/s] 52%|█████▏    | 415/805 [05:19<04:56,  1.32it/s] 52%|█████▏    | 416/805 [05:20<05:18,  1.22it/s] 52%|█████▏    | 417/805 [05:20<04:53,  1.32it/s] 52%|█████▏    | 418/805 [05:21<04:46,  1.35it/s] 52%|█████▏    | 419/805 [05:22<04:48,  1.34it/s] 52%|█████▏    | 420/805 [05:22<04:48,  1.33it/s] 52%|█████▏    | 421/805 [05:23<04:47,  1.34it/s] 52%|█████▏    | 422/805 [05:24<04:40,  1.36it/s] 53%|█████▎    | 423/805 [05:25<05:07,  1.24it/s] 53%|█████▎    | 424/805 [05:26<05:04,  1.25it/s] 53%|█████▎    | 425/805 [05:26<05:01,  1.26it/s] 53%|█████▎    | 426/805 [05:27<04:55,  1.28it/s] 53%|█████▎    | 427/805 [05:28<04:46,  1.32it/s] 53%|█████▎    | 428/805 [05:28<04:28,  1.40it/s] 53%|█████▎    | 429/805 [05:29<04:56,  1.27it/s] 53%|█████▎    | 430/805 [05:30<04:35,  1.36it/s] 54%|█████▎    | 431/805 [05:31<04:35,  1.36it/s] 54%|█████▎    | 432/805 [05:31<04:34,  1.36it/s] 54%|█████▍    | 433/805 [05:32<04:34,  1.36it/s] 54%|█████▍    | 434/805 [05:33<04:33,  1.36it/s] 54%|█████▍    | 435/805 [05:34<04:52,  1.27it/s] 54%|█████▍    | 436/805 [05:35<05:02,  1.22it/s] 54%|█████▍    | 437/805 [05:35<04:50,  1.27it/s] 54%|█████▍    | 438/805 [05:36<04:50,  1.26it/s] 55%|█████▍    | 439/805 [05:37<05:04,  1.20it/s] 55%|█████▍    | 440/805 [05:38<04:51,  1.25it/s] 55%|█████▍    | 441/805 [05:39<04:43,  1.28it/s] 55%|█████▍    | 442/805 [05:39<04:42,  1.28it/s] 55%|█████▌    | 443/805 [05:40<04:34,  1.32it/s] 55%|█████▌    | 444/805 [05:41<04:32,  1.32it/s] 55%|█████▌    | 445/805 [05:42<04:48,  1.25it/s] 55%|█████▌    | 446/805 [05:43<04:43,  1.27it/s] 56%|█████▌    | 447/805 [05:43<04:45,  1.26it/s] 56%|█████▌    | 448/805 [05:44<04:54,  1.21it/s] 56%|█████▌    | 449/805 [05:45<04:48,  1.23it/s] 56%|█████▌    | 450/805 [05:46<04:42,  1.26it/s] 56%|█████▌    | 451/805 [05:47<04:31,  1.30it/s] 56%|█████▌    | 452/805 [05:47<04:33,  1.29it/s] 56%|█████▋    | 453/805 [05:48<04:31,  1.30it/s] 56%|█████▋    | 454/805 [05:49<04:13,  1.38it/s] 57%|█████▋    | 455/805 [05:50<04:38,  1.25it/s] 57%|█████▋    | 456/805 [05:50<04:31,  1.29it/s] 57%|█████▋    | 457/805 [05:51<04:33,  1.27it/s] 57%|█████▋    | 458/805 [05:52<04:30,  1.28it/s] 57%|█████▋    | 459/805 [05:53<04:14,  1.36it/s] 57%|█████▋    | 460/805 [05:53<03:59,  1.44it/s] 57%|█████▋    | 461/805 [05:54<04:26,  1.29it/s] 57%|█████▋    | 462/805 [05:55<04:20,  1.32it/s] 58%|█████▊    | 463/805 [05:56<04:13,  1.35it/s] 58%|█████▊    | 464/805 [05:56<04:13,  1.34it/s] 58%|█████▊    | 465/805 [05:57<04:16,  1.32it/s] 58%|█████▊    | 466/805 [05:58<04:15,  1.33it/s] 58%|█████▊    | 467/805 [05:59<04:15,  1.32it/s] 58%|█████▊    | 468/805 [05:59<04:16,  1.31it/s] 58%|█████▊    | 469/805 [06:00<04:12,  1.33it/s] 58%|█████▊    | 470/805 [06:01<04:11,  1.33it/s] 59%|█████▊    | 471/805 [06:01<03:57,  1.41it/s] 59%|█████▊    | 472/805 [06:02<03:55,  1.41it/s] 59%|█████▉    | 473/805 [06:03<04:05,  1.35it/s] 59%|█████▉    | 474/805 [06:04<04:24,  1.25it/s] 59%|█████▉    | 475/805 [06:05<04:25,  1.24it/s] 59%|█████▉    | 476/805 [06:06<04:21,  1.26it/s] 59%|█████▉    | 477/805 [06:06<04:11,  1.31it/s] 59%|█████▉    | 478/805 [06:07<04:10,  1.31it/s] 60%|█████▉    | 479/805 [06:08<04:11,  1.30it/s] 60%|█████▉    | 480/805 [06:09<04:26,  1.22it/s] 60%|█████▉    | 481/805 [06:09<04:03,  1.33it/s] 60%|█████▉    | 482/805 [06:10<03:58,  1.35it/s] 60%|██████    | 483/805 [06:11<03:56,  1.36it/s] 60%|██████    | 484/805 [06:11<03:54,  1.37it/s] 60%|██████    | 485/805 [06:12<03:53,  1.37it/s] 60%|██████    | 486/805 [06:13<03:55,  1.36it/s] 60%|██████    | 487/805 [06:14<04:05,  1.29it/s] 61%|██████    | 488/805 [06:15<04:05,  1.29it/s] 61%|██████    | 489/805 [06:15<04:05,  1.29it/s] 61%|██████    | 490/805 [06:16<04:02,  1.30it/s] 61%|██████    | 491/805 [06:17<04:01,  1.30it/s] 61%|██████    | 492/805 [06:18<03:59,  1.31it/s] 61%|██████    | 493/805 [06:19<04:15,  1.22it/s] 61%|██████▏   | 494/805 [06:19<04:10,  1.24it/s] 61%|██████▏   | 495/805 [06:20<04:00,  1.29it/s] 62%|██████▏   | 496/805 [06:21<03:56,  1.31it/s] 62%|██████▏   | 497/805 [06:21<03:50,  1.34it/s] 62%|██████▏   | 498/805 [06:22<03:46,  1.35it/s] 62%|██████▏   | 499/805 [06:23<03:46,  1.35it/s] 62%|██████▏   | 500/805 [06:24<04:06,  1.24it/s] 62%|██████▏   | 501/805 [06:25<03:50,  1.32it/s] 62%|██████▏   | 502/805 [06:25<03:37,  1.39it/s] 62%|██████▏   | 503/805 [06:26<03:37,  1.39it/s] 63%|██████▎   | 504/805 [06:27<03:38,  1.38it/s] 63%|██████▎   | 505/805 [06:27<03:43,  1.34it/s] 63%|██████▎   | 506/805 [06:28<03:56,  1.26it/s] 63%|██████▎   | 507/805 [06:29<03:41,  1.35it/s] 63%|██████▎   | 508/805 [06:30<03:41,  1.34it/s] 63%|██████▎   | 509/805 [06:30<03:28,  1.42it/s] 63%|██████▎   | 510/805 [06:31<03:30,  1.40it/s] 63%|██████▎   | 511/805 [06:32<03:34,  1.37it/s] 64%|██████▎   | 512/805 [06:33<03:32,  1.38it/s] 64%|██████▎   | 513/805 [06:33<03:49,  1.27it/s] 64%|██████▍   | 514/805 [06:34<03:48,  1.27it/s] 64%|██████▍   | 515/805 [06:35<03:45,  1.29it/s] 64%|██████▍   | 516/805 [06:36<03:29,  1.38it/s] 64%|██████▍   | 517/805 [06:36<03:30,  1.36it/s] 64%|██████▍   | 518/805 [06:37<03:30,  1.37it/s] 64%|██████▍   | 519/805 [06:38<03:43,  1.28it/s] 65%|██████▍   | 520/805 [06:39<03:40,  1.29it/s] 65%|██████▍   | 521/805 [06:40<03:51,  1.23it/s] 65%|██████▍   | 522/805 [06:40<03:41,  1.28it/s] 65%|██████▍   | 523/805 [06:41<03:37,  1.30it/s] 65%|██████▌   | 524/805 [06:42<03:34,  1.31it/s] 65%|██████▌   | 525/805 [06:43<03:46,  1.24it/s] 65%|██████▌   | 526/805 [06:44<03:42,  1.26it/s] 65%|██████▌   | 527/805 [06:44<03:37,  1.28it/s] 66%|██████▌   | 528/805 [06:45<03:34,  1.29it/s] 66%|██████▌   | 529/805 [06:46<03:27,  1.33it/s] 66%|██████▌   | 530/805 [06:47<03:31,  1.30it/s] 66%|██████▌   | 531/805 [06:47<03:30,  1.30it/s] 66%|██████▌   | 532/805 [06:48<03:38,  1.25it/s] 66%|██████▌   | 533/805 [06:49<03:21,  1.35it/s] 66%|██████▋   | 534/805 [06:50<03:23,  1.33it/s] 66%|██████▋   | 535/805 [06:50<03:20,  1.35it/s] 67%|██████▋   | 536/805 [06:51<03:19,  1.35it/s] 67%|██████▋   | 537/805 [06:52<03:17,  1.36it/s] 67%|██████▋   | 538/805 [06:53<03:28,  1.28it/s] 67%|██████▋   | 539/805 [06:53<03:19,  1.33it/s] 67%|██████▋   | 540/805 [06:54<03:18,  1.33it/s] 67%|██████▋   | 541/805 [06:55<03:17,  1.33it/s] 67%|██████▋   | 542/805 [06:56<03:16,  1.34it/s] 67%|██████▋   | 543/805 [06:56<03:18,  1.32it/s] 68%|██████▊   | 544/805 [06:57<03:15,  1.34it/s] 68%|██████▊   | 545/805 [06:58<03:17,  1.32it/s] 68%|██████▊   | 546/805 [06:59<03:15,  1.32it/s] 68%|██████▊   | 547/805 [06:59<03:12,  1.34it/s] 68%|██████▊   | 548/805 [07:00<03:10,  1.35it/s] 68%|██████▊   | 549/805 [07:01<03:12,  1.33it/s] 68%|██████▊   | 550/805 [07:02<03:12,  1.33it/s] 68%|██████▊   | 551/805 [07:02<03:22,  1.26it/s] 69%|██████▊   | 552/805 [07:03<03:13,  1.31it/s] 69%|██████▊   | 553/805 [07:04<03:09,  1.33it/s] 69%|██████▉   | 554/805 [07:05<03:20,  1.25it/s] 69%|██████▉   | 555/805 [07:06<03:16,  1.27it/s] 69%|██████▉   | 556/805 [07:06<03:13,  1.28it/s] 69%|██████▉   | 557/805 [07:07<03:21,  1.23it/s] 69%|██████▉   | 558/805 [07:08<03:15,  1.26it/s] 69%|██████▉   | 559/805 [07:09<03:11,  1.29it/s] 70%|██████▉   | 560/805 [07:09<03:10,  1.29it/s] 70%|██████▉   | 561/805 [07:10<03:04,  1.32it/s] 70%|██████▉   | 562/805 [07:11<03:05,  1.31it/s] 70%|██████▉   | 563/805 [07:12<02:55,  1.38it/s] 70%|███████   | 564/805 [07:12<02:56,  1.37it/s] 70%|███████   | 565/805 [07:13<02:53,  1.38it/s] 70%|███████   | 566/805 [07:14<02:55,  1.36it/s] 70%|███████   | 567/805 [07:15<02:54,  1.36it/s] 71%|███████   | 568/805 [07:15<02:55,  1.35it/s] 71%|███████   | 569/805 [07:16<03:06,  1.27it/s] 71%|███████   | 570/805 [07:17<03:05,  1.26it/s] 71%|███████   | 571/805 [07:18<03:04,  1.27it/s] 71%|███████   | 572/805 [07:19<03:04,  1.26it/s] 71%|███████   | 573/805 [07:19<02:49,  1.37it/s] 71%|███████▏  | 574/805 [07:20<02:38,  1.46it/s] 71%|███████▏  | 575/805 [07:20<02:40,  1.43it/s] 72%|███████▏  | 576/805 [07:21<02:57,  1.29it/s] 72%|███████▏  | 577/805 [07:22<02:54,  1.31it/s] 72%|███████▏  | 578/805 [07:23<02:55,  1.29it/s] 72%|███████▏  | 579/805 [07:24<02:45,  1.37it/s] 72%|███████▏  | 580/805 [07:24<02:44,  1.37it/s] 72%|███████▏  | 581/805 [07:25<02:37,  1.42it/s] 72%|███████▏  | 582/805 [07:26<02:36,  1.42it/s] 72%|███████▏  | 583/805 [07:26<02:42,  1.37it/s] 73%|███████▎  | 584/805 [07:27<02:45,  1.34it/s] 73%|███████▎  | 585/805 [07:28<02:47,  1.32it/s] 73%|███████▎  | 586/805 [07:29<02:45,  1.32it/s] 73%|███████▎  | 587/805 [07:30<02:42,  1.34it/s] 73%|███████▎  | 588/805 [07:30<02:41,  1.34it/s] 73%|███████▎  | 589/805 [07:31<02:50,  1.27it/s] 73%|███████▎  | 590/805 [07:32<02:47,  1.28it/s] 73%|███████▎  | 591/805 [07:33<02:45,  1.29it/s] 74%|███████▎  | 592/805 [07:33<02:46,  1.28it/s] 74%|███████▎  | 593/805 [07:34<02:42,  1.31it/s] 74%|███████▍  | 594/805 [07:35<02:38,  1.33it/s] 74%|███████▍  | 595/805 [07:36<02:48,  1.25it/s] 74%|███████▍  | 596/805 [07:37<02:44,  1.27it/s] 74%|███████▍  | 597/805 [07:37<02:40,  1.30it/s] 74%|███████▍  | 598/805 [07:38<02:39,  1.30it/s] 74%|███████▍  | 599/805 [07:39<02:37,  1.30it/s] 75%|███████▍  | 600/805 [07:40<02:34,  1.33it/s] 75%|███████▍  | 601/805 [07:40<02:44,  1.24it/s] 75%|███████▍  | 602/805 [07:41<02:42,  1.25it/s] 75%|███████▍  | 603/805 [07:42<02:35,  1.30it/s] 75%|███████▌  | 604/805 [07:43<02:26,  1.37it/s] 75%|███████▌  | 605/805 [07:43<02:26,  1.37it/s] 75%|███████▌  | 606/805 [07:44<02:18,  1.44it/s] 75%|███████▌  | 607/805 [07:45<02:22,  1.39it/s] 76%|███████▌  | 608/805 [07:46<02:34,  1.27it/s] 76%|███████▌  | 609/805 [07:46<02:35,  1.26it/s] 76%|███████▌  | 610/805 [07:47<02:35,  1.26it/s] 76%|███████▌  | 611/805 [07:48<02:41,  1.20it/s] 76%|███████▌  | 612/805 [07:49<02:37,  1.23it/s] 76%|███████▌  | 613/805 [07:50<02:30,  1.28it/s] 76%|███████▋  | 614/805 [07:50<02:29,  1.28it/s] 76%|███████▋  | 615/805 [07:51<02:25,  1.31it/s] 77%|███████▋  | 616/805 [07:52<02:22,  1.33it/s] 77%|███████▋  | 617/805 [07:53<02:19,  1.35it/s] 77%|███████▋  | 618/805 [07:53<02:17,  1.36it/s] 77%|███████▋  | 619/805 [07:54<02:16,  1.36it/s] 77%|███████▋  | 620/805 [07:55<02:17,  1.35it/s] 77%|███████▋  | 621/805 [07:56<02:25,  1.27it/s] 77%|███████▋  | 622/805 [07:57<02:23,  1.27it/s] 77%|███████▋  | 623/805 [07:57<02:23,  1.27it/s] 78%|███████▊  | 624/805 [07:58<02:19,  1.30it/s] 78%|███████▊  | 625/805 [07:59<02:14,  1.34it/s] 78%|███████▊  | 626/805 [07:59<02:14,  1.33it/s] 78%|███████▊  | 627/805 [08:00<02:16,  1.30it/s] 78%|███████▊  | 628/805 [08:01<02:12,  1.33it/s] 78%|███████▊  | 629/805 [08:02<02:13,  1.32it/s] 78%|███████▊  | 630/805 [08:03<02:14,  1.31it/s] 78%|███████▊  | 631/805 [08:03<02:12,  1.31it/s] 79%|███████▊  | 632/805 [08:04<02:11,  1.32it/s] 79%|███████▊  | 633/805 [08:05<02:17,  1.25it/s] 79%|███████▉  | 634/805 [08:06<02:11,  1.30it/s] 79%|███████▉  | 635/805 [08:06<02:07,  1.33it/s] 79%|███████▉  | 636/805 [08:07<02:07,  1.32it/s] 79%|███████▉  | 637/805 [08:08<02:05,  1.34it/s] 79%|███████▉  | 638/805 [08:09<02:07,  1.31it/s] 79%|███████▉  | 639/805 [08:09<01:58,  1.40it/s] 80%|███████▉  | 640/805 [08:10<02:06,  1.30it/s] 80%|███████▉  | 641/805 [08:11<02:06,  1.30it/s] 80%|███████▉  | 642/805 [08:12<02:04,  1.31it/s] 80%|███████▉  | 643/805 [08:12<02:02,  1.32it/s] 80%|████████  | 644/805 [08:13<02:00,  1.34it/s] 80%|████████  | 645/805 [08:14<01:59,  1.34it/s] 80%|████████  | 646/805 [08:15<02:07,  1.25it/s] 80%|████████  | 647/805 [08:16<02:03,  1.28it/s] 80%|████████  | 648/805 [08:16<02:03,  1.28it/s] 81%|████████  | 649/805 [08:17<01:59,  1.31it/s] 81%|████████  | 650/805 [08:18<01:57,  1.31it/s] 81%|████████  | 651/805 [08:19<01:55,  1.33it/s] 81%|████████  | 652/805 [08:19<01:55,  1.33it/s] 81%|████████  | 653/805 [08:20<02:00,  1.26it/s] 81%|████████  | 654/805 [08:21<01:52,  1.34it/s] 81%|████████▏ | 655/805 [08:22<01:51,  1.35it/s] 81%|████████▏ | 656/805 [08:22<01:50,  1.35it/s] 82%|████████▏ | 657/805 [08:23<01:48,  1.36it/s] 82%|████████▏ | 658/805 [08:24<01:48,  1.35it/s] 82%|████████▏ | 659/805 [08:25<01:55,  1.26it/s] 82%|████████▏ | 660/805 [08:25<01:51,  1.30it/s] 82%|████████▏ | 661/805 [08:26<01:47,  1.34it/s] 82%|████████▏ | 662/805 [08:27<01:41,  1.41it/s] 82%|████████▏ | 663/805 [08:27<01:40,  1.41it/s] 82%|████████▏ | 664/805 [08:28<01:41,  1.39it/s] 83%|████████▎ | 665/805 [08:29<01:48,  1.29it/s] 83%|████████▎ | 666/805 [08:30<01:47,  1.29it/s] 83%|████████▎ | 667/805 [08:30<01:39,  1.38it/s] 83%|████████▎ | 668/805 [08:31<01:40,  1.36it/s] 83%|████████▎ | 669/805 [08:32<01:40,  1.36it/s] 83%|████████▎ | 670/805 [08:33<01:38,  1.37it/s] 83%|████████▎ | 671/805 [08:33<01:38,  1.36it/s] 83%|████████▎ | 672/805 [08:34<01:44,  1.28it/s] 84%|████████▎ | 673/805 [08:35<01:42,  1.29it/s] 84%|████████▎ | 674/805 [08:36<01:43,  1.27it/s] 84%|████████▍ | 675/805 [08:37<01:39,  1.31it/s] 84%|████████▍ | 676/805 [08:37<01:36,  1.34it/s] 84%|████████▍ | 677/805 [08:38<01:34,  1.36it/s] 84%|████████▍ | 678/805 [08:39<01:41,  1.25it/s] 84%|████████▍ | 679/805 [08:40<01:33,  1.35it/s] 84%|████████▍ | 680/805 [08:40<01:33,  1.33it/s] 85%|████████▍ | 681/805 [08:41<01:30,  1.37it/s] 85%|████████▍ | 682/805 [08:42<01:31,  1.34it/s] 85%|████████▍ | 683/805 [08:43<01:31,  1.33it/s] 85%|████████▍ | 684/805 [08:43<01:37,  1.25it/s] 85%|████████▌ | 685/805 [08:44<01:33,  1.29it/s] 85%|████████▌ | 686/805 [08:45<01:32,  1.28it/s] 85%|████████▌ | 687/805 [08:46<01:30,  1.30it/s] 85%|████████▌ | 688/805 [08:46<01:29,  1.31it/s] 86%|████████▌ | 689/805 [08:47<01:29,  1.30it/s] 86%|████████▌ | 690/805 [08:48<01:33,  1.23it/s] 86%|████████▌ | 691/805 [08:49<01:30,  1.26it/s] 86%|████████▌ | 692/805 [08:50<01:28,  1.28it/s] 86%|████████▌ | 693/805 [08:50<01:26,  1.30it/s] 86%|████████▌ | 694/805 [08:51<01:25,  1.30it/s] 86%|████████▋ | 695/805 [08:52<01:19,  1.39it/s] 86%|████████▋ | 696/805 [08:53<01:20,  1.35it/s] 87%|████████▋ | 697/805 [08:53<01:21,  1.33it/s] 87%|████████▋ | 698/805 [08:54<01:21,  1.32it/s] 87%|████████▋ | 699/805 [08:55<01:19,  1.33it/s] 87%|████████▋ | 700/805 [08:56<01:19,  1.33it/s] 87%|████████▋ | 701/805 [08:56<01:17,  1.34it/s] 87%|████████▋ | 702/805 [08:57<01:16,  1.34it/s] 87%|████████▋ | 703/805 [08:58<01:22,  1.24it/s] 87%|████████▋ | 704/805 [08:59<01:19,  1.28it/s] 88%|████████▊ | 705/805 [09:00<01:17,  1.29it/s] 88%|████████▊ | 706/805 [09:00<01:15,  1.31it/s] 88%|████████▊ | 707/805 [09:01<01:12,  1.35it/s] 88%|████████▊ | 708/805 [09:02<01:11,  1.35it/s] 88%|████████▊ | 709/805 [09:03<01:16,  1.26it/s] 88%|████████▊ | 710/805 [09:03<01:14,  1.28it/s] 88%|████████▊ | 711/805 [09:04<01:12,  1.30it/s] 88%|████████▊ | 712/805 [09:05<01:12,  1.29it/s] 89%|████████▊ | 713/805 [09:06<01:10,  1.30it/s] 89%|████████▊ | 714/805 [09:06<01:10,  1.28it/s] 89%|████████▉ | 715/805 [09:07<01:09,  1.30it/s] 89%|████████▉ | 716/805 [09:08<01:07,  1.32it/s] 89%|████████▉ | 717/805 [09:09<01:07,  1.31it/s] 89%|████████▉ | 718/805 [09:09<01:06,  1.31it/s] 89%|████████▉ | 719/805 [09:10<01:04,  1.33it/s] 89%|████████▉ | 720/805 [09:11<01:03,  1.33it/s] 90%|████████▉ | 721/805 [09:12<01:03,  1.32it/s] 90%|████████▉ | 722/805 [09:13<01:06,  1.24it/s] 90%|████████▉ | 723/805 [09:13<01:05,  1.25it/s] 90%|████████▉ | 724/805 [09:14<01:03,  1.27it/s] 90%|█████████ | 725/805 [09:15<01:01,  1.29it/s] 90%|█████████ | 726/805 [09:16<00:59,  1.33it/s] 90%|█████████ | 727/805 [09:16<00:59,  1.32it/s] 90%|█████████ | 728/805 [09:17<01:02,  1.24it/s] 91%|█████████ | 729/805 [09:18<01:01,  1.24it/s] 91%|█████████ | 730/805 [09:19<00:57,  1.29it/s] 91%|█████████ | 731/805 [09:20<00:56,  1.30it/s] 91%|█████████ | 732/805 [09:20<00:57,  1.28it/s] 91%|█████████ | 733/805 [09:21<00:55,  1.30it/s] 91%|█████████ | 734/805 [09:22<00:57,  1.24it/s] 91%|█████████▏| 735/805 [09:23<00:54,  1.28it/s] 91%|█████████▏| 736/805 [09:23<00:50,  1.37it/s] 92%|█████████▏| 737/805 [09:24<00:49,  1.37it/s] 92%|█████████▏| 738/805 [09:25<00:50,  1.33it/s] 92%|█████████▏| 739/805 [09:26<00:49,  1.33it/s] 92%|█████████▏| 740/805 [09:26<00:48,  1.34it/s] 92%|█████████▏| 741/805 [09:27<00:51,  1.25it/s] 92%|█████████▏| 742/805 [09:28<00:50,  1.25it/s] 92%|█████████▏| 743/805 [09:29<00:49,  1.26it/s] 92%|█████████▏| 744/805 [09:30<00:46,  1.31it/s] 93%|█████████▎| 745/805 [09:30<00:45,  1.32it/s] 93%|█████████▎| 746/805 [09:31<00:44,  1.32it/s] 93%|█████████▎| 747/805 [09:32<00:46,  1.24it/s] 93%|█████████▎| 748/805 [09:33<00:44,  1.28it/s] 93%|█████████▎| 749/805 [09:33<00:42,  1.33it/s] 93%|█████████▎| 750/805 [09:34<00:41,  1.32it/s] 93%|█████████▎| 751/805 [09:35<00:40,  1.34it/s] 93%|█████████▎| 752/805 [09:36<00:42,  1.26it/s] 94%|█████████▎| 753/805 [09:37<00:42,  1.23it/s] 94%|█████████▎| 754/805 [09:37<00:40,  1.25it/s] 94%|█████████▍| 755/805 [09:38<00:39,  1.27it/s] 94%|█████████▍| 756/805 [09:39<00:37,  1.32it/s] 94%|█████████▍| 757/805 [09:40<00:36,  1.30it/s] 94%|█████████▍| 758/805 [09:40<00:35,  1.32it/s] 94%|█████████▍| 759/805 [09:41<00:34,  1.32it/s] 94%|█████████▍| 760/805 [09:42<00:35,  1.26it/s] 95%|█████████▍| 761/805 [09:43<00:34,  1.27it/s] 95%|█████████▍| 762/805 [09:43<00:31,  1.36it/s] 95%|█████████▍| 763/805 [09:44<00:30,  1.38it/s] 95%|█████████▍| 764/805 [09:45<00:30,  1.35it/s] 95%|█████████▌| 765/805 [09:46<00:30,  1.31it/s] 95%|█████████▌| 766/805 [09:47<00:33,  1.17it/s] 95%|█████████▌| 767/805 [09:48<00:31,  1.21it/s] 95%|█████████▌| 768/805 [09:48<00:29,  1.25it/s] 96%|█████████▌| 769/805 [09:49<00:26,  1.35it/s] 96%|█████████▌| 770/805 [09:50<00:25,  1.36it/s] 96%|█████████▌| 771/805 [09:50<00:25,  1.35it/s] 96%|█████████▌| 772/805 [09:51<00:26,  1.25it/s] 96%|█████████▌| 773/805 [09:52<00:25,  1.26it/s] 96%|█████████▌| 774/805 [09:53<00:22,  1.35it/s] 96%|█████████▋| 775/805 [09:54<00:22,  1.33it/s] 96%|█████████▋| 776/805 [09:54<00:20,  1.41it/s] 97%|█████████▋| 777/805 [09:55<00:20,  1.37it/s] 97%|█████████▋| 778/805 [09:56<00:20,  1.30it/s] 97%|█████████▋| 779/805 [09:56<00:19,  1.33it/s] 97%|█████████▋| 780/805 [09:57<00:18,  1.33it/s] 97%|█████████▋| 781/805 [09:58<00:17,  1.35it/s] 97%|█████████▋| 782/805 [09:59<00:17,  1.34it/s] 97%|█████████▋| 783/805 [09:59<00:16,  1.36it/s] 97%|█████████▋| 784/805 [10:00<00:15,  1.34it/s] 98%|█████████▊| 785/805 [10:01<00:16,  1.20it/s] 98%|█████████▊| 786/805 [10:02<00:15,  1.24it/s] 98%|█████████▊| 787/805 [10:03<00:14,  1.27it/s] 98%|█████████▊| 788/805 [10:03<00:13,  1.29it/s] 98%|█████████▊| 789/805 [10:04<00:12,  1.32it/s] 98%|█████████▊| 790/805 [10:05<00:11,  1.35it/s] 98%|█████████▊| 791/805 [10:06<00:11,  1.25it/s] 98%|█████████▊| 792/805 [10:07<00:10,  1.28it/s] 99%|█████████▊| 793/805 [10:07<00:09,  1.28it/s] 99%|█████████▊| 794/805 [10:08<00:08,  1.32it/s] 99%|█████████▉| 795/805 [10:09<00:07,  1.35it/s] 99%|█████████▉| 796/805 [10:09<00:06,  1.33it/s] 99%|█████████▉| 797/805 [10:10<00:06,  1.31it/s] 99%|█████████▉| 798/805 [10:11<00:05,  1.30it/s] 99%|█████████▉| 799/805 [10:12<00:04,  1.39it/s] 99%|█████████▉| 800/805 [10:13<00:03,  1.29it/s]100%|█████████▉| 801/805 [10:13<00:03,  1.28it/s]100%|█████████▉| 802/805 [10:14<00:02,  1.31it/s]100%|█████████▉| 803/805 [10:15<00:01,  1.34it/s]100%|█████████▉| 804/805 [10:16<00:00,  1.26it/s]100%|██████████| 805/805 [10:16<00:00,  1.30it/s]100%|██████████| 805/805 [10:16<00:00,  1.30it/s]
##############################Training epoch: 4/10##############################
  0%|          | 0/805 [00:00<?, ?it/s]  0%|          | 1/805 [00:02<30:27,  2.27s/it]  0%|          | 2/805 [00:03<18:15,  1.36s/it]  0%|          | 3/805 [00:03<14:09,  1.06s/it]  0%|          | 4/805 [00:04<12:47,  1.04it/s]  1%|          | 5/805 [00:05<12:34,  1.06it/s]  1%|          | 6/805 [00:06<11:42,  1.14it/s]  1%|          | 7/805 [00:06<11:05,  1.20it/s]  1%|          | 8/805 [00:07<10:56,  1.21it/s]  1%|          | 9/805 [00:08<09:58,  1.33it/s]  1%|          | 10/805 [00:09<10:07,  1.31it/s]  1%|▏         | 11/805 [00:10<10:46,  1.23it/s]  1%|▏         | 12/805 [00:10<10:38,  1.24it/s]  2%|▏         | 13/805 [00:11<10:29,  1.26it/s]  2%|▏         | 14/805 [00:12<09:44,  1.35it/s]  2%|▏         | 15/805 [00:12<09:52,  1.33it/s]  2%|▏         | 16/805 [00:13<09:50,  1.34it/s]  2%|▏         | 17/805 [00:14<09:47,  1.34it/s]  2%|▏         | 18/805 [00:15<10:29,  1.25it/s]  2%|▏         | 19/805 [00:16<10:22,  1.26it/s]  2%|▏         | 20/805 [00:16<10:06,  1.30it/s]  3%|▎         | 21/805 [00:17<10:02,  1.30it/s]  3%|▎         | 22/805 [00:18<10:02,  1.30it/s]  3%|▎         | 23/805 [00:19<09:56,  1.31it/s]  3%|▎         | 24/805 [00:20<10:36,  1.23it/s]  3%|▎         | 25/805 [00:20<10:15,  1.27it/s]  3%|▎         | 26/805 [00:21<09:27,  1.37it/s]  3%|▎         | 27/805 [00:22<09:24,  1.38it/s]  3%|▎         | 28/805 [00:22<09:01,  1.44it/s]  4%|▎         | 29/805 [00:23<09:18,  1.39it/s]  4%|▎         | 30/805 [00:24<10:08,  1.27it/s]  4%|▍         | 31/805 [00:25<09:54,  1.30it/s]  4%|▍         | 32/805 [00:26<10:25,  1.24it/s]  4%|▍         | 33/805 [00:26<09:34,  1.34it/s]  4%|▍         | 34/805 [00:27<09:21,  1.37it/s]  4%|▍         | 35/805 [00:28<09:31,  1.35it/s]  4%|▍         | 36/805 [00:28<09:30,  1.35it/s]  5%|▍         | 37/805 [00:29<10:02,  1.27it/s]  5%|▍         | 38/805 [00:30<09:48,  1.30it/s]  5%|▍         | 39/805 [00:31<09:46,  1.31it/s]  5%|▍         | 40/805 [00:32<09:54,  1.29it/s]  5%|▌         | 41/805 [00:32<09:33,  1.33it/s]  5%|▌         | 42/805 [00:33<09:30,  1.34it/s]  5%|▌         | 43/805 [00:34<10:21,  1.23it/s]  5%|▌         | 44/805 [00:35<10:05,  1.26it/s]  6%|▌         | 45/805 [00:35<09:53,  1.28it/s]  6%|▌         | 46/805 [00:36<09:35,  1.32it/s]  6%|▌         | 47/805 [00:37<09:30,  1.33it/s]  6%|▌         | 48/805 [00:38<10:04,  1.25it/s]  6%|▌         | 49/805 [00:39<10:20,  1.22it/s]  6%|▌         | 50/805 [00:39<09:55,  1.27it/s]  6%|▋         | 51/805 [00:40<09:39,  1.30it/s]  6%|▋         | 52/805 [00:41<10:10,  1.23it/s]  7%|▋         | 53/805 [00:42<10:00,  1.25it/s]  7%|▋         | 54/805 [00:43<09:54,  1.26it/s]  7%|▋         | 55/805 [00:44<11:02,  1.13it/s]  7%|▋         | 56/805 [00:44<10:19,  1.21it/s]  7%|▋         | 57/805 [00:45<10:10,  1.22it/s]  7%|▋         | 58/805 [00:46<10:29,  1.19it/s]  7%|▋         | 59/805 [00:47<10:19,  1.20it/s]  7%|▋         | 60/805 [00:48<10:00,  1.24it/s]  8%|▊         | 61/805 [00:48<09:10,  1.35it/s]  8%|▊         | 62/805 [00:49<09:20,  1.33it/s]  8%|▊         | 63/805 [00:50<09:25,  1.31it/s]  8%|▊         | 64/805 [00:51<09:17,  1.33it/s]  8%|▊         | 65/805 [00:51<09:09,  1.35it/s]  8%|▊         | 66/805 [00:52<09:11,  1.34it/s]  8%|▊         | 67/805 [00:53<09:03,  1.36it/s]  8%|▊         | 68/805 [00:54<09:36,  1.28it/s]  9%|▊         | 69/805 [00:54<09:29,  1.29it/s]  9%|▊         | 70/805 [00:55<09:12,  1.33it/s]  9%|▉         | 71/805 [00:56<09:21,  1.31it/s]  9%|▉         | 72/805 [00:57<09:10,  1.33it/s]  9%|▉         | 73/805 [00:57<09:07,  1.34it/s]  9%|▉         | 74/805 [00:58<09:50,  1.24it/s]  9%|▉         | 75/805 [00:59<09:32,  1.28it/s]  9%|▉         | 76/805 [01:00<09:21,  1.30it/s] 10%|▉         | 77/805 [01:01<09:49,  1.23it/s] 10%|▉         | 78/805 [01:01<09:41,  1.25it/s] 10%|▉         | 79/805 [01:02<09:27,  1.28it/s] 10%|▉         | 80/805 [01:03<10:01,  1.20it/s] 10%|█         | 81/805 [01:04<09:31,  1.27it/s] 10%|█         | 82/805 [01:05<09:22,  1.29it/s] 10%|█         | 83/805 [01:05<09:16,  1.30it/s] 10%|█         | 84/805 [01:06<08:58,  1.34it/s] 11%|█         | 85/805 [01:07<08:54,  1.35it/s] 11%|█         | 86/805 [01:07<08:26,  1.42it/s] 11%|█         | 87/805 [01:08<09:05,  1.32it/s] 11%|█         | 88/805 [01:09<09:04,  1.32it/s] 11%|█         | 89/805 [01:10<08:57,  1.33it/s] 11%|█         | 90/805 [01:10<08:50,  1.35it/s] 11%|█▏        | 91/805 [01:11<08:54,  1.34it/s] 11%|█▏        | 92/805 [01:12<08:50,  1.34it/s] 12%|█▏        | 93/805 [01:13<09:23,  1.26it/s] 12%|█▏        | 94/805 [01:14<09:12,  1.29it/s] 12%|█▏        | 95/805 [01:14<09:07,  1.30it/s] 12%|█▏        | 96/805 [01:15<09:05,  1.30it/s] 12%|█▏        | 97/805 [01:16<09:06,  1.30it/s] 12%|█▏        | 98/805 [01:17<09:04,  1.30it/s] 12%|█▏        | 99/805 [01:17<09:25,  1.25it/s] 12%|█▏        | 100/805 [01:18<09:03,  1.30it/s] 13%|█▎        | 101/805 [01:19<09:01,  1.30it/s] 13%|█▎        | 102/805 [01:20<08:54,  1.32it/s] 13%|█▎        | 103/805 [01:20<08:24,  1.39it/s] 13%|█▎        | 104/805 [01:21<08:38,  1.35it/s] 13%|█▎        | 105/805 [01:22<08:48,  1.33it/s] 13%|█▎        | 106/805 [01:23<09:20,  1.25it/s] 13%|█▎        | 107/805 [01:24<09:07,  1.28it/s] 13%|█▎        | 108/805 [01:24<08:49,  1.32it/s] 14%|█▎        | 109/805 [01:25<08:52,  1.31it/s] 14%|█▎        | 110/805 [01:26<08:49,  1.31it/s] 14%|█▍        | 111/805 [01:27<08:47,  1.32it/s] 14%|█▍        | 112/805 [01:28<09:29,  1.22it/s] 14%|█▍        | 113/805 [01:28<09:09,  1.26it/s] 14%|█▍        | 114/805 [01:29<09:06,  1.27it/s] 14%|█▍        | 115/805 [01:30<09:31,  1.21it/s] 14%|█▍        | 116/805 [01:31<09:06,  1.26it/s] 15%|█▍        | 117/805 [01:31<09:08,  1.26it/s] 15%|█▍        | 118/805 [01:32<09:36,  1.19it/s] 15%|█▍        | 119/805 [01:33<09:23,  1.22it/s] 15%|█▍        | 120/805 [01:34<09:39,  1.18it/s] 15%|█▌        | 121/805 [01:35<09:10,  1.24it/s] 15%|█▌        | 122/805 [01:36<09:03,  1.26it/s] 15%|█▌        | 123/805 [01:36<08:52,  1.28it/s] 15%|█▌        | 124/805 [01:37<08:20,  1.36it/s] 16%|█▌        | 125/805 [01:38<09:02,  1.25it/s] 16%|█▌        | 126/805 [01:39<08:42,  1.30it/s] 16%|█▌        | 127/805 [01:39<08:36,  1.31it/s] 16%|█▌        | 128/805 [01:40<08:40,  1.30it/s] 16%|█▌        | 129/805 [01:41<08:42,  1.29it/s] 16%|█▌        | 130/805 [01:41<08:06,  1.39it/s] 16%|█▋        | 131/805 [01:42<08:52,  1.27it/s] 16%|█▋        | 132/805 [01:43<08:43,  1.29it/s] 17%|█▋        | 133/805 [01:44<08:25,  1.33it/s] 17%|█▋        | 134/805 [01:45<08:15,  1.35it/s] 17%|█▋        | 135/805 [01:45<08:08,  1.37it/s] 17%|█▋        | 136/805 [01:46<08:03,  1.38it/s] 17%|█▋        | 137/805 [01:47<08:13,  1.35it/s] 17%|█▋        | 138/805 [01:48<08:44,  1.27it/s] 17%|█▋        | 139/805 [01:48<08:35,  1.29it/s] 17%|█▋        | 140/805 [01:49<08:32,  1.30it/s] 18%|█▊        | 141/805 [01:50<09:00,  1.23it/s] 18%|█▊        | 142/805 [01:51<08:54,  1.24it/s] 18%|█▊        | 143/805 [01:52<08:45,  1.26it/s] 18%|█▊        | 144/805 [01:53<08:57,  1.23it/s] 18%|█▊        | 145/805 [01:53<08:51,  1.24it/s] 18%|█▊        | 146/805 [01:54<09:09,  1.20it/s] 18%|█▊        | 147/805 [01:55<08:57,  1.22it/s] 18%|█▊        | 148/805 [01:56<08:40,  1.26it/s] 19%|█▊        | 149/805 [01:56<08:25,  1.30it/s] 19%|█▊        | 150/805 [01:57<08:45,  1.25it/s] 19%|█▉        | 151/805 [01:58<08:31,  1.28it/s] 19%|█▉        | 152/805 [01:59<07:55,  1.37it/s] 19%|█▉        | 153/805 [01:59<08:02,  1.35it/s] 19%|█▉        | 154/805 [02:00<08:10,  1.33it/s] 19%|█▉        | 155/805 [02:01<08:06,  1.34it/s] 19%|█▉        | 156/805 [02:02<07:56,  1.36it/s] 20%|█▉        | 157/805 [02:03<08:31,  1.27it/s] 20%|█▉        | 158/805 [02:03<08:27,  1.28it/s] 20%|█▉        | 159/805 [02:04<08:20,  1.29it/s] 20%|█▉        | 160/805 [02:05<08:18,  1.29it/s] 20%|██        | 161/805 [02:05<07:45,  1.38it/s] 20%|██        | 162/805 [02:06<07:46,  1.38it/s] 20%|██        | 163/805 [02:07<07:48,  1.37it/s] 20%|██        | 164/805 [02:08<08:27,  1.26it/s] 20%|██        | 165/805 [02:09<08:16,  1.29it/s] 21%|██        | 166/805 [02:09<08:11,  1.30it/s] 21%|██        | 167/805 [02:10<08:07,  1.31it/s] 21%|██        | 168/805 [02:11<08:02,  1.32it/s] 21%|██        | 169/805 [02:12<08:01,  1.32it/s] 21%|██        | 170/805 [02:13<08:26,  1.25it/s] 21%|██        | 171/805 [02:13<08:19,  1.27it/s] 21%|██▏       | 172/805 [02:14<08:18,  1.27it/s] 21%|██▏       | 173/805 [02:15<08:08,  1.29it/s] 22%|██▏       | 174/805 [02:16<08:09,  1.29it/s] 22%|██▏       | 175/805 [02:16<07:56,  1.32it/s] 22%|██▏       | 176/805 [02:17<08:45,  1.20it/s] 22%|██▏       | 177/805 [02:18<08:34,  1.22it/s] 22%|██▏       | 178/805 [02:19<08:14,  1.27it/s] 22%|██▏       | 179/805 [02:20<08:02,  1.30it/s] 22%|██▏       | 180/805 [02:20<07:52,  1.32it/s] 22%|██▏       | 181/805 [02:21<07:51,  1.32it/s] 23%|██▎       | 182/805 [02:22<08:20,  1.25it/s] 23%|██▎       | 183/805 [02:23<08:07,  1.28it/s] 23%|██▎       | 184/805 [02:23<08:08,  1.27it/s] 23%|██▎       | 185/805 [02:24<07:33,  1.37it/s] 23%|██▎       | 186/805 [02:25<07:36,  1.36it/s] 23%|██▎       | 187/805 [02:26<07:39,  1.35it/s] 23%|██▎       | 188/805 [02:26<07:37,  1.35it/s] 23%|██▎       | 189/805 [02:27<08:08,  1.26it/s] 24%|██▎       | 190/805 [02:28<08:01,  1.28it/s] 24%|██▎       | 191/805 [02:29<08:01,  1.28it/s] 24%|██▍       | 192/805 [02:30<08:04,  1.26it/s] 24%|██▍       | 193/805 [02:30<07:55,  1.29it/s] 24%|██▍       | 194/805 [02:31<08:00,  1.27it/s] 24%|██▍       | 195/805 [02:32<08:34,  1.19it/s] 24%|██▍       | 196/805 [02:33<07:53,  1.29it/s] 24%|██▍       | 197/805 [02:33<07:49,  1.29it/s] 25%|██▍       | 198/805 [02:34<07:50,  1.29it/s] 25%|██▍       | 199/805 [02:35<07:46,  1.30it/s] 25%|██▍       | 200/805 [02:36<07:42,  1.31it/s] 25%|██▍       | 201/805 [02:36<07:33,  1.33it/s] 25%|██▌       | 202/805 [02:37<08:06,  1.24it/s] 25%|██▌       | 203/805 [02:38<07:48,  1.28it/s] 25%|██▌       | 204/805 [02:39<07:49,  1.28it/s] 25%|██▌       | 205/805 [02:40<07:18,  1.37it/s] 26%|██▌       | 206/805 [02:40<07:19,  1.36it/s] 26%|██▌       | 207/805 [02:41<07:25,  1.34it/s] 26%|██▌       | 208/805 [02:42<08:00,  1.24it/s] 26%|██▌       | 209/805 [02:43<07:53,  1.26it/s] 26%|██▌       | 210/805 [02:44<07:45,  1.28it/s] 26%|██▌       | 211/805 [02:44<07:27,  1.33it/s] 26%|██▋       | 212/805 [02:45<07:04,  1.40it/s] 26%|██▋       | 213/805 [02:46<07:03,  1.40it/s] 27%|██▋       | 214/805 [02:46<07:03,  1.39it/s] 27%|██▋       | 215/805 [02:47<07:15,  1.36it/s] 27%|██▋       | 216/805 [02:48<07:14,  1.36it/s] 27%|██▋       | 217/805 [02:49<07:18,  1.34it/s] 27%|██▋       | 218/805 [02:49<07:11,  1.36it/s] 27%|██▋       | 219/805 [02:50<07:18,  1.33it/s] 27%|██▋       | 220/805 [02:51<07:26,  1.31it/s] 27%|██▋       | 221/805 [02:52<08:04,  1.21it/s] 28%|██▊       | 222/805 [02:53<07:48,  1.24it/s] 28%|██▊       | 223/805 [02:53<07:44,  1.25it/s] 28%|██▊       | 224/805 [02:54<07:37,  1.27it/s] 28%|██▊       | 225/805 [02:55<07:36,  1.27it/s] 28%|██▊       | 226/805 [02:56<07:32,  1.28it/s] 28%|██▊       | 227/805 [02:56<07:19,  1.32it/s] 28%|██▊       | 228/805 [02:57<08:11,  1.17it/s] 28%|██▊       | 229/805 [02:58<08:00,  1.20it/s] 29%|██▊       | 230/805 [02:59<07:21,  1.30it/s] 29%|██▊       | 231/805 [03:00<07:18,  1.31it/s] 29%|██▉       | 232/805 [03:00<07:22,  1.29it/s] 29%|██▉       | 233/805 [03:01<07:10,  1.33it/s] 29%|██▉       | 234/805 [03:02<07:37,  1.25it/s] 29%|██▉       | 235/805 [03:03<07:31,  1.26it/s] 29%|██▉       | 236/805 [03:04<07:30,  1.26it/s] 29%|██▉       | 237/805 [03:04<07:20,  1.29it/s] 30%|██▉       | 238/805 [03:05<07:09,  1.32it/s] 30%|██▉       | 239/805 [03:06<07:15,  1.30it/s] 30%|██▉       | 240/805 [03:07<07:39,  1.23it/s] 30%|██▉       | 241/805 [03:07<07:03,  1.33it/s] 30%|███       | 242/805 [03:08<07:05,  1.32it/s] 30%|███       | 243/805 [03:09<06:57,  1.35it/s] 30%|███       | 244/805 [03:10<06:52,  1.36it/s] 30%|███       | 245/805 [03:10<07:18,  1.28it/s] 31%|███       | 246/805 [03:11<07:14,  1.29it/s] 31%|███       | 247/805 [03:12<07:05,  1.31it/s] 31%|███       | 248/805 [03:13<06:57,  1.33it/s] 31%|███       | 249/805 [03:13<07:04,  1.31it/s] 31%|███       | 250/805 [03:14<07:03,  1.31it/s] 31%|███       | 251/805 [03:15<06:59,  1.32it/s] 31%|███▏      | 252/805 [03:16<06:52,  1.34it/s] 31%|███▏      | 253/805 [03:17<07:16,  1.26it/s] 32%|███▏      | 254/805 [03:17<07:07,  1.29it/s] 32%|███▏      | 255/805 [03:18<07:02,  1.30it/s] 32%|███▏      | 256/805 [03:19<07:00,  1.31it/s] 32%|███▏      | 257/805 [03:20<06:55,  1.32it/s] 32%|███▏      | 258/805 [03:20<06:47,  1.34it/s] 32%|███▏      | 259/805 [03:21<07:15,  1.25it/s] 32%|███▏      | 260/805 [03:22<07:06,  1.28it/s] 32%|███▏      | 261/805 [03:23<06:58,  1.30it/s] 33%|███▎      | 262/805 [03:23<06:54,  1.31it/s] 33%|███▎      | 263/805 [03:24<06:53,  1.31it/s] 33%|███▎      | 264/805 [03:25<06:54,  1.30it/s] 33%|███▎      | 265/805 [03:26<06:53,  1.31it/s] 33%|███▎      | 266/805 [03:27<07:17,  1.23it/s] 33%|███▎      | 267/805 [03:27<07:12,  1.24it/s] 33%|███▎      | 268/805 [03:28<06:52,  1.30it/s] 33%|███▎      | 269/805 [03:29<06:25,  1.39it/s] 34%|███▎      | 270/805 [03:29<06:23,  1.39it/s] 34%|███▎      | 271/805 [03:30<06:33,  1.36it/s] 34%|███▍      | 272/805 [03:31<06:53,  1.29it/s] 34%|███▍      | 273/805 [03:32<06:50,  1.30it/s] 34%|███▍      | 274/805 [03:33<06:46,  1.31it/s] 34%|███▍      | 275/805 [03:33<06:43,  1.31it/s] 34%|███▍      | 276/805 [03:34<06:14,  1.41it/s] 34%|███▍      | 277/805 [03:35<06:44,  1.30it/s] 35%|███▍      | 278/805 [03:36<06:44,  1.30it/s] 35%|███▍      | 279/805 [03:37<07:12,  1.22it/s] 35%|███▍      | 280/805 [03:37<06:36,  1.32it/s] 35%|███▍      | 281/805 [03:38<06:40,  1.31it/s] 35%|███▌      | 282/805 [03:39<06:19,  1.38it/s] 35%|███▌      | 283/805 [03:39<06:14,  1.40it/s] 35%|███▌      | 284/805 [03:40<05:59,  1.45it/s] 35%|███▌      | 285/805 [03:41<06:13,  1.39it/s] 36%|███▌      | 286/805 [03:41<06:10,  1.40it/s] 36%|███▌      | 287/805 [03:42<05:52,  1.47it/s] 36%|███▌      | 288/805 [03:43<05:59,  1.44it/s] 36%|███▌      | 289/805 [03:44<06:09,  1.39it/s] 36%|███▌      | 290/805 [03:44<06:17,  1.36it/s] 36%|███▌      | 291/805 [03:45<07:07,  1.20it/s] 36%|███▋      | 292/805 [03:46<06:47,  1.26it/s] 36%|███▋      | 293/805 [03:47<06:48,  1.25it/s] 37%|███▋      | 294/805 [03:48<06:38,  1.28it/s] 37%|███▋      | 295/805 [03:48<06:27,  1.32it/s] 37%|███▋      | 296/805 [03:49<06:28,  1.31it/s] 37%|███▋      | 297/805 [03:50<06:55,  1.22it/s] 37%|███▋      | 298/805 [03:51<06:48,  1.24it/s] 37%|███▋      | 299/805 [03:51<06:19,  1.33it/s] 37%|███▋      | 300/805 [03:52<06:21,  1.33it/s] 37%|███▋      | 301/805 [03:53<06:11,  1.36it/s] 38%|███▊      | 302/805 [03:54<06:10,  1.36it/s] 38%|███▊      | 303/805 [03:55<06:43,  1.25it/s] 38%|███▊      | 304/805 [03:55<06:30,  1.28it/s] 38%|███▊      | 305/805 [03:56<06:23,  1.30it/s] 38%|███▊      | 306/805 [03:57<06:23,  1.30it/s] 38%|███▊      | 307/805 [03:58<06:25,  1.29it/s] 38%|███▊      | 308/805 [03:58<06:25,  1.29it/s] 38%|███▊      | 309/805 [03:59<06:22,  1.30it/s] 39%|███▊      | 310/805 [04:00<06:41,  1.23it/s] 39%|███▊      | 311/805 [04:01<06:09,  1.34it/s] 39%|███▉      | 312/805 [04:01<06:08,  1.34it/s] 39%|███▉      | 313/805 [04:02<06:09,  1.33it/s] 39%|███▉      | 314/805 [04:03<05:47,  1.41it/s] 39%|███▉      | 315/805 [04:03<05:32,  1.47it/s] 39%|███▉      | 316/805 [04:04<06:10,  1.32it/s] 39%|███▉      | 317/805 [04:05<06:00,  1.35it/s] 40%|███▉      | 318/805 [04:06<05:39,  1.43it/s] 40%|███▉      | 319/805 [04:06<05:24,  1.50it/s] 40%|███▉      | 320/805 [04:07<05:42,  1.42it/s] 40%|███▉      | 321/805 [04:08<05:42,  1.41it/s] 40%|████      | 322/805 [04:08<05:51,  1.37it/s] 40%|████      | 323/805 [04:09<06:17,  1.28it/s] 40%|████      | 324/805 [04:10<06:15,  1.28it/s] 40%|████      | 325/805 [04:11<06:01,  1.33it/s] 40%|████      | 326/805 [04:12<06:04,  1.31it/s] 41%|████      | 327/805 [04:12<06:03,  1.31it/s] 41%|████      | 328/805 [04:13<06:07,  1.30it/s] 41%|████      | 329/805 [04:14<06:28,  1.23it/s] 41%|████      | 330/805 [04:15<06:16,  1.26it/s] 41%|████      | 331/805 [04:16<06:10,  1.28it/s] 41%|████      | 332/805 [04:16<06:00,  1.31it/s] 41%|████▏     | 333/805 [04:17<05:59,  1.31it/s] 41%|████▏     | 334/805 [04:18<06:02,  1.30it/s] 42%|████▏     | 335/805 [04:19<05:52,  1.33it/s] 42%|████▏     | 336/805 [04:20<06:20,  1.23it/s] 42%|████▏     | 337/805 [04:20<06:12,  1.26it/s] 42%|████▏     | 338/805 [04:21<06:00,  1.30it/s] 42%|████▏     | 339/805 [04:22<05:58,  1.30it/s] 42%|████▏     | 340/805 [04:23<05:57,  1.30it/s] 42%|████▏     | 341/805 [04:23<05:58,  1.29it/s] 42%|████▏     | 342/805 [04:24<06:25,  1.20it/s] 43%|████▎     | 343/805 [04:25<06:19,  1.22it/s] 43%|████▎     | 344/805 [04:26<06:07,  1.25it/s] 43%|████▎     | 345/805 [04:27<05:58,  1.28it/s] 43%|████▎     | 346/805 [04:27<05:55,  1.29it/s] 43%|████▎     | 347/805 [04:28<05:54,  1.29it/s] 43%|████▎     | 348/805 [04:29<05:57,  1.28it/s] 43%|████▎     | 349/805 [04:30<05:56,  1.28it/s] 43%|████▎     | 350/805 [04:30<06:00,  1.26it/s] 44%|████▎     | 351/805 [04:31<05:55,  1.28it/s] 44%|████▎     | 352/805 [04:32<05:50,  1.29it/s] 44%|████▍     | 353/805 [04:33<05:44,  1.31it/s] 44%|████▍     | 354/805 [04:34<06:05,  1.23it/s] 44%|████▍     | 355/805 [04:34<05:37,  1.33it/s] 44%|████▍     | 356/805 [04:35<05:43,  1.31it/s] 44%|████▍     | 357/805 [04:36<05:43,  1.30it/s] 44%|████▍     | 358/805 [04:37<05:41,  1.31it/s] 45%|████▍     | 359/805 [04:37<05:42,  1.30it/s] 45%|████▍     | 360/805 [04:38<06:00,  1.23it/s] 45%|████▍     | 361/805 [04:39<05:50,  1.27it/s] 45%|████▍     | 362/805 [04:40<05:42,  1.30it/s] 45%|████▌     | 363/805 [04:41<05:39,  1.30it/s] 45%|████▌     | 364/805 [04:41<05:34,  1.32it/s] 45%|████▌     | 365/805 [04:42<05:31,  1.33it/s] 45%|████▌     | 366/805 [04:43<05:30,  1.33it/s] 46%|████▌     | 367/805 [04:44<05:33,  1.31it/s] 46%|████▌     | 368/805 [04:44<05:30,  1.32it/s] 46%|████▌     | 369/805 [04:45<05:09,  1.41it/s] 46%|████▌     | 370/805 [04:46<05:18,  1.37it/s] 46%|████▌     | 371/805 [04:46<05:17,  1.37it/s] 46%|████▌     | 372/805 [04:47<05:04,  1.42it/s] 46%|████▋     | 373/805 [04:48<05:26,  1.32it/s] 46%|████▋     | 374/805 [04:49<05:28,  1.31it/s] 47%|████▋     | 375/805 [04:49<05:27,  1.31it/s] 47%|████▋     | 376/805 [04:50<05:26,  1.31it/s] 47%|████▋     | 377/805 [04:51<05:23,  1.32it/s] 47%|████▋     | 378/805 [04:52<05:21,  1.33it/s] 47%|████▋     | 379/805 [04:53<05:41,  1.25it/s] 47%|████▋     | 380/805 [04:53<05:29,  1.29it/s] 47%|████▋     | 381/805 [04:54<05:30,  1.28it/s] 47%|████▋     | 382/805 [04:55<05:06,  1.38it/s] 48%|████▊     | 383/805 [04:55<05:12,  1.35it/s] 48%|████▊     | 384/805 [04:56<05:16,  1.33it/s] 48%|████▊     | 385/805 [04:57<05:12,  1.34it/s] 48%|████▊     | 386/805 [04:58<05:32,  1.26it/s] 48%|████▊     | 387/805 [04:59<05:26,  1.28it/s] 48%|████▊     | 388/805 [04:59<05:23,  1.29it/s] 48%|████▊     | 389/805 [05:00<05:22,  1.29it/s] 48%|████▊     | 390/805 [05:01<05:21,  1.29it/s] 49%|████▊     | 391/805 [05:02<05:17,  1.30it/s] 49%|████▊     | 392/805 [05:03<05:29,  1.25it/s] 49%|████▉     | 393/805 [05:03<05:20,  1.29it/s] 49%|████▉     | 394/805 [05:04<05:20,  1.28it/s] 49%|████▉     | 395/805 [05:05<05:12,  1.31it/s] 49%|████▉     | 396/805 [05:06<05:08,  1.33it/s] 49%|████▉     | 397/805 [05:06<05:02,  1.35it/s] 49%|████▉     | 398/805 [05:07<04:48,  1.41it/s] 50%|████▉     | 399/805 [05:08<05:19,  1.27it/s] 50%|████▉     | 400/805 [05:09<05:18,  1.27it/s] 50%|████▉     | 401/805 [05:09<05:14,  1.28it/s] 50%|████▉     | 402/805 [05:10<05:05,  1.32it/s] 50%|█████     | 403/805 [05:11<04:43,  1.42it/s] 50%|█████     | 404/805 [05:11<04:50,  1.38it/s] 50%|█████     | 405/805 [05:12<05:06,  1.31it/s] 50%|█████     | 406/805 [05:13<04:56,  1.35it/s] 51%|█████     | 407/805 [05:14<04:52,  1.36it/s] 51%|█████     | 408/805 [05:15<04:59,  1.33it/s] 51%|█████     | 409/805 [05:15<04:54,  1.34it/s] 51%|█████     | 410/805 [05:16<04:49,  1.37it/s] 51%|█████     | 411/805 [05:17<04:55,  1.33it/s] 51%|█████     | 412/805 [05:18<05:01,  1.31it/s] 51%|█████▏    | 413/805 [05:18<04:55,  1.33it/s] 51%|█████▏    | 414/805 [05:19<04:41,  1.39it/s] 52%|█████▏    | 415/805 [05:20<04:50,  1.34it/s] 52%|█████▏    | 416/805 [05:20<04:44,  1.37it/s] 52%|█████▏    | 417/805 [05:21<04:47,  1.35it/s] 52%|█████▏    | 418/805 [05:22<04:51,  1.33it/s] 52%|█████▏    | 419/805 [05:23<04:53,  1.32it/s] 52%|█████▏    | 420/805 [05:24<04:53,  1.31it/s] 52%|█████▏    | 421/805 [05:24<04:52,  1.31it/s] 52%|█████▏    | 422/805 [05:25<04:46,  1.34it/s] 53%|█████▎    | 423/805 [05:26<04:51,  1.31it/s] 53%|█████▎    | 424/805 [05:27<05:10,  1.23it/s] 53%|█████▎    | 425/805 [05:27<05:01,  1.26it/s] 53%|█████▎    | 426/805 [05:28<04:55,  1.28it/s] 53%|█████▎    | 427/805 [05:29<04:44,  1.33it/s] 53%|█████▎    | 428/805 [05:30<04:42,  1.33it/s] 53%|█████▎    | 429/805 [05:30<04:46,  1.31it/s] 53%|█████▎    | 430/805 [05:31<04:39,  1.34it/s] 54%|█████▎    | 431/805 [05:32<05:16,  1.18it/s] 54%|█████▎    | 432/805 [05:33<05:00,  1.24it/s] 54%|█████▍    | 433/805 [05:34<04:48,  1.29it/s] 54%|█████▍    | 434/805 [05:34<04:38,  1.33it/s] 54%|█████▍    | 435/805 [05:35<04:38,  1.33it/s] 54%|█████▍    | 436/805 [05:36<04:38,  1.33it/s] 54%|█████▍    | 437/805 [05:37<04:58,  1.23it/s] 54%|█████▍    | 438/805 [05:37<04:34,  1.33it/s] 55%|█████▍    | 439/805 [05:38<04:33,  1.34it/s] 55%|█████▍    | 440/805 [05:39<04:31,  1.34it/s] 55%|█████▍    | 441/805 [05:40<04:25,  1.37it/s] 55%|█████▍    | 442/805 [05:40<04:26,  1.36it/s] 55%|█████▌    | 443/805 [05:41<04:32,  1.33it/s] 55%|█████▌    | 444/805 [05:42<04:52,  1.23it/s] 55%|█████▌    | 445/805 [05:43<04:32,  1.32it/s] 55%|█████▌    | 446/805 [05:43<04:25,  1.35it/s] 56%|█████▌    | 447/805 [05:44<04:23,  1.36it/s] 56%|█████▌    | 448/805 [05:45<04:24,  1.35it/s] 56%|█████▌    | 449/805 [05:46<04:27,  1.33it/s] 56%|█████▌    | 450/805 [05:47<04:45,  1.24it/s] 56%|█████▌    | 451/805 [05:47<04:40,  1.26it/s] 56%|█████▌    | 452/805 [05:48<04:38,  1.27it/s] 56%|█████▋    | 453/805 [05:49<04:36,  1.27it/s] 56%|█████▋    | 454/805 [05:49<04:14,  1.38it/s] 57%|█████▋    | 455/805 [05:50<04:20,  1.35it/s] 57%|█████▋    | 456/805 [05:51<04:22,  1.33it/s] 57%|█████▋    | 457/805 [05:52<04:37,  1.26it/s] 57%|█████▋    | 458/805 [05:53<04:34,  1.27it/s] 57%|█████▋    | 459/805 [05:53<04:31,  1.28it/s] 57%|█████▋    | 460/805 [05:54<04:28,  1.28it/s] 57%|█████▋    | 461/805 [05:55<04:26,  1.29it/s] 57%|█████▋    | 462/805 [05:56<04:24,  1.29it/s] 58%|█████▊    | 463/805 [05:57<04:54,  1.16it/s] 58%|█████▊    | 464/805 [05:58<04:42,  1.21it/s] 58%|█████▊    | 465/805 [05:58<04:31,  1.25it/s] 58%|█████▊    | 466/805 [05:59<04:22,  1.29it/s] 58%|█████▊    | 467/805 [06:00<04:20,  1.30it/s] 58%|█████▊    | 468/805 [06:01<04:17,  1.31it/s] 58%|█████▊    | 469/805 [06:01<04:17,  1.30it/s] 58%|█████▊    | 470/805 [06:02<04:33,  1.23it/s] 59%|█████▊    | 471/805 [06:03<04:27,  1.25it/s] 59%|█████▊    | 472/805 [06:04<04:26,  1.25it/s] 59%|█████▉    | 473/805 [06:05<04:18,  1.28it/s] 59%|█████▉    | 474/805 [06:05<04:03,  1.36it/s] 59%|█████▉    | 475/805 [06:06<04:01,  1.37it/s] 59%|█████▉    | 476/805 [06:07<04:16,  1.28it/s] 59%|█████▉    | 477/805 [06:08<04:13,  1.30it/s] 59%|█████▉    | 478/805 [06:08<04:11,  1.30it/s] 60%|█████▉    | 479/805 [06:09<04:04,  1.33it/s] 60%|█████▉    | 480/805 [06:10<04:06,  1.32it/s] 60%|█████▉    | 481/805 [06:11<04:04,  1.32it/s] 60%|█████▉    | 482/805 [06:12<04:24,  1.22it/s] 60%|██████    | 483/805 [06:12<04:19,  1.24it/s] 60%|██████    | 484/805 [06:13<04:08,  1.29it/s] 60%|██████    | 485/805 [06:14<04:01,  1.32it/s] 60%|██████    | 486/805 [06:14<04:02,  1.31it/s] 60%|██████    | 487/805 [06:15<03:47,  1.40it/s] 61%|██████    | 488/805 [06:16<03:47,  1.39it/s] 61%|██████    | 489/805 [06:17<04:00,  1.31it/s] 61%|██████    | 490/805 [06:17<03:59,  1.32it/s] 61%|██████    | 491/805 [06:18<03:56,  1.33it/s] 61%|██████    | 492/805 [06:19<03:58,  1.31it/s] 61%|██████    | 493/805 [06:20<03:53,  1.34it/s] 61%|██████▏   | 494/805 [06:20<03:52,  1.34it/s] 61%|██████▏   | 495/805 [06:21<04:09,  1.24it/s] 62%|██████▏   | 496/805 [06:22<04:00,  1.29it/s] 62%|██████▏   | 497/805 [06:23<03:53,  1.32it/s] 62%|██████▏   | 498/805 [06:24<03:51,  1.33it/s] 62%|██████▏   | 499/805 [06:24<03:50,  1.33it/s] 62%|██████▏   | 500/805 [06:25<03:54,  1.30it/s] 62%|██████▏   | 501/805 [06:26<04:12,  1.21it/s] 62%|██████▏   | 502/805 [06:27<04:00,  1.26it/s] 62%|██████▏   | 503/805 [06:28<03:59,  1.26it/s] 63%|██████▎   | 504/805 [06:28<03:54,  1.28it/s] 63%|██████▎   | 505/805 [06:29<03:51,  1.29it/s] 63%|██████▎   | 506/805 [06:30<03:50,  1.30it/s] 63%|██████▎   | 507/805 [06:31<04:04,  1.22it/s] 63%|██████▎   | 508/805 [06:31<03:47,  1.31it/s] 63%|██████▎   | 509/805 [06:32<03:45,  1.31it/s] 63%|██████▎   | 510/805 [06:33<03:44,  1.32it/s] 63%|██████▎   | 511/805 [06:34<03:43,  1.32it/s] 64%|██████▎   | 512/805 [06:34<03:40,  1.33it/s] 64%|██████▎   | 513/805 [06:35<03:51,  1.26it/s] 64%|██████▍   | 514/805 [06:36<03:44,  1.30it/s] 64%|██████▍   | 515/805 [06:37<03:45,  1.28it/s] 64%|██████▍   | 516/805 [06:37<03:30,  1.37it/s] 64%|██████▍   | 517/805 [06:38<03:31,  1.36it/s] 64%|██████▍   | 518/805 [06:39<03:35,  1.33it/s] 64%|██████▍   | 519/805 [06:40<03:33,  1.34it/s] 65%|██████▍   | 520/805 [06:41<03:46,  1.26it/s] 65%|██████▍   | 521/805 [06:41<03:45,  1.26it/s] 65%|██████▍   | 522/805 [06:42<03:40,  1.28it/s] 65%|██████▍   | 523/805 [06:43<03:50,  1.23it/s] 65%|██████▌   | 524/805 [06:44<03:44,  1.25it/s] 65%|██████▌   | 525/805 [06:45<03:35,  1.30it/s] 65%|██████▌   | 526/805 [06:45<03:45,  1.24it/s] 65%|██████▌   | 527/805 [06:46<03:40,  1.26it/s] 66%|██████▌   | 528/805 [06:47<03:36,  1.28it/s] 66%|██████▌   | 529/805 [06:48<03:30,  1.31it/s] 66%|██████▌   | 530/805 [06:48<03:32,  1.30it/s] 66%|██████▌   | 531/805 [06:49<03:17,  1.38it/s] 66%|██████▌   | 532/805 [06:50<03:17,  1.39it/s] 66%|██████▌   | 533/805 [06:51<03:34,  1.27it/s] 66%|██████▋   | 534/805 [06:51<03:32,  1.28it/s] 66%|██████▋   | 535/805 [06:52<03:17,  1.37it/s] 67%|██████▋   | 536/805 [06:53<03:20,  1.34it/s] 67%|██████▋   | 537/805 [06:54<03:19,  1.34it/s] 67%|██████▋   | 538/805 [06:54<03:18,  1.34it/s] 67%|██████▋   | 539/805 [06:55<03:19,  1.33it/s] 67%|██████▋   | 540/805 [06:56<03:33,  1.24it/s] 67%|██████▋   | 541/805 [06:57<03:25,  1.29it/s] 67%|██████▋   | 542/805 [06:57<03:11,  1.37it/s] 67%|██████▋   | 543/805 [06:58<03:11,  1.37it/s] 68%|██████▊   | 544/805 [06:59<03:09,  1.38it/s] 68%|██████▊   | 545/805 [07:00<03:10,  1.36it/s] 68%|██████▊   | 546/805 [07:00<03:23,  1.27it/s] 68%|██████▊   | 547/805 [07:01<03:20,  1.29it/s] 68%|██████▊   | 548/805 [07:02<03:19,  1.29it/s] 68%|██████▊   | 549/805 [07:03<03:16,  1.30it/s] 68%|██████▊   | 550/805 [07:04<03:15,  1.31it/s] 68%|██████▊   | 551/805 [07:04<03:16,  1.29it/s] 69%|██████▊   | 552/805 [07:05<03:28,  1.21it/s] 69%|██████▊   | 553/805 [07:06<03:17,  1.28it/s] 69%|██████▉   | 554/805 [07:07<03:13,  1.30it/s] 69%|██████▉   | 555/805 [07:07<03:07,  1.33it/s] 69%|██████▉   | 556/805 [07:08<03:10,  1.31it/s] 69%|██████▉   | 557/805 [07:09<03:19,  1.24it/s] 69%|██████▉   | 558/805 [07:10<03:27,  1.19it/s] 69%|██████▉   | 559/805 [07:11<03:17,  1.24it/s] 70%|██████▉   | 560/805 [07:11<03:02,  1.34it/s] 70%|██████▉   | 561/805 [07:12<03:03,  1.33it/s] 70%|██████▉   | 562/805 [07:13<02:53,  1.40it/s] 70%|██████▉   | 563/805 [07:14<02:58,  1.36it/s] 70%|███████   | 564/805 [07:14<03:12,  1.25it/s] 70%|███████   | 565/805 [07:15<03:10,  1.26it/s] 70%|███████   | 566/805 [07:16<03:07,  1.28it/s] 70%|███████   | 567/805 [07:17<03:04,  1.29it/s] 71%|███████   | 568/805 [07:17<03:02,  1.30it/s] 71%|███████   | 569/805 [07:18<03:02,  1.29it/s] 71%|███████   | 570/805 [07:19<03:02,  1.29it/s] 71%|███████   | 571/805 [07:20<03:01,  1.29it/s] 71%|███████   | 572/805 [07:21<02:59,  1.30it/s] 71%|███████   | 573/805 [07:21<02:59,  1.29it/s] 71%|███████▏  | 574/805 [07:22<02:55,  1.32it/s] 71%|███████▏  | 575/805 [07:23<02:49,  1.35it/s] 72%|███████▏  | 576/805 [07:24<02:50,  1.34it/s] 72%|███████▏  | 577/805 [07:24<03:03,  1.24it/s] 72%|███████▏  | 578/805 [07:25<02:49,  1.34it/s] 72%|███████▏  | 579/805 [07:26<02:39,  1.42it/s] 72%|███████▏  | 580/805 [07:26<02:41,  1.40it/s] 72%|███████▏  | 581/805 [07:27<02:41,  1.39it/s] 72%|███████▏  | 582/805 [07:28<02:45,  1.35it/s] 72%|███████▏  | 583/805 [07:29<02:45,  1.35it/s] 73%|███████▎  | 584/805 [07:30<03:05,  1.19it/s] 73%|███████▎  | 585/805 [07:31<02:57,  1.24it/s] 73%|███████▎  | 586/805 [07:31<02:55,  1.25it/s] 73%|███████▎  | 587/805 [07:32<02:53,  1.25it/s] 73%|███████▎  | 588/805 [07:33<02:49,  1.28it/s] 73%|███████▎  | 589/805 [07:34<02:47,  1.29it/s] 73%|███████▎  | 590/805 [07:35<02:57,  1.21it/s] 73%|███████▎  | 591/805 [07:35<03:01,  1.18it/s] 74%|███████▎  | 592/805 [07:36<02:46,  1.28it/s] 74%|███████▎  | 593/805 [07:37<02:41,  1.32it/s] 74%|███████▍  | 594/805 [07:38<02:40,  1.32it/s] 74%|███████▍  | 595/805 [07:38<02:29,  1.40it/s] 74%|███████▍  | 596/805 [07:39<02:30,  1.38it/s] 74%|███████▍  | 597/805 [07:40<02:33,  1.36it/s] 74%|███████▍  | 598/805 [07:40<02:30,  1.38it/s] 74%|███████▍  | 599/805 [07:41<02:31,  1.36it/s] 75%|███████▍  | 600/805 [07:42<02:34,  1.33it/s] 75%|███████▍  | 601/805 [07:43<02:25,  1.41it/s] 75%|███████▍  | 602/805 [07:43<02:24,  1.40it/s] 75%|███████▍  | 603/805 [07:44<02:37,  1.28it/s] 75%|███████▌  | 604/805 [07:45<02:34,  1.30it/s] 75%|███████▌  | 605/805 [07:46<02:31,  1.32it/s] 75%|███████▌  | 606/805 [07:46<02:26,  1.36it/s] 75%|███████▌  | 607/805 [07:47<02:26,  1.35it/s] 76%|███████▌  | 608/805 [07:48<02:29,  1.32it/s] 76%|███████▌  | 609/805 [07:49<02:33,  1.28it/s] 76%|███████▌  | 610/805 [07:49<02:28,  1.31it/s] 76%|███████▌  | 611/805 [07:50<02:25,  1.34it/s] 76%|███████▌  | 612/805 [07:51<02:21,  1.37it/s] 76%|███████▌  | 613/805 [07:52<02:19,  1.38it/s] 76%|███████▋  | 614/805 [07:52<02:19,  1.37it/s] 76%|███████▋  | 615/805 [07:53<02:28,  1.28it/s] 77%|███████▋  | 616/805 [07:54<02:27,  1.28it/s] 77%|███████▋  | 617/805 [07:55<02:22,  1.32it/s] 77%|███████▋  | 618/805 [07:55<02:22,  1.31it/s] 77%|███████▋  | 619/805 [07:56<02:20,  1.32it/s] 77%|███████▋  | 620/805 [07:57<02:19,  1.32it/s] 77%|███████▋  | 621/805 [07:58<02:17,  1.33it/s] 77%|███████▋  | 622/805 [07:59<02:27,  1.24it/s] 77%|███████▋  | 623/805 [07:59<02:23,  1.27it/s] 78%|███████▊  | 624/805 [08:00<02:19,  1.30it/s] 78%|███████▊  | 625/805 [08:01<02:14,  1.34it/s] 78%|███████▊  | 626/805 [08:02<02:13,  1.34it/s] 78%|███████▊  | 627/805 [08:02<02:15,  1.31it/s] 78%|███████▊  | 628/805 [08:03<02:25,  1.22it/s] 78%|███████▊  | 629/805 [08:04<02:21,  1.24it/s] 78%|███████▊  | 630/805 [08:05<02:19,  1.26it/s] 78%|███████▊  | 631/805 [08:05<02:08,  1.36it/s] 79%|███████▊  | 632/805 [08:06<02:08,  1.35it/s] 79%|███████▊  | 633/805 [08:07<02:07,  1.35it/s] 79%|███████▉  | 634/805 [08:08<02:13,  1.28it/s] 79%|███████▉  | 635/805 [08:08<02:04,  1.36it/s] 79%|███████▉  | 636/805 [08:09<02:04,  1.36it/s] 79%|███████▉  | 637/805 [08:10<02:01,  1.38it/s] 79%|███████▉  | 638/805 [08:11<02:00,  1.38it/s] 79%|███████▉  | 639/805 [08:11<02:01,  1.37it/s] 80%|███████▉  | 640/805 [08:12<02:10,  1.26it/s] 80%|███████▉  | 641/805 [08:13<02:08,  1.28it/s] 80%|███████▉  | 642/805 [08:14<01:58,  1.37it/s] 80%|███████▉  | 643/805 [08:14<01:56,  1.39it/s] 80%|████████  | 644/805 [08:15<01:58,  1.36it/s] 80%|████████  | 645/805 [08:16<02:00,  1.33it/s] 80%|████████  | 646/805 [08:17<02:01,  1.31it/s] 80%|████████  | 647/805 [08:17<01:57,  1.34it/s] 80%|████████  | 648/805 [08:18<01:49,  1.43it/s] 81%|████████  | 649/805 [08:19<01:52,  1.39it/s] 81%|████████  | 650/805 [08:20<01:53,  1.36it/s] 81%|████████  | 651/805 [08:20<01:52,  1.36it/s] 81%|████████  | 652/805 [08:21<01:53,  1.35it/s] 81%|████████  | 653/805 [08:22<01:55,  1.31it/s] 81%|████████  | 654/805 [08:23<01:55,  1.31it/s] 81%|████████▏ | 655/805 [08:23<01:52,  1.33it/s] 81%|████████▏ | 656/805 [08:24<01:52,  1.33it/s] 82%|████████▏ | 657/805 [08:25<01:53,  1.31it/s] 82%|████████▏ | 658/805 [08:26<01:51,  1.32it/s] 82%|████████▏ | 659/805 [08:27<01:59,  1.22it/s] 82%|████████▏ | 660/805 [08:27<01:56,  1.25it/s] 82%|████████▏ | 661/805 [08:28<01:46,  1.35it/s] 82%|████████▏ | 662/805 [08:29<01:39,  1.44it/s] 82%|████████▏ | 663/805 [08:29<01:41,  1.40it/s] 82%|████████▏ | 664/805 [08:30<01:44,  1.35it/s] 83%|████████▎ | 665/805 [08:31<01:53,  1.24it/s] 83%|████████▎ | 666/805 [08:32<01:44,  1.34it/s] 83%|████████▎ | 667/805 [08:32<01:44,  1.32it/s] 83%|████████▎ | 668/805 [08:33<01:41,  1.35it/s] 83%|████████▎ | 669/805 [08:34<01:40,  1.35it/s] 83%|████████▎ | 670/805 [08:35<01:40,  1.34it/s] 83%|████████▎ | 671/805 [08:35<01:42,  1.31it/s] 83%|████████▎ | 672/805 [08:36<01:49,  1.21it/s] 84%|████████▎ | 673/805 [08:37<01:47,  1.23it/s] 84%|████████▎ | 674/805 [08:38<01:43,  1.26it/s] 84%|████████▍ | 675/805 [08:39<01:41,  1.28it/s] 84%|████████▍ | 676/805 [08:39<01:40,  1.28it/s] 84%|████████▍ | 677/805 [08:40<01:33,  1.36it/s] 84%|████████▍ | 678/805 [08:41<01:46,  1.19it/s] 84%|████████▍ | 679/805 [08:42<01:42,  1.22it/s] 84%|████████▍ | 680/805 [08:43<01:41,  1.23it/s] 85%|████████▍ | 681/805 [08:44<01:38,  1.25it/s] 85%|████████▍ | 682/805 [08:44<01:31,  1.35it/s] 85%|████████▍ | 683/805 [08:45<01:30,  1.35it/s] 85%|████████▍ | 684/805 [08:46<01:36,  1.25it/s] 85%|████████▌ | 685/805 [08:47<01:36,  1.25it/s] 85%|████████▌ | 686/805 [08:47<01:33,  1.27it/s] 85%|████████▌ | 687/805 [08:48<01:30,  1.30it/s] 85%|████████▌ | 688/805 [08:49<01:25,  1.37it/s] 86%|████████▌ | 689/805 [08:49<01:26,  1.34it/s] 86%|████████▌ | 690/805 [08:50<01:31,  1.25it/s] 86%|████████▌ | 691/805 [08:51<01:27,  1.30it/s] 86%|████████▌ | 692/805 [08:52<01:27,  1.29it/s] 86%|████████▌ | 693/805 [08:53<01:26,  1.30it/s] 86%|████████▌ | 694/805 [08:53<01:24,  1.32it/s] 86%|████████▋ | 695/805 [08:54<01:21,  1.35it/s] 86%|████████▋ | 696/805 [08:55<01:20,  1.35it/s] 87%|████████▋ | 697/805 [08:56<01:26,  1.25it/s] 87%|████████▋ | 698/805 [08:57<01:24,  1.27it/s] 87%|████████▋ | 699/805 [08:57<01:21,  1.30it/s] 87%|████████▋ | 700/805 [08:58<01:19,  1.33it/s] 87%|████████▋ | 701/805 [08:59<01:14,  1.39it/s] 87%|████████▋ | 702/805 [08:59<01:16,  1.35it/s] 87%|████████▋ | 703/805 [09:00<01:21,  1.25it/s] 87%|████████▋ | 704/805 [09:01<01:19,  1.28it/s] 88%|████████▊ | 705/805 [09:02<01:15,  1.32it/s] 88%|████████▊ | 706/805 [09:03<01:16,  1.30it/s] 88%|████████▊ | 707/805 [09:03<01:15,  1.30it/s] 88%|████████▊ | 708/805 [09:04<01:14,  1.31it/s] 88%|████████▊ | 709/805 [09:05<01:18,  1.23it/s] 88%|████████▊ | 710/805 [09:06<01:14,  1.28it/s] 88%|████████▊ | 711/805 [09:06<01:12,  1.29it/s] 88%|████████▊ | 712/805 [09:07<01:11,  1.30it/s] 89%|████████▊ | 713/805 [09:08<01:09,  1.33it/s] 89%|████████▊ | 714/805 [09:09<01:07,  1.34it/s] 89%|████████▉ | 715/805 [09:10<01:12,  1.24it/s] 89%|████████▉ | 716/805 [09:10<01:07,  1.31it/s] 89%|████████▉ | 717/805 [09:11<01:06,  1.32it/s] 89%|████████▉ | 718/805 [09:12<01:06,  1.32it/s] 89%|████████▉ | 719/805 [09:13<01:05,  1.31it/s] 89%|████████▉ | 720/805 [09:13<01:04,  1.32it/s] 90%|████████▉ | 721/805 [09:14<01:04,  1.30it/s] 90%|████████▉ | 722/805 [09:15<01:07,  1.23it/s] 90%|████████▉ | 723/805 [09:16<01:04,  1.26it/s] 90%|████████▉ | 724/805 [09:17<01:03,  1.28it/s] 90%|█████████ | 725/805 [09:17<00:58,  1.37it/s] 90%|█████████ | 726/805 [09:18<00:57,  1.38it/s] 90%|█████████ | 727/805 [09:18<00:53,  1.46it/s] 90%|█████████ | 728/805 [09:19<00:58,  1.32it/s] 91%|█████████ | 729/805 [09:20<00:56,  1.34it/s] 91%|█████████ | 730/805 [09:21<00:56,  1.32it/s] 91%|█████████ | 731/805 [09:22<00:55,  1.33it/s] 91%|█████████ | 732/805 [09:22<00:54,  1.33it/s] 91%|█████████ | 733/805 [09:23<00:50,  1.42it/s] 91%|█████████ | 734/805 [09:24<00:50,  1.42it/s] 91%|█████████▏| 735/805 [09:25<00:53,  1.30it/s] 91%|█████████▏| 736/805 [09:25<00:52,  1.32it/s] 92%|█████████▏| 737/805 [09:26<00:51,  1.31it/s] 92%|█████████▏| 738/805 [09:27<00:50,  1.32it/s] 92%|█████████▏| 739/805 [09:28<00:49,  1.33it/s] 92%|█████████▏| 740/805 [09:28<00:47,  1.35it/s] 92%|█████████▏| 741/805 [09:29<00:48,  1.32it/s] 92%|█████████▏| 742/805 [09:30<00:46,  1.35it/s] 92%|█████████▏| 743/805 [09:31<00:46,  1.33it/s] 92%|█████████▏| 744/805 [09:31<00:45,  1.34it/s] 93%|█████████▎| 745/805 [09:32<00:45,  1.32it/s] 93%|█████████▎| 746/805 [09:33<00:44,  1.32it/s] 93%|█████████▎| 747/805 [09:34<00:43,  1.32it/s] 93%|█████████▎| 748/805 [09:34<00:45,  1.26it/s] 93%|█████████▎| 749/805 [09:35<00:44,  1.26it/s] 93%|█████████▎| 750/805 [09:36<00:42,  1.30it/s] 93%|█████████▎| 751/805 [09:37<00:43,  1.24it/s] 93%|█████████▎| 752/805 [09:38<00:41,  1.28it/s] 94%|█████████▎| 753/805 [09:38<00:39,  1.32it/s] 94%|█████████▎| 754/805 [09:39<00:41,  1.23it/s] 94%|█████████▍| 755/805 [09:40<00:40,  1.25it/s] 94%|█████████▍| 756/805 [09:41<00:38,  1.27it/s] 94%|█████████▍| 757/805 [09:42<00:37,  1.28it/s] 94%|█████████▍| 758/805 [09:42<00:36,  1.30it/s] 94%|█████████▍| 759/805 [09:43<00:35,  1.29it/s] 94%|█████████▍| 760/805 [09:44<00:36,  1.23it/s] 95%|█████████▍| 761/805 [09:45<00:34,  1.27it/s] 95%|█████████▍| 762/805 [09:45<00:33,  1.28it/s] 95%|█████████▍| 763/805 [09:46<00:32,  1.28it/s] 95%|█████████▍| 764/805 [09:47<00:31,  1.29it/s] 95%|█████████▌| 765/805 [09:48<00:30,  1.30it/s] 95%|█████████▌| 766/805 [09:49<00:31,  1.23it/s] 95%|█████████▌| 767/805 [09:49<00:29,  1.27it/s] 95%|█████████▌| 768/805 [09:50<00:28,  1.28it/s] 96%|█████████▌| 769/805 [09:51<00:28,  1.28it/s] 96%|█████████▌| 770/805 [09:52<00:26,  1.31it/s] 96%|█████████▌| 771/805 [09:52<00:25,  1.32it/s] 96%|█████████▌| 772/805 [09:53<00:24,  1.33it/s] 96%|█████████▌| 773/805 [09:54<00:25,  1.24it/s] 96%|█████████▌| 774/805 [09:55<00:24,  1.28it/s] 96%|█████████▋| 775/805 [09:56<00:23,  1.29it/s] 96%|█████████▋| 776/805 [09:56<00:22,  1.30it/s] 97%|█████████▋| 777/805 [09:57<00:21,  1.33it/s] 97%|█████████▋| 778/805 [09:58<00:20,  1.35it/s] 97%|█████████▋| 779/805 [09:58<00:19,  1.35it/s] 97%|█████████▋| 780/805 [09:59<00:19,  1.26it/s] 97%|█████████▋| 781/805 [10:00<00:19,  1.21it/s] 97%|█████████▋| 782/805 [10:01<00:17,  1.32it/s] 97%|█████████▋| 783/805 [10:02<00:16,  1.34it/s] 97%|█████████▋| 784/805 [10:02<00:16,  1.31it/s] 98%|█████████▊| 785/805 [10:03<00:16,  1.24it/s] 98%|█████████▊| 786/805 [10:04<00:15,  1.21it/s] 98%|█████████▊| 787/805 [10:05<00:14,  1.26it/s] 98%|█████████▊| 788/805 [10:06<00:13,  1.29it/s] 98%|█████████▊| 789/805 [10:06<00:12,  1.29it/s] 98%|█████████▊| 790/805 [10:07<00:11,  1.30it/s] 98%|█████████▊| 791/805 [10:08<00:10,  1.30it/s] 98%|█████████▊| 792/805 [10:09<00:09,  1.30it/s] 99%|█████████▊| 793/805 [10:09<00:08,  1.40it/s] 99%|█████████▊| 794/805 [10:10<00:07,  1.41it/s] 99%|█████████▉| 795/805 [10:11<00:07,  1.41it/s] 99%|█████████▉| 796/805 [10:12<00:06,  1.37it/s] 99%|█████████▉| 797/805 [10:12<00:05,  1.35it/s] 99%|█████████▉| 798/805 [10:13<00:05,  1.34it/s] 99%|█████████▉| 799/805 [10:14<00:04,  1.26it/s] 99%|█████████▉| 800/805 [10:15<00:03,  1.28it/s]100%|█████████▉| 801/805 [10:15<00:03,  1.29it/s]100%|█████████▉| 802/805 [10:16<00:02,  1.23it/s]100%|█████████▉| 803/805 [10:17<00:01,  1.27it/s]100%|█████████▉| 804/805 [10:18<00:00,  1.30it/s]100%|██████████| 805/805 [10:19<00:00,  1.16it/s]100%|██████████| 805/805 [10:19<00:00,  1.30it/s]
##############################Training epoch: 5/10##############################
  0%|          | 0/805 [00:00<?, ?it/s]  0%|          | 1/805 [00:05<1:17:38,  5.79s/it]  0%|          | 2/805 [00:06<38:10,  2.85s/it]    0%|          | 3/805 [00:07<25:16,  1.89s/it]  0%|          | 4/805 [00:08<19:22,  1.45s/it]  1%|          | 5/805 [00:08<15:25,  1.16s/it]  1%|          | 6/805 [00:09<13:04,  1.02it/s]  1%|          | 7/805 [00:10<12:50,  1.04it/s]  1%|          | 8/805 [00:10<11:18,  1.17it/s]  1%|          | 9/805 [00:11<10:22,  1.28it/s]  1%|          | 10/805 [00:12<10:07,  1.31it/s]  1%|▏         | 11/805 [00:13<09:59,  1.33it/s]  1%|▏         | 12/805 [00:13<09:51,  1.34it/s]  2%|▏         | 13/805 [00:14<10:43,  1.23it/s]  2%|▏         | 14/805 [00:15<10:35,  1.24it/s]  2%|▏         | 15/805 [00:16<10:27,  1.26it/s]  2%|▏         | 16/805 [00:17<10:27,  1.26it/s]  2%|▏         | 17/805 [00:17<09:47,  1.34it/s]  2%|▏         | 18/805 [00:18<09:19,  1.41it/s]  2%|▏         | 19/805 [00:19<09:26,  1.39it/s]  2%|▏         | 20/805 [00:19<10:02,  1.30it/s]  3%|▎         | 21/805 [00:20<09:49,  1.33it/s]  3%|▎         | 22/805 [00:21<09:50,  1.33it/s]  3%|▎         | 23/805 [00:22<09:16,  1.41it/s]  3%|▎         | 24/805 [00:22<09:17,  1.40it/s]  3%|▎         | 25/805 [00:23<09:22,  1.39it/s]  3%|▎         | 26/805 [00:24<09:37,  1.35it/s]  3%|▎         | 27/805 [00:24<09:32,  1.36it/s]  3%|▎         | 28/805 [00:25<09:01,  1.43it/s]  4%|▎         | 29/805 [00:26<09:48,  1.32it/s]  4%|▎         | 30/805 [00:27<09:35,  1.35it/s]  4%|▍         | 31/805 [00:27<09:36,  1.34it/s]  4%|▍         | 32/805 [00:28<09:30,  1.35it/s]  4%|▍         | 33/805 [00:29<10:11,  1.26it/s]  4%|▍         | 34/805 [00:30<09:47,  1.31it/s]  4%|▍         | 35/805 [00:31<09:40,  1.33it/s]  4%|▍         | 36/805 [00:31<10:14,  1.25it/s]  5%|▍         | 37/805 [00:32<10:06,  1.27it/s]  5%|▍         | 38/805 [00:33<09:44,  1.31it/s]  5%|▍         | 39/805 [00:34<10:25,  1.23it/s]  5%|▍         | 40/805 [00:35<10:10,  1.25it/s]  5%|▌         | 41/805 [00:35<10:06,  1.26it/s]  5%|▌         | 42/805 [00:36<09:52,  1.29it/s]  5%|▌         | 43/805 [00:37<10:21,  1.23it/s]  5%|▌         | 44/805 [00:38<10:17,  1.23it/s]  6%|▌         | 45/805 [00:39<10:11,  1.24it/s]  6%|▌         | 46/805 [00:39<09:49,  1.29it/s]  6%|▌         | 47/805 [00:40<09:49,  1.29it/s]  6%|▌         | 48/805 [00:41<09:52,  1.28it/s]  6%|▌         | 49/805 [00:42<09:51,  1.28it/s]  6%|▌         | 50/805 [00:42<09:12,  1.37it/s]  6%|▋         | 51/805 [00:43<09:28,  1.33it/s]  6%|▋         | 52/805 [00:44<10:11,  1.23it/s]  7%|▋         | 53/805 [00:45<09:59,  1.25it/s]  7%|▋         | 54/805 [00:46<09:41,  1.29it/s]  7%|▋         | 55/805 [00:46<09:44,  1.28it/s]  7%|▋         | 56/805 [00:47<09:47,  1.28it/s]  7%|▋         | 57/805 [00:48<09:35,  1.30it/s]  7%|▋         | 58/805 [00:49<09:42,  1.28it/s]  7%|▋         | 59/805 [00:49<09:35,  1.30it/s]  7%|▋         | 60/805 [00:50<09:29,  1.31it/s]  8%|▊         | 61/805 [00:51<09:28,  1.31it/s]  8%|▊         | 62/805 [00:52<09:17,  1.33it/s]  8%|▊         | 63/805 [00:52<09:27,  1.31it/s]  8%|▊         | 64/805 [00:53<08:50,  1.40it/s]  8%|▊         | 65/805 [00:54<09:33,  1.29it/s]  8%|▊         | 66/805 [00:55<09:34,  1.29it/s]  8%|▊         | 67/805 [00:56<09:39,  1.27it/s]  8%|▊         | 68/805 [00:56<09:34,  1.28it/s]  9%|▊         | 69/805 [00:57<09:22,  1.31it/s]  9%|▊         | 70/805 [00:58<09:21,  1.31it/s]  9%|▉         | 71/805 [00:59<10:06,  1.21it/s]  9%|▉         | 72/805 [01:00<10:21,  1.18it/s]  9%|▉         | 73/805 [01:00<10:02,  1.22it/s]  9%|▉         | 74/805 [01:01<09:44,  1.25it/s]  9%|▉         | 75/805 [01:02<09:26,  1.29it/s]  9%|▉         | 76/805 [01:03<09:17,  1.31it/s] 10%|▉         | 77/805 [01:03<09:05,  1.33it/s] 10%|▉         | 78/805 [01:04<09:52,  1.23it/s] 10%|▉         | 79/805 [01:05<09:42,  1.25it/s] 10%|▉         | 80/805 [01:06<09:35,  1.26it/s] 10%|█         | 81/805 [01:07<09:19,  1.29it/s] 10%|█         | 82/805 [01:07<09:08,  1.32it/s] 10%|█         | 83/805 [01:08<09:14,  1.30it/s] 10%|█         | 84/805 [01:09<09:51,  1.22it/s] 11%|█         | 85/805 [01:10<09:40,  1.24it/s] 11%|█         | 86/805 [01:11<09:30,  1.26it/s] 11%|█         | 87/805 [01:11<09:14,  1.30it/s] 11%|█         | 88/805 [01:12<09:01,  1.32it/s] 11%|█         | 89/805 [01:13<09:00,  1.32it/s] 11%|█         | 90/805 [01:13<08:34,  1.39it/s] 11%|█▏        | 91/805 [01:14<09:24,  1.26it/s] 11%|█▏        | 92/805 [01:15<09:17,  1.28it/s] 12%|█▏        | 93/805 [01:16<09:13,  1.29it/s] 12%|█▏        | 94/805 [01:17<09:00,  1.32it/s] 12%|█▏        | 95/805 [01:17<09:06,  1.30it/s] 12%|█▏        | 96/805 [01:18<09:08,  1.29it/s] 12%|█▏        | 97/805 [01:19<09:17,  1.27it/s] 12%|█▏        | 98/805 [01:20<09:12,  1.28it/s] 12%|█▏        | 99/805 [01:20<08:57,  1.31it/s] 12%|█▏        | 100/805 [01:21<08:56,  1.31it/s] 13%|█▎        | 101/805 [01:22<08:43,  1.35it/s] 13%|█▎        | 102/805 [01:23<08:37,  1.36it/s] 13%|█▎        | 103/805 [01:23<08:31,  1.37it/s] 13%|█▎        | 104/805 [01:24<09:22,  1.25it/s] 13%|█▎        | 105/805 [01:25<09:05,  1.28it/s] 13%|█▎        | 106/805 [01:26<08:58,  1.30it/s] 13%|█▎        | 107/805 [01:27<09:01,  1.29it/s] 13%|█▎        | 108/805 [01:27<08:25,  1.38it/s] 14%|█▎        | 109/805 [01:28<08:33,  1.35it/s] 14%|█▎        | 110/805 [01:29<08:46,  1.32it/s] 14%|█▍        | 111/805 [01:29<08:14,  1.40it/s] 14%|█▍        | 112/805 [01:30<08:15,  1.40it/s] 14%|█▍        | 113/805 [01:31<07:58,  1.45it/s] 14%|█▍        | 114/805 [01:32<08:07,  1.42it/s] 14%|█▍        | 115/805 [01:32<08:16,  1.39it/s] 14%|█▍        | 116/805 [01:33<08:51,  1.30it/s] 15%|█▍        | 117/805 [01:34<08:44,  1.31it/s] 15%|█▍        | 118/805 [01:35<08:34,  1.34it/s] 15%|█▍        | 119/805 [01:35<08:35,  1.33it/s] 15%|█▍        | 120/805 [01:36<08:35,  1.33it/s] 15%|█▌        | 121/805 [01:37<08:39,  1.32it/s] 15%|█▌        | 122/805 [01:38<08:08,  1.40it/s] 15%|█▌        | 123/805 [01:38<08:42,  1.31it/s] 15%|█▌        | 124/805 [01:39<08:41,  1.31it/s] 16%|█▌        | 125/805 [01:40<08:12,  1.38it/s] 16%|█▌        | 126/805 [01:41<08:23,  1.35it/s] 16%|█▌        | 127/805 [01:41<08:19,  1.36it/s] 16%|█▌        | 128/805 [01:42<08:25,  1.34it/s] 16%|█▌        | 129/805 [01:43<08:56,  1.26it/s] 16%|█▌        | 130/805 [01:44<08:18,  1.35it/s] 16%|█▋        | 131/805 [01:44<08:12,  1.37it/s] 16%|█▋        | 132/805 [01:45<08:11,  1.37it/s] 17%|█▋        | 133/805 [01:46<07:43,  1.45it/s] 17%|█▋        | 134/805 [01:46<07:58,  1.40it/s] 17%|█▋        | 135/805 [01:47<08:39,  1.29it/s] 17%|█▋        | 136/805 [01:48<08:36,  1.29it/s] 17%|█▋        | 137/805 [01:49<08:03,  1.38it/s] 17%|█▋        | 138/805 [01:49<08:13,  1.35it/s] 17%|█▋        | 139/805 [01:50<07:45,  1.43it/s] 17%|█▋        | 140/805 [01:51<07:58,  1.39it/s] 18%|█▊        | 141/805 [01:52<08:32,  1.30it/s] 18%|█▊        | 142/805 [01:52<08:23,  1.32it/s] 18%|█▊        | 143/805 [01:53<08:30,  1.30it/s] 18%|█▊        | 144/805 [01:54<08:20,  1.32it/s] 18%|█▊        | 145/805 [01:55<08:19,  1.32it/s] 18%|█▊        | 146/805 [01:55<08:21,  1.32it/s] 18%|█▊        | 147/805 [01:56<08:18,  1.32it/s] 18%|█▊        | 148/805 [01:57<08:42,  1.26it/s] 19%|█▊        | 149/805 [01:58<08:00,  1.36it/s] 19%|█▊        | 150/805 [01:58<07:58,  1.37it/s] 19%|█▉        | 151/805 [01:59<08:05,  1.35it/s] 19%|█▉        | 152/805 [02:00<08:08,  1.34it/s] 19%|█▉        | 153/805 [02:01<08:10,  1.33it/s] 19%|█▉        | 154/805 [02:01<08:11,  1.32it/s] 19%|█▉        | 155/805 [02:02<08:43,  1.24it/s] 19%|█▉        | 156/805 [02:03<08:32,  1.27it/s] 20%|█▉        | 157/805 [02:04<08:22,  1.29it/s] 20%|█▉        | 158/805 [02:05<08:20,  1.29it/s] 20%|█▉        | 159/805 [02:05<08:15,  1.30it/s] 20%|█▉        | 160/805 [02:06<07:47,  1.38it/s] 20%|██        | 161/805 [02:07<08:19,  1.29it/s] 20%|██        | 162/805 [02:08<07:52,  1.36it/s] 20%|██        | 163/805 [02:08<07:54,  1.35it/s] 20%|██        | 164/805 [02:09<07:55,  1.35it/s] 20%|██        | 165/805 [02:10<07:56,  1.34it/s] 21%|██        | 166/805 [02:11<07:59,  1.33it/s] 21%|██        | 167/805 [02:11<07:53,  1.35it/s] 21%|██        | 168/805 [02:12<08:25,  1.26it/s] 21%|██        | 169/805 [02:13<08:24,  1.26it/s] 21%|██        | 170/805 [02:14<08:24,  1.26it/s] 21%|██        | 171/805 [02:15<08:13,  1.28it/s] 21%|██▏       | 172/805 [02:15<08:02,  1.31it/s] 21%|██▏       | 173/805 [02:16<07:58,  1.32it/s] 22%|██▏       | 174/805 [02:17<08:30,  1.24it/s] 22%|██▏       | 175/805 [02:18<08:08,  1.29it/s] 22%|██▏       | 176/805 [02:18<08:07,  1.29it/s] 22%|██▏       | 177/805 [02:19<08:07,  1.29it/s] 22%|██▏       | 178/805 [02:20<08:05,  1.29it/s] 22%|██▏       | 179/805 [02:21<08:05,  1.29it/s] 22%|██▏       | 180/805 [02:22<07:56,  1.31it/s] 22%|██▏       | 181/805 [02:22<07:56,  1.31it/s] 23%|██▎       | 182/805 [02:23<08:00,  1.30it/s] 23%|██▎       | 183/805 [02:24<08:00,  1.30it/s] 23%|██▎       | 184/805 [02:25<07:50,  1.32it/s] 23%|██▎       | 185/805 [02:25<07:55,  1.30it/s] 23%|██▎       | 186/805 [02:26<07:58,  1.29it/s] 23%|██▎       | 187/805 [02:27<08:19,  1.24it/s] 23%|██▎       | 188/805 [02:28<08:13,  1.25it/s] 23%|██▎       | 189/805 [02:29<08:07,  1.26it/s] 24%|██▎       | 190/805 [02:29<07:52,  1.30it/s] 24%|██▎       | 191/805 [02:30<07:55,  1.29it/s] 24%|██▍       | 192/805 [02:31<07:57,  1.28it/s] 24%|██▍       | 193/805 [02:32<07:51,  1.30it/s] 24%|██▍       | 194/805 [02:33<08:19,  1.22it/s] 24%|██▍       | 195/805 [02:33<08:04,  1.26it/s] 24%|██▍       | 196/805 [02:34<07:59,  1.27it/s] 24%|██▍       | 197/805 [02:35<07:53,  1.28it/s] 25%|██▍       | 198/805 [02:36<07:48,  1.29it/s] 25%|██▍       | 199/805 [02:36<07:46,  1.30it/s] 25%|██▍       | 200/805 [02:37<08:07,  1.24it/s] 25%|██▍       | 201/805 [02:38<08:04,  1.25it/s] 25%|██▌       | 202/805 [02:39<07:31,  1.34it/s] 25%|██▌       | 203/805 [02:39<07:26,  1.35it/s] 25%|██▌       | 204/805 [02:40<07:20,  1.37it/s] 25%|██▌       | 205/805 [02:41<07:10,  1.39it/s] 26%|██▌       | 206/805 [02:42<07:19,  1.36it/s] 26%|██▌       | 207/805 [02:42<07:31,  1.32it/s] 26%|██▌       | 208/805 [02:43<07:24,  1.34it/s] 26%|██▌       | 209/805 [02:44<07:24,  1.34it/s] 26%|██▌       | 210/805 [02:45<07:26,  1.33it/s] 26%|██▌       | 211/805 [02:45<07:32,  1.31it/s] 26%|██▋       | 212/805 [02:46<07:29,  1.32it/s] 26%|██▋       | 213/805 [02:47<07:26,  1.32it/s] 27%|██▋       | 214/805 [02:48<07:26,  1.32it/s] 27%|██▋       | 215/805 [02:48<07:25,  1.33it/s] 27%|██▋       | 216/805 [02:49<07:24,  1.33it/s] 27%|██▋       | 217/805 [02:50<07:20,  1.34it/s] 27%|██▋       | 218/805 [02:51<07:14,  1.35it/s] 27%|██▋       | 219/805 [02:51<07:13,  1.35it/s] 27%|██▋       | 220/805 [02:52<07:34,  1.29it/s] 27%|██▋       | 221/805 [02:53<07:25,  1.31it/s] 28%|██▊       | 222/805 [02:54<07:18,  1.33it/s] 28%|██▊       | 223/805 [02:55<07:43,  1.26it/s] 28%|██▊       | 224/805 [02:55<07:37,  1.27it/s] 28%|██▊       | 225/805 [02:56<07:04,  1.37it/s] 28%|██▊       | 226/805 [02:57<07:34,  1.27it/s] 28%|██▊       | 227/805 [02:58<07:28,  1.29it/s] 28%|██▊       | 228/805 [02:58<07:23,  1.30it/s] 28%|██▊       | 229/805 [02:59<07:21,  1.30it/s] 29%|██▊       | 230/805 [03:00<07:27,  1.28it/s] 29%|██▊       | 231/805 [03:01<07:14,  1.32it/s] 29%|██▉       | 232/805 [03:01<07:17,  1.31it/s] 29%|██▉       | 233/805 [03:02<07:19,  1.30it/s] 29%|██▉       | 234/805 [03:03<07:12,  1.32it/s] 29%|██▉       | 235/805 [03:04<07:01,  1.35it/s] 29%|██▉       | 236/805 [03:04<07:07,  1.33it/s] 29%|██▉       | 237/805 [03:05<07:07,  1.33it/s] 30%|██▉       | 238/805 [03:06<07:07,  1.33it/s] 30%|██▉       | 239/805 [03:07<07:40,  1.23it/s] 30%|██▉       | 240/805 [03:08<07:33,  1.25it/s] 30%|██▉       | 241/805 [03:08<07:19,  1.28it/s] 30%|███       | 242/805 [03:09<07:16,  1.29it/s] 30%|███       | 243/805 [03:10<07:13,  1.30it/s] 30%|███       | 244/805 [03:11<07:12,  1.30it/s] 30%|███       | 245/805 [03:11<06:44,  1.38it/s] 31%|███       | 246/805 [03:12<07:15,  1.28it/s] 31%|███       | 247/805 [03:13<07:16,  1.28it/s] 31%|███       | 248/805 [03:14<07:12,  1.29it/s] 31%|███       | 249/805 [03:14<07:07,  1.30it/s] 31%|███       | 250/805 [03:15<06:55,  1.33it/s] 31%|███       | 251/805 [03:16<06:51,  1.35it/s] 31%|███▏      | 252/805 [03:17<07:22,  1.25it/s] 31%|███▏      | 253/805 [03:18<07:13,  1.27it/s] 32%|███▏      | 254/805 [03:18<06:58,  1.32it/s] 32%|███▏      | 255/805 [03:19<06:54,  1.33it/s] 32%|███▏      | 256/805 [03:20<06:54,  1.32it/s] 32%|███▏      | 257/805 [03:21<06:55,  1.32it/s] 32%|███▏      | 258/805 [03:21<06:56,  1.31it/s] 32%|███▏      | 259/805 [03:22<07:16,  1.25it/s] 32%|███▏      | 260/805 [03:23<07:05,  1.28it/s] 32%|███▏      | 261/805 [03:24<06:58,  1.30it/s] 33%|███▎      | 262/805 [03:24<06:51,  1.32it/s] 33%|███▎      | 263/805 [03:25<06:45,  1.34it/s] 33%|███▎      | 264/805 [03:26<07:12,  1.25it/s] 33%|███▎      | 265/805 [03:27<07:33,  1.19it/s] 33%|███▎      | 266/805 [03:28<06:55,  1.30it/s] 33%|███▎      | 267/805 [03:28<06:47,  1.32it/s] 33%|███▎      | 268/805 [03:29<06:50,  1.31it/s] 33%|███▎      | 269/805 [03:30<06:52,  1.30it/s] 34%|███▎      | 270/805 [03:31<06:39,  1.34it/s] 34%|███▎      | 271/805 [03:31<06:21,  1.40it/s] 34%|███▍      | 272/805 [03:32<06:55,  1.28it/s] 34%|███▍      | 273/805 [03:33<06:51,  1.29it/s] 34%|███▍      | 274/805 [03:34<06:48,  1.30it/s] 34%|███▍      | 275/805 [03:34<06:36,  1.34it/s] 34%|███▍      | 276/805 [03:35<06:12,  1.42it/s] 34%|███▍      | 277/805 [03:36<06:17,  1.40it/s] 35%|███▍      | 278/805 [03:37<06:52,  1.28it/s] 35%|███▍      | 279/805 [03:37<06:40,  1.31it/s] 35%|███▍      | 280/805 [03:38<06:41,  1.31it/s] 35%|███▍      | 281/805 [03:39<06:30,  1.34it/s] 35%|███▌      | 282/805 [03:40<06:35,  1.32it/s] 35%|███▌      | 283/805 [03:40<06:32,  1.33it/s] 35%|███▌      | 284/805 [03:41<07:03,  1.23it/s] 35%|███▌      | 285/805 [03:42<06:44,  1.28it/s] 36%|███▌      | 286/805 [03:43<06:41,  1.29it/s] 36%|███▌      | 287/805 [03:44<06:40,  1.29it/s] 36%|███▌      | 288/805 [03:44<06:37,  1.30it/s] 36%|███▌      | 289/805 [03:45<06:30,  1.32it/s] 36%|███▌      | 290/805 [03:46<06:36,  1.30it/s] 36%|███▌      | 291/805 [03:47<07:05,  1.21it/s] 36%|███▋      | 292/805 [03:48<06:48,  1.26it/s] 36%|███▋      | 293/805 [03:48<06:33,  1.30it/s] 37%|███▋      | 294/805 [03:49<06:27,  1.32it/s] 37%|███▋      | 295/805 [03:50<06:03,  1.40it/s] 37%|███▋      | 296/805 [03:50<06:10,  1.37it/s] 37%|███▋      | 297/805 [03:51<06:45,  1.25it/s] 37%|███▋      | 298/805 [03:52<06:38,  1.27it/s] 37%|███▋      | 299/805 [03:53<06:25,  1.31it/s] 37%|███▋      | 300/805 [03:54<06:23,  1.32it/s] 37%|███▋      | 301/805 [03:54<06:25,  1.31it/s] 38%|███▊      | 302/805 [03:55<06:21,  1.32it/s] 38%|███▊      | 303/805 [03:56<06:45,  1.24it/s] 38%|███▊      | 304/805 [03:57<06:32,  1.28it/s] 38%|███▊      | 305/805 [03:57<06:22,  1.31it/s] 38%|███▊      | 306/805 [03:58<06:12,  1.34it/s] 38%|███▊      | 307/805 [03:59<06:02,  1.37it/s] 38%|███▊      | 308/805 [04:00<06:08,  1.35it/s] 38%|███▊      | 309/805 [04:00<06:37,  1.25it/s] 39%|███▊      | 310/805 [04:01<06:34,  1.26it/s] 39%|███▊      | 311/805 [04:02<06:19,  1.30it/s] 39%|███▉      | 312/805 [04:03<05:55,  1.38it/s] 39%|███▉      | 313/805 [04:03<05:58,  1.37it/s] 39%|███▉      | 314/805 [04:04<05:58,  1.37it/s] 39%|███▉      | 315/805 [04:05<06:03,  1.35it/s] 39%|███▉      | 316/805 [04:06<06:52,  1.19it/s] 39%|███▉      | 317/805 [04:07<06:39,  1.22it/s] 40%|███▉      | 318/805 [04:07<06:34,  1.24it/s] 40%|███▉      | 319/805 [04:08<06:21,  1.27it/s] 40%|███▉      | 320/805 [04:09<06:16,  1.29it/s] 40%|███▉      | 321/805 [04:10<06:12,  1.30it/s] 40%|████      | 322/805 [04:11<06:40,  1.21it/s] 40%|████      | 323/805 [04:11<06:22,  1.26it/s] 40%|████      | 324/805 [04:12<06:21,  1.26it/s] 40%|████      | 325/805 [04:13<06:17,  1.27it/s] 40%|████      | 326/805 [04:14<06:17,  1.27it/s] 41%|████      | 327/805 [04:15<06:17,  1.27it/s] 41%|████      | 328/805 [04:15<06:35,  1.21it/s] 41%|████      | 329/805 [04:16<06:24,  1.24it/s] 41%|████      | 330/805 [04:17<05:55,  1.33it/s] 41%|████      | 331/805 [04:18<05:50,  1.35it/s] 41%|████      | 332/805 [04:18<05:51,  1.35it/s] 41%|████▏     | 333/805 [04:19<05:55,  1.33it/s] 41%|████▏     | 334/805 [04:20<06:15,  1.25it/s] 42%|████▏     | 335/805 [04:21<06:28,  1.21it/s] 42%|████▏     | 336/805 [04:22<06:20,  1.23it/s] 42%|████▏     | 337/805 [04:22<06:12,  1.26it/s] 42%|████▏     | 338/805 [04:23<06:08,  1.27it/s] 42%|████▏     | 339/805 [04:24<05:56,  1.31it/s] 42%|████▏     | 340/805 [04:25<05:53,  1.32it/s] 42%|████▏     | 341/805 [04:26<06:14,  1.24it/s] 42%|████▏     | 342/805 [04:26<06:04,  1.27it/s] 43%|████▎     | 343/805 [04:27<05:37,  1.37it/s] 43%|████▎     | 344/805 [04:28<05:38,  1.36it/s] 43%|████▎     | 345/805 [04:28<05:35,  1.37it/s] 43%|████▎     | 346/805 [04:29<06:00,  1.27it/s] 43%|████▎     | 347/805 [04:30<06:12,  1.23it/s] 43%|████▎     | 348/805 [04:31<05:59,  1.27it/s] 43%|████▎     | 349/805 [04:32<06:14,  1.22it/s] 43%|████▎     | 350/805 [04:32<05:56,  1.28it/s] 44%|████▎     | 351/805 [04:33<05:52,  1.29it/s] 44%|████▎     | 352/805 [04:34<05:47,  1.30it/s] 44%|████▍     | 353/805 [04:35<05:48,  1.30it/s] 44%|████▍     | 354/805 [04:36<06:09,  1.22it/s] 44%|████▍     | 355/805 [04:37<06:21,  1.18it/s] 44%|████▍     | 356/805 [04:38<06:29,  1.15it/s] 44%|████▍     | 357/805 [04:38<06:18,  1.18it/s] 44%|████▍     | 358/805 [04:39<05:49,  1.28it/s] 45%|████▍     | 359/805 [04:40<05:38,  1.32it/s] 45%|████▍     | 360/805 [04:41<05:58,  1.24it/s] 45%|████▍     | 361/805 [04:41<05:53,  1.25it/s] 45%|████▍     | 362/805 [04:42<05:27,  1.35it/s] 45%|████▌     | 363/805 [04:43<05:29,  1.34it/s] 45%|████▌     | 364/805 [04:43<05:27,  1.35it/s] 45%|████▌     | 365/805 [04:44<05:24,  1.36it/s] 45%|████▌     | 366/805 [04:45<05:05,  1.44it/s] 46%|████▌     | 367/805 [04:46<05:19,  1.37it/s] 46%|████▌     | 368/805 [04:46<05:20,  1.36it/s] 46%|████▌     | 369/805 [04:47<05:18,  1.37it/s] 46%|████▌     | 370/805 [04:48<05:20,  1.36it/s] 46%|████▌     | 371/805 [04:49<05:22,  1.35it/s] 46%|████▌     | 372/805 [04:49<05:17,  1.37it/s] 46%|████▋     | 373/805 [04:50<05:44,  1.26it/s] 46%|████▋     | 374/805 [04:51<05:38,  1.27it/s] 47%|████▋     | 375/805 [04:52<05:32,  1.29it/s] 47%|████▋     | 376/805 [04:52<05:13,  1.37it/s] 47%|████▋     | 377/805 [04:53<05:16,  1.35it/s] 47%|████▋     | 378/805 [04:54<05:21,  1.33it/s] 47%|████▋     | 379/805 [04:55<05:41,  1.25it/s] 47%|████▋     | 380/805 [04:56<05:36,  1.26it/s] 47%|████▋     | 381/805 [04:56<05:29,  1.29it/s] 47%|████▋     | 382/805 [04:57<05:23,  1.31it/s] 48%|████▊     | 383/805 [04:58<05:02,  1.40it/s] 48%|████▊     | 384/805 [04:59<05:23,  1.30it/s] 48%|████▊     | 385/805 [04:59<05:20,  1.31it/s] 48%|████▊     | 386/805 [05:00<05:15,  1.33it/s] 48%|████▊     | 387/805 [05:01<05:15,  1.33it/s] 48%|████▊     | 388/805 [05:02<05:13,  1.33it/s] 48%|████▊     | 389/805 [05:02<05:09,  1.34it/s] 48%|████▊     | 390/805 [05:03<05:12,  1.33it/s] 49%|████▊     | 391/805 [05:04<05:03,  1.36it/s] 49%|████▊     | 392/805 [05:05<05:21,  1.29it/s] 49%|████▉     | 393/805 [05:05<05:14,  1.31it/s] 49%|████▉     | 394/805 [05:06<05:14,  1.31it/s] 49%|████▉     | 395/805 [05:07<05:10,  1.32it/s] 49%|████▉     | 396/805 [05:08<05:12,  1.31it/s] 49%|████▉     | 397/805 [05:08<05:12,  1.31it/s] 49%|████▉     | 398/805 [05:09<05:12,  1.30it/s] 50%|████▉     | 399/805 [05:10<05:07,  1.32it/s] 50%|████▉     | 400/805 [05:11<05:09,  1.31it/s] 50%|████▉     | 401/805 [05:11<05:02,  1.33it/s] 50%|████▉     | 402/805 [05:12<05:07,  1.31it/s] 50%|█████     | 403/805 [05:13<05:06,  1.31it/s] 50%|█████     | 404/805 [05:14<05:04,  1.32it/s] 50%|█████     | 405/805 [05:14<05:02,  1.32it/s] 50%|█████     | 406/805 [05:15<05:19,  1.25it/s] 51%|█████     | 407/805 [05:16<05:17,  1.25it/s] 51%|█████     | 408/805 [05:17<05:10,  1.28it/s] 51%|█████     | 409/805 [05:18<05:03,  1.30it/s] 51%|█████     | 410/805 [05:18<04:57,  1.33it/s] 51%|█████     | 411/805 [05:19<05:16,  1.25it/s] 51%|█████     | 412/805 [05:20<05:09,  1.27it/s] 51%|█████▏    | 413/805 [05:21<04:47,  1.36it/s] 51%|█████▏    | 414/805 [05:21<04:54,  1.33it/s] 52%|█████▏    | 415/805 [05:22<04:50,  1.34it/s] 52%|█████▏    | 416/805 [05:23<04:53,  1.32it/s] 52%|█████▏    | 417/805 [05:24<05:04,  1.27it/s] 52%|█████▏    | 418/805 [05:24<04:53,  1.32it/s] 52%|█████▏    | 419/805 [05:25<04:49,  1.33it/s] 52%|█████▏    | 420/805 [05:26<04:50,  1.32it/s] 52%|█████▏    | 421/805 [05:27<04:51,  1.32it/s] 52%|█████▏    | 422/805 [05:27<04:32,  1.40it/s] 53%|█████▎    | 423/805 [05:28<04:33,  1.40it/s] 53%|█████▎    | 424/805 [05:29<04:54,  1.29it/s] 53%|█████▎    | 425/805 [05:30<04:54,  1.29it/s] 53%|█████▎    | 426/805 [05:31<04:52,  1.30it/s] 53%|█████▎    | 427/805 [05:31<04:51,  1.30it/s] 53%|█████▎    | 428/805 [05:32<05:06,  1.23it/s] 53%|█████▎    | 429/805 [05:33<04:41,  1.34it/s] 53%|█████▎    | 430/805 [05:34<04:43,  1.32it/s] 54%|█████▎    | 431/805 [05:34<04:43,  1.32it/s] 54%|█████▎    | 432/805 [05:35<04:46,  1.30it/s] 54%|█████▍    | 433/805 [05:36<05:01,  1.23it/s] 54%|█████▍    | 434/805 [05:37<04:51,  1.27it/s] 54%|█████▍    | 435/805 [05:37<04:45,  1.30it/s] 54%|█████▍    | 436/805 [05:38<04:27,  1.38it/s] 54%|█████▍    | 437/805 [05:39<04:29,  1.36it/s] 54%|█████▍    | 438/805 [05:40<04:28,  1.37it/s] 55%|█████▍    | 439/805 [05:40<04:29,  1.36it/s] 55%|█████▍    | 440/805 [05:41<04:35,  1.32it/s] 55%|█████▍    | 441/805 [05:42<04:34,  1.33it/s] 55%|█████▍    | 442/805 [05:43<04:38,  1.30it/s] 55%|█████▌    | 443/805 [05:43<04:41,  1.29it/s] 55%|█████▌    | 444/805 [05:44<04:37,  1.30it/s] 55%|█████▌    | 445/805 [05:45<04:37,  1.30it/s] 55%|█████▌    | 446/805 [05:46<04:34,  1.31it/s] 56%|█████▌    | 447/805 [05:47<04:32,  1.31it/s] 56%|█████▌    | 448/805 [05:47<04:19,  1.38it/s] 56%|█████▌    | 449/805 [05:48<04:21,  1.36it/s] 56%|█████▌    | 450/805 [05:49<04:20,  1.36it/s] 56%|█████▌    | 451/805 [05:49<04:20,  1.36it/s] 56%|█████▌    | 452/805 [05:50<04:22,  1.34it/s] 56%|█████▋    | 453/805 [05:51<04:23,  1.33it/s] 56%|█████▋    | 454/805 [05:52<04:21,  1.34it/s] 57%|█████▋    | 455/805 [05:53<04:35,  1.27it/s] 57%|█████▋    | 456/805 [05:53<04:36,  1.26it/s] 57%|█████▋    | 457/805 [05:54<04:18,  1.35it/s] 57%|█████▋    | 458/805 [05:55<04:17,  1.35it/s] 57%|█████▋    | 459/805 [05:55<04:13,  1.36it/s] 57%|█████▋    | 460/805 [05:56<04:20,  1.32it/s] 57%|█████▋    | 461/805 [05:57<04:21,  1.31it/s] 57%|█████▋    | 462/805 [05:58<04:37,  1.24it/s] 58%|█████▊    | 463/805 [05:59<04:15,  1.34it/s] 58%|█████▊    | 464/805 [05:59<04:14,  1.34it/s] 58%|█████▊    | 465/805 [06:00<04:11,  1.35it/s] 58%|█████▊    | 466/805 [06:01<04:06,  1.38it/s] 58%|█████▊    | 467/805 [06:01<03:55,  1.43it/s] 58%|█████▊    | 468/805 [06:02<04:12,  1.34it/s] 58%|█████▊    | 469/805 [06:03<04:30,  1.24it/s] 58%|█████▊    | 470/805 [06:04<04:22,  1.28it/s] 59%|█████▊    | 471/805 [06:05<04:14,  1.31it/s] 59%|█████▊    | 472/805 [06:05<04:15,  1.31it/s] 59%|█████▉    | 473/805 [06:06<04:15,  1.30it/s] 59%|█████▉    | 474/805 [06:07<04:15,  1.30it/s] 59%|█████▉    | 475/805 [06:08<04:29,  1.22it/s] 59%|█████▉    | 476/805 [06:09<04:25,  1.24it/s] 59%|█████▉    | 477/805 [06:09<04:04,  1.34it/s] 59%|█████▉    | 478/805 [06:10<04:01,  1.35it/s] 60%|█████▉    | 479/805 [06:11<03:58,  1.36it/s] 60%|█████▉    | 480/805 [06:11<04:01,  1.35it/s] 60%|█████▉    | 481/805 [06:12<04:04,  1.33it/s] 60%|█████▉    | 482/805 [06:13<04:06,  1.31it/s] 60%|██████    | 483/805 [06:14<04:08,  1.29it/s] 60%|██████    | 484/805 [06:15<04:04,  1.32it/s] 60%|██████    | 485/805 [06:15<04:03,  1.31it/s] 60%|██████    | 486/805 [06:16<04:04,  1.31it/s] 60%|██████    | 487/805 [06:17<04:19,  1.23it/s] 61%|██████    | 488/805 [06:18<04:10,  1.26it/s] 61%|██████    | 489/805 [06:18<04:06,  1.28it/s] 61%|██████    | 490/805 [06:19<04:03,  1.29it/s] 61%|██████    | 491/805 [06:20<04:01,  1.30it/s] 61%|██████    | 492/805 [06:21<04:02,  1.29it/s] 61%|██████    | 493/805 [06:22<04:14,  1.23it/s] 61%|██████▏   | 494/805 [06:22<04:06,  1.26it/s] 61%|██████▏   | 495/805 [06:23<04:01,  1.28it/s] 62%|██████▏   | 496/805 [06:24<03:58,  1.30it/s] 62%|██████▏   | 497/805 [06:25<03:50,  1.33it/s] 62%|██████▏   | 498/805 [06:25<03:47,  1.35it/s] 62%|██████▏   | 499/805 [06:26<03:47,  1.34it/s] 62%|██████▏   | 500/805 [06:27<03:49,  1.33it/s] 62%|██████▏   | 501/805 [06:28<03:48,  1.33it/s] 62%|██████▏   | 502/805 [06:28<03:48,  1.33it/s] 62%|██████▏   | 503/805 [06:29<04:00,  1.25it/s] 63%|██████▎   | 504/805 [06:30<04:01,  1.25it/s] 63%|██████▎   | 505/805 [06:31<03:54,  1.28it/s] 63%|██████▎   | 506/805 [06:32<03:52,  1.29it/s] 63%|██████▎   | 507/805 [06:32<03:53,  1.28it/s] 63%|██████▎   | 508/805 [06:33<03:47,  1.31it/s] 63%|██████▎   | 509/805 [06:34<03:42,  1.33it/s] 63%|██████▎   | 510/805 [06:34<03:30,  1.40it/s] 63%|██████▎   | 511/805 [06:35<03:31,  1.39it/s] 64%|██████▎   | 512/805 [06:36<03:32,  1.38it/s] 64%|██████▎   | 513/805 [06:37<03:51,  1.26it/s] 64%|██████▍   | 514/805 [06:38<03:46,  1.29it/s] 64%|██████▍   | 515/805 [06:38<03:45,  1.29it/s] 64%|██████▍   | 516/805 [06:39<03:31,  1.36it/s] 64%|██████▍   | 517/805 [06:40<03:33,  1.35it/s] 64%|██████▍   | 518/805 [06:41<03:35,  1.33it/s] 64%|██████▍   | 519/805 [06:42<03:52,  1.23it/s] 65%|██████▍   | 520/805 [06:42<03:47,  1.25it/s] 65%|██████▍   | 521/805 [06:43<03:39,  1.29it/s] 65%|██████▍   | 522/805 [06:44<03:37,  1.30it/s] 65%|██████▍   | 523/805 [06:45<03:36,  1.30it/s] 65%|██████▌   | 524/805 [06:45<03:33,  1.32it/s] 65%|██████▌   | 525/805 [06:46<03:28,  1.34it/s] 65%|██████▌   | 526/805 [06:47<03:29,  1.33it/s] 65%|██████▌   | 527/805 [06:47<03:25,  1.35it/s] 66%|██████▌   | 528/805 [06:48<03:22,  1.37it/s] 66%|██████▌   | 529/805 [06:49<03:22,  1.36it/s] 66%|██████▌   | 530/805 [06:50<03:12,  1.43it/s] 66%|██████▌   | 531/805 [06:50<03:06,  1.47it/s] 66%|██████▌   | 532/805 [06:51<03:23,  1.34it/s] 66%|██████▌   | 533/805 [06:52<03:22,  1.35it/s] 66%|██████▋   | 534/805 [06:53<03:23,  1.33it/s] 66%|██████▋   | 535/805 [06:53<03:22,  1.34it/s] 67%|██████▋   | 536/805 [06:54<03:24,  1.32it/s] 67%|██████▋   | 537/805 [06:55<03:25,  1.30it/s] 67%|██████▋   | 538/805 [06:56<03:30,  1.27it/s] 67%|██████▋   | 539/805 [06:56<03:28,  1.28it/s] 67%|██████▋   | 540/805 [06:57<03:23,  1.30it/s] 67%|██████▋   | 541/805 [06:58<03:22,  1.30it/s] 67%|██████▋   | 542/805 [06:59<03:20,  1.31it/s] 67%|██████▋   | 543/805 [06:59<03:20,  1.31it/s] 68%|██████▊   | 544/805 [07:00<03:19,  1.31it/s] 68%|██████▊   | 545/805 [07:01<03:33,  1.22it/s] 68%|██████▊   | 546/805 [07:02<03:24,  1.27it/s] 68%|██████▊   | 547/805 [07:03<03:09,  1.36it/s] 68%|██████▊   | 548/805 [07:03<03:11,  1.34it/s] 68%|██████▊   | 549/805 [07:04<03:13,  1.32it/s] 68%|██████▊   | 550/805 [07:05<03:13,  1.32it/s] 68%|██████▊   | 551/805 [07:06<03:23,  1.25it/s] 69%|██████▊   | 552/805 [07:06<03:08,  1.35it/s] 69%|██████▊   | 553/805 [07:07<03:03,  1.37it/s] 69%|██████▉   | 554/805 [07:08<03:03,  1.37it/s] 69%|██████▉   | 555/805 [07:09<03:01,  1.37it/s] 69%|██████▉   | 556/805 [07:09<03:04,  1.35it/s] 69%|██████▉   | 557/805 [07:10<03:17,  1.26it/s] 69%|██████▉   | 558/805 [07:11<03:09,  1.30it/s] 69%|██████▉   | 559/805 [07:11<02:55,  1.40it/s] 70%|██████▉   | 560/805 [07:12<02:46,  1.47it/s] 70%|██████▉   | 561/805 [07:13<02:47,  1.45it/s] 70%|██████▉   | 562/805 [07:14<02:50,  1.43it/s] 70%|██████▉   | 563/805 [07:14<03:08,  1.29it/s] 70%|███████   | 564/805 [07:15<03:09,  1.27it/s] 70%|███████   | 565/805 [07:16<03:05,  1.29it/s] 70%|███████   | 566/805 [07:17<03:03,  1.30it/s] 70%|███████   | 567/805 [07:18<02:58,  1.33it/s] 71%|███████   | 568/805 [07:18<02:54,  1.35it/s] 71%|███████   | 569/805 [07:19<02:55,  1.35it/s] 71%|███████   | 570/805 [07:20<03:08,  1.25it/s] 71%|███████   | 571/805 [07:21<03:05,  1.26it/s] 71%|███████   | 572/805 [07:21<02:59,  1.30it/s] 71%|███████   | 573/805 [07:22<02:58,  1.30it/s] 71%|███████▏  | 574/805 [07:23<02:57,  1.30it/s] 71%|███████▏  | 575/805 [07:24<02:47,  1.38it/s] 72%|███████▏  | 576/805 [07:25<03:02,  1.26it/s] 72%|███████▏  | 577/805 [07:25<03:01,  1.26it/s] 72%|███████▏  | 578/805 [07:26<02:55,  1.29it/s] 72%|███████▏  | 579/805 [07:27<02:56,  1.28it/s] 72%|███████▏  | 580/805 [07:27<02:42,  1.38it/s] 72%|███████▏  | 581/805 [07:28<02:39,  1.41it/s] 72%|███████▏  | 582/805 [07:29<02:44,  1.36it/s] 72%|███████▏  | 583/805 [07:30<02:46,  1.33it/s] 73%|███████▎  | 584/805 [07:30<02:45,  1.33it/s] 73%|███████▎  | 585/805 [07:31<02:41,  1.36it/s] 73%|███████▎  | 586/805 [07:32<02:40,  1.37it/s] 73%|███████▎  | 587/805 [07:33<02:44,  1.33it/s] 73%|███████▎  | 588/805 [07:33<02:45,  1.31it/s] 73%|███████▎  | 589/805 [07:34<02:53,  1.25it/s] 73%|███████▎  | 590/805 [07:35<02:49,  1.27it/s] 73%|███████▎  | 591/805 [07:36<02:44,  1.30it/s] 74%|███████▎  | 592/805 [07:36<02:33,  1.39it/s] 74%|███████▎  | 593/805 [07:37<02:35,  1.36it/s] 74%|███████▍  | 594/805 [07:38<02:36,  1.35it/s] 74%|███████▍  | 595/805 [07:39<02:36,  1.34it/s] 74%|███████▍  | 596/805 [07:40<02:45,  1.26it/s] 74%|███████▍  | 597/805 [07:40<02:34,  1.35it/s] 74%|███████▍  | 598/805 [07:41<02:36,  1.32it/s] 74%|███████▍  | 599/805 [07:42<02:36,  1.31it/s] 75%|███████▍  | 600/805 [07:43<02:35,  1.32it/s] 75%|███████▍  | 601/805 [07:43<02:31,  1.35it/s] 75%|███████▍  | 602/805 [07:44<02:32,  1.33it/s] 75%|███████▍  | 603/805 [07:45<02:34,  1.31it/s] 75%|███████▌  | 604/805 [07:46<02:35,  1.30it/s] 75%|███████▌  | 605/805 [07:46<02:33,  1.30it/s] 75%|███████▌  | 606/805 [07:47<02:29,  1.33it/s] 75%|███████▌  | 607/805 [07:48<02:27,  1.34it/s] 76%|███████▌  | 608/805 [07:49<02:40,  1.23it/s] 76%|███████▌  | 609/805 [07:50<02:39,  1.23it/s] 76%|███████▌  | 610/805 [07:50<02:26,  1.33it/s] 76%|███████▌  | 611/805 [07:51<02:25,  1.33it/s] 76%|███████▌  | 612/805 [07:52<02:26,  1.32it/s] 76%|███████▌  | 613/805 [07:52<02:23,  1.33it/s] 76%|███████▋  | 614/805 [07:53<02:20,  1.36it/s] 76%|███████▋  | 615/805 [07:54<02:32,  1.25it/s] 77%|███████▋  | 616/805 [07:55<02:28,  1.27it/s] 77%|███████▋  | 617/805 [07:56<02:22,  1.32it/s] 77%|███████▋  | 618/805 [07:56<02:21,  1.32it/s] 77%|███████▋  | 619/805 [07:57<02:23,  1.30it/s] 77%|███████▋  | 620/805 [07:58<02:21,  1.30it/s] 77%|███████▋  | 621/805 [07:59<02:31,  1.21it/s] 77%|███████▋  | 622/805 [08:00<02:26,  1.25it/s] 77%|███████▋  | 623/805 [08:00<02:21,  1.28it/s] 78%|███████▊  | 624/805 [08:01<02:19,  1.30it/s] 78%|███████▊  | 625/805 [08:02<02:26,  1.23it/s] 78%|███████▊  | 626/805 [08:03<02:13,  1.34it/s] 78%|███████▊  | 627/805 [08:03<02:13,  1.33it/s] 78%|███████▊  | 628/805 [08:04<02:20,  1.26it/s] 78%|███████▊  | 629/805 [08:05<02:09,  1.36it/s] 78%|███████▊  | 630/805 [08:06<02:08,  1.36it/s] 78%|███████▊  | 631/805 [08:06<02:15,  1.28it/s] 79%|███████▊  | 632/805 [08:07<02:14,  1.29it/s] 79%|███████▊  | 633/805 [08:08<02:11,  1.31it/s] 79%|███████▉  | 634/805 [08:09<02:19,  1.23it/s] 79%|███████▉  | 635/805 [08:10<02:14,  1.26it/s] 79%|███████▉  | 636/805 [08:10<02:06,  1.34it/s] 79%|███████▉  | 637/805 [08:11<02:02,  1.37it/s] 79%|███████▉  | 638/805 [08:12<02:01,  1.37it/s] 79%|███████▉  | 639/805 [08:12<02:03,  1.35it/s] 80%|███████▉  | 640/805 [08:13<02:13,  1.24it/s] 80%|███████▉  | 641/805 [08:14<02:09,  1.27it/s] 80%|███████▉  | 642/805 [08:15<02:06,  1.29it/s] 80%|███████▉  | 643/805 [08:16<02:01,  1.33it/s] 80%|████████  | 644/805 [08:16<02:02,  1.32it/s] 80%|████████  | 645/805 [08:17<02:02,  1.30it/s] 80%|████████  | 646/805 [08:18<02:10,  1.22it/s] 80%|████████  | 647/805 [08:19<02:06,  1.25it/s] 80%|████████  | 648/805 [08:19<01:56,  1.35it/s] 81%|████████  | 649/805 [08:20<01:58,  1.32it/s] 81%|████████  | 650/805 [08:21<01:55,  1.34it/s] 81%|████████  | 651/805 [08:22<01:53,  1.36it/s] 81%|████████  | 652/805 [08:22<01:52,  1.36it/s] 81%|████████  | 653/805 [08:23<01:59,  1.27it/s] 81%|████████  | 654/805 [08:24<01:57,  1.29it/s] 81%|████████▏ | 655/805 [08:25<01:56,  1.29it/s] 81%|████████▏ | 656/805 [08:26<01:56,  1.28it/s] 82%|████████▏ | 657/805 [08:26<01:55,  1.28it/s] 82%|████████▏ | 658/805 [08:27<01:54,  1.28it/s] 82%|████████▏ | 659/805 [08:28<01:54,  1.28it/s] 82%|████████▏ | 660/805 [08:29<01:52,  1.29it/s] 82%|████████▏ | 661/805 [08:30<01:52,  1.29it/s] 82%|████████▏ | 662/805 [08:30<01:50,  1.30it/s] 82%|████████▏ | 663/805 [08:31<01:48,  1.31it/s] 82%|████████▏ | 664/805 [08:32<01:47,  1.31it/s] 83%|████████▎ | 665/805 [08:33<01:45,  1.32it/s] 83%|████████▎ | 666/805 [08:33<01:45,  1.31it/s] 83%|████████▎ | 667/805 [08:34<01:42,  1.35it/s] 83%|████████▎ | 668/805 [08:35<01:42,  1.34it/s] 83%|████████▎ | 669/805 [08:35<01:35,  1.43it/s] 83%|████████▎ | 670/805 [08:36<01:37,  1.39it/s] 83%|████████▎ | 671/805 [08:37<01:36,  1.39it/s] 83%|████████▎ | 672/805 [08:38<01:46,  1.25it/s] 84%|████████▎ | 673/805 [08:39<01:43,  1.27it/s] 84%|████████▎ | 674/805 [08:39<01:41,  1.29it/s] 84%|████████▍ | 675/805 [08:40<01:34,  1.38it/s] 84%|████████▍ | 676/805 [08:41<01:35,  1.35it/s] 84%|████████▍ | 677/805 [08:41<01:33,  1.37it/s] 84%|████████▍ | 678/805 [08:42<01:32,  1.38it/s] 84%|████████▍ | 679/805 [08:43<01:37,  1.29it/s] 84%|████████▍ | 680/805 [08:44<01:35,  1.31it/s] 85%|████████▍ | 681/805 [08:45<01:34,  1.31it/s] 85%|████████▍ | 682/805 [08:45<01:31,  1.34it/s] 85%|████████▍ | 683/805 [08:46<01:31,  1.33it/s] 85%|████████▍ | 684/805 [08:47<01:31,  1.32it/s] 85%|████████▌ | 685/805 [08:48<01:36,  1.24it/s] 85%|████████▌ | 686/805 [08:48<01:28,  1.35it/s] 85%|████████▌ | 687/805 [08:49<01:28,  1.34it/s] 85%|████████▌ | 688/805 [08:50<01:28,  1.33it/s] 86%|████████▌ | 689/805 [08:51<01:27,  1.33it/s] 86%|████████▌ | 690/805 [08:51<01:24,  1.36it/s] 86%|████████▌ | 691/805 [08:52<01:25,  1.34it/s] 86%|████████▌ | 692/805 [08:53<01:26,  1.30it/s] 86%|████████▌ | 693/805 [08:54<01:24,  1.32it/s] 86%|████████▌ | 694/805 [08:54<01:22,  1.35it/s] 86%|████████▋ | 695/805 [08:55<01:21,  1.35it/s] 86%|████████▋ | 696/805 [08:56<01:20,  1.36it/s] 87%|████████▋ | 697/805 [08:56<01:19,  1.37it/s] 87%|████████▋ | 698/805 [08:57<01:23,  1.28it/s] 87%|████████▋ | 699/805 [08:58<01:22,  1.29it/s] 87%|████████▋ | 700/805 [08:59<01:20,  1.30it/s] 87%|████████▋ | 701/805 [09:00<01:18,  1.33it/s] 87%|████████▋ | 702/805 [09:00<01:17,  1.32it/s] 87%|████████▋ | 703/805 [09:01<01:15,  1.35it/s] 87%|████████▋ | 704/805 [09:02<01:19,  1.28it/s] 88%|████████▊ | 705/805 [09:03<01:18,  1.27it/s] 88%|████████▊ | 706/805 [09:03<01:17,  1.29it/s] 88%|████████▊ | 707/805 [09:04<01:15,  1.29it/s] 88%|████████▊ | 708/805 [09:05<01:14,  1.30it/s] 88%|████████▊ | 709/805 [09:06<01:13,  1.31it/s] 88%|████████▊ | 710/805 [09:06<01:11,  1.32it/s] 88%|████████▊ | 711/805 [09:07<01:16,  1.23it/s] 88%|████████▊ | 712/805 [09:08<01:14,  1.26it/s] 89%|████████▊ | 713/805 [09:09<01:11,  1.29it/s] 89%|████████▊ | 714/805 [09:10<01:09,  1.31it/s] 89%|████████▉ | 715/805 [09:10<01:07,  1.33it/s] 89%|████████▉ | 716/805 [09:11<01:08,  1.30it/s] 89%|████████▉ | 717/805 [09:12<01:10,  1.26it/s] 89%|████████▉ | 718/805 [09:13<01:04,  1.34it/s] 89%|████████▉ | 719/805 [09:13<01:04,  1.33it/s] 89%|████████▉ | 720/805 [09:14<01:04,  1.31it/s] 90%|████████▉ | 721/805 [09:15<01:03,  1.32it/s] 90%|████████▉ | 722/805 [09:16<01:04,  1.30it/s] 90%|████████▉ | 723/805 [09:17<01:02,  1.31it/s] 90%|████████▉ | 724/805 [09:17<01:05,  1.24it/s] 90%|█████████ | 725/805 [09:18<01:02,  1.28it/s] 90%|█████████ | 726/805 [09:19<00:58,  1.36it/s] 90%|█████████ | 727/805 [09:20<00:57,  1.35it/s] 90%|█████████ | 728/805 [09:20<00:56,  1.35it/s] 91%|█████████ | 729/805 [09:21<00:55,  1.37it/s] 91%|█████████ | 730/805 [09:22<00:58,  1.27it/s] 91%|█████████ | 731/805 [09:23<00:57,  1.30it/s] 91%|█████████ | 732/805 [09:23<00:55,  1.31it/s] 91%|█████████ | 733/805 [09:24<00:54,  1.32it/s] 91%|█████████ | 734/805 [09:25<00:52,  1.34it/s] 91%|█████████▏| 735/805 [09:26<00:52,  1.34it/s] 91%|█████████▏| 736/805 [09:26<00:53,  1.30it/s] 92%|█████████▏| 737/805 [09:27<00:52,  1.30it/s] 92%|█████████▏| 738/805 [09:28<00:50,  1.33it/s] 92%|█████████▏| 739/805 [09:29<00:50,  1.31it/s] 92%|█████████▏| 740/805 [09:29<00:46,  1.40it/s] 92%|█████████▏| 741/805 [09:30<00:44,  1.44it/s] 92%|█████████▏| 742/805 [09:31<00:45,  1.38it/s] 92%|█████████▏| 743/805 [09:32<00:46,  1.33it/s] 92%|█████████▏| 744/805 [09:32<00:45,  1.34it/s] 93%|█████████▎| 745/805 [09:33<00:41,  1.43it/s] 93%|█████████▎| 746/805 [09:34<00:42,  1.40it/s] 93%|█████████▎| 747/805 [09:34<00:41,  1.40it/s] 93%|█████████▎| 748/805 [09:35<00:40,  1.40it/s] 93%|█████████▎| 749/805 [09:36<00:40,  1.38it/s] 93%|█████████▎| 750/805 [09:37<00:40,  1.37it/s] 93%|█████████▎| 751/805 [09:37<00:39,  1.36it/s] 93%|█████████▎| 752/805 [09:38<00:37,  1.43it/s] 94%|█████████▎| 753/805 [09:39<00:37,  1.38it/s] 94%|█████████▎| 754/805 [09:39<00:37,  1.37it/s] 94%|█████████▍| 755/805 [09:40<00:36,  1.38it/s] 94%|█████████▍| 756/805 [09:41<00:38,  1.27it/s] 94%|█████████▍| 757/805 [09:42<00:37,  1.27it/s] 94%|█████████▍| 758/805 [09:43<00:36,  1.30it/s] 94%|█████████▍| 759/805 [09:43<00:32,  1.40it/s] 94%|█████████▍| 760/805 [09:44<00:32,  1.38it/s] 95%|█████████▍| 761/805 [09:45<00:31,  1.40it/s] 95%|█████████▍| 762/805 [09:46<00:33,  1.30it/s] 95%|█████████▍| 763/805 [09:46<00:31,  1.34it/s] 95%|█████████▍| 764/805 [09:47<00:30,  1.35it/s] 95%|█████████▌| 765/805 [09:48<00:28,  1.43it/s] 95%|█████████▌| 766/805 [09:48<00:29,  1.32it/s] 95%|█████████▌| 767/805 [09:49<00:29,  1.30it/s] 95%|█████████▌| 768/805 [09:50<00:28,  1.32it/s] 96%|█████████▌| 769/805 [09:51<00:29,  1.24it/s] 96%|█████████▌| 770/805 [09:52<00:27,  1.29it/s] 96%|█████████▌| 771/805 [09:52<00:25,  1.33it/s] 96%|█████████▌| 772/805 [09:53<00:25,  1.31it/s] 96%|█████████▌| 773/805 [09:54<00:23,  1.34it/s] 96%|█████████▌| 774/805 [09:54<00:21,  1.41it/s] 96%|█████████▋| 775/805 [09:55<00:21,  1.39it/s] 96%|█████████▋| 776/805 [09:56<00:21,  1.38it/s] 97%|█████████▋| 777/805 [09:57<00:20,  1.36it/s] 97%|█████████▋| 778/805 [09:57<00:19,  1.36it/s] 97%|█████████▋| 779/805 [09:58<00:20,  1.27it/s] 97%|█████████▋| 780/805 [09:59<00:18,  1.37it/s] 97%|█████████▋| 781/805 [10:00<00:17,  1.36it/s] 97%|█████████▋| 782/805 [10:01<00:18,  1.26it/s] 97%|█████████▋| 783/805 [10:01<00:17,  1.27it/s] 97%|█████████▋| 784/805 [10:02<00:16,  1.27it/s] 98%|█████████▊| 785/805 [10:03<00:15,  1.32it/s] 98%|█████████▊| 786/805 [10:04<00:14,  1.33it/s] 98%|█████████▊| 787/805 [10:04<00:13,  1.35it/s] 98%|█████████▊| 788/805 [10:05<00:13,  1.24it/s] 98%|█████████▊| 789/805 [10:06<00:12,  1.29it/s] 98%|█████████▊| 790/805 [10:07<00:11,  1.32it/s] 98%|█████████▊| 791/805 [10:07<00:10,  1.32it/s] 98%|█████████▊| 792/805 [10:08<00:09,  1.36it/s] 99%|█████████▊| 793/805 [10:09<00:08,  1.36it/s] 99%|█████████▊| 794/805 [10:10<00:08,  1.26it/s] 99%|█████████▉| 795/805 [10:11<00:07,  1.28it/s] 99%|█████████▉| 796/805 [10:11<00:06,  1.29it/s] 99%|█████████▉| 797/805 [10:12<00:06,  1.30it/s] 99%|█████████▉| 798/805 [10:13<00:05,  1.39it/s] 99%|█████████▉| 799/805 [10:13<00:04,  1.35it/s] 99%|█████████▉| 800/805 [10:14<00:04,  1.24it/s]100%|█████████▉| 801/805 [10:15<00:03,  1.27it/s]100%|█████████▉| 802/805 [10:16<00:02,  1.30it/s]100%|█████████▉| 803/805 [10:17<00:01,  1.30it/s]100%|█████████▉| 804/805 [10:17<00:00,  1.39it/s]100%|██████████| 805/805 [10:18<00:00,  1.37it/s]100%|██████████| 805/805 [10:18<00:00,  1.30it/s]
##############################Training epoch: 6/10##############################
  0%|          | 0/805 [00:00<?, ?it/s]  0%|          | 1/805 [00:02<29:49,  2.23s/it]  0%|          | 2/805 [00:03<19:33,  1.46s/it]  0%|          | 3/805 [00:03<15:18,  1.15s/it]  0%|          | 4/805 [00:04<13:06,  1.02it/s]  1%|          | 5/805 [00:05<12:01,  1.11it/s]  1%|          | 6/805 [00:06<11:21,  1.17it/s]  1%|          | 7/805 [00:06<10:57,  1.21it/s]  1%|          | 8/805 [00:07<11:27,  1.16it/s]  1%|          | 9/805 [00:08<11:09,  1.19it/s]  1%|          | 10/805 [00:09<10:47,  1.23it/s]  1%|▏         | 11/805 [00:10<10:30,  1.26it/s]  1%|▏         | 12/805 [00:10<10:30,  1.26it/s]  2%|▏         | 13/805 [00:11<10:15,  1.29it/s]  2%|▏         | 14/805 [00:12<10:45,  1.22it/s]  2%|▏         | 15/805 [00:13<10:26,  1.26it/s]  2%|▏         | 16/805 [00:14<10:08,  1.30it/s]  2%|▏         | 17/805 [00:14<09:58,  1.32it/s]  2%|▏         | 18/805 [00:15<09:52,  1.33it/s]  2%|▏         | 19/805 [00:16<09:52,  1.33it/s]  2%|▏         | 20/805 [00:17<10:30,  1.25it/s]  3%|▎         | 21/805 [00:17<10:16,  1.27it/s]  3%|▎         | 22/805 [00:18<10:10,  1.28it/s]  3%|▎         | 23/805 [00:19<09:55,  1.31it/s]  3%|▎         | 24/805 [00:20<09:42,  1.34it/s]  3%|▎         | 25/805 [00:20<09:39,  1.35it/s]  3%|▎         | 26/805 [00:21<09:05,  1.43it/s]  3%|▎         | 27/805 [00:22<09:45,  1.33it/s]  3%|▎         | 28/805 [00:23<09:17,  1.39it/s]  4%|▎         | 29/805 [00:23<09:34,  1.35it/s]  4%|▎         | 30/805 [00:24<09:09,  1.41it/s]  4%|▍         | 31/805 [00:25<08:43,  1.48it/s]  4%|▍         | 32/805 [00:25<09:05,  1.42it/s]  4%|▍         | 33/805 [00:26<09:48,  1.31it/s]  4%|▍         | 34/805 [00:27<09:45,  1.32it/s]  4%|▍         | 35/805 [00:28<09:47,  1.31it/s]  4%|▍         | 36/805 [00:28<09:39,  1.33it/s]  5%|▍         | 37/805 [00:29<09:45,  1.31it/s]  5%|▍         | 38/805 [00:30<09:13,  1.39it/s]  5%|▍         | 39/805 [00:31<09:27,  1.35it/s]  5%|▍         | 40/805 [00:32<10:04,  1.26it/s]  5%|▌         | 41/805 [00:32<09:27,  1.35it/s]  5%|▌         | 42/805 [00:33<09:33,  1.33it/s]  5%|▌         | 43/805 [00:34<09:28,  1.34it/s]  5%|▌         | 44/805 [00:34<09:32,  1.33it/s]  6%|▌         | 45/805 [00:35<09:28,  1.34it/s]  6%|▌         | 46/805 [00:36<10:08,  1.25it/s]  6%|▌         | 47/805 [00:37<10:05,  1.25it/s]  6%|▌         | 48/805 [00:38<09:58,  1.26it/s]  6%|▌         | 49/805 [00:38<09:43,  1.29it/s]  6%|▌         | 50/805 [00:39<09:41,  1.30it/s]  6%|▋         | 51/805 [00:40<09:34,  1.31it/s]  6%|▋         | 52/805 [00:41<10:37,  1.18it/s]  7%|▋         | 53/805 [00:42<10:13,  1.23it/s]  7%|▋         | 54/805 [00:42<09:53,  1.26it/s]  7%|▋         | 55/805 [00:43<09:08,  1.37it/s]  7%|▋         | 56/805 [00:44<08:40,  1.44it/s]  7%|▋         | 57/805 [00:44<08:56,  1.39it/s]  7%|▋         | 58/805 [00:45<08:35,  1.45it/s]  7%|▋         | 59/805 [00:46<09:22,  1.33it/s]  7%|▋         | 60/805 [00:47<08:49,  1.41it/s]  8%|▊         | 61/805 [00:47<08:49,  1.40it/s]  8%|▊         | 62/805 [00:48<09:32,  1.30it/s]  8%|▊         | 63/805 [00:49<09:23,  1.32it/s]  8%|▊         | 64/805 [00:50<09:19,  1.32it/s]  8%|▊         | 65/805 [00:51<09:47,  1.26it/s]  8%|▊         | 66/805 [00:51<09:32,  1.29it/s]  8%|▊         | 67/805 [00:52<09:31,  1.29it/s]  8%|▊         | 68/805 [00:53<09:19,  1.32it/s]  9%|▊         | 69/805 [00:53<08:45,  1.40it/s]  9%|▊         | 70/805 [00:54<09:04,  1.35it/s]  9%|▉         | 71/805 [00:55<09:39,  1.27it/s]  9%|▉         | 72/805 [00:56<09:36,  1.27it/s]  9%|▉         | 73/805 [00:57<09:15,  1.32it/s]  9%|▉         | 74/805 [00:57<09:03,  1.35it/s]  9%|▉         | 75/805 [00:58<09:22,  1.30it/s]  9%|▉         | 76/805 [00:59<08:49,  1.38it/s] 10%|▉         | 77/805 [00:59<08:51,  1.37it/s] 10%|▉         | 78/805 [01:00<09:37,  1.26it/s] 10%|▉         | 79/805 [01:01<09:30,  1.27it/s] 10%|▉         | 80/805 [01:02<09:22,  1.29it/s] 10%|█         | 81/805 [01:03<09:55,  1.21it/s] 10%|█         | 82/805 [01:04<09:38,  1.25it/s] 10%|█         | 83/805 [01:04<09:23,  1.28it/s] 10%|█         | 84/805 [01:05<09:45,  1.23it/s] 11%|█         | 85/805 [01:06<09:42,  1.24it/s] 11%|█         | 86/805 [01:07<09:35,  1.25it/s] 11%|█         | 87/805 [01:08<09:18,  1.29it/s] 11%|█         | 88/805 [01:08<09:08,  1.31it/s] 11%|█         | 89/805 [01:09<09:04,  1.31it/s] 11%|█         | 90/805 [01:10<09:43,  1.23it/s] 11%|█▏        | 91/805 [01:11<09:16,  1.28it/s] 11%|█▏        | 92/805 [01:11<09:08,  1.30it/s] 12%|█▏        | 93/805 [01:12<09:09,  1.30it/s] 12%|█▏        | 94/805 [01:13<09:08,  1.30it/s] 12%|█▏        | 95/805 [01:14<08:29,  1.39it/s] 12%|█▏        | 96/805 [01:14<08:36,  1.37it/s] 12%|█▏        | 97/805 [01:15<08:39,  1.36it/s] 12%|█▏        | 98/805 [01:16<08:49,  1.34it/s] 12%|█▏        | 99/805 [01:17<08:46,  1.34it/s] 12%|█▏        | 100/805 [01:17<08:42,  1.35it/s] 13%|█▎        | 101/805 [01:18<08:39,  1.35it/s] 13%|█▎        | 102/805 [01:19<08:34,  1.37it/s] 13%|█▎        | 103/805 [01:20<09:18,  1.26it/s] 13%|█▎        | 104/805 [01:20<09:03,  1.29it/s] 13%|█▎        | 105/805 [01:21<09:01,  1.29it/s] 13%|█▎        | 106/805 [01:22<09:27,  1.23it/s] 13%|█▎        | 107/805 [01:23<09:01,  1.29it/s] 13%|█▎        | 108/805 [01:24<08:59,  1.29it/s] 14%|█▎        | 109/805 [01:24<08:45,  1.32it/s] 14%|█▎        | 110/805 [01:25<09:25,  1.23it/s] 14%|█▍        | 111/805 [01:26<09:16,  1.25it/s] 14%|█▍        | 112/805 [01:27<09:00,  1.28it/s] 14%|█▍        | 113/805 [01:27<08:50,  1.31it/s] 14%|█▍        | 114/805 [01:28<08:53,  1.30it/s] 14%|█▍        | 115/805 [01:29<08:42,  1.32it/s] 14%|█▍        | 116/805 [01:30<09:11,  1.25it/s] 15%|█▍        | 117/805 [01:31<08:57,  1.28it/s] 15%|█▍        | 118/805 [01:31<08:43,  1.31it/s] 15%|█▍        | 119/805 [01:32<08:36,  1.33it/s] 15%|█▍        | 120/805 [01:33<08:31,  1.34it/s] 15%|█▌        | 121/805 [01:34<08:25,  1.35it/s] 15%|█▌        | 122/805 [01:34<08:27,  1.35it/s] 15%|█▌        | 123/805 [01:35<09:04,  1.25it/s] 15%|█▌        | 124/805 [01:36<09:00,  1.26it/s] 16%|█▌        | 125/805 [01:37<08:43,  1.30it/s] 16%|█▌        | 126/805 [01:37<08:10,  1.39it/s] 16%|█▌        | 127/805 [01:38<08:23,  1.35it/s] 16%|█▌        | 128/805 [01:39<08:29,  1.33it/s] 16%|█▌        | 129/805 [01:40<09:06,  1.24it/s] 16%|█▌        | 130/805 [01:41<08:52,  1.27it/s] 16%|█▋        | 131/805 [01:41<08:38,  1.30it/s] 16%|█▋        | 132/805 [01:42<08:37,  1.30it/s] 17%|█▋        | 133/805 [01:43<08:37,  1.30it/s] 17%|█▋        | 134/805 [01:44<08:27,  1.32it/s] 17%|█▋        | 135/805 [01:44<08:56,  1.25it/s] 17%|█▋        | 136/805 [01:45<09:16,  1.20it/s] 17%|█▋        | 137/805 [01:46<09:03,  1.23it/s] 17%|█▋        | 138/805 [01:47<08:51,  1.25it/s] 17%|█▋        | 139/805 [01:48<08:51,  1.25it/s] 17%|█▋        | 140/805 [01:48<08:42,  1.27it/s] 18%|█▊        | 141/805 [01:49<09:20,  1.18it/s] 18%|█▊        | 142/805 [01:50<09:07,  1.21it/s] 18%|█▊        | 143/805 [01:51<08:53,  1.24it/s] 18%|█▊        | 144/805 [01:52<09:11,  1.20it/s] 18%|█▊        | 145/805 [01:53<08:46,  1.25it/s] 18%|█▊        | 146/805 [01:53<09:06,  1.21it/s] 18%|█▊        | 147/805 [01:54<09:21,  1.17it/s] 18%|█▊        | 148/805 [01:55<09:36,  1.14it/s] 19%|█▊        | 149/805 [01:56<09:04,  1.21it/s] 19%|█▊        | 150/805 [01:57<08:49,  1.24it/s] 19%|█▉        | 151/805 [01:58<08:38,  1.26it/s] 19%|█▉        | 152/805 [01:58<08:26,  1.29it/s] 19%|█▉        | 153/805 [01:59<08:17,  1.31it/s] 19%|█▉        | 154/805 [02:00<09:16,  1.17it/s] 19%|█▉        | 155/805 [02:01<08:51,  1.22it/s] 19%|█▉        | 156/805 [02:02<08:44,  1.24it/s] 20%|█▉        | 157/805 [02:02<08:24,  1.28it/s] 20%|█▉        | 158/805 [02:03<08:22,  1.29it/s] 20%|█▉        | 159/805 [02:04<08:07,  1.32it/s] 20%|█▉        | 160/805 [02:05<08:37,  1.25it/s] 20%|██        | 161/805 [02:05<08:23,  1.28it/s] 20%|██        | 162/805 [02:06<08:20,  1.28it/s] 20%|██        | 163/805 [02:07<08:03,  1.33it/s] 20%|██        | 164/805 [02:08<07:55,  1.35it/s] 20%|██        | 165/805 [02:08<07:53,  1.35it/s] 21%|██        | 166/805 [02:09<08:24,  1.27it/s] 21%|██        | 167/805 [02:10<08:18,  1.28it/s] 21%|██        | 168/805 [02:11<08:17,  1.28it/s] 21%|██        | 169/805 [02:11<07:59,  1.33it/s] 21%|██        | 170/805 [02:12<07:46,  1.36it/s] 21%|██        | 171/805 [02:13<07:50,  1.35it/s] 21%|██▏       | 172/805 [02:14<08:03,  1.31it/s] 21%|██▏       | 173/805 [02:14<07:38,  1.38it/s] 22%|██▏       | 174/805 [02:15<07:17,  1.44it/s] 22%|██▏       | 175/805 [02:16<07:29,  1.40it/s] 22%|██▏       | 176/805 [02:17<07:40,  1.37it/s] 22%|██▏       | 177/805 [02:17<07:40,  1.37it/s] 22%|██▏       | 178/805 [02:18<07:40,  1.36it/s] 22%|██▏       | 179/805 [02:19<08:17,  1.26it/s] 22%|██▏       | 180/805 [02:20<07:38,  1.36it/s] 22%|██▏       | 181/805 [02:20<07:46,  1.34it/s] 23%|██▎       | 182/805 [02:21<07:55,  1.31it/s] 23%|██▎       | 183/805 [02:22<07:56,  1.31it/s] 23%|██▎       | 184/805 [02:22<07:25,  1.39it/s] 23%|██▎       | 185/805 [02:23<08:02,  1.28it/s] 23%|██▎       | 186/805 [02:24<08:26,  1.22it/s] 23%|██▎       | 187/805 [02:25<07:46,  1.32it/s] 23%|██▎       | 188/805 [02:26<07:48,  1.32it/s] 23%|██▎       | 189/805 [02:26<07:50,  1.31it/s] 24%|██▎       | 190/805 [02:27<07:50,  1.31it/s] 24%|██▎       | 191/805 [02:28<08:23,  1.22it/s] 24%|██▍       | 192/805 [02:29<08:03,  1.27it/s] 24%|██▍       | 193/805 [02:30<08:24,  1.21it/s] 24%|██▍       | 194/805 [02:31<08:39,  1.18it/s] 24%|██▍       | 195/805 [02:31<08:13,  1.24it/s] 24%|██▍       | 196/805 [02:32<07:56,  1.28it/s] 24%|██▍       | 197/805 [02:33<08:21,  1.21it/s] 25%|██▍       | 198/805 [02:34<08:07,  1.25it/s] 25%|██▍       | 199/805 [02:35<07:47,  1.30it/s] 25%|██▍       | 200/805 [02:35<07:46,  1.30it/s] 25%|██▍       | 201/805 [02:36<07:46,  1.29it/s] 25%|██▌       | 202/805 [02:37<07:30,  1.34it/s] 25%|██▌       | 203/805 [02:37<07:26,  1.35it/s] 25%|██▌       | 204/805 [02:38<07:55,  1.26it/s] 25%|██▌       | 205/805 [02:39<08:13,  1.22it/s] 26%|██▌       | 206/805 [02:40<08:07,  1.23it/s] 26%|██▌       | 207/805 [02:41<07:55,  1.26it/s] 26%|██▌       | 208/805 [02:42<07:46,  1.28it/s] 26%|██▌       | 209/805 [02:42<07:40,  1.29it/s] 26%|██▌       | 210/805 [02:43<07:58,  1.24it/s] 26%|██▌       | 211/805 [02:44<07:48,  1.27it/s] 26%|██▋       | 212/805 [02:45<07:31,  1.31it/s] 26%|██▋       | 213/805 [02:45<07:25,  1.33it/s] 27%|██▋       | 214/805 [02:46<07:32,  1.31it/s] 27%|██▋       | 215/805 [02:47<07:38,  1.29it/s] 27%|██▋       | 216/805 [02:48<07:34,  1.29it/s] 27%|██▋       | 217/805 [02:49<08:07,  1.21it/s] 27%|██▋       | 218/805 [02:49<07:51,  1.24it/s] 27%|██▋       | 219/805 [02:50<07:43,  1.26it/s] 27%|██▋       | 220/805 [02:51<08:00,  1.22it/s] 27%|██▋       | 221/805 [02:52<07:22,  1.32it/s] 28%|██▊       | 222/805 [02:52<07:22,  1.32it/s] 28%|██▊       | 223/805 [02:53<07:52,  1.23it/s] 28%|██▊       | 224/805 [02:54<07:19,  1.32it/s] 28%|██▊       | 225/805 [02:55<07:26,  1.30it/s] 28%|██▊       | 226/805 [02:56<07:15,  1.33it/s] 28%|██▊       | 227/805 [02:56<07:20,  1.31it/s] 28%|██▊       | 228/805 [02:57<07:08,  1.35it/s] 28%|██▊       | 229/805 [02:58<07:34,  1.27it/s] 29%|██▊       | 230/805 [02:59<07:36,  1.26it/s] 29%|██▊       | 231/805 [03:00<07:32,  1.27it/s] 29%|██▉       | 232/805 [03:00<07:23,  1.29it/s] 29%|██▉       | 233/805 [03:01<07:18,  1.30it/s] 29%|██▉       | 234/805 [03:02<07:19,  1.30it/s] 29%|██▉       | 235/805 [03:03<07:41,  1.23it/s] 29%|██▉       | 236/805 [03:03<07:31,  1.26it/s] 29%|██▉       | 237/805 [03:04<07:28,  1.27it/s] 30%|██▉       | 238/805 [03:05<07:21,  1.28it/s] 30%|██▉       | 239/805 [03:06<06:49,  1.38it/s] 30%|██▉       | 240/805 [03:06<06:59,  1.35it/s] 30%|██▉       | 241/805 [03:07<07:32,  1.25it/s] 30%|███       | 242/805 [03:08<07:13,  1.30it/s] 30%|███       | 243/805 [03:09<06:46,  1.38it/s] 30%|███       | 244/805 [03:09<06:57,  1.34it/s] 30%|███       | 245/805 [03:10<07:03,  1.32it/s] 31%|███       | 246/805 [03:11<06:56,  1.34it/s] 31%|███       | 247/805 [03:12<06:31,  1.43it/s] 31%|███       | 248/805 [03:12<07:01,  1.32it/s] 31%|███       | 249/805 [03:13<06:58,  1.33it/s] 31%|███       | 250/805 [03:14<06:51,  1.35it/s] 31%|███       | 251/805 [03:15<06:53,  1.34it/s] 31%|███▏      | 252/805 [03:15<06:48,  1.36it/s] 31%|███▏      | 253/805 [03:16<06:43,  1.37it/s] 32%|███▏      | 254/805 [03:17<07:12,  1.27it/s] 32%|███▏      | 255/805 [03:18<07:08,  1.28it/s] 32%|███▏      | 256/805 [03:18<06:57,  1.31it/s] 32%|███▏      | 257/805 [03:19<06:30,  1.40it/s] 32%|███▏      | 258/805 [03:20<06:33,  1.39it/s] 32%|███▏      | 259/805 [03:21<06:40,  1.36it/s] 32%|███▏      | 260/805 [03:21<06:44,  1.35it/s] 32%|███▏      | 261/805 [03:22<07:01,  1.29it/s] 33%|███▎      | 262/805 [03:23<06:54,  1.31it/s] 33%|███▎      | 263/805 [03:24<06:46,  1.33it/s] 33%|███▎      | 264/805 [03:24<06:50,  1.32it/s] 33%|███▎      | 265/805 [03:25<06:48,  1.32it/s] 33%|███▎      | 266/805 [03:26<06:40,  1.35it/s] 33%|███▎      | 267/805 [03:27<07:17,  1.23it/s] 33%|███▎      | 268/805 [03:28<07:06,  1.26it/s] 33%|███▎      | 269/805 [03:28<06:52,  1.30it/s] 34%|███▎      | 270/805 [03:29<06:52,  1.30it/s] 34%|███▎      | 271/805 [03:30<06:50,  1.30it/s] 34%|███▍      | 272/805 [03:31<06:49,  1.30it/s] 34%|███▍      | 273/805 [03:32<07:11,  1.23it/s] 34%|███▍      | 274/805 [03:32<07:03,  1.25it/s] 34%|███▍      | 275/805 [03:33<07:00,  1.26it/s] 34%|███▍      | 276/805 [03:34<06:48,  1.30it/s] 34%|███▍      | 277/805 [03:35<06:49,  1.29it/s] 35%|███▍      | 278/805 [03:35<06:42,  1.31it/s] 35%|███▍      | 279/805 [03:36<07:17,  1.20it/s] 35%|███▍      | 280/805 [03:37<07:02,  1.24it/s] 35%|███▍      | 281/805 [03:38<06:47,  1.28it/s] 35%|███▌      | 282/805 [03:38<06:21,  1.37it/s] 35%|███▌      | 283/805 [03:39<06:27,  1.35it/s] 35%|███▌      | 284/805 [03:40<06:24,  1.35it/s] 35%|███▌      | 285/805 [03:41<06:27,  1.34it/s] 36%|███▌      | 286/805 [03:42<06:56,  1.25it/s] 36%|███▌      | 287/805 [03:42<06:51,  1.26it/s] 36%|███▌      | 288/805 [03:43<06:42,  1.29it/s] 36%|███▌      | 289/805 [03:44<06:32,  1.31it/s] 36%|███▌      | 290/805 [03:45<06:32,  1.31it/s] 36%|███▌      | 291/805 [03:45<06:32,  1.31it/s] 36%|███▋      | 292/805 [03:46<06:59,  1.22it/s] 36%|███▋      | 293/805 [03:47<06:25,  1.33it/s] 37%|███▋      | 294/805 [03:48<06:20,  1.34it/s] 37%|███▋      | 295/805 [03:48<06:22,  1.33it/s] 37%|███▋      | 296/805 [03:49<06:46,  1.25it/s] 37%|███▋      | 297/805 [03:50<06:31,  1.30it/s] 37%|███▋      | 298/805 [03:51<06:23,  1.32it/s] 37%|███▋      | 299/805 [03:52<06:49,  1.24it/s] 37%|███▋      | 300/805 [03:52<06:36,  1.27it/s] 37%|███▋      | 301/805 [03:53<06:33,  1.28it/s] 38%|███▊      | 302/805 [03:54<06:30,  1.29it/s] 38%|███▊      | 303/805 [03:55<06:48,  1.23it/s] 38%|███▊      | 304/805 [03:56<06:42,  1.24it/s] 38%|███▊      | 305/805 [03:56<06:39,  1.25it/s] 38%|███▊      | 306/805 [03:57<06:26,  1.29it/s] 38%|███▊      | 307/805 [03:58<06:18,  1.32it/s] 38%|███▊      | 308/805 [03:59<06:23,  1.30it/s] 38%|███▊      | 309/805 [03:59<06:22,  1.30it/s] 39%|███▊      | 310/805 [04:00<06:14,  1.32it/s] 39%|███▊      | 311/805 [04:01<06:43,  1.22it/s] 39%|███▉      | 312/805 [04:02<06:34,  1.25it/s] 39%|███▉      | 313/805 [04:03<06:32,  1.25it/s] 39%|███▉      | 314/805 [04:03<06:25,  1.28it/s] 39%|███▉      | 315/805 [04:04<06:24,  1.27it/s] 39%|███▉      | 316/805 [04:05<06:14,  1.30it/s] 39%|███▉      | 317/805 [04:06<06:12,  1.31it/s] 40%|███▉      | 318/805 [04:07<06:31,  1.24it/s] 40%|███▉      | 319/805 [04:07<06:05,  1.33it/s] 40%|███▉      | 320/805 [04:08<05:59,  1.35it/s] 40%|███▉      | 321/805 [04:09<05:54,  1.36it/s] 40%|████      | 322/805 [04:09<06:01,  1.34it/s] 40%|████      | 323/805 [04:10<05:56,  1.35it/s] 40%|████      | 324/805 [04:11<06:02,  1.33it/s] 40%|████      | 325/805 [04:12<05:54,  1.35it/s] 40%|████      | 326/805 [04:12<05:47,  1.38it/s] 41%|████      | 327/805 [04:13<05:48,  1.37it/s] 41%|████      | 328/805 [04:14<05:41,  1.40it/s] 41%|████      | 329/805 [04:14<05:24,  1.47it/s] 41%|████      | 330/805 [04:15<05:35,  1.42it/s] 41%|████      | 331/805 [04:16<06:00,  1.32it/s] 41%|████      | 332/805 [04:17<06:04,  1.30it/s] 41%|████▏     | 333/805 [04:18<06:11,  1.27it/s] 41%|████▏     | 334/805 [04:18<06:07,  1.28it/s] 42%|████▏     | 335/805 [04:19<06:07,  1.28it/s] 42%|████▏     | 336/805 [04:20<06:03,  1.29it/s] 42%|████▏     | 337/805 [04:21<06:27,  1.21it/s] 42%|████▏     | 338/805 [04:22<06:13,  1.25it/s] 42%|████▏     | 339/805 [04:22<06:02,  1.28it/s] 42%|████▏     | 340/805 [04:23<06:21,  1.22it/s] 42%|████▏     | 341/805 [04:24<06:12,  1.25it/s] 42%|████▏     | 342/805 [04:25<06:03,  1.27it/s] 43%|████▎     | 343/805 [04:26<06:08,  1.26it/s] 43%|████▎     | 344/805 [04:26<05:55,  1.30it/s] 43%|████▎     | 345/805 [04:27<05:49,  1.32it/s] 43%|████▎     | 346/805 [04:28<05:27,  1.40it/s] 43%|████▎     | 347/805 [04:28<05:33,  1.37it/s] 43%|████▎     | 348/805 [04:29<05:30,  1.38it/s] 43%|████▎     | 349/805 [04:30<05:29,  1.39it/s] 43%|████▎     | 350/805 [04:31<05:59,  1.26it/s] 44%|████▎     | 351/805 [04:32<05:59,  1.26it/s] 44%|████▎     | 352/805 [04:32<05:49,  1.30it/s] 44%|████▍     | 353/805 [04:33<05:25,  1.39it/s] 44%|████▍     | 354/805 [04:34<05:23,  1.40it/s] 44%|████▍     | 355/805 [04:34<05:27,  1.37it/s] 44%|████▍     | 356/805 [04:35<05:51,  1.28it/s] 44%|████▍     | 357/805 [04:36<05:45,  1.30it/s] 44%|████▍     | 358/805 [04:37<05:37,  1.32it/s] 45%|████▍     | 359/805 [04:37<05:38,  1.32it/s] 45%|████▍     | 360/805 [04:38<05:36,  1.32it/s] 45%|████▍     | 361/805 [04:39<05:36,  1.32it/s] 45%|████▍     | 362/805 [04:40<05:16,  1.40it/s] 45%|████▌     | 363/805 [04:41<06:02,  1.22it/s] 45%|████▌     | 364/805 [04:41<05:48,  1.26it/s] 45%|████▌     | 365/805 [04:42<05:36,  1.31it/s] 45%|████▌     | 366/805 [04:43<05:29,  1.33it/s] 46%|████▌     | 367/805 [04:44<05:32,  1.32it/s] 46%|████▌     | 368/805 [04:44<05:28,  1.33it/s] 46%|████▌     | 369/805 [04:45<05:30,  1.32it/s] 46%|████▌     | 370/805 [04:46<05:21,  1.35it/s] 46%|████▌     | 371/805 [04:47<05:22,  1.34it/s] 46%|████▌     | 372/805 [04:47<05:27,  1.32it/s] 46%|████▋     | 373/805 [04:48<05:30,  1.31it/s] 46%|████▋     | 374/805 [04:49<05:25,  1.33it/s] 47%|████▋     | 375/805 [04:50<05:42,  1.26it/s] 47%|████▋     | 376/805 [04:50<05:35,  1.28it/s] 47%|████▋     | 377/805 [04:51<05:33,  1.28it/s] 47%|████▋     | 378/805 [04:52<05:31,  1.29it/s] 47%|████▋     | 379/805 [04:53<05:31,  1.28it/s] 47%|████▋     | 380/805 [04:53<05:06,  1.39it/s] 47%|████▋     | 381/805 [04:54<05:32,  1.27it/s] 47%|████▋     | 382/805 [04:55<05:26,  1.30it/s] 48%|████▊     | 383/805 [04:56<05:25,  1.30it/s] 48%|████▊     | 384/805 [04:57<05:18,  1.32it/s] 48%|████▊     | 385/805 [04:57<05:20,  1.31it/s] 48%|████▊     | 386/805 [04:58<05:16,  1.33it/s] 48%|████▊     | 387/805 [04:59<05:00,  1.39it/s] 48%|████▊     | 388/805 [04:59<05:07,  1.36it/s] 48%|████▊     | 389/805 [05:00<05:00,  1.38it/s] 48%|████▊     | 390/805 [05:01<04:59,  1.39it/s] 49%|████▊     | 391/805 [05:01<04:43,  1.46it/s] 49%|████▊     | 392/805 [05:02<04:51,  1.42it/s] 49%|████▉     | 393/805 [05:03<05:01,  1.37it/s] 49%|████▉     | 394/805 [05:04<05:23,  1.27it/s] 49%|████▉     | 395/805 [05:05<05:16,  1.30it/s] 49%|████▉     | 396/805 [05:05<04:55,  1.38it/s] 49%|████▉     | 397/805 [05:06<05:04,  1.34it/s] 49%|████▉     | 398/805 [05:07<05:04,  1.34it/s] 50%|████▉     | 399/805 [05:08<04:56,  1.37it/s] 50%|████▉     | 400/805 [05:08<04:54,  1.38it/s] 50%|████▉     | 401/805 [05:09<05:09,  1.31it/s] 50%|████▉     | 402/805 [05:10<04:53,  1.37it/s] 50%|█████     | 403/805 [05:11<04:56,  1.36it/s] 50%|█████     | 404/805 [05:11<04:55,  1.36it/s] 50%|█████     | 405/805 [05:12<04:59,  1.34it/s] 50%|█████     | 406/805 [05:13<04:58,  1.34it/s] 51%|█████     | 407/805 [05:14<05:19,  1.25it/s] 51%|█████     | 408/805 [05:14<05:10,  1.28it/s] 51%|█████     | 409/805 [05:15<05:01,  1.31it/s] 51%|█████     | 410/805 [05:16<04:40,  1.41it/s] 51%|█████     | 411/805 [05:16<04:39,  1.41it/s] 51%|█████     | 412/805 [05:17<04:45,  1.37it/s] 51%|█████▏    | 413/805 [05:18<05:10,  1.26it/s] 51%|█████▏    | 414/805 [05:19<05:08,  1.27it/s] 52%|█████▏    | 415/805 [05:20<05:04,  1.28it/s] 52%|█████▏    | 416/805 [05:20<05:02,  1.29it/s] 52%|█████▏    | 417/805 [05:21<05:01,  1.29it/s] 52%|█████▏    | 418/805 [05:22<04:57,  1.30it/s] 52%|█████▏    | 419/805 [05:23<04:52,  1.32it/s] 52%|█████▏    | 420/805 [05:24<05:07,  1.25it/s] 52%|█████▏    | 421/805 [05:24<04:59,  1.28it/s] 52%|█████▏    | 422/805 [05:25<04:50,  1.32it/s] 53%|█████▎    | 423/805 [05:26<04:48,  1.32it/s] 53%|█████▎    | 424/805 [05:27<04:41,  1.35it/s] 53%|█████▎    | 425/805 [05:27<04:45,  1.33it/s] 53%|█████▎    | 426/805 [05:28<05:06,  1.24it/s] 53%|█████▎    | 427/805 [05:29<04:45,  1.32it/s] 53%|█████▎    | 428/805 [05:30<04:41,  1.34it/s] 53%|█████▎    | 429/805 [05:30<04:40,  1.34it/s] 53%|█████▎    | 430/805 [05:31<04:57,  1.26it/s] 54%|█████▎    | 431/805 [05:32<04:54,  1.27it/s] 54%|█████▎    | 432/805 [05:33<04:51,  1.28it/s] 54%|█████▍    | 433/805 [05:34<04:59,  1.24it/s] 54%|█████▍    | 434/805 [05:34<04:52,  1.27it/s] 54%|█████▍    | 435/805 [05:35<04:51,  1.27it/s] 54%|█████▍    | 436/805 [05:36<04:43,  1.30it/s] 54%|█████▍    | 437/805 [05:37<04:23,  1.40it/s] 54%|█████▍    | 438/805 [05:37<04:28,  1.36it/s] 55%|█████▍    | 439/805 [05:38<05:04,  1.20it/s] 55%|█████▍    | 440/805 [05:39<04:51,  1.25it/s] 55%|█████▍    | 441/805 [05:40<04:42,  1.29it/s] 55%|█████▍    | 442/805 [05:41<04:36,  1.31it/s] 55%|█████▌    | 443/805 [05:41<04:38,  1.30it/s] 55%|█████▌    | 444/805 [05:42<04:35,  1.31it/s] 55%|█████▌    | 445/805 [05:43<04:29,  1.33it/s] 55%|█████▌    | 446/805 [05:44<04:39,  1.28it/s] 56%|█████▌    | 447/805 [05:44<04:20,  1.37it/s] 56%|█████▌    | 448/805 [05:45<04:20,  1.37it/s] 56%|█████▌    | 449/805 [05:46<04:24,  1.35it/s] 56%|█████▌    | 450/805 [05:46<04:22,  1.35it/s] 56%|█████▌    | 451/805 [05:47<04:06,  1.44it/s] 56%|█████▌    | 452/805 [05:48<04:28,  1.32it/s] 56%|█████▋    | 453/805 [05:49<04:27,  1.32it/s] 56%|█████▋    | 454/805 [05:49<04:27,  1.31it/s] 57%|█████▋    | 455/805 [05:50<04:31,  1.29it/s] 57%|█████▋    | 456/805 [05:51<04:25,  1.32it/s] 57%|█████▋    | 457/805 [05:52<04:27,  1.30it/s] 57%|█████▋    | 458/805 [05:53<04:43,  1.23it/s] 57%|█████▋    | 459/805 [05:53<04:32,  1.27it/s] 57%|█████▋    | 460/805 [05:54<04:11,  1.37it/s] 57%|█████▋    | 461/805 [05:55<04:13,  1.36it/s] 57%|█████▋    | 462/805 [05:56<04:16,  1.34it/s] 58%|█████▊    | 463/805 [05:56<04:21,  1.31it/s] 58%|█████▊    | 464/805 [05:57<04:19,  1.31it/s] 58%|█████▊    | 465/805 [05:58<04:33,  1.24it/s] 58%|█████▊    | 466/805 [05:59<04:13,  1.34it/s] 58%|█████▊    | 467/805 [05:59<04:13,  1.33it/s] 58%|█████▊    | 468/805 [06:00<04:01,  1.40it/s] 58%|█████▊    | 469/805 [06:01<04:18,  1.30it/s] 58%|█████▊    | 470/805 [06:02<03:59,  1.40it/s] 59%|█████▊    | 471/805 [06:02<04:19,  1.29it/s] 59%|█████▊    | 472/805 [06:03<04:16,  1.30it/s] 59%|█████▉    | 473/805 [06:04<04:01,  1.38it/s] 59%|█████▉    | 474/805 [06:05<04:05,  1.35it/s] 59%|█████▉    | 475/805 [06:05<04:07,  1.33it/s] 59%|█████▉    | 476/805 [06:06<04:12,  1.31it/s] 59%|█████▉    | 477/805 [06:07<04:30,  1.21it/s] 59%|█████▉    | 478/805 [06:08<04:22,  1.25it/s] 60%|█████▉    | 479/805 [06:09<04:02,  1.35it/s] 60%|█████▉    | 480/805 [06:09<04:04,  1.33it/s] 60%|█████▉    | 481/805 [06:10<04:01,  1.34it/s] 60%|█████▉    | 482/805 [06:11<04:00,  1.35it/s] 60%|██████    | 483/805 [06:12<04:14,  1.27it/s] 60%|██████    | 484/805 [06:12<03:57,  1.35it/s] 60%|██████    | 485/805 [06:13<03:56,  1.35it/s] 60%|██████    | 486/805 [06:14<03:53,  1.37it/s] 60%|██████    | 487/805 [06:14<03:55,  1.35it/s] 61%|██████    | 488/805 [06:15<04:10,  1.27it/s] 61%|██████    | 489/805 [06:16<04:02,  1.30it/s] 61%|██████    | 490/805 [06:17<04:18,  1.22it/s] 61%|██████    | 491/805 [06:18<04:12,  1.24it/s] 61%|██████    | 492/805 [06:19<04:06,  1.27it/s] 61%|██████    | 493/805 [06:19<04:04,  1.28it/s] 61%|██████▏   | 494/805 [06:20<04:00,  1.29it/s] 61%|██████▏   | 495/805 [06:21<03:57,  1.31it/s] 62%|██████▏   | 496/805 [06:22<04:12,  1.23it/s] 62%|██████▏   | 497/805 [06:22<03:52,  1.33it/s] 62%|██████▏   | 498/805 [06:23<03:52,  1.32it/s] 62%|██████▏   | 499/805 [06:24<03:52,  1.32it/s] 62%|██████▏   | 500/805 [06:25<03:51,  1.32it/s] 62%|██████▏   | 501/805 [06:25<03:53,  1.30it/s] 62%|██████▏   | 502/805 [06:26<04:04,  1.24it/s] 62%|██████▏   | 503/805 [06:27<03:56,  1.28it/s] 63%|██████▎   | 504/805 [06:28<03:41,  1.36it/s] 63%|██████▎   | 505/805 [06:28<03:41,  1.35it/s] 63%|██████▎   | 506/805 [06:29<03:40,  1.36it/s] 63%|██████▎   | 507/805 [06:30<03:45,  1.32it/s] 63%|██████▎   | 508/805 [06:31<03:45,  1.31it/s] 63%|██████▎   | 509/805 [06:32<03:45,  1.31it/s] 63%|██████▎   | 510/805 [06:32<03:30,  1.40it/s] 63%|██████▎   | 511/805 [06:33<03:33,  1.38it/s] 64%|██████▎   | 512/805 [06:34<03:34,  1.37it/s] 64%|██████▎   | 513/805 [06:34<03:37,  1.34it/s] 64%|██████▍   | 514/805 [06:35<03:31,  1.37it/s] 64%|██████▍   | 515/805 [06:36<03:46,  1.28it/s] 64%|██████▍   | 516/805 [06:37<03:45,  1.28it/s] 64%|██████▍   | 517/805 [06:38<03:42,  1.29it/s] 64%|██████▍   | 518/805 [06:38<03:36,  1.32it/s] 64%|██████▍   | 519/805 [06:39<03:38,  1.31it/s] 65%|██████▍   | 520/805 [06:40<03:33,  1.34it/s] 65%|██████▍   | 521/805 [06:41<03:49,  1.24it/s] 65%|██████▍   | 522/805 [06:41<03:46,  1.25it/s] 65%|██████▍   | 523/805 [06:42<03:40,  1.28it/s] 65%|██████▌   | 524/805 [06:43<03:33,  1.31it/s] 65%|██████▌   | 525/805 [06:44<03:35,  1.30it/s] 65%|██████▌   | 526/805 [06:44<03:32,  1.32it/s] 65%|██████▌   | 527/805 [06:45<03:32,  1.31it/s] 66%|██████▌   | 528/805 [06:46<03:47,  1.22it/s] 66%|██████▌   | 529/805 [06:47<03:39,  1.25it/s] 66%|██████▌   | 530/805 [06:48<03:31,  1.30it/s] 66%|██████▌   | 531/805 [06:49<03:42,  1.23it/s] 66%|██████▌   | 532/805 [06:49<03:49,  1.19it/s] 66%|██████▌   | 533/805 [06:50<03:45,  1.21it/s] 66%|██████▋   | 534/805 [06:51<03:41,  1.22it/s] 66%|██████▋   | 535/805 [06:52<03:33,  1.27it/s] 67%|██████▋   | 536/805 [06:52<03:25,  1.31it/s] 67%|██████▋   | 537/805 [06:53<03:20,  1.34it/s] 67%|██████▋   | 538/805 [06:54<03:21,  1.33it/s] 67%|██████▋   | 539/805 [06:55<03:19,  1.33it/s] 67%|██████▋   | 540/805 [06:55<03:18,  1.34it/s] 67%|██████▋   | 541/805 [06:56<03:28,  1.27it/s] 67%|██████▋   | 542/805 [06:57<03:21,  1.30it/s] 67%|██████▋   | 543/805 [06:58<03:20,  1.30it/s] 68%|██████▊   | 544/805 [06:58<03:15,  1.34it/s] 68%|██████▊   | 545/805 [06:59<03:13,  1.35it/s] 68%|██████▊   | 546/805 [07:00<03:13,  1.34it/s] 68%|██████▊   | 547/805 [07:01<03:30,  1.23it/s] 68%|██████▊   | 548/805 [07:02<03:13,  1.33it/s] 68%|██████▊   | 549/805 [07:02<03:10,  1.35it/s] 68%|██████▊   | 550/805 [07:03<03:12,  1.33it/s] 68%|██████▊   | 551/805 [07:04<03:11,  1.33it/s] 69%|██████▊   | 552/805 [07:05<03:11,  1.32it/s] 69%|██████▊   | 553/805 [07:05<03:12,  1.31it/s] 69%|██████▉   | 554/805 [07:06<03:06,  1.34it/s] 69%|██████▉   | 555/805 [07:07<03:05,  1.35it/s] 69%|██████▉   | 556/805 [07:08<03:04,  1.35it/s] 69%|██████▉   | 557/805 [07:08<03:05,  1.34it/s] 69%|██████▉   | 558/805 [07:09<03:03,  1.35it/s] 69%|██████▉   | 559/805 [07:10<03:02,  1.34it/s] 70%|██████▉   | 560/805 [07:11<03:16,  1.25it/s] 70%|██████▉   | 561/805 [07:11<03:12,  1.27it/s] 70%|██████▉   | 562/805 [07:12<03:09,  1.28it/s] 70%|██████▉   | 563/805 [07:13<03:06,  1.30it/s] 70%|███████   | 564/805 [07:14<03:05,  1.30it/s] 70%|███████   | 565/805 [07:14<02:52,  1.39it/s] 70%|███████   | 566/805 [07:15<03:07,  1.27it/s] 70%|███████   | 567/805 [07:16<03:05,  1.29it/s] 71%|███████   | 568/805 [07:17<03:05,  1.27it/s] 71%|███████   | 569/805 [07:18<03:00,  1.31it/s] 71%|███████   | 570/805 [07:18<03:00,  1.30it/s] 71%|███████   | 571/805 [07:19<03:00,  1.30it/s] 71%|███████   | 572/805 [07:20<03:06,  1.25it/s] 71%|███████   | 573/805 [07:21<03:13,  1.20it/s] 71%|███████▏  | 574/805 [07:22<03:03,  1.26it/s] 71%|███████▏  | 575/805 [07:22<03:00,  1.27it/s] 72%|███████▏  | 576/805 [07:23<02:57,  1.29it/s] 72%|███████▏  | 577/805 [07:24<02:57,  1.28it/s] 72%|███████▏  | 578/805 [07:25<02:53,  1.30it/s] 72%|███████▏  | 579/805 [07:26<03:04,  1.23it/s] 72%|███████▏  | 580/805 [07:26<02:57,  1.27it/s] 72%|███████▏  | 581/805 [07:27<02:52,  1.30it/s] 72%|███████▏  | 582/805 [07:28<02:48,  1.32it/s] 72%|███████▏  | 583/805 [07:29<02:47,  1.32it/s] 73%|███████▎  | 584/805 [07:29<02:48,  1.32it/s] 73%|███████▎  | 585/805 [07:30<02:48,  1.30it/s] 73%|███████▎  | 586/805 [07:31<02:57,  1.23it/s] 73%|███████▎  | 587/805 [07:32<02:54,  1.25it/s] 73%|███████▎  | 588/805 [07:33<02:53,  1.25it/s] 73%|███████▎  | 589/805 [07:33<03:00,  1.20it/s] 73%|███████▎  | 590/805 [07:34<02:55,  1.22it/s] 73%|███████▎  | 591/805 [07:35<02:51,  1.25it/s] 74%|███████▎  | 592/805 [07:36<02:57,  1.20it/s] 74%|███████▎  | 593/805 [07:37<02:52,  1.23it/s] 74%|███████▍  | 594/805 [07:37<02:49,  1.25it/s] 74%|███████▍  | 595/805 [07:38<02:47,  1.25it/s] 74%|███████▍  | 596/805 [07:39<02:40,  1.31it/s] 74%|███████▍  | 597/805 [07:40<02:29,  1.39it/s] 74%|███████▍  | 598/805 [07:40<02:26,  1.41it/s] 74%|███████▍  | 599/805 [07:41<02:35,  1.33it/s] 75%|███████▍  | 600/805 [07:42<02:33,  1.34it/s] 75%|███████▍  | 601/805 [07:43<02:42,  1.26it/s] 75%|███████▍  | 602/805 [07:43<02:39,  1.28it/s] 75%|███████▍  | 603/805 [07:44<02:45,  1.22it/s] 75%|███████▌  | 604/805 [07:45<02:43,  1.23it/s] 75%|███████▌  | 605/805 [07:46<02:52,  1.16it/s] 75%|███████▌  | 606/805 [07:47<02:47,  1.19it/s] 75%|███████▌  | 607/805 [07:48<02:41,  1.23it/s] 76%|███████▌  | 608/805 [07:49<02:45,  1.19it/s] 76%|███████▌  | 609/805 [07:49<02:37,  1.24it/s] 76%|███████▌  | 610/805 [07:50<02:26,  1.33it/s] 76%|███████▌  | 611/805 [07:51<02:22,  1.36it/s] 76%|███████▌  | 612/805 [07:52<02:29,  1.29it/s] 76%|███████▌  | 613/805 [07:52<02:27,  1.30it/s] 76%|███████▋  | 614/805 [07:53<02:23,  1.33it/s] 76%|███████▋  | 615/805 [07:54<02:21,  1.34it/s] 77%|███████▋  | 616/805 [07:54<02:18,  1.37it/s] 77%|███████▋  | 617/805 [07:55<02:27,  1.28it/s] 77%|███████▋  | 618/805 [07:56<02:33,  1.22it/s] 77%|███████▋  | 619/805 [07:57<02:37,  1.18it/s] 77%|███████▋  | 620/805 [07:58<02:31,  1.22it/s] 77%|███████▋  | 621/805 [07:59<02:24,  1.28it/s] 77%|███████▋  | 622/805 [07:59<02:21,  1.29it/s] 77%|███████▋  | 623/805 [08:00<02:19,  1.31it/s] 78%|███████▊  | 624/805 [08:01<02:16,  1.33it/s] 78%|███████▊  | 625/805 [08:02<02:27,  1.22it/s] 78%|███████▊  | 626/805 [08:02<02:19,  1.28it/s] 78%|███████▊  | 627/805 [08:03<02:15,  1.31it/s] 78%|███████▊  | 628/805 [08:04<02:13,  1.33it/s] 78%|███████▊  | 629/805 [08:05<02:10,  1.35it/s] 78%|███████▊  | 630/805 [08:05<02:10,  1.34it/s] 78%|███████▊  | 631/805 [08:06<02:19,  1.25it/s] 79%|███████▊  | 632/805 [08:07<02:15,  1.28it/s] 79%|███████▊  | 633/805 [08:08<02:12,  1.30it/s] 79%|███████▉  | 634/805 [08:09<02:12,  1.29it/s] 79%|███████▉  | 635/805 [08:09<02:04,  1.36it/s] 79%|███████▉  | 636/805 [08:10<02:04,  1.36it/s] 79%|███████▉  | 637/805 [08:11<02:05,  1.34it/s] 79%|███████▉  | 638/805 [08:12<02:15,  1.23it/s] 79%|███████▉  | 639/805 [08:12<02:04,  1.33it/s] 80%|███████▉  | 640/805 [08:13<02:04,  1.33it/s] 80%|███████▉  | 641/805 [08:14<02:05,  1.31it/s] 80%|███████▉  | 642/805 [08:15<02:04,  1.31it/s] 80%|███████▉  | 643/805 [08:15<02:04,  1.31it/s] 80%|████████  | 644/805 [08:16<02:11,  1.23it/s] 80%|████████  | 645/805 [08:17<02:10,  1.23it/s] 80%|████████  | 646/805 [08:18<01:59,  1.33it/s] 80%|████████  | 647/805 [08:18<01:53,  1.39it/s] 80%|████████  | 648/805 [08:19<01:47,  1.47it/s] 81%|████████  | 649/805 [08:20<01:47,  1.45it/s] 81%|████████  | 650/805 [08:20<01:51,  1.39it/s] 81%|████████  | 651/805 [08:21<02:00,  1.28it/s] 81%|████████  | 652/805 [08:22<01:57,  1.30it/s] 81%|████████  | 653/805 [08:23<01:55,  1.31it/s] 81%|████████  | 654/805 [08:24<01:53,  1.33it/s] 81%|████████▏ | 655/805 [08:24<01:52,  1.33it/s] 81%|████████▏ | 656/805 [08:25<01:49,  1.36it/s] 82%|████████▏ | 657/805 [08:26<01:58,  1.25it/s] 82%|████████▏ | 658/805 [08:27<01:54,  1.28it/s] 82%|████████▏ | 659/805 [08:28<01:53,  1.29it/s] 82%|████████▏ | 660/805 [08:28<01:49,  1.32it/s] 82%|████████▏ | 661/805 [08:29<01:49,  1.32it/s] 82%|████████▏ | 662/805 [08:30<01:47,  1.33it/s] 82%|████████▏ | 663/805 [08:30<01:47,  1.32it/s] 82%|████████▏ | 664/805 [08:31<01:52,  1.25it/s] 83%|████████▎ | 665/805 [08:32<01:49,  1.28it/s] 83%|████████▎ | 666/805 [08:33<01:46,  1.31it/s] 83%|████████▎ | 667/805 [08:34<01:43,  1.33it/s] 83%|████████▎ | 668/805 [08:34<01:43,  1.33it/s] 83%|████████▎ | 669/805 [08:35<01:40,  1.35it/s] 83%|████████▎ | 670/805 [08:36<01:47,  1.26it/s] 83%|████████▎ | 671/805 [08:37<01:45,  1.26it/s] 83%|████████▎ | 672/805 [08:37<01:42,  1.29it/s] 84%|████████▎ | 673/805 [08:38<01:35,  1.38it/s] 84%|████████▎ | 674/805 [08:39<01:36,  1.36it/s] 84%|████████▍ | 675/805 [08:40<01:36,  1.35it/s] 84%|████████▍ | 676/805 [08:40<01:34,  1.36it/s] 84%|████████▍ | 677/805 [08:41<01:41,  1.26it/s] 84%|████████▍ | 678/805 [08:42<01:38,  1.29it/s] 84%|████████▍ | 679/805 [08:43<01:36,  1.31it/s] 84%|████████▍ | 680/805 [08:43<01:34,  1.33it/s] 85%|████████▍ | 681/805 [08:44<01:32,  1.35it/s] 85%|████████▍ | 682/805 [08:45<01:33,  1.32it/s] 85%|████████▍ | 683/805 [08:46<01:40,  1.22it/s] 85%|████████▍ | 684/805 [08:47<01:37,  1.25it/s] 85%|████████▌ | 685/805 [08:47<01:29,  1.35it/s] 85%|████████▌ | 686/805 [08:48<01:30,  1.31it/s] 85%|████████▌ | 687/805 [08:49<01:31,  1.29it/s] 85%|████████▌ | 688/805 [08:50<01:29,  1.31it/s] 86%|████████▌ | 689/805 [08:50<01:23,  1.39it/s] 86%|████████▌ | 690/805 [08:51<01:31,  1.26it/s] 86%|████████▌ | 691/805 [08:52<01:28,  1.29it/s] 86%|████████▌ | 692/805 [08:53<01:31,  1.23it/s] 86%|████████▌ | 693/805 [08:54<01:28,  1.27it/s] 86%|████████▌ | 694/805 [08:54<01:26,  1.28it/s] 86%|████████▋ | 695/805 [08:55<01:19,  1.38it/s] 86%|████████▋ | 696/805 [08:56<01:23,  1.30it/s] 87%|████████▋ | 697/805 [08:57<01:21,  1.32it/s] 87%|████████▋ | 698/805 [08:57<01:20,  1.33it/s] 87%|████████▋ | 699/805 [08:58<01:14,  1.43it/s] 87%|████████▋ | 700/805 [08:59<01:15,  1.39it/s] 87%|████████▋ | 701/805 [08:59<01:15,  1.38it/s] 87%|████████▋ | 702/805 [09:00<01:20,  1.27it/s] 87%|████████▋ | 703/805 [09:01<01:19,  1.28it/s] 87%|████████▋ | 704/805 [09:02<01:19,  1.27it/s] 88%|████████▊ | 705/805 [09:03<01:16,  1.31it/s] 88%|████████▊ | 706/805 [09:03<01:14,  1.32it/s] 88%|████████▊ | 707/805 [09:04<01:12,  1.36it/s] 88%|████████▊ | 708/805 [09:05<01:17,  1.26it/s] 88%|████████▊ | 709/805 [09:06<01:14,  1.28it/s] 88%|████████▊ | 710/805 [09:06<01:13,  1.29it/s] 88%|████████▊ | 711/805 [09:07<01:07,  1.39it/s] 88%|████████▊ | 712/805 [09:08<01:08,  1.36it/s] 89%|████████▊ | 713/805 [09:09<01:07,  1.36it/s] 89%|████████▊ | 714/805 [09:09<01:12,  1.25it/s] 89%|████████▉ | 715/805 [09:10<01:10,  1.28it/s] 89%|████████▉ | 716/805 [09:11<01:09,  1.29it/s] 89%|████████▉ | 717/805 [09:12<01:07,  1.30it/s] 89%|████████▉ | 718/805 [09:12<01:05,  1.32it/s] 89%|████████▉ | 719/805 [09:13<01:03,  1.35it/s] 89%|████████▉ | 720/805 [09:14<01:03,  1.33it/s] 90%|████████▉ | 721/805 [09:15<01:07,  1.25it/s] 90%|████████▉ | 722/805 [09:16<01:04,  1.29it/s] 90%|████████▉ | 723/805 [09:16<01:01,  1.33it/s] 90%|████████▉ | 724/805 [09:17<01:00,  1.35it/s] 90%|█████████ | 725/805 [09:18<00:58,  1.36it/s] 90%|█████████ | 726/805 [09:18<00:58,  1.36it/s] 90%|█████████ | 727/805 [09:19<01:01,  1.26it/s] 90%|█████████ | 728/805 [09:20<00:59,  1.30it/s] 91%|█████████ | 729/805 [09:21<00:58,  1.31it/s] 91%|█████████ | 730/805 [09:22<00:56,  1.32it/s] 91%|█████████ | 731/805 [09:22<00:55,  1.34it/s] 91%|█████████ | 732/805 [09:23<00:55,  1.32it/s] 91%|█████████ | 733/805 [09:24<00:54,  1.33it/s] 91%|█████████ | 734/805 [09:25<00:57,  1.25it/s] 91%|█████████▏| 735/805 [09:25<00:54,  1.29it/s] 91%|█████████▏| 736/805 [09:26<00:52,  1.32it/s] 92%|█████████▏| 737/805 [09:27<00:50,  1.34it/s] 92%|█████████▏| 738/805 [09:28<00:51,  1.31it/s] 92%|█████████▏| 739/805 [09:28<00:50,  1.32it/s] 92%|█████████▏| 740/805 [09:29<00:52,  1.23it/s] 92%|█████████▏| 741/805 [09:30<00:51,  1.25it/s] 92%|█████████▏| 742/805 [09:31<00:49,  1.27it/s] 92%|█████████▏| 743/805 [09:32<00:45,  1.37it/s] 92%|█████████▏| 744/805 [09:32<00:44,  1.37it/s] 93%|█████████▎| 745/805 [09:33<00:44,  1.34it/s] 93%|█████████▎| 746/805 [09:34<00:47,  1.24it/s] 93%|█████████▎| 747/805 [09:35<00:45,  1.27it/s] 93%|█████████▎| 748/805 [09:35<00:44,  1.27it/s] 93%|█████████▎| 749/805 [09:36<00:43,  1.29it/s] 93%|█████████▎| 750/805 [09:37<00:41,  1.32it/s] 93%|█████████▎| 751/805 [09:38<00:40,  1.33it/s] 93%|█████████▎| 752/805 [09:38<00:40,  1.31it/s] 94%|█████████▎| 753/805 [09:39<00:42,  1.23it/s] 94%|█████████▎| 754/805 [09:40<00:40,  1.25it/s] 94%|█████████▍| 755/805 [09:41<00:38,  1.30it/s] 94%|█████████▍| 756/805 [09:42<00:37,  1.31it/s] 94%|█████████▍| 757/805 [09:42<00:36,  1.31it/s] 94%|█████████▍| 758/805 [09:43<00:35,  1.32it/s] 94%|█████████▍| 759/805 [09:44<00:37,  1.24it/s] 94%|█████████▍| 760/805 [09:45<00:35,  1.27it/s] 95%|█████████▍| 761/805 [09:46<00:34,  1.28it/s] 95%|█████████▍| 762/805 [09:46<00:35,  1.22it/s] 95%|█████████▍| 763/805 [09:47<00:34,  1.23it/s] 95%|█████████▍| 764/805 [09:48<00:30,  1.34it/s] 95%|█████████▌| 765/805 [09:49<00:31,  1.27it/s] 95%|█████████▌| 766/805 [09:50<00:30,  1.28it/s] 95%|█████████▌| 767/805 [09:50<00:29,  1.31it/s] 95%|█████████▌| 768/805 [09:51<00:28,  1.32it/s] 96%|█████████▌| 769/805 [09:52<00:27,  1.32it/s] 96%|█████████▌| 770/805 [09:52<00:26,  1.34it/s] 96%|█████████▌| 771/805 [09:53<00:25,  1.36it/s] 96%|█████████▌| 772/805 [09:54<00:26,  1.25it/s] 96%|█████████▌| 773/805 [09:55<00:25,  1.27it/s] 96%|█████████▌| 774/805 [09:55<00:22,  1.37it/s] 96%|█████████▋| 775/805 [09:56<00:21,  1.37it/s] 96%|█████████▋| 776/805 [09:57<00:20,  1.39it/s] 97%|█████████▋| 777/805 [09:58<00:20,  1.37it/s] 97%|█████████▋| 778/805 [09:59<00:20,  1.30it/s] 97%|█████████▋| 779/805 [09:59<00:20,  1.29it/s] 97%|█████████▋| 780/805 [10:00<00:19,  1.28it/s] 97%|█████████▋| 781/805 [10:01<00:18,  1.31it/s] 97%|█████████▋| 782/805 [10:02<00:17,  1.32it/s] 97%|█████████▋| 783/805 [10:02<00:15,  1.40it/s] 97%|█████████▋| 784/805 [10:03<00:16,  1.29it/s] 98%|█████████▊| 785/805 [10:04<00:15,  1.32it/s] 98%|█████████▊| 786/805 [10:05<00:14,  1.31it/s] 98%|█████████▊| 787/805 [10:05<00:13,  1.34it/s] 98%|█████████▊| 788/805 [10:06<00:12,  1.37it/s] 98%|█████████▊| 789/805 [10:07<00:11,  1.36it/s] 98%|█████████▊| 790/805 [10:08<00:11,  1.26it/s] 98%|█████████▊| 791/805 [10:09<00:11,  1.21it/s] 98%|█████████▊| 792/805 [10:09<00:10,  1.25it/s] 99%|█████████▊| 793/805 [10:10<00:09,  1.26it/s] 99%|█████████▊| 794/805 [10:11<00:08,  1.29it/s] 99%|█████████▉| 795/805 [10:12<00:07,  1.28it/s] 99%|█████████▉| 796/805 [10:13<00:07,  1.21it/s] 99%|█████████▉| 797/805 [10:13<00:06,  1.23it/s] 99%|█████████▉| 798/805 [10:14<00:05,  1.28it/s] 99%|█████████▉| 799/805 [10:15<00:04,  1.37it/s] 99%|█████████▉| 800/805 [10:15<00:03,  1.34it/s]100%|█████████▉| 801/805 [10:16<00:02,  1.34it/s]100%|█████████▉| 802/805 [10:17<00:02,  1.35it/s]100%|█████████▉| 803/805 [10:18<00:01,  1.27it/s]100%|█████████▉| 804/805 [10:19<00:00,  1.28it/s]100%|██████████| 805/805 [10:19<00:00,  1.29it/s]100%|██████████| 805/805 [10:19<00:00,  1.30it/s]
##############################Training epoch: 7/10##############################
  0%|          | 0/805 [00:00<?, ?it/s]  0%|          | 1/805 [00:00<11:56,  1.12it/s]  0%|          | 2/805 [00:01<10:54,  1.23it/s]  0%|          | 3/805 [00:02<10:34,  1.26it/s]  0%|          | 4/805 [00:03<11:14,  1.19it/s]  1%|          | 5/805 [00:04<10:36,  1.26it/s]  1%|          | 6/805 [00:04<10:40,  1.25it/s]  1%|          | 7/805 [00:05<10:34,  1.26it/s]  1%|          | 8/805 [00:06<10:24,  1.28it/s]  1%|          | 9/805 [00:07<10:07,  1.31it/s]  1%|          | 10/805 [00:07<09:51,  1.34it/s]  1%|▏         | 11/805 [00:08<10:42,  1.24it/s]  1%|▏         | 12/805 [00:09<10:35,  1.25it/s]  2%|▏         | 13/805 [00:10<10:16,  1.28it/s]  2%|▏         | 14/805 [00:11<10:17,  1.28it/s]  2%|▏         | 15/805 [00:11<10:05,  1.30it/s]  2%|▏         | 16/805 [00:12<10:03,  1.31it/s]  2%|▏         | 17/805 [00:13<10:41,  1.23it/s]  2%|▏         | 18/805 [00:14<10:29,  1.25it/s]  2%|▏         | 19/805 [00:14<10:10,  1.29it/s]  2%|▏         | 20/805 [00:15<09:58,  1.31it/s]  3%|▎         | 21/805 [00:16<09:47,  1.34it/s]  3%|▎         | 22/805 [00:17<09:37,  1.35it/s]  3%|▎         | 23/805 [00:18<10:35,  1.23it/s]  3%|▎         | 24/805 [00:18<10:22,  1.26it/s]  3%|▎         | 25/805 [00:19<10:13,  1.27it/s]  3%|▎         | 26/805 [00:20<10:07,  1.28it/s]  3%|▎         | 27/805 [00:21<09:59,  1.30it/s]  3%|▎         | 28/805 [00:21<09:20,  1.39it/s]  4%|▎         | 29/805 [00:22<09:33,  1.35it/s]  4%|▎         | 30/805 [00:23<10:15,  1.26it/s]  4%|▍         | 31/805 [00:24<10:11,  1.27it/s]  4%|▍         | 32/805 [00:25<10:01,  1.28it/s]  4%|▍         | 33/805 [00:25<09:48,  1.31it/s]  4%|▍         | 34/805 [00:26<09:42,  1.32it/s]  4%|▍         | 35/805 [00:27<09:36,  1.33it/s]  4%|▍         | 36/805 [00:28<10:13,  1.25it/s]  5%|▍         | 37/805 [00:28<10:11,  1.26it/s]  5%|▍         | 38/805 [00:29<09:52,  1.29it/s]  5%|▍         | 39/805 [00:30<09:47,  1.30it/s]  5%|▍         | 40/805 [00:31<09:48,  1.30it/s]  5%|▌         | 41/805 [00:31<09:35,  1.33it/s]  5%|▌         | 42/805 [00:32<10:12,  1.25it/s]  5%|▌         | 43/805 [00:33<09:58,  1.27it/s]  5%|▌         | 44/805 [00:34<09:47,  1.30it/s]  6%|▌         | 45/805 [00:35<09:40,  1.31it/s]  6%|▌         | 46/805 [00:35<09:46,  1.29it/s]  6%|▌         | 47/805 [00:36<09:44,  1.30it/s]  6%|▌         | 48/805 [00:37<10:29,  1.20it/s]  6%|▌         | 49/805 [00:38<09:35,  1.31it/s]  6%|▌         | 50/805 [00:38<09:33,  1.32it/s]  6%|▋         | 51/805 [00:39<09:36,  1.31it/s]  6%|▋         | 52/805 [00:40<09:40,  1.30it/s]  7%|▋         | 53/805 [00:41<09:27,  1.33it/s]  7%|▋         | 54/805 [00:41<08:50,  1.42it/s]  7%|▋         | 55/805 [00:42<09:33,  1.31it/s]  7%|▋         | 56/805 [00:43<09:35,  1.30it/s]  7%|▋         | 57/805 [00:44<09:39,  1.29it/s]  7%|▋         | 58/805 [00:44<09:22,  1.33it/s]  7%|▋         | 59/805 [00:45<09:55,  1.25it/s]  7%|▋         | 60/805 [00:46<09:08,  1.36it/s]  8%|▊         | 61/805 [00:47<09:15,  1.34it/s]  8%|▊         | 62/805 [00:47<09:21,  1.32it/s]  8%|▊         | 63/805 [00:48<09:18,  1.33it/s]  8%|▊         | 64/805 [00:49<08:45,  1.41it/s]  8%|▊         | 65/805 [00:50<08:52,  1.39it/s]  8%|▊         | 66/805 [00:50<08:57,  1.38it/s]  8%|▊         | 67/805 [00:51<08:29,  1.45it/s]  8%|▊         | 68/805 [00:52<09:20,  1.31it/s]  9%|▊         | 69/805 [00:53<09:14,  1.33it/s]  9%|▊         | 70/805 [00:53<09:10,  1.33it/s]  9%|▉         | 71/805 [00:54<09:01,  1.35it/s]  9%|▉         | 72/805 [00:55<09:09,  1.33it/s]  9%|▉         | 73/805 [00:56<09:08,  1.33it/s]  9%|▉         | 74/805 [00:56<09:20,  1.30it/s]  9%|▉         | 75/805 [00:57<09:11,  1.32it/s]  9%|▉         | 76/805 [00:58<09:13,  1.32it/s] 10%|▉         | 77/805 [00:59<09:19,  1.30it/s] 10%|▉         | 78/805 [00:59<09:23,  1.29it/s] 10%|▉         | 79/805 [01:00<09:12,  1.31it/s] 10%|▉         | 80/805 [01:01<09:19,  1.30it/s] 10%|█         | 81/805 [01:02<09:56,  1.21it/s] 10%|█         | 82/805 [01:03<09:45,  1.23it/s] 10%|█         | 83/805 [01:03<09:20,  1.29it/s] 10%|█         | 84/805 [01:04<08:48,  1.36it/s] 11%|█         | 85/805 [01:05<08:52,  1.35it/s] 11%|█         | 86/805 [01:06<08:47,  1.36it/s] 11%|█         | 87/805 [01:06<09:35,  1.25it/s] 11%|█         | 88/805 [01:07<09:25,  1.27it/s] 11%|█         | 89/805 [01:08<08:43,  1.37it/s] 11%|█         | 90/805 [01:09<08:39,  1.38it/s] 11%|█▏        | 91/805 [01:09<08:49,  1.35it/s] 11%|█▏        | 92/805 [01:10<08:50,  1.34it/s] 12%|█▏        | 93/805 [01:11<09:29,  1.25it/s] 12%|█▏        | 94/805 [01:12<09:11,  1.29it/s] 12%|█▏        | 95/805 [01:13<09:39,  1.23it/s] 12%|█▏        | 96/805 [01:13<09:29,  1.24it/s] 12%|█▏        | 97/805 [01:14<09:17,  1.27it/s] 12%|█▏        | 98/805 [01:15<09:04,  1.30it/s] 12%|█▏        | 99/805 [01:16<09:42,  1.21it/s] 12%|█▏        | 100/805 [01:17<09:32,  1.23it/s] 13%|█▎        | 101/805 [01:17<09:25,  1.25it/s] 13%|█▎        | 102/805 [01:18<08:49,  1.33it/s] 13%|█▎        | 103/805 [01:19<08:40,  1.35it/s] 13%|█▎        | 104/805 [01:19<08:37,  1.35it/s] 13%|█▎        | 105/805 [01:20<08:50,  1.32it/s] 13%|█▎        | 106/805 [01:21<09:30,  1.23it/s] 13%|█▎        | 107/805 [01:22<09:19,  1.25it/s] 13%|█▎        | 108/805 [01:23<09:02,  1.28it/s] 14%|█▎        | 109/805 [01:23<08:50,  1.31it/s] 14%|█▎        | 110/805 [01:24<08:56,  1.29it/s] 14%|█▍        | 111/805 [01:25<08:54,  1.30it/s] 14%|█▍        | 112/805 [01:26<09:25,  1.23it/s] 14%|█▍        | 113/805 [01:27<09:18,  1.24it/s] 14%|█▍        | 114/805 [01:27<09:04,  1.27it/s] 14%|█▍        | 115/805 [01:28<08:50,  1.30it/s] 14%|█▍        | 116/805 [01:29<08:49,  1.30it/s] 15%|█▍        | 117/805 [01:30<08:48,  1.30it/s] 15%|█▍        | 118/805 [01:31<08:52,  1.29it/s] 15%|█▍        | 119/805 [01:31<08:52,  1.29it/s] 15%|█▍        | 120/805 [01:32<08:49,  1.29it/s] 15%|█▌        | 121/805 [01:33<08:30,  1.34it/s] 15%|█▌        | 122/805 [01:33<08:23,  1.36it/s] 15%|█▌        | 123/805 [01:34<08:24,  1.35it/s] 15%|█▌        | 124/805 [01:35<08:23,  1.35it/s] 16%|█▌        | 125/805 [01:36<08:55,  1.27it/s] 16%|█▌        | 126/805 [01:37<08:41,  1.30it/s] 16%|█▌        | 127/805 [01:37<08:41,  1.30it/s] 16%|█▌        | 128/805 [01:38<08:32,  1.32it/s] 16%|█▌        | 129/805 [01:39<08:38,  1.30it/s] 16%|█▌        | 130/805 [01:39<08:09,  1.38it/s] 16%|█▋        | 131/805 [01:40<07:42,  1.46it/s] 16%|█▋        | 132/805 [01:41<08:14,  1.36it/s] 17%|█▋        | 133/805 [01:42<08:13,  1.36it/s] 17%|█▋        | 134/805 [01:42<07:44,  1.45it/s] 17%|█▋        | 135/805 [01:43<07:26,  1.50it/s] 17%|█▋        | 136/805 [01:44<07:48,  1.43it/s] 17%|█▋        | 137/805 [01:44<08:08,  1.37it/s] 17%|█▋        | 138/805 [01:45<08:22,  1.33it/s] 17%|█▋        | 139/805 [01:46<08:21,  1.33it/s] 17%|█▋        | 140/805 [01:47<08:29,  1.31it/s] 18%|█▊        | 141/805 [01:48<08:31,  1.30it/s] 18%|█▊        | 142/805 [01:48<08:28,  1.30it/s] 18%|█▊        | 143/805 [01:49<08:24,  1.31it/s] 18%|█▊        | 144/805 [01:50<09:02,  1.22it/s] 18%|█▊        | 145/805 [01:51<08:50,  1.25it/s] 18%|█▊        | 146/805 [01:52<08:47,  1.25it/s] 18%|█▊        | 147/805 [01:52<08:38,  1.27it/s] 18%|█▊        | 148/805 [01:53<08:29,  1.29it/s] 19%|█▊        | 149/805 [01:54<08:21,  1.31it/s] 19%|█▊        | 150/805 [01:55<08:57,  1.22it/s] 19%|█▉        | 151/805 [01:56<08:47,  1.24it/s] 19%|█▉        | 152/805 [01:56<08:27,  1.29it/s] 19%|█▉        | 153/805 [01:57<07:53,  1.38it/s] 19%|█▉        | 154/805 [01:58<08:02,  1.35it/s] 19%|█▉        | 155/805 [01:58<08:01,  1.35it/s] 19%|█▉        | 156/805 [01:59<08:32,  1.27it/s] 20%|█▉        | 157/805 [02:00<09:07,  1.18it/s] 20%|█▉        | 158/805 [02:01<08:48,  1.22it/s] 20%|█▉        | 159/805 [02:02<08:36,  1.25it/s] 20%|█▉        | 160/805 [02:03<08:21,  1.29it/s] 20%|██        | 161/805 [02:03<08:15,  1.30it/s] 20%|██        | 162/805 [02:04<07:44,  1.38it/s] 20%|██        | 163/805 [02:05<08:16,  1.29it/s] 20%|██        | 164/805 [02:05<08:01,  1.33it/s] 20%|██        | 165/805 [02:06<07:38,  1.40it/s] 21%|██        | 166/805 [02:07<07:49,  1.36it/s] 21%|██        | 167/805 [02:08<07:48,  1.36it/s] 21%|██        | 168/805 [02:08<07:58,  1.33it/s] 21%|██        | 169/805 [02:09<08:26,  1.26it/s] 21%|██        | 170/805 [02:10<08:06,  1.30it/s] 21%|██        | 171/805 [02:11<08:06,  1.30it/s] 21%|██▏       | 172/805 [02:12<08:07,  1.30it/s] 21%|██▏       | 173/805 [02:12<07:54,  1.33it/s] 22%|██▏       | 174/805 [02:13<07:24,  1.42it/s] 22%|██▏       | 175/805 [02:14<07:28,  1.40it/s] 22%|██▏       | 176/805 [02:15<08:11,  1.28it/s] 22%|██▏       | 177/805 [02:15<08:00,  1.31it/s] 22%|██▏       | 178/805 [02:16<07:55,  1.32it/s] 22%|██▏       | 179/805 [02:17<07:47,  1.34it/s] 22%|██▏       | 180/805 [02:17<07:19,  1.42it/s] 22%|██▏       | 181/805 [02:18<07:20,  1.42it/s] 23%|██▎       | 182/805 [02:19<08:06,  1.28it/s] 23%|██▎       | 183/805 [02:20<08:08,  1.27it/s] 23%|██▎       | 184/805 [02:21<08:00,  1.29it/s] 23%|██▎       | 185/805 [02:21<07:49,  1.32it/s] 23%|██▎       | 186/805 [02:22<07:42,  1.34it/s] 23%|██▎       | 187/805 [02:23<07:40,  1.34it/s] 23%|██▎       | 188/805 [02:24<08:07,  1.27it/s] 23%|██▎       | 189/805 [02:24<08:05,  1.27it/s] 24%|██▎       | 190/805 [02:25<07:59,  1.28it/s] 24%|██▎       | 191/805 [02:26<07:59,  1.28it/s] 24%|██▍       | 192/805 [02:27<07:54,  1.29it/s] 24%|██▍       | 193/805 [02:27<07:51,  1.30it/s] 24%|██▍       | 194/805 [02:28<07:44,  1.31it/s] 24%|██▍       | 195/805 [02:29<08:15,  1.23it/s] 24%|██▍       | 196/805 [02:30<08:08,  1.25it/s] 24%|██▍       | 197/805 [02:31<07:53,  1.28it/s] 25%|██▍       | 198/805 [02:31<07:55,  1.28it/s] 25%|██▍       | 199/805 [02:32<07:47,  1.30it/s] 25%|██▍       | 200/805 [02:33<07:47,  1.29it/s] 25%|██▍       | 201/805 [02:34<08:16,  1.22it/s] 25%|██▌       | 202/805 [02:35<08:06,  1.24it/s] 25%|██▌       | 203/805 [02:35<07:45,  1.29it/s] 25%|██▌       | 204/805 [02:36<07:37,  1.31it/s] 25%|██▌       | 205/805 [02:37<07:29,  1.33it/s] 26%|██▌       | 206/805 [02:38<07:20,  1.36it/s] 26%|██▌       | 207/805 [02:38<07:18,  1.36it/s] 26%|██▌       | 208/805 [02:39<08:17,  1.20it/s] 26%|██▌       | 209/805 [02:40<07:56,  1.25it/s] 26%|██▌       | 210/805 [02:41<07:42,  1.29it/s] 26%|██▌       | 211/805 [02:42<07:39,  1.29it/s] 26%|██▋       | 212/805 [02:42<07:28,  1.32it/s] 26%|██▋       | 213/805 [02:43<07:28,  1.32it/s] 27%|██▋       | 214/805 [02:44<07:54,  1.25it/s] 27%|██▋       | 215/805 [02:45<07:44,  1.27it/s] 27%|██▋       | 216/805 [02:45<07:34,  1.30it/s] 27%|██▋       | 217/805 [02:46<07:33,  1.30it/s] 27%|██▋       | 218/805 [02:47<07:35,  1.29it/s] 27%|██▋       | 219/805 [02:48<07:36,  1.28it/s] 27%|██▋       | 220/805 [02:49<07:36,  1.28it/s] 27%|██▋       | 221/805 [02:49<08:03,  1.21it/s] 28%|██▊       | 222/805 [02:50<07:51,  1.24it/s] 28%|██▊       | 223/805 [02:51<07:46,  1.25it/s] 28%|██▊       | 224/805 [02:52<07:44,  1.25it/s] 28%|██▊       | 225/805 [02:53<07:31,  1.28it/s] 28%|██▊       | 226/805 [02:53<07:24,  1.30it/s] 28%|██▊       | 227/805 [02:54<07:55,  1.22it/s] 28%|██▊       | 228/805 [02:55<07:43,  1.25it/s] 28%|██▊       | 229/805 [02:56<07:26,  1.29it/s] 29%|██▊       | 230/805 [02:56<07:27,  1.28it/s] 29%|██▊       | 231/805 [02:57<07:22,  1.30it/s] 29%|██▉       | 232/805 [02:58<06:51,  1.39it/s] 29%|██▉       | 233/805 [02:59<06:55,  1.38it/s] 29%|██▉       | 234/805 [03:00<07:32,  1.26it/s] 29%|██▉       | 235/805 [03:00<07:19,  1.30it/s] 29%|██▉       | 236/805 [03:01<07:18,  1.30it/s] 29%|██▉       | 237/805 [03:02<07:08,  1.33it/s] 30%|██▉       | 238/805 [03:02<07:04,  1.34it/s] 30%|██▉       | 239/805 [03:03<06:37,  1.42it/s] 30%|██▉       | 240/805 [03:04<07:21,  1.28it/s] 30%|██▉       | 241/805 [03:05<06:53,  1.36it/s] 30%|███       | 242/805 [03:05<06:56,  1.35it/s] 30%|███       | 243/805 [03:06<06:50,  1.37it/s] 30%|███       | 244/805 [03:07<07:20,  1.27it/s] 30%|███       | 245/805 [03:08<07:18,  1.28it/s] 31%|███       | 246/805 [03:09<07:41,  1.21it/s] 31%|███       | 247/805 [03:10<07:54,  1.18it/s] 31%|███       | 248/805 [03:10<07:36,  1.22it/s] 31%|███       | 249/805 [03:11<07:17,  1.27it/s] 31%|███       | 250/805 [03:12<07:08,  1.29it/s] 31%|███       | 251/805 [03:13<07:06,  1.30it/s] 31%|███▏      | 252/805 [03:13<07:08,  1.29it/s] 31%|███▏      | 253/805 [03:14<07:39,  1.20it/s] 32%|███▏      | 254/805 [03:15<07:23,  1.24it/s] 32%|███▏      | 255/805 [03:16<07:17,  1.26it/s] 32%|███▏      | 256/805 [03:17<07:15,  1.26it/s] 32%|███▏      | 257/805 [03:17<07:01,  1.30it/s] 32%|███▏      | 258/805 [03:18<06:55,  1.32it/s] 32%|███▏      | 259/805 [03:19<07:30,  1.21it/s] 32%|███▏      | 260/805 [03:20<07:21,  1.23it/s] 32%|███▏      | 261/805 [03:21<07:12,  1.26it/s] 33%|███▎      | 262/805 [03:21<07:09,  1.26it/s] 33%|███▎      | 263/805 [03:22<06:41,  1.35it/s] 33%|███▎      | 264/805 [03:23<06:36,  1.36it/s] 33%|███▎      | 265/805 [03:23<06:33,  1.37it/s] 33%|███▎      | 266/805 [03:24<07:02,  1.27it/s] 33%|███▎      | 267/805 [03:25<06:46,  1.32it/s] 33%|███▎      | 268/805 [03:26<06:52,  1.30it/s] 33%|███▎      | 269/805 [03:27<06:41,  1.34it/s] 34%|███▎      | 270/805 [03:27<06:16,  1.42it/s] 34%|███▎      | 271/805 [03:28<06:20,  1.40it/s] 34%|███▍      | 272/805 [03:29<06:27,  1.38it/s] 34%|███▍      | 273/805 [03:29<06:35,  1.34it/s] 34%|███▍      | 274/805 [03:30<06:32,  1.35it/s] 34%|███▍      | 275/805 [03:31<06:28,  1.37it/s] 34%|███▍      | 276/805 [03:32<06:55,  1.27it/s] 34%|███▍      | 277/805 [03:32<06:40,  1.32it/s] 35%|███▍      | 278/805 [03:33<06:39,  1.32it/s] 35%|███▍      | 279/805 [03:34<07:10,  1.22it/s] 35%|███▍      | 280/805 [03:35<07:02,  1.24it/s] 35%|███▍      | 281/805 [03:36<06:32,  1.34it/s] 35%|███▌      | 282/805 [03:36<06:39,  1.31it/s] 35%|███▌      | 283/805 [03:37<06:34,  1.32it/s] 35%|███▌      | 284/805 [03:38<06:28,  1.34it/s] 35%|███▌      | 285/805 [03:39<07:00,  1.24it/s] 36%|███▌      | 286/805 [03:40<06:52,  1.26it/s] 36%|███▌      | 287/805 [03:40<06:39,  1.30it/s] 36%|███▌      | 288/805 [03:41<06:32,  1.32it/s] 36%|███▌      | 289/805 [03:42<06:35,  1.31it/s] 36%|███▌      | 290/805 [03:42<06:22,  1.35it/s] 36%|███▌      | 291/805 [03:43<06:55,  1.24it/s] 36%|███▋      | 292/805 [03:44<07:09,  1.19it/s] 36%|███▋      | 293/805 [03:45<06:58,  1.22it/s] 37%|███▋      | 294/805 [03:46<06:24,  1.33it/s] 37%|███▋      | 295/805 [03:47<06:31,  1.30it/s] 37%|███▋      | 296/805 [03:47<06:31,  1.30it/s] 37%|███▋      | 297/805 [03:48<06:25,  1.32it/s] 37%|███▋      | 298/805 [03:49<06:54,  1.22it/s] 37%|███▋      | 299/805 [03:50<06:49,  1.24it/s] 37%|███▋      | 300/805 [03:50<06:35,  1.28it/s] 37%|███▋      | 301/805 [03:51<06:06,  1.37it/s] 38%|███▊      | 302/805 [03:52<06:04,  1.38it/s] 38%|███▊      | 303/805 [03:53<06:09,  1.36it/s] 38%|███▊      | 304/805 [03:53<06:16,  1.33it/s] 38%|███▊      | 305/805 [03:54<06:19,  1.32it/s] 38%|███▊      | 306/805 [03:55<06:39,  1.25it/s] 38%|███▊      | 307/805 [03:56<06:34,  1.26it/s] 38%|███▊      | 308/805 [03:57<06:31,  1.27it/s] 38%|███▊      | 309/805 [03:57<06:29,  1.27it/s] 39%|███▊      | 310/805 [03:58<06:26,  1.28it/s] 39%|███▊      | 311/805 [03:59<07:14,  1.14it/s] 39%|███▉      | 312/805 [04:00<06:33,  1.25it/s] 39%|███▉      | 313/805 [04:01<06:48,  1.20it/s] 39%|███▉      | 314/805 [04:01<06:32,  1.25it/s] 39%|███▉      | 315/805 [04:02<06:23,  1.28it/s] 39%|███▉      | 316/805 [04:03<05:54,  1.38it/s] 39%|███▉      | 317/805 [04:04<06:14,  1.30it/s] 40%|███▉      | 318/805 [04:04<06:18,  1.29it/s] 40%|███▉      | 319/805 [04:05<06:09,  1.32it/s] 40%|███▉      | 320/805 [04:06<06:01,  1.34it/s] 40%|███▉      | 321/805 [04:07<06:03,  1.33it/s] 40%|████      | 322/805 [04:07<06:04,  1.32it/s] 40%|████      | 323/805 [04:08<06:28,  1.24it/s] 40%|████      | 324/805 [04:09<06:03,  1.32it/s] 40%|████      | 325/805 [04:10<06:03,  1.32it/s] 40%|████      | 326/805 [04:10<05:54,  1.35it/s] 41%|████      | 327/805 [04:11<05:37,  1.42it/s] 41%|████      | 328/805 [04:12<05:45,  1.38it/s] 41%|████      | 329/805 [04:13<05:44,  1.38it/s] 41%|████      | 330/805 [04:14<06:12,  1.28it/s] 41%|████      | 331/805 [04:14<05:49,  1.36it/s] 41%|████      | 332/805 [04:15<05:42,  1.38it/s] 41%|████▏     | 333/805 [04:16<05:43,  1.37it/s] 41%|████▏     | 334/805 [04:16<05:51,  1.34it/s] 42%|████▏     | 335/805 [04:17<05:55,  1.32it/s] 42%|████▏     | 336/805 [04:18<06:16,  1.25it/s] 42%|████▏     | 337/805 [04:19<06:10,  1.26it/s] 42%|████▏     | 338/805 [04:20<06:09,  1.26it/s] 42%|████▏     | 339/805 [04:21<06:24,  1.21it/s] 42%|████▏     | 340/805 [04:21<06:08,  1.26it/s] 42%|████▏     | 341/805 [04:22<06:01,  1.28it/s] 42%|████▏     | 342/805 [04:23<06:22,  1.21it/s] 43%|████▎     | 343/805 [04:24<06:17,  1.22it/s] 43%|████▎     | 344/805 [04:24<06:05,  1.26it/s] 43%|████▎     | 345/805 [04:25<05:54,  1.30it/s] 43%|████▎     | 346/805 [04:26<05:31,  1.38it/s] 43%|████▎     | 347/805 [04:27<05:35,  1.36it/s] 43%|████▎     | 348/805 [04:27<05:40,  1.34it/s] 43%|████▎     | 349/805 [04:28<05:57,  1.27it/s] 43%|████▎     | 350/805 [04:29<05:32,  1.37it/s] 44%|████▎     | 351/805 [04:30<05:29,  1.38it/s] 44%|████▎     | 352/805 [04:30<05:25,  1.39it/s] 44%|████▍     | 353/805 [04:31<05:23,  1.40it/s] 44%|████▍     | 354/805 [04:32<05:26,  1.38it/s] 44%|████▍     | 355/805 [04:33<05:49,  1.29it/s] 44%|████▍     | 356/805 [04:33<05:45,  1.30it/s] 44%|████▍     | 357/805 [04:34<05:42,  1.31it/s] 44%|████▍     | 358/805 [04:35<05:20,  1.40it/s] 45%|████▍     | 359/805 [04:35<05:26,  1.37it/s] 45%|████▍     | 360/805 [04:36<05:31,  1.34it/s] 45%|████▍     | 361/805 [04:37<05:11,  1.43it/s] 45%|████▍     | 362/805 [04:38<05:43,  1.29it/s] 45%|████▌     | 363/805 [04:38<05:21,  1.38it/s] 45%|████▌     | 364/805 [04:39<05:23,  1.36it/s] 45%|████▌     | 365/805 [04:40<05:23,  1.36it/s] 45%|████▌     | 366/805 [04:41<05:21,  1.37it/s] 46%|████▌     | 367/805 [04:41<05:02,  1.45it/s] 46%|████▌     | 368/805 [04:42<05:36,  1.30it/s] 46%|████▌     | 369/805 [04:43<05:36,  1.30it/s] 46%|████▌     | 370/805 [04:44<05:30,  1.32it/s] 46%|████▌     | 371/805 [04:44<05:26,  1.33it/s] 46%|████▌     | 372/805 [04:45<05:18,  1.36it/s] 46%|████▋     | 373/805 [04:46<05:14,  1.37it/s] 46%|████▋     | 374/805 [04:47<05:37,  1.28it/s] 47%|████▋     | 375/805 [04:47<05:36,  1.28it/s] 47%|████▋     | 376/805 [04:48<05:28,  1.31it/s] 47%|████▋     | 377/805 [04:49<05:20,  1.34it/s] 47%|████▋     | 378/805 [04:50<05:22,  1.32it/s] 47%|████▋     | 379/805 [04:50<05:17,  1.34it/s] 47%|████▋     | 380/805 [04:51<05:14,  1.35it/s] 47%|████▋     | 381/805 [04:52<05:35,  1.26it/s] 47%|████▋     | 382/805 [04:53<05:23,  1.31it/s] 48%|████▊     | 383/805 [04:53<05:17,  1.33it/s] 48%|████▊     | 384/805 [04:54<05:16,  1.33it/s] 48%|████▊     | 385/805 [04:55<05:09,  1.36it/s] 48%|████▊     | 386/805 [04:56<05:06,  1.37it/s] 48%|████▊     | 387/805 [04:57<05:26,  1.28it/s] 48%|████▊     | 388/805 [04:57<05:18,  1.31it/s] 48%|████▊     | 389/805 [04:58<05:16,  1.31it/s] 48%|████▊     | 390/805 [04:59<05:16,  1.31it/s] 49%|████▊     | 391/805 [04:59<04:59,  1.38it/s] 49%|████▊     | 392/805 [05:00<05:00,  1.38it/s] 49%|████▉     | 393/805 [05:01<05:03,  1.36it/s] 49%|████▉     | 394/805 [05:02<05:25,  1.26it/s] 49%|████▉     | 395/805 [05:03<05:18,  1.29it/s] 49%|████▉     | 396/805 [05:03<05:10,  1.32it/s] 49%|████▉     | 397/805 [05:04<05:14,  1.30it/s] 49%|████▉     | 398/805 [05:05<05:10,  1.31it/s] 50%|████▉     | 399/805 [05:06<05:14,  1.29it/s] 50%|████▉     | 400/805 [05:07<05:33,  1.22it/s] 50%|████▉     | 401/805 [05:07<05:18,  1.27it/s] 50%|████▉     | 402/805 [05:08<05:17,  1.27it/s] 50%|█████     | 403/805 [05:09<05:13,  1.28it/s] 50%|█████     | 404/805 [05:10<05:14,  1.27it/s] 50%|█████     | 405/805 [05:10<05:06,  1.31it/s] 50%|█████     | 406/805 [05:11<05:27,  1.22it/s] 51%|█████     | 407/805 [05:12<05:20,  1.24it/s] 51%|█████     | 408/805 [05:13<04:55,  1.35it/s] 51%|█████     | 409/805 [05:13<04:59,  1.32it/s] 51%|█████     | 410/805 [05:14<04:39,  1.41it/s] 51%|█████     | 411/805 [05:15<04:44,  1.39it/s] 51%|█████     | 412/805 [05:16<05:11,  1.26it/s] 51%|█████▏    | 413/805 [05:17<05:06,  1.28it/s] 51%|█████▏    | 414/805 [05:17<04:47,  1.36it/s] 52%|█████▏    | 415/805 [05:18<04:50,  1.34it/s] 52%|█████▏    | 416/805 [05:19<05:08,  1.26it/s] 52%|█████▏    | 417/805 [05:20<05:06,  1.27it/s] 52%|█████▏    | 418/805 [05:20<04:44,  1.36it/s] 52%|█████▏    | 419/805 [05:21<05:08,  1.25it/s] 52%|█████▏    | 420/805 [05:22<05:00,  1.28it/s] 52%|█████▏    | 421/805 [05:23<04:52,  1.31it/s] 52%|█████▏    | 422/805 [05:23<04:53,  1.31it/s] 53%|█████▎    | 423/805 [05:24<04:53,  1.30it/s] 53%|█████▎    | 424/805 [05:25<04:47,  1.33it/s] 53%|█████▎    | 425/805 [05:26<05:12,  1.21it/s] 53%|█████▎    | 426/805 [05:27<05:05,  1.24it/s] 53%|█████▎    | 427/805 [05:27<04:59,  1.26it/s] 53%|█████▎    | 428/805 [05:28<04:54,  1.28it/s] 53%|█████▎    | 429/805 [05:29<04:32,  1.38it/s] 53%|█████▎    | 430/805 [05:29<04:36,  1.36it/s] 54%|█████▎    | 431/805 [05:30<04:53,  1.27it/s] 54%|█████▎    | 432/805 [05:31<05:09,  1.21it/s] 54%|█████▍    | 433/805 [05:32<04:59,  1.24it/s] 54%|█████▍    | 434/805 [05:33<04:48,  1.29it/s] 54%|█████▍    | 435/805 [05:34<04:40,  1.32it/s] 54%|█████▍    | 436/805 [05:34<04:41,  1.31it/s] 54%|█████▍    | 437/805 [05:35<04:36,  1.33it/s] 54%|█████▍    | 438/805 [05:36<04:50,  1.26it/s] 55%|█████▍    | 439/805 [05:37<04:45,  1.28it/s] 55%|█████▍    | 440/805 [05:37<04:41,  1.30it/s] 55%|█████▍    | 441/805 [05:38<04:39,  1.30it/s] 55%|█████▍    | 442/805 [05:39<04:32,  1.33it/s] 55%|█████▌    | 443/805 [05:40<04:32,  1.33it/s] 55%|█████▌    | 444/805 [05:41<04:52,  1.23it/s] 55%|█████▌    | 445/805 [05:41<04:45,  1.26it/s] 55%|█████▌    | 446/805 [05:42<04:42,  1.27it/s] 56%|█████▌    | 447/805 [05:43<04:35,  1.30it/s] 56%|█████▌    | 448/805 [05:44<04:30,  1.32it/s] 56%|█████▌    | 449/805 [05:44<04:31,  1.31it/s] 56%|█████▌    | 450/805 [05:45<04:42,  1.26it/s] 56%|█████▌    | 451/805 [05:46<04:35,  1.29it/s] 56%|█████▌    | 452/805 [05:47<04:33,  1.29it/s] 56%|█████▋    | 453/805 [05:47<04:28,  1.31it/s] 56%|█████▋    | 454/805 [05:48<04:26,  1.32it/s] 57%|█████▋    | 455/805 [05:49<04:21,  1.34it/s] 57%|█████▋    | 456/805 [05:50<04:25,  1.31it/s] 57%|█████▋    | 457/805 [05:51<04:42,  1.23it/s] 57%|█████▋    | 458/805 [05:51<04:33,  1.27it/s] 57%|█████▋    | 459/805 [05:52<04:30,  1.28it/s] 57%|█████▋    | 460/805 [05:53<04:20,  1.33it/s] 57%|█████▋    | 461/805 [05:54<04:35,  1.25it/s] 57%|█████▋    | 462/805 [05:54<04:26,  1.28it/s] 58%|█████▊    | 463/805 [05:55<04:39,  1.22it/s] 58%|█████▊    | 464/805 [05:56<04:30,  1.26it/s] 58%|█████▊    | 465/805 [05:57<04:20,  1.31it/s] 58%|█████▊    | 466/805 [05:58<04:20,  1.30it/s] 58%|█████▊    | 467/805 [05:58<04:05,  1.38it/s] 58%|█████▊    | 468/805 [05:59<04:09,  1.35it/s] 58%|█████▊    | 469/805 [06:00<04:03,  1.38it/s] 58%|█████▊    | 470/805 [06:01<04:20,  1.28it/s] 59%|█████▊    | 471/805 [06:01<04:16,  1.30it/s] 59%|█████▊    | 472/805 [06:02<04:00,  1.39it/s] 59%|█████▉    | 473/805 [06:03<03:47,  1.46it/s] 59%|█████▉    | 474/805 [06:03<03:47,  1.45it/s] 59%|█████▉    | 475/805 [06:04<03:49,  1.44it/s] 59%|█████▉    | 476/805 [06:05<04:06,  1.34it/s] 59%|█████▉    | 477/805 [06:06<04:05,  1.33it/s] 59%|█████▉    | 478/805 [06:06<04:05,  1.33it/s] 60%|█████▉    | 479/805 [06:07<03:51,  1.41it/s] 60%|█████▉    | 480/805 [06:08<03:52,  1.40it/s] 60%|█████▉    | 481/805 [06:08<03:54,  1.38it/s] 60%|█████▉    | 482/805 [06:09<04:14,  1.27it/s] 60%|██████    | 483/805 [06:10<04:14,  1.26it/s] 60%|██████    | 484/805 [06:11<04:07,  1.30it/s] 60%|██████    | 485/805 [06:11<03:49,  1.39it/s] 60%|██████    | 486/805 [06:12<03:38,  1.46it/s] 60%|██████    | 487/805 [06:13<03:40,  1.44it/s] 61%|██████    | 488/805 [06:14<04:03,  1.30it/s] 61%|██████    | 489/805 [06:14<03:51,  1.37it/s] 61%|██████    | 490/805 [06:15<03:51,  1.36it/s] 61%|██████    | 491/805 [06:16<03:54,  1.34it/s] 61%|██████    | 492/805 [06:17<03:51,  1.35it/s] 61%|██████    | 493/805 [06:17<03:53,  1.33it/s] 61%|██████▏   | 494/805 [06:18<04:10,  1.24it/s] 61%|██████▏   | 495/805 [06:19<04:03,  1.27it/s] 62%|██████▏   | 496/805 [06:20<03:57,  1.30it/s] 62%|██████▏   | 497/805 [06:21<03:58,  1.29it/s] 62%|██████▏   | 498/805 [06:21<03:58,  1.28it/s] 62%|██████▏   | 499/805 [06:22<03:53,  1.31it/s] 62%|██████▏   | 500/805 [06:23<03:50,  1.32it/s] 62%|██████▏   | 501/805 [06:24<04:08,  1.23it/s] 62%|██████▏   | 502/805 [06:25<04:15,  1.19it/s] 62%|██████▏   | 503/805 [06:25<04:09,  1.21it/s] 63%|██████▎   | 504/805 [06:26<04:03,  1.23it/s] 63%|██████▎   | 505/805 [06:27<03:55,  1.28it/s] 63%|██████▎   | 506/805 [06:28<03:54,  1.28it/s] 63%|██████▎   | 507/805 [06:29<04:04,  1.22it/s] 63%|██████▎   | 508/805 [06:29<03:54,  1.27it/s] 63%|██████▎   | 509/805 [06:30<03:53,  1.27it/s] 63%|██████▎   | 510/805 [06:31<03:45,  1.31it/s] 63%|██████▎   | 511/805 [06:32<03:44,  1.31it/s] 64%|██████▎   | 512/805 [06:32<03:43,  1.31it/s] 64%|██████▎   | 513/805 [06:33<03:44,  1.30it/s] 64%|██████▍   | 514/805 [06:34<03:55,  1.23it/s] 64%|██████▍   | 515/805 [06:35<03:50,  1.26it/s] 64%|██████▍   | 516/805 [06:36<03:46,  1.28it/s] 64%|██████▍   | 517/805 [06:36<03:42,  1.30it/s] 64%|██████▍   | 518/805 [06:37<03:39,  1.31it/s] 64%|██████▍   | 519/805 [06:38<03:35,  1.33it/s] 65%|██████▍   | 520/805 [06:39<03:52,  1.23it/s] 65%|██████▍   | 521/805 [06:40<03:58,  1.19it/s] 65%|██████▍   | 522/805 [06:41<04:03,  1.16it/s] 65%|██████▍   | 523/805 [06:41<03:55,  1.20it/s] 65%|██████▌   | 524/805 [06:42<03:49,  1.23it/s] 65%|██████▌   | 525/805 [06:43<03:44,  1.25it/s] 65%|██████▌   | 526/805 [06:44<03:39,  1.27it/s] 65%|██████▌   | 527/805 [06:45<03:48,  1.22it/s] 66%|██████▌   | 528/805 [06:45<03:40,  1.26it/s] 66%|██████▌   | 529/805 [06:46<03:22,  1.36it/s] 66%|██████▌   | 530/805 [06:46<03:12,  1.43it/s] 66%|██████▌   | 531/805 [06:47<03:15,  1.40it/s] 66%|██████▌   | 532/805 [06:48<03:18,  1.38it/s] 66%|██████▌   | 533/805 [06:49<03:22,  1.34it/s] 66%|██████▋   | 534/805 [06:49<03:11,  1.42it/s] 66%|██████▋   | 535/805 [06:50<03:17,  1.37it/s] 67%|██████▋   | 536/805 [06:51<03:16,  1.37it/s] 67%|██████▋   | 537/805 [06:52<03:18,  1.35it/s] 67%|██████▋   | 538/805 [06:52<03:22,  1.32it/s] 67%|██████▋   | 539/805 [06:53<03:36,  1.23it/s] 67%|██████▋   | 540/805 [06:54<03:30,  1.26it/s] 67%|██████▋   | 541/805 [06:55<03:25,  1.28it/s] 67%|██████▋   | 542/805 [06:56<03:20,  1.31it/s] 67%|██████▋   | 543/805 [06:56<03:07,  1.40it/s] 68%|██████▊   | 544/805 [06:57<02:56,  1.48it/s] 68%|██████▊   | 545/805 [06:58<03:01,  1.43it/s] 68%|██████▊   | 546/805 [06:58<03:16,  1.32it/s] 68%|██████▊   | 547/805 [06:59<03:13,  1.33it/s] 68%|██████▊   | 548/805 [07:00<03:10,  1.35it/s] 68%|██████▊   | 549/805 [07:01<03:13,  1.32it/s] 68%|██████▊   | 550/805 [07:01<03:14,  1.31it/s] 68%|██████▊   | 551/805 [07:02<03:08,  1.35it/s] 69%|██████▊   | 552/805 [07:03<03:22,  1.25it/s] 69%|██████▊   | 553/805 [07:04<03:16,  1.28it/s] 69%|██████▉   | 554/805 [07:05<03:15,  1.28it/s] 69%|██████▉   | 555/805 [07:05<03:08,  1.33it/s] 69%|██████▉   | 556/805 [07:06<03:05,  1.34it/s] 69%|██████▉   | 557/805 [07:07<03:06,  1.33it/s] 69%|██████▉   | 558/805 [07:08<03:08,  1.31it/s] 69%|██████▉   | 559/805 [07:09<03:18,  1.24it/s] 70%|██████▉   | 560/805 [07:09<03:15,  1.26it/s] 70%|██████▉   | 561/805 [07:10<03:11,  1.27it/s] 70%|██████▉   | 562/805 [07:11<03:05,  1.31it/s] 70%|██████▉   | 563/805 [07:12<03:15,  1.24it/s] 70%|███████   | 564/805 [07:12<03:09,  1.27it/s] 70%|███████   | 565/805 [07:13<03:20,  1.20it/s] 70%|███████   | 566/805 [07:14<03:14,  1.23it/s] 70%|███████   | 567/805 [07:15<03:09,  1.25it/s] 71%|███████   | 568/805 [07:16<03:07,  1.26it/s] 71%|███████   | 569/805 [07:16<03:01,  1.30it/s] 71%|███████   | 570/805 [07:17<02:50,  1.38it/s] 71%|███████   | 571/805 [07:18<02:49,  1.38it/s] 71%|███████   | 572/805 [07:19<03:03,  1.27it/s] 71%|███████   | 573/805 [07:19<02:50,  1.36it/s] 71%|███████▏  | 574/805 [07:20<02:54,  1.33it/s] 71%|███████▏  | 575/805 [07:21<02:51,  1.34it/s] 72%|███████▏  | 576/805 [07:22<02:48,  1.36it/s] 72%|███████▏  | 577/805 [07:22<02:44,  1.38it/s] 72%|███████▏  | 578/805 [07:23<02:58,  1.27it/s] 72%|███████▏  | 579/805 [07:24<02:52,  1.31it/s] 72%|███████▏  | 580/805 [07:25<02:52,  1.30it/s] 72%|███████▏  | 581/805 [07:25<02:50,  1.31it/s] 72%|███████▏  | 582/805 [07:26<02:38,  1.41it/s] 72%|███████▏  | 583/805 [07:27<02:41,  1.37it/s] 73%|███████▎  | 584/805 [07:28<02:54,  1.27it/s] 73%|███████▎  | 585/805 [07:28<02:52,  1.28it/s] 73%|███████▎  | 586/805 [07:29<02:50,  1.28it/s] 73%|███████▎  | 587/805 [07:30<02:49,  1.29it/s] 73%|███████▎  | 588/805 [07:31<02:47,  1.30it/s] 73%|███████▎  | 589/805 [07:31<02:35,  1.39it/s] 73%|███████▎  | 590/805 [07:32<02:33,  1.40it/s] 73%|███████▎  | 591/805 [07:33<02:35,  1.38it/s] 74%|███████▎  | 592/805 [07:33<02:26,  1.46it/s] 74%|███████▎  | 593/805 [07:34<02:29,  1.42it/s] 74%|███████▍  | 594/805 [07:35<02:32,  1.38it/s] 74%|███████▍  | 595/805 [07:36<02:34,  1.36it/s] 74%|███████▍  | 596/805 [07:36<02:35,  1.34it/s] 74%|███████▍  | 597/805 [07:37<02:42,  1.28it/s] 74%|███████▍  | 598/805 [07:38<02:39,  1.30it/s] 74%|███████▍  | 599/805 [07:39<02:38,  1.30it/s] 75%|███████▍  | 600/805 [07:40<02:37,  1.30it/s] 75%|███████▍  | 601/805 [07:40<02:37,  1.29it/s] 75%|███████▍  | 602/805 [07:41<02:37,  1.29it/s] 75%|███████▍  | 603/805 [07:42<02:45,  1.22it/s] 75%|███████▌  | 604/805 [07:43<02:33,  1.31it/s] 75%|███████▌  | 605/805 [07:43<02:32,  1.31it/s] 75%|███████▌  | 606/805 [07:44<02:31,  1.32it/s] 75%|███████▌  | 607/805 [07:45<02:39,  1.25it/s] 76%|███████▌  | 608/805 [07:46<02:33,  1.29it/s] 76%|███████▌  | 609/805 [07:47<02:43,  1.20it/s] 76%|███████▌  | 610/805 [07:47<02:35,  1.26it/s] 76%|███████▌  | 611/805 [07:48<02:29,  1.30it/s] 76%|███████▌  | 612/805 [07:49<02:28,  1.30it/s] 76%|███████▌  | 613/805 [07:50<02:18,  1.39it/s] 76%|███████▋  | 614/805 [07:50<02:10,  1.46it/s] 76%|███████▋  | 615/805 [07:51<02:12,  1.44it/s] 77%|███████▋  | 616/805 [07:52<02:24,  1.30it/s] 77%|███████▋  | 617/805 [07:53<02:22,  1.32it/s] 77%|███████▋  | 618/805 [07:53<02:21,  1.32it/s] 77%|███████▋  | 619/805 [07:54<02:21,  1.32it/s] 77%|███████▋  | 620/805 [07:55<02:19,  1.32it/s] 77%|███████▋  | 621/805 [07:55<02:11,  1.40it/s] 77%|███████▋  | 622/805 [07:56<02:15,  1.35it/s] 77%|███████▋  | 623/805 [07:57<02:23,  1.26it/s] 78%|███████▊  | 624/805 [07:58<02:20,  1.29it/s] 78%|███████▊  | 625/805 [07:59<02:17,  1.31it/s] 78%|███████▊  | 626/805 [07:59<02:13,  1.34it/s] 78%|███████▊  | 627/805 [08:00<02:13,  1.33it/s] 78%|███████▊  | 628/805 [08:01<02:12,  1.33it/s] 78%|███████▊  | 629/805 [08:02<02:22,  1.24it/s] 78%|███████▊  | 630/805 [08:03<02:17,  1.27it/s] 78%|███████▊  | 631/805 [08:03<02:16,  1.27it/s] 79%|███████▊  | 632/805 [08:04<02:21,  1.22it/s] 79%|███████▊  | 633/805 [08:05<02:11,  1.31it/s] 79%|███████▉  | 634/805 [08:06<02:10,  1.31it/s] 79%|███████▉  | 635/805 [08:07<02:20,  1.21it/s] 79%|███████▉  | 636/805 [08:07<02:15,  1.25it/s] 79%|███████▉  | 637/805 [08:08<02:11,  1.28it/s] 79%|███████▉  | 638/805 [08:09<02:09,  1.29it/s] 79%|███████▉  | 639/805 [08:10<02:09,  1.28it/s] 80%|███████▉  | 640/805 [08:10<02:05,  1.32it/s] 80%|███████▉  | 641/805 [08:11<02:03,  1.33it/s] 80%|███████▉  | 642/805 [08:12<02:11,  1.24it/s] 80%|███████▉  | 643/805 [08:13<02:00,  1.35it/s] 80%|████████  | 644/805 [08:13<01:58,  1.36it/s] 80%|████████  | 645/805 [08:14<02:00,  1.33it/s] 80%|████████  | 646/805 [08:15<01:58,  1.34it/s] 80%|████████  | 647/805 [08:16<01:59,  1.32it/s] 80%|████████  | 648/805 [08:17<02:06,  1.24it/s] 81%|████████  | 649/805 [08:17<02:02,  1.27it/s] 81%|████████  | 650/805 [08:18<01:59,  1.30it/s] 81%|████████  | 651/805 [08:19<01:55,  1.33it/s] 81%|████████  | 652/805 [08:19<01:55,  1.32it/s] 81%|████████  | 653/805 [08:20<01:56,  1.31it/s] 81%|████████  | 654/805 [08:21<01:53,  1.33it/s] 81%|████████▏ | 655/805 [08:22<01:59,  1.26it/s] 81%|████████▏ | 656/805 [08:23<01:58,  1.26it/s] 82%|████████▏ | 657/805 [08:23<01:57,  1.26it/s] 82%|████████▏ | 658/805 [08:24<01:54,  1.29it/s] 82%|████████▏ | 659/805 [08:25<01:45,  1.38it/s] 82%|████████▏ | 660/805 [08:26<01:46,  1.36it/s] 82%|████████▏ | 661/805 [08:26<01:47,  1.34it/s] 82%|████████▏ | 662/805 [08:27<01:48,  1.32it/s] 82%|████████▏ | 663/805 [08:28<01:47,  1.32it/s] 82%|████████▏ | 664/805 [08:29<01:48,  1.30it/s] 83%|████████▎ | 665/805 [08:29<01:46,  1.32it/s] 83%|████████▎ | 666/805 [08:30<01:46,  1.30it/s] 83%|████████▎ | 667/805 [08:31<01:52,  1.23it/s] 83%|████████▎ | 668/805 [08:32<01:55,  1.19it/s] 83%|████████▎ | 669/805 [08:33<01:51,  1.22it/s] 83%|████████▎ | 670/805 [08:34<01:47,  1.25it/s] 83%|████████▎ | 671/805 [08:34<01:38,  1.35it/s] 83%|████████▎ | 672/805 [08:35<01:39,  1.33it/s] 84%|████████▎ | 673/805 [08:36<01:37,  1.35it/s] 84%|████████▎ | 674/805 [08:37<01:46,  1.23it/s] 84%|████████▍ | 675/805 [08:37<01:43,  1.25it/s] 84%|████████▍ | 676/805 [08:38<01:39,  1.30it/s] 84%|████████▍ | 677/805 [08:39<01:37,  1.31it/s] 84%|████████▍ | 678/805 [08:40<01:36,  1.31it/s] 84%|████████▍ | 679/805 [08:40<01:34,  1.33it/s] 84%|████████▍ | 680/805 [08:41<01:41,  1.23it/s] 85%|████████▍ | 681/805 [08:42<01:37,  1.27it/s] 85%|████████▍ | 682/805 [08:43<01:29,  1.37it/s] 85%|████████▍ | 683/805 [08:43<01:24,  1.45it/s] 85%|████████▍ | 684/805 [08:44<01:25,  1.42it/s] 85%|████████▌ | 685/805 [08:45<01:20,  1.49it/s] 85%|████████▌ | 686/805 [08:46<01:31,  1.30it/s] 85%|████████▌ | 687/805 [08:46<01:30,  1.31it/s] 85%|████████▌ | 688/805 [08:47<01:28,  1.33it/s] 86%|████████▌ | 689/805 [08:48<01:27,  1.32it/s] 86%|████████▌ | 690/805 [08:49<01:27,  1.32it/s] 86%|████████▌ | 691/805 [08:49<01:26,  1.31it/s] 86%|████████▌ | 692/805 [08:50<01:31,  1.23it/s] 86%|████████▌ | 693/805 [08:51<01:28,  1.26it/s] 86%|████████▌ | 694/805 [08:52<01:21,  1.36it/s] 86%|████████▋ | 695/805 [08:52<01:20,  1.36it/s] 86%|████████▋ | 696/805 [08:53<01:20,  1.36it/s] 87%|████████▋ | 697/805 [08:54<01:25,  1.26it/s] 87%|████████▋ | 698/805 [08:55<01:28,  1.21it/s] 87%|████████▋ | 699/805 [08:56<01:25,  1.24it/s] 87%|████████▋ | 700/805 [08:56<01:21,  1.28it/s] 87%|████████▋ | 701/805 [08:57<01:21,  1.28it/s] 87%|████████▋ | 702/805 [08:58<01:18,  1.32it/s] 87%|████████▋ | 703/805 [08:59<01:15,  1.35it/s] 87%|████████▋ | 704/805 [08:59<01:13,  1.37it/s] 88%|████████▊ | 705/805 [09:00<01:19,  1.26it/s] 88%|████████▊ | 706/805 [09:01<01:16,  1.30it/s] 88%|████████▊ | 707/805 [09:02<01:15,  1.29it/s] 88%|████████▊ | 708/805 [09:02<01:13,  1.32it/s] 88%|████████▊ | 709/805 [09:03<01:08,  1.41it/s] 88%|████████▊ | 710/805 [09:04<01:04,  1.47it/s] 88%|████████▊ | 711/805 [09:05<01:10,  1.33it/s] 88%|████████▊ | 712/805 [09:05<01:09,  1.34it/s] 89%|████████▊ | 713/805 [09:06<01:04,  1.43it/s] 89%|████████▊ | 714/805 [09:06<01:01,  1.47it/s] 89%|████████▉ | 715/805 [09:07<01:03,  1.43it/s] 89%|████████▉ | 716/805 [09:08<01:00,  1.47it/s] 89%|████████▉ | 717/805 [09:09<01:02,  1.41it/s] 89%|████████▉ | 718/805 [09:10<01:06,  1.30it/s] 89%|████████▉ | 719/805 [09:10<01:09,  1.23it/s] 89%|████████▉ | 720/805 [09:11<01:03,  1.33it/s] 90%|████████▉ | 721/805 [09:12<01:03,  1.33it/s] 90%|████████▉ | 722/805 [09:13<01:03,  1.31it/s] 90%|████████▉ | 723/805 [09:13<01:02,  1.31it/s] 90%|████████▉ | 724/805 [09:14<01:04,  1.26it/s] 90%|█████████ | 725/805 [09:15<00:58,  1.36it/s] 90%|█████████ | 726/805 [09:16<00:58,  1.36it/s] 90%|█████████ | 727/805 [09:16<00:58,  1.34it/s] 90%|█████████ | 728/805 [09:17<00:57,  1.33it/s] 91%|█████████ | 729/805 [09:18<00:58,  1.31it/s] 91%|█████████ | 730/805 [09:19<00:59,  1.25it/s] 91%|█████████ | 731/805 [09:20<00:58,  1.27it/s] 91%|█████████ | 732/805 [09:20<00:56,  1.30it/s] 91%|█████████ | 733/805 [09:21<00:54,  1.32it/s] 91%|█████████ | 734/805 [09:22<00:53,  1.32it/s] 91%|█████████▏| 735/805 [09:22<00:52,  1.34it/s] 91%|█████████▏| 736/805 [09:23<00:54,  1.26it/s] 92%|█████████▏| 737/805 [09:24<00:53,  1.28it/s] 92%|█████████▏| 738/805 [09:25<00:51,  1.30it/s] 92%|█████████▏| 739/805 [09:26<00:50,  1.30it/s] 92%|█████████▏| 740/805 [09:26<00:48,  1.33it/s] 92%|█████████▏| 741/805 [09:27<00:47,  1.36it/s] 92%|█████████▏| 742/805 [09:28<00:47,  1.33it/s] 92%|█████████▏| 743/805 [09:29<00:50,  1.24it/s] 92%|█████████▏| 744/805 [09:30<00:47,  1.27it/s] 93%|█████████▎| 745/805 [09:30<00:47,  1.27it/s] 93%|█████████▎| 746/805 [09:31<00:45,  1.31it/s] 93%|█████████▎| 747/805 [09:32<00:41,  1.39it/s] 93%|█████████▎| 748/805 [09:32<00:41,  1.38it/s] 93%|█████████▎| 749/805 [09:33<00:43,  1.29it/s] 93%|█████████▎| 750/805 [09:34<00:42,  1.29it/s] 93%|█████████▎| 751/805 [09:35<00:42,  1.28it/s] 93%|█████████▎| 752/805 [09:36<00:40,  1.31it/s] 94%|█████████▎| 753/805 [09:36<00:39,  1.31it/s] 94%|█████████▎| 754/805 [09:37<00:38,  1.31it/s] 94%|█████████▍| 755/805 [09:38<00:40,  1.23it/s] 94%|█████████▍| 756/805 [09:39<00:38,  1.27it/s] 94%|█████████▍| 757/805 [09:39<00:36,  1.32it/s] 94%|█████████▍| 758/805 [09:40<00:34,  1.35it/s] 94%|█████████▍| 759/805 [09:41<00:34,  1.32it/s] 94%|█████████▍| 760/805 [09:42<00:32,  1.40it/s] 95%|█████████▍| 761/805 [09:42<00:33,  1.29it/s] 95%|█████████▍| 762/805 [09:43<00:32,  1.30it/s] 95%|█████████▍| 763/805 [09:44<00:31,  1.34it/s] 95%|█████████▍| 764/805 [09:45<00:30,  1.34it/s] 95%|█████████▌| 765/805 [09:45<00:30,  1.31it/s] 95%|█████████▌| 766/805 [09:46<00:29,  1.32it/s] 95%|█████████▌| 767/805 [09:47<00:28,  1.34it/s] 95%|█████████▌| 768/805 [09:48<00:28,  1.28it/s] 96%|█████████▌| 769/805 [09:49<00:27,  1.29it/s] 96%|█████████▌| 770/805 [09:49<00:28,  1.24it/s] 96%|█████████▌| 771/805 [09:50<00:25,  1.33it/s] 96%|█████████▌| 772/805 [09:51<00:24,  1.35it/s] 96%|█████████▌| 773/805 [09:51<00:22,  1.41it/s] 96%|█████████▌| 774/805 [09:52<00:24,  1.29it/s] 96%|█████████▋| 775/805 [09:53<00:22,  1.31it/s] 96%|█████████▋| 776/805 [09:54<00:20,  1.40it/s] 97%|█████████▋| 777/805 [09:54<00:20,  1.38it/s] 97%|█████████▋| 778/805 [09:55<00:19,  1.38it/s] 97%|█████████▋| 779/805 [09:56<00:19,  1.37it/s] 97%|█████████▋| 780/805 [09:57<00:20,  1.25it/s] 97%|█████████▋| 781/805 [09:58<00:18,  1.26it/s] 97%|█████████▋| 782/805 [09:58<00:17,  1.28it/s] 97%|█████████▋| 783/805 [09:59<00:16,  1.31it/s] 97%|█████████▋| 784/805 [10:00<00:16,  1.30it/s] 98%|█████████▊| 785/805 [10:01<00:15,  1.31it/s] 98%|█████████▊| 786/805 [10:02<00:15,  1.23it/s] 98%|█████████▊| 787/805 [10:02<00:14,  1.25it/s] 98%|█████████▊| 788/805 [10:03<00:13,  1.27it/s] 98%|█████████▊| 789/805 [10:04<00:11,  1.35it/s] 98%|█████████▊| 790/805 [10:04<00:10,  1.37it/s] 98%|█████████▊| 791/805 [10:05<00:10,  1.35it/s] 98%|█████████▊| 792/805 [10:06<00:09,  1.37it/s] 99%|█████████▊| 793/805 [10:07<00:09,  1.28it/s] 99%|█████████▊| 794/805 [10:08<00:08,  1.31it/s] 99%|█████████▉| 795/805 [10:08<00:07,  1.32it/s] 99%|█████████▉| 796/805 [10:09<00:07,  1.24it/s] 99%|█████████▉| 797/805 [10:10<00:06,  1.27it/s] 99%|█████████▉| 798/805 [10:11<00:05,  1.35it/s] 99%|█████████▉| 799/805 [10:11<00:04,  1.25it/s] 99%|█████████▉| 800/805 [10:12<00:03,  1.25it/s]100%|█████████▉| 801/805 [10:13<00:02,  1.34it/s]100%|█████████▉| 802/805 [10:14<00:02,  1.36it/s]100%|█████████▉| 803/805 [10:14<00:01,  1.35it/s]100%|█████████▉| 804/805 [10:15<00:00,  1.34it/s]100%|██████████| 805/805 [10:16<00:00,  1.33it/s]100%|██████████| 805/805 [10:16<00:00,  1.31it/s]
##############################Training epoch: 8/10##############################
  0%|          | 0/805 [00:00<?, ?it/s]  0%|          | 1/805 [00:04<1:06:35,  4.97s/it]  0%|          | 2/805 [00:05<33:07,  2.48s/it]    0%|          | 3/805 [00:06<22:18,  1.67s/it]  0%|          | 4/805 [00:07<17:15,  1.29s/it]  1%|          | 5/805 [00:08<15:21,  1.15s/it]  1%|          | 6/805 [00:08<13:24,  1.01s/it]  1%|          | 7/805 [00:09<12:55,  1.03it/s]  1%|          | 8/805 [00:10<12:08,  1.09it/s]  1%|          | 9/805 [00:11<11:34,  1.15it/s]  1%|          | 10/805 [00:11<10:59,  1.21it/s]  1%|▏         | 11/805 [00:12<11:13,  1.18it/s]  1%|▏         | 12/805 [00:13<10:51,  1.22it/s]  2%|▏         | 13/805 [00:14<11:25,  1.16it/s]  2%|▏         | 14/805 [00:15<10:52,  1.21it/s]  2%|▏         | 15/805 [00:16<10:25,  1.26it/s]  2%|▏         | 16/805 [00:16<10:11,  1.29it/s]  2%|▏         | 17/805 [00:17<10:02,  1.31it/s]  2%|▏         | 18/805 [00:18<10:01,  1.31it/s]  2%|▏         | 19/805 [00:19<10:31,  1.24it/s]  2%|▏         | 20/805 [00:19<10:19,  1.27it/s]  3%|▎         | 21/805 [00:20<10:01,  1.30it/s]  3%|▎         | 22/805 [00:21<09:58,  1.31it/s]  3%|▎         | 23/805 [00:22<09:43,  1.34it/s]  3%|▎         | 24/805 [00:22<09:36,  1.35it/s]  3%|▎         | 25/805 [00:23<09:41,  1.34it/s]  3%|▎         | 26/805 [00:24<10:18,  1.26it/s]  3%|▎         | 27/805 [00:25<10:09,  1.28it/s]  3%|▎         | 28/805 [00:26<10:06,  1.28it/s]  4%|▎         | 29/805 [00:26<09:56,  1.30it/s]  4%|▎         | 30/805 [00:27<09:52,  1.31it/s]  4%|▍         | 31/805 [00:28<09:55,  1.30it/s]  4%|▍         | 32/805 [00:29<10:22,  1.24it/s]  4%|▍         | 33/805 [00:29<10:14,  1.26it/s]  4%|▍         | 34/805 [00:30<10:03,  1.28it/s]  4%|▍         | 35/805 [00:31<10:31,  1.22it/s]  4%|▍         | 36/805 [00:32<10:19,  1.24it/s]  5%|▍         | 37/805 [00:33<10:15,  1.25it/s]  5%|▍         | 38/805 [00:33<10:05,  1.27it/s]  5%|▍         | 39/805 [00:34<10:21,  1.23it/s]  5%|▍         | 40/805 [00:35<09:59,  1.28it/s]  5%|▌         | 41/805 [00:36<09:48,  1.30it/s]  5%|▌         | 42/805 [00:37<09:48,  1.30it/s]  5%|▌         | 43/805 [00:37<09:47,  1.30it/s]  5%|▌         | 44/805 [00:38<09:37,  1.32it/s]  6%|▌         | 45/805 [00:39<10:18,  1.23it/s]  6%|▌         | 46/805 [00:40<09:31,  1.33it/s]  6%|▌         | 47/805 [00:40<09:31,  1.33it/s]  6%|▌         | 48/805 [00:41<09:26,  1.34it/s]  6%|▌         | 49/805 [00:42<09:14,  1.36it/s]  6%|▌         | 50/805 [00:42<08:44,  1.44it/s]  6%|▋         | 51/805 [00:43<09:03,  1.39it/s]  6%|▋         | 52/805 [00:44<09:47,  1.28it/s]  7%|▋         | 53/805 [00:45<09:13,  1.36it/s]  7%|▋         | 54/805 [00:45<08:40,  1.44it/s]  7%|▋         | 55/805 [00:46<08:14,  1.52it/s]  7%|▋         | 56/805 [00:47<08:34,  1.46it/s]  7%|▋         | 57/805 [00:47<08:49,  1.41it/s]  7%|▋         | 58/805 [00:48<09:33,  1.30it/s]  7%|▋         | 59/805 [00:49<09:31,  1.31it/s]  7%|▋         | 60/805 [00:50<09:23,  1.32it/s]  8%|▊         | 61/805 [00:51<09:28,  1.31it/s]  8%|▊         | 62/805 [00:51<09:32,  1.30it/s]  8%|▊         | 63/805 [00:52<09:18,  1.33it/s]  8%|▊         | 64/805 [00:53<09:50,  1.26it/s]  8%|▊         | 65/805 [00:54<09:45,  1.26it/s]  8%|▊         | 66/805 [00:55<09:42,  1.27it/s]  8%|▊         | 67/805 [00:55<09:36,  1.28it/s]  8%|▊         | 68/805 [00:56<09:39,  1.27it/s]  9%|▊         | 69/805 [00:57<09:24,  1.30it/s]  9%|▊         | 70/805 [00:58<09:56,  1.23it/s]  9%|▉         | 71/805 [00:58<09:39,  1.27it/s]  9%|▉         | 72/805 [00:59<09:20,  1.31it/s]  9%|▉         | 73/805 [01:00<09:13,  1.32it/s]  9%|▉         | 74/805 [01:01<09:08,  1.33it/s]  9%|▉         | 75/805 [01:01<09:17,  1.31it/s]  9%|▉         | 76/805 [01:02<09:13,  1.32it/s] 10%|▉         | 77/805 [01:03<09:46,  1.24it/s] 10%|▉         | 78/805 [01:04<09:06,  1.33it/s] 10%|▉         | 79/805 [01:05<09:13,  1.31it/s] 10%|▉         | 80/805 [01:05<09:08,  1.32it/s] 10%|█         | 81/805 [01:06<09:13,  1.31it/s] 10%|█         | 82/805 [01:07<09:06,  1.32it/s] 10%|█         | 83/805 [01:08<09:37,  1.25it/s] 10%|█         | 84/805 [01:08<09:29,  1.27it/s] 11%|█         | 85/805 [01:09<09:25,  1.27it/s] 11%|█         | 86/805 [01:10<09:17,  1.29it/s] 11%|█         | 87/805 [01:11<09:43,  1.23it/s] 11%|█         | 88/805 [01:12<09:25,  1.27it/s] 11%|█         | 89/805 [01:13<09:51,  1.21it/s] 11%|█         | 90/805 [01:13<09:31,  1.25it/s] 11%|█▏        | 91/805 [01:14<09:21,  1.27it/s] 11%|█▏        | 92/805 [01:15<09:02,  1.31it/s] 12%|█▏        | 93/805 [01:15<08:58,  1.32it/s] 12%|█▏        | 94/805 [01:16<09:03,  1.31it/s] 12%|█▏        | 95/805 [01:17<10:05,  1.17it/s] 12%|█▏        | 96/805 [01:18<09:36,  1.23it/s] 12%|█▏        | 97/805 [01:19<09:18,  1.27it/s] 12%|█▏        | 98/805 [01:20<09:14,  1.28it/s] 12%|█▏        | 99/805 [01:20<09:17,  1.27it/s] 12%|█▏        | 100/805 [01:21<09:10,  1.28it/s] 13%|█▎        | 101/805 [01:22<09:02,  1.30it/s] 13%|█▎        | 102/805 [01:23<09:35,  1.22it/s] 13%|█▎        | 103/805 [01:24<09:28,  1.24it/s] 13%|█▎        | 104/805 [01:24<09:16,  1.26it/s] 13%|█▎        | 105/805 [01:25<09:00,  1.30it/s] 13%|█▎        | 106/805 [01:26<08:27,  1.38it/s] 13%|█▎        | 107/805 [01:26<08:34,  1.36it/s] 13%|█▎        | 108/805 [01:27<08:44,  1.33it/s] 14%|█▎        | 109/805 [01:28<08:48,  1.32it/s] 14%|█▎        | 110/805 [01:29<08:49,  1.31it/s] 14%|█▍        | 111/805 [01:29<08:43,  1.33it/s] 14%|█▍        | 112/805 [01:30<08:42,  1.33it/s] 14%|█▍        | 113/805 [01:31<08:46,  1.31it/s] 14%|█▍        | 114/805 [01:32<08:49,  1.30it/s] 14%|█▍        | 115/805 [01:33<09:23,  1.23it/s] 14%|█▍        | 116/805 [01:33<08:56,  1.29it/s] 15%|█▍        | 117/805 [01:34<08:47,  1.31it/s] 15%|█▍        | 118/805 [01:35<08:41,  1.32it/s] 15%|█▍        | 119/805 [01:36<08:39,  1.32it/s] 15%|█▍        | 120/805 [01:36<08:45,  1.30it/s] 15%|█▌        | 121/805 [01:37<09:18,  1.23it/s] 15%|█▌        | 122/805 [01:38<08:57,  1.27it/s] 15%|█▌        | 123/805 [01:39<08:51,  1.28it/s] 15%|█▌        | 124/805 [01:40<08:55,  1.27it/s] 16%|█▌        | 125/805 [01:40<08:50,  1.28it/s] 16%|█▌        | 126/805 [01:41<08:39,  1.31it/s] 16%|█▌        | 127/805 [01:42<08:03,  1.40it/s] 16%|█▌        | 128/805 [01:43<08:51,  1.27it/s] 16%|█▌        | 129/805 [01:43<08:18,  1.36it/s] 16%|█▌        | 130/805 [01:44<08:18,  1.35it/s] 16%|█▋        | 131/805 [01:45<08:24,  1.34it/s] 16%|█▋        | 132/805 [01:46<08:16,  1.36it/s] 17%|█▋        | 133/805 [01:46<08:18,  1.35it/s] 17%|█▋        | 134/805 [01:47<08:59,  1.24it/s] 17%|█▋        | 135/805 [01:48<08:36,  1.30it/s] 17%|█▋        | 136/805 [01:49<08:28,  1.31it/s] 17%|█▋        | 137/805 [01:49<08:33,  1.30it/s] 17%|█▋        | 138/805 [01:50<08:28,  1.31it/s] 17%|█▋        | 139/805 [01:51<08:22,  1.32it/s] 17%|█▋        | 140/805 [01:52<08:25,  1.32it/s] 18%|█▊        | 141/805 [01:53<08:59,  1.23it/s] 18%|█▊        | 142/805 [01:53<08:47,  1.26it/s] 18%|█▊        | 143/805 [01:54<08:37,  1.28it/s] 18%|█▊        | 144/805 [01:55<08:24,  1.31it/s] 18%|█▊        | 145/805 [01:56<08:26,  1.30it/s] 18%|█▊        | 146/805 [01:56<08:21,  1.31it/s] 18%|█▊        | 147/805 [01:57<08:55,  1.23it/s] 18%|█▊        | 148/805 [01:58<08:42,  1.26it/s] 19%|█▊        | 149/805 [01:59<08:25,  1.30it/s] 19%|█▊        | 150/805 [02:00<08:28,  1.29it/s] 19%|█▉        | 151/805 [02:00<08:27,  1.29it/s] 19%|█▉        | 152/805 [02:01<08:19,  1.31it/s] 19%|█▉        | 153/805 [02:02<08:42,  1.25it/s] 19%|█▉        | 154/805 [02:03<09:09,  1.18it/s] 19%|█▉        | 155/805 [02:04<08:21,  1.30it/s] 19%|█▉        | 156/805 [02:04<07:47,  1.39it/s] 20%|█▉        | 157/805 [02:05<07:44,  1.40it/s] 20%|█▉        | 158/805 [02:06<07:50,  1.38it/s] 20%|█▉        | 159/805 [02:06<07:43,  1.39it/s] 20%|█▉        | 160/805 [02:07<08:23,  1.28it/s] 20%|██        | 161/805 [02:08<08:22,  1.28it/s] 20%|██        | 162/805 [02:09<08:10,  1.31it/s] 20%|██        | 163/805 [02:09<08:06,  1.32it/s] 20%|██        | 164/805 [02:10<08:04,  1.32it/s] 20%|██        | 165/805 [02:11<08:03,  1.32it/s] 21%|██        | 166/805 [02:12<08:38,  1.23it/s] 21%|██        | 167/805 [02:13<08:26,  1.26it/s] 21%|██        | 168/805 [02:13<08:17,  1.28it/s] 21%|██        | 169/805 [02:14<08:06,  1.31it/s] 21%|██        | 170/805 [02:15<07:40,  1.38it/s] 21%|██        | 171/805 [02:16<07:47,  1.36it/s] 21%|██▏       | 172/805 [02:16<08:13,  1.28it/s] 21%|██▏       | 173/805 [02:17<08:08,  1.29it/s] 22%|██▏       | 174/805 [02:18<08:06,  1.30it/s] 22%|██▏       | 175/805 [02:19<07:59,  1.31it/s] 22%|██▏       | 176/805 [02:19<07:54,  1.32it/s] 22%|██▏       | 177/805 [02:20<07:52,  1.33it/s] 22%|██▏       | 178/805 [02:21<07:54,  1.32it/s] 22%|██▏       | 179/805 [02:22<08:23,  1.24it/s] 22%|██▏       | 180/805 [02:23<08:05,  1.29it/s] 22%|██▏       | 181/805 [02:23<07:53,  1.32it/s] 23%|██▎       | 182/805 [02:24<08:20,  1.25it/s] 23%|██▎       | 183/805 [02:25<08:17,  1.25it/s] 23%|██▎       | 184/805 [02:26<08:09,  1.27it/s] 23%|██▎       | 185/805 [02:27<08:33,  1.21it/s] 23%|██▎       | 186/805 [02:27<08:23,  1.23it/s] 23%|██▎       | 187/805 [02:28<08:01,  1.28it/s] 23%|██▎       | 188/805 [02:29<07:46,  1.32it/s] 23%|██▎       | 189/805 [02:30<07:50,  1.31it/s] 24%|██▎       | 190/805 [02:30<07:46,  1.32it/s] 24%|██▎       | 191/805 [02:31<08:13,  1.24it/s] 24%|██▍       | 192/805 [02:32<07:44,  1.32it/s] 24%|██▍       | 193/805 [02:33<07:14,  1.41it/s] 24%|██▍       | 194/805 [02:33<07:23,  1.38it/s] 24%|██▍       | 195/805 [02:34<07:17,  1.39it/s] 24%|██▍       | 196/805 [02:35<07:29,  1.36it/s] 24%|██▍       | 197/805 [02:36<07:31,  1.35it/s] 25%|██▍       | 198/805 [02:36<08:03,  1.26it/s] 25%|██▍       | 199/805 [02:37<07:55,  1.27it/s] 25%|██▍       | 200/805 [02:38<07:22,  1.37it/s] 25%|██▍       | 201/805 [02:39<07:53,  1.28it/s] 25%|██▌       | 202/805 [02:39<07:48,  1.29it/s] 25%|██▌       | 203/805 [02:40<07:44,  1.29it/s] 25%|██▌       | 204/805 [02:41<08:04,  1.24it/s] 25%|██▌       | 205/805 [02:42<08:00,  1.25it/s] 26%|██▌       | 206/805 [02:43<07:54,  1.26it/s] 26%|██▌       | 207/805 [02:43<07:45,  1.28it/s] 26%|██▌       | 208/805 [02:44<07:43,  1.29it/s] 26%|██▌       | 209/805 [02:45<07:40,  1.29it/s] 26%|██▌       | 210/805 [02:46<08:03,  1.23it/s] 26%|██▌       | 211/805 [02:47<07:47,  1.27it/s] 26%|██▋       | 212/805 [02:47<07:41,  1.29it/s] 26%|██▋       | 213/805 [02:48<07:46,  1.27it/s] 27%|██▋       | 214/805 [02:49<07:47,  1.26it/s] 27%|██▋       | 215/805 [02:50<07:47,  1.26it/s] 27%|██▋       | 216/805 [02:51<08:00,  1.23it/s] 27%|██▋       | 217/805 [02:51<07:50,  1.25it/s] 27%|██▋       | 218/805 [02:52<07:39,  1.28it/s] 27%|██▋       | 219/805 [02:53<07:26,  1.31it/s] 27%|██▋       | 220/805 [02:54<07:33,  1.29it/s] 27%|██▋       | 221/805 [02:54<07:02,  1.38it/s] 28%|██▊       | 222/805 [02:55<07:05,  1.37it/s] 28%|██▊       | 223/805 [02:56<07:27,  1.30it/s] 28%|██▊       | 224/805 [02:57<07:13,  1.34it/s] 28%|██▊       | 225/805 [02:57<07:08,  1.35it/s] 28%|██▊       | 226/805 [02:58<07:04,  1.36it/s] 28%|██▊       | 227/805 [02:59<07:13,  1.33it/s] 28%|██▊       | 228/805 [03:00<07:11,  1.34it/s] 28%|██▊       | 229/805 [03:00<07:34,  1.27it/s] 29%|██▊       | 230/805 [03:01<07:33,  1.27it/s] 29%|██▊       | 231/805 [03:02<07:19,  1.31it/s] 29%|██▉       | 232/805 [03:03<07:14,  1.32it/s] 29%|██▉       | 233/805 [03:03<07:11,  1.33it/s] 29%|██▉       | 234/805 [03:04<07:16,  1.31it/s] 29%|██▉       | 235/805 [03:05<07:10,  1.32it/s] 29%|██▉       | 236/805 [03:06<07:43,  1.23it/s] 29%|██▉       | 237/805 [03:07<07:28,  1.27it/s] 30%|██▉       | 238/805 [03:07<07:19,  1.29it/s] 30%|██▉       | 239/805 [03:08<07:15,  1.30it/s] 30%|██▉       | 240/805 [03:09<07:10,  1.31it/s] 30%|██▉       | 241/805 [03:10<06:46,  1.39it/s] 30%|███       | 242/805 [03:10<07:24,  1.27it/s] 30%|███       | 243/805 [03:11<07:22,  1.27it/s] 30%|███       | 244/805 [03:12<07:13,  1.29it/s] 30%|███       | 245/805 [03:13<07:09,  1.30it/s] 31%|███       | 246/805 [03:14<07:13,  1.29it/s] 31%|███       | 247/805 [03:14<07:07,  1.31it/s] 31%|███       | 248/805 [03:15<06:57,  1.33it/s] 31%|███       | 249/805 [03:16<07:35,  1.22it/s] 31%|███       | 250/805 [03:17<07:22,  1.26it/s] 31%|███       | 251/805 [03:17<07:16,  1.27it/s] 31%|███▏      | 252/805 [03:18<07:17,  1.27it/s] 31%|███▏      | 253/805 [03:19<07:17,  1.26it/s] 32%|███▏      | 254/805 [03:20<07:19,  1.25it/s] 32%|███▏      | 255/805 [03:21<07:44,  1.18it/s] 32%|███▏      | 256/805 [03:22<07:19,  1.25it/s] 32%|███▏      | 257/805 [03:22<07:02,  1.30it/s] 32%|███▏      | 258/805 [03:23<07:24,  1.23it/s] 32%|███▏      | 259/805 [03:24<07:17,  1.25it/s] 32%|███▏      | 260/805 [03:25<07:19,  1.24it/s] 32%|███▏      | 261/805 [03:26<07:14,  1.25it/s] 33%|███▎      | 262/805 [03:26<07:02,  1.29it/s] 33%|███▎      | 263/805 [03:27<06:34,  1.37it/s] 33%|███▎      | 264/805 [03:28<06:32,  1.38it/s] 33%|███▎      | 265/805 [03:28<06:17,  1.43it/s] 33%|███▎      | 266/805 [03:29<06:27,  1.39it/s] 33%|███▎      | 267/805 [03:30<07:00,  1.28it/s] 33%|███▎      | 268/805 [03:31<06:54,  1.30it/s] 33%|███▎      | 269/805 [03:31<06:48,  1.31it/s] 34%|███▎      | 270/805 [03:32<06:47,  1.31it/s] 34%|███▎      | 271/805 [03:33<06:49,  1.30it/s] 34%|███▍      | 272/805 [03:34<06:44,  1.32it/s] 34%|███▍      | 273/805 [03:34<06:36,  1.34it/s] 34%|███▍      | 274/805 [03:35<07:09,  1.24it/s] 34%|███▍      | 275/805 [03:36<07:04,  1.25it/s] 34%|███▍      | 276/805 [03:37<06:54,  1.28it/s] 34%|███▍      | 277/805 [03:38<07:13,  1.22it/s] 35%|███▍      | 278/805 [03:39<07:06,  1.23it/s] 35%|███▍      | 279/805 [03:39<06:54,  1.27it/s] 35%|███▍      | 280/805 [03:40<07:19,  1.19it/s] 35%|███▍      | 281/805 [03:41<06:46,  1.29it/s] 35%|███▌      | 282/805 [03:42<06:43,  1.30it/s] 35%|███▌      | 283/805 [03:42<06:37,  1.31it/s] 35%|███▌      | 284/805 [03:43<06:31,  1.33it/s] 35%|███▌      | 285/805 [03:44<06:12,  1.40it/s] 36%|███▌      | 286/805 [03:44<06:17,  1.37it/s] 36%|███▌      | 287/805 [03:45<06:23,  1.35it/s] 36%|███▌      | 288/805 [03:46<06:31,  1.32it/s] 36%|███▌      | 289/805 [03:47<06:30,  1.32it/s] 36%|███▌      | 290/805 [03:48<06:33,  1.31it/s] 36%|███▌      | 291/805 [03:48<06:28,  1.32it/s] 36%|███▋      | 292/805 [03:49<06:27,  1.33it/s] 36%|███▋      | 293/805 [03:50<06:51,  1.25it/s] 37%|███▋      | 294/805 [03:51<07:05,  1.20it/s] 37%|███▋      | 295/805 [03:52<06:53,  1.23it/s] 37%|███▋      | 296/805 [03:52<06:50,  1.24it/s] 37%|███▋      | 297/805 [03:53<06:45,  1.25it/s] 37%|███▋      | 298/805 [03:54<06:29,  1.30it/s] 37%|███▋      | 299/805 [03:55<06:25,  1.31it/s] 37%|███▋      | 300/805 [03:56<06:51,  1.23it/s] 37%|███▋      | 301/805 [03:56<06:39,  1.26it/s] 38%|███▊      | 302/805 [03:57<06:13,  1.35it/s] 38%|███▊      | 303/805 [03:58<06:06,  1.37it/s] 38%|███▊      | 304/805 [03:58<05:47,  1.44it/s] 38%|███▊      | 305/805 [03:59<06:00,  1.39it/s] 38%|███▊      | 306/805 [04:00<06:32,  1.27it/s] 38%|███▊      | 307/805 [04:01<06:32,  1.27it/s] 38%|███▊      | 308/805 [04:02<06:28,  1.28it/s] 38%|███▊      | 309/805 [04:02<06:45,  1.22it/s] 39%|███▊      | 310/805 [04:03<06:36,  1.25it/s] 39%|███▊      | 311/805 [04:04<06:35,  1.25it/s] 39%|███▉      | 312/805 [04:05<06:30,  1.26it/s] 39%|███▉      | 313/805 [04:06<06:47,  1.21it/s] 39%|███▉      | 314/805 [04:07<06:40,  1.23it/s] 39%|███▉      | 315/805 [04:07<06:33,  1.24it/s] 39%|███▉      | 316/805 [04:08<06:20,  1.29it/s] 39%|███▉      | 317/805 [04:09<06:18,  1.29it/s] 40%|███▉      | 318/805 [04:10<06:14,  1.30it/s] 40%|███▉      | 319/805 [04:10<06:17,  1.29it/s] 40%|███▉      | 320/805 [04:11<06:08,  1.32it/s] 40%|███▉      | 321/805 [04:12<05:48,  1.39it/s] 40%|████      | 322/805 [04:12<05:45,  1.40it/s] 40%|████      | 323/805 [04:13<05:51,  1.37it/s] 40%|████      | 324/805 [04:14<05:49,  1.37it/s] 40%|████      | 325/805 [04:15<05:52,  1.36it/s] 40%|████      | 326/805 [04:16<06:18,  1.26it/s] 41%|████      | 327/805 [04:16<06:09,  1.29it/s] 41%|████      | 328/805 [04:17<06:11,  1.28it/s] 41%|████      | 329/805 [04:18<06:10,  1.28it/s] 41%|████      | 330/805 [04:19<06:04,  1.30it/s] 41%|████      | 331/805 [04:19<05:56,  1.33it/s] 41%|████      | 332/805 [04:20<06:23,  1.23it/s] 41%|████▏     | 333/805 [04:21<06:11,  1.27it/s] 41%|████▏     | 334/805 [04:22<05:57,  1.32it/s] 42%|████▏     | 335/805 [04:22<05:58,  1.31it/s] 42%|████▏     | 336/805 [04:23<05:50,  1.34it/s] 42%|████▏     | 337/805 [04:24<05:51,  1.33it/s] 42%|████▏     | 338/805 [04:25<06:13,  1.25it/s] 42%|████▏     | 339/805 [04:26<06:10,  1.26it/s] 42%|████▏     | 340/805 [04:26<06:03,  1.28it/s] 42%|████▏     | 341/805 [04:27<05:58,  1.29it/s] 42%|████▏     | 342/805 [04:28<05:52,  1.32it/s] 43%|████▎     | 343/805 [04:29<05:47,  1.33it/s] 43%|████▎     | 344/805 [04:29<05:40,  1.35it/s] 43%|████▎     | 345/805 [04:30<06:02,  1.27it/s] 43%|████▎     | 346/805 [04:31<05:56,  1.29it/s] 43%|████▎     | 347/805 [04:32<05:52,  1.30it/s] 43%|████▎     | 348/805 [04:32<05:29,  1.39it/s] 43%|████▎     | 349/805 [04:33<05:37,  1.35it/s] 43%|████▎     | 350/805 [04:34<05:38,  1.35it/s] 44%|████▎     | 351/805 [04:35<06:06,  1.24it/s] 44%|████▎     | 352/805 [04:36<06:00,  1.26it/s] 44%|████▍     | 353/805 [04:36<05:34,  1.35it/s] 44%|████▍     | 354/805 [04:37<05:35,  1.34it/s] 44%|████▍     | 355/805 [04:38<05:15,  1.43it/s] 44%|████▍     | 356/805 [04:38<05:26,  1.37it/s] 44%|████▍     | 357/805 [04:39<05:32,  1.35it/s] 44%|████▍     | 358/805 [04:40<05:55,  1.26it/s] 45%|████▍     | 359/805 [04:41<05:50,  1.27it/s] 45%|████▍     | 360/805 [04:42<05:51,  1.27it/s] 45%|████▍     | 361/805 [04:42<05:46,  1.28it/s] 45%|████▍     | 362/805 [04:43<05:46,  1.28it/s] 45%|████▌     | 363/805 [04:44<05:21,  1.38it/s] 45%|████▌     | 364/805 [04:44<05:26,  1.35it/s] 45%|████▌     | 365/805 [04:45<05:24,  1.36it/s] 45%|████▌     | 366/805 [04:46<05:26,  1.34it/s] 46%|████▌     | 367/805 [04:47<05:28,  1.33it/s] 46%|████▌     | 368/805 [04:47<05:08,  1.41it/s] 46%|████▌     | 369/805 [04:48<05:14,  1.39it/s] 46%|████▌     | 370/805 [04:49<05:38,  1.28it/s] 46%|████▌     | 371/805 [04:50<05:35,  1.29it/s] 46%|████▌     | 372/805 [04:51<05:32,  1.30it/s] 46%|████▋     | 373/805 [04:51<05:29,  1.31it/s] 46%|████▋     | 374/805 [04:52<05:30,  1.30it/s] 47%|████▋     | 375/805 [04:53<05:29,  1.31it/s] 47%|████▋     | 376/805 [04:54<05:33,  1.29it/s] 47%|████▋     | 377/805 [04:55<05:53,  1.21it/s] 47%|████▋     | 378/805 [04:55<05:48,  1.23it/s] 47%|████▋     | 379/805 [04:56<05:39,  1.25it/s] 47%|████▋     | 380/805 [04:57<05:16,  1.34it/s] 47%|████▋     | 381/805 [04:57<05:18,  1.33it/s] 47%|████▋     | 382/805 [04:58<05:19,  1.32it/s] 48%|████▊     | 383/805 [04:59<05:43,  1.23it/s] 48%|████▊     | 384/805 [05:00<05:32,  1.27it/s] 48%|████▊     | 385/805 [05:01<05:22,  1.30it/s] 48%|████▊     | 386/805 [05:01<05:16,  1.32it/s] 48%|████▊     | 387/805 [05:02<05:16,  1.32it/s] 48%|████▊     | 388/805 [05:03<05:08,  1.35it/s] 48%|████▊     | 389/805 [05:04<05:31,  1.25it/s] 48%|████▊     | 390/805 [05:05<05:28,  1.26it/s] 49%|████▊     | 391/805 [05:05<05:29,  1.26it/s] 49%|████▊     | 392/805 [05:06<05:18,  1.30it/s] 49%|████▉     | 393/805 [05:07<05:20,  1.29it/s] 49%|████▉     | 394/805 [05:08<05:15,  1.30it/s] 49%|████▉     | 395/805 [05:09<05:38,  1.21it/s] 49%|████▉     | 396/805 [05:09<05:26,  1.25it/s] 49%|████▉     | 397/805 [05:10<05:20,  1.27it/s] 49%|████▉     | 398/805 [05:11<05:19,  1.27it/s] 50%|████▉     | 399/805 [05:11<04:57,  1.37it/s] 50%|████▉     | 400/805 [05:12<04:58,  1.36it/s] 50%|████▉     | 401/805 [05:13<05:02,  1.34it/s] 50%|████▉     | 402/805 [05:14<05:09,  1.30it/s] 50%|█████     | 403/805 [05:15<05:06,  1.31it/s] 50%|█████     | 404/805 [05:15<05:03,  1.32it/s] 50%|█████     | 405/805 [05:16<05:02,  1.32it/s] 50%|█████     | 406/805 [05:17<05:00,  1.33it/s] 51%|█████     | 407/805 [05:18<05:01,  1.32it/s] 51%|█████     | 408/805 [05:19<05:27,  1.21it/s] 51%|█████     | 409/805 [05:19<05:22,  1.23it/s] 51%|█████     | 410/805 [05:20<05:13,  1.26it/s] 51%|█████     | 411/805 [05:21<05:02,  1.30it/s] 51%|█████     | 412/805 [05:22<05:00,  1.31it/s] 51%|█████▏    | 413/805 [05:22<04:40,  1.40it/s] 51%|█████▏    | 414/805 [05:23<04:43,  1.38it/s] 52%|█████▏    | 415/805 [05:24<05:07,  1.27it/s] 52%|█████▏    | 416/805 [05:24<04:47,  1.35it/s] 52%|█████▏    | 417/805 [05:25<04:30,  1.43it/s] 52%|█████▏    | 418/805 [05:26<04:33,  1.41it/s] 52%|█████▏    | 419/805 [05:26<04:25,  1.45it/s] 52%|█████▏    | 420/805 [05:27<04:48,  1.33it/s] 52%|█████▏    | 421/805 [05:28<05:15,  1.22it/s] 52%|█████▏    | 422/805 [05:29<04:49,  1.32it/s] 53%|█████▎    | 423/805 [05:30<04:45,  1.34it/s] 53%|█████▎    | 424/805 [05:31<05:02,  1.26it/s] 53%|█████▎    | 425/805 [05:31<04:56,  1.28it/s] 53%|█████▎    | 426/805 [05:32<04:54,  1.28it/s] 53%|█████▎    | 427/805 [05:33<05:15,  1.20it/s] 53%|█████▎    | 428/805 [05:34<05:06,  1.23it/s] 53%|█████▎    | 429/805 [05:35<04:59,  1.25it/s] 53%|█████▎    | 430/805 [05:35<04:47,  1.30it/s] 54%|█████▎    | 431/805 [05:36<04:42,  1.32it/s] 54%|█████▎    | 432/805 [05:37<04:46,  1.30it/s] 54%|█████▍    | 433/805 [05:38<04:50,  1.28it/s] 54%|█████▍    | 434/805 [05:38<05:03,  1.22it/s] 54%|█████▍    | 435/805 [05:39<04:38,  1.33it/s] 54%|█████▍    | 436/805 [05:40<04:37,  1.33it/s] 54%|█████▍    | 437/805 [05:40<04:23,  1.40it/s] 54%|█████▍    | 438/805 [05:41<04:30,  1.36it/s] 55%|█████▍    | 439/805 [05:42<04:34,  1.33it/s] 55%|█████▍    | 440/805 [05:43<04:56,  1.23it/s] 55%|█████▍    | 441/805 [05:44<04:53,  1.24it/s] 55%|█████▍    | 442/805 [05:45<04:49,  1.25it/s] 55%|█████▌    | 443/805 [05:45<04:42,  1.28it/s] 55%|█████▌    | 444/805 [05:46<04:41,  1.28it/s] 55%|█████▌    | 445/805 [05:47<04:39,  1.29it/s] 55%|█████▌    | 446/805 [05:48<04:37,  1.29it/s] 56%|█████▌    | 447/805 [05:49<04:54,  1.22it/s] 56%|█████▌    | 448/805 [05:49<04:40,  1.27it/s] 56%|█████▌    | 449/805 [05:50<04:33,  1.30it/s] 56%|█████▌    | 450/805 [05:51<04:13,  1.40it/s] 56%|█████▌    | 451/805 [05:51<04:00,  1.47it/s] 56%|█████▌    | 452/805 [05:52<03:51,  1.53it/s] 56%|█████▋    | 453/805 [05:53<04:03,  1.45it/s] 56%|█████▋    | 454/805 [05:53<04:03,  1.44it/s] 57%|█████▋    | 455/805 [05:54<04:09,  1.40it/s] 57%|█████▋    | 456/805 [05:55<04:09,  1.40it/s] 57%|█████▋    | 457/805 [05:55<04:15,  1.36it/s] 57%|█████▋    | 458/805 [05:56<04:16,  1.35it/s] 57%|█████▋    | 459/805 [05:57<04:14,  1.36it/s] 57%|█████▋    | 460/805 [05:58<04:32,  1.27it/s] 57%|█████▋    | 461/805 [05:59<04:32,  1.26it/s] 57%|█████▋    | 462/805 [05:59<04:32,  1.26it/s] 58%|█████▊    | 463/805 [06:00<04:25,  1.29it/s] 58%|█████▊    | 464/805 [06:01<04:24,  1.29it/s] 58%|█████▊    | 465/805 [06:02<04:19,  1.31it/s] 58%|█████▊    | 466/805 [06:03<04:21,  1.29it/s] 58%|█████▊    | 467/805 [06:03<04:22,  1.29it/s] 58%|█████▊    | 468/805 [06:04<04:18,  1.30it/s] 58%|█████▊    | 469/805 [06:05<04:15,  1.31it/s] 58%|█████▊    | 470/805 [06:06<04:11,  1.33it/s] 59%|█████▊    | 471/805 [06:06<04:13,  1.32it/s] 59%|█████▊    | 472/805 [06:07<03:56,  1.41it/s] 59%|█████▉    | 473/805 [06:08<03:59,  1.39it/s] 59%|█████▉    | 474/805 [06:08<04:04,  1.36it/s] 59%|█████▉    | 475/805 [06:09<04:05,  1.35it/s] 59%|█████▉    | 476/805 [06:10<04:06,  1.33it/s] 59%|█████▉    | 477/805 [06:11<04:10,  1.31it/s] 59%|█████▉    | 478/805 [06:11<04:04,  1.34it/s] 60%|█████▉    | 479/805 [06:12<04:16,  1.27it/s] 60%|█████▉    | 480/805 [06:13<04:13,  1.28it/s] 60%|█████▉    | 481/805 [06:14<04:04,  1.32it/s] 60%|█████▉    | 482/805 [06:15<04:04,  1.32it/s] 60%|██████    | 483/805 [06:15<03:49,  1.40it/s] 60%|██████    | 484/805 [06:16<03:52,  1.38it/s] 60%|██████    | 485/805 [06:17<03:56,  1.35it/s] 60%|██████    | 486/805 [06:18<04:14,  1.26it/s] 60%|██████    | 487/805 [06:18<04:08,  1.28it/s] 61%|██████    | 488/805 [06:19<04:00,  1.32it/s] 61%|██████    | 489/805 [06:20<03:56,  1.34it/s] 61%|██████    | 490/805 [06:21<03:54,  1.34it/s] 61%|██████    | 491/805 [06:21<03:55,  1.34it/s] 61%|██████    | 492/805 [06:22<04:05,  1.27it/s] 61%|██████    | 493/805 [06:23<04:16,  1.22it/s] 61%|██████▏   | 494/805 [06:24<04:13,  1.23it/s] 61%|██████▏   | 495/805 [06:25<04:01,  1.28it/s] 62%|██████▏   | 496/805 [06:25<03:55,  1.31it/s] 62%|██████▏   | 497/805 [06:26<03:53,  1.32it/s] 62%|██████▏   | 498/805 [06:27<03:36,  1.42it/s] 62%|██████▏   | 499/805 [06:27<03:52,  1.32it/s] 62%|██████▏   | 500/805 [06:28<03:46,  1.34it/s] 62%|██████▏   | 501/805 [06:29<03:48,  1.33it/s] 62%|██████▏   | 502/805 [06:30<03:48,  1.32it/s] 62%|██████▏   | 503/805 [06:30<03:48,  1.32it/s] 63%|██████▎   | 504/805 [06:31<03:46,  1.33it/s] 63%|██████▎   | 505/805 [06:32<03:54,  1.28it/s] 63%|██████▎   | 506/805 [06:33<03:54,  1.28it/s] 63%|██████▎   | 507/805 [06:34<03:53,  1.28it/s] 63%|██████▎   | 508/805 [06:34<03:45,  1.31it/s] 63%|██████▎   | 509/805 [06:35<03:29,  1.41it/s] 63%|██████▎   | 510/805 [06:36<03:30,  1.40it/s] 63%|██████▎   | 511/805 [06:36<03:31,  1.39it/s] 64%|██████▎   | 512/805 [06:37<03:48,  1.28it/s] 64%|██████▎   | 513/805 [06:38<03:48,  1.28it/s] 64%|██████▍   | 514/805 [06:39<03:44,  1.30it/s] 64%|██████▍   | 515/805 [06:39<03:28,  1.39it/s] 64%|██████▍   | 516/805 [06:40<03:30,  1.37it/s] 64%|██████▍   | 517/805 [06:41<03:33,  1.35it/s] 64%|██████▍   | 518/805 [06:42<03:50,  1.24it/s] 64%|██████▍   | 519/805 [06:43<03:46,  1.26it/s] 65%|██████▍   | 520/805 [06:44<03:55,  1.21it/s] 65%|██████▍   | 521/805 [06:44<03:50,  1.23it/s] 65%|██████▍   | 522/805 [06:45<03:43,  1.27it/s] 65%|██████▍   | 523/805 [06:46<03:39,  1.28it/s] 65%|██████▌   | 524/805 [06:47<03:38,  1.29it/s] 65%|██████▌   | 525/805 [06:48<03:53,  1.20it/s] 65%|██████▌   | 526/805 [06:48<03:49,  1.22it/s] 65%|██████▌   | 527/805 [06:49<03:41,  1.26it/s] 66%|██████▌   | 528/805 [06:50<03:38,  1.27it/s] 66%|██████▌   | 529/805 [06:51<03:37,  1.27it/s] 66%|██████▌   | 530/805 [06:51<03:33,  1.29it/s] 66%|██████▌   | 531/805 [06:52<03:47,  1.20it/s] 66%|██████▌   | 532/805 [06:53<03:41,  1.23it/s] 66%|██████▌   | 533/805 [06:54<03:32,  1.28it/s] 66%|██████▋   | 534/805 [06:55<03:29,  1.29it/s] 66%|██████▋   | 535/805 [06:55<03:29,  1.29it/s] 67%|██████▋   | 536/805 [06:56<03:24,  1.32it/s] 67%|██████▋   | 537/805 [06:57<03:19,  1.34it/s] 67%|██████▋   | 538/805 [06:58<03:32,  1.26it/s] 67%|██████▋   | 539/805 [06:59<03:31,  1.26it/s] 67%|██████▋   | 540/805 [06:59<03:17,  1.34it/s] 67%|██████▋   | 541/805 [07:00<03:16,  1.34it/s] 67%|██████▋   | 542/805 [07:01<03:07,  1.40it/s] 67%|██████▋   | 543/805 [07:01<03:10,  1.37it/s] 68%|██████▊   | 544/805 [07:02<03:37,  1.20it/s] 68%|██████▊   | 545/805 [07:03<03:28,  1.25it/s] 68%|██████▊   | 546/805 [07:04<03:21,  1.29it/s] 68%|██████▊   | 547/805 [07:05<03:18,  1.30it/s] 68%|██████▊   | 548/805 [07:05<03:17,  1.30it/s] 68%|██████▊   | 549/805 [07:06<03:15,  1.31it/s] 68%|██████▊   | 550/805 [07:07<03:17,  1.29it/s] 68%|██████▊   | 551/805 [07:08<03:29,  1.21it/s] 69%|██████▊   | 552/805 [07:09<03:27,  1.22it/s] 69%|██████▊   | 553/805 [07:09<03:24,  1.23it/s] 69%|██████▉   | 554/805 [07:10<03:19,  1.26it/s] 69%|██████▉   | 555/805 [07:11<03:12,  1.30it/s] 69%|██████▉   | 556/805 [07:12<03:12,  1.29it/s] 69%|██████▉   | 557/805 [07:13<03:25,  1.21it/s] 69%|██████▉   | 558/805 [07:13<03:16,  1.26it/s] 69%|██████▉   | 559/805 [07:14<03:01,  1.36it/s] 70%|██████▉   | 560/805 [07:15<03:01,  1.35it/s] 70%|██████▉   | 561/805 [07:15<03:00,  1.35it/s] 70%|██████▉   | 562/805 [07:16<03:00,  1.34it/s] 70%|██████▉   | 563/805 [07:17<03:02,  1.32it/s] 70%|███████   | 564/805 [07:18<03:11,  1.26it/s] 70%|███████   | 565/805 [07:19<03:09,  1.27it/s] 70%|███████   | 566/805 [07:19<03:06,  1.28it/s] 70%|███████   | 567/805 [07:20<03:02,  1.31it/s] 71%|███████   | 568/805 [07:21<02:57,  1.34it/s] 71%|███████   | 569/805 [07:22<02:54,  1.35it/s] 71%|███████   | 570/805 [07:23<03:08,  1.25it/s] 71%|███████   | 571/805 [07:23<03:00,  1.30it/s] 71%|███████   | 572/805 [07:24<02:57,  1.31it/s] 71%|███████   | 573/805 [07:25<02:59,  1.30it/s] 71%|███████▏  | 574/805 [07:26<02:55,  1.31it/s] 71%|███████▏  | 575/805 [07:26<02:52,  1.33it/s] 72%|███████▏  | 576/805 [07:27<03:02,  1.26it/s] 72%|███████▏  | 577/805 [07:28<02:59,  1.27it/s] 72%|███████▏  | 578/805 [07:29<02:59,  1.27it/s] 72%|███████▏  | 579/805 [07:29<02:54,  1.30it/s] 72%|███████▏  | 580/805 [07:30<02:54,  1.29it/s] 72%|███████▏  | 581/805 [07:31<02:52,  1.30it/s] 72%|███████▏  | 582/805 [07:32<03:01,  1.23it/s] 72%|███████▏  | 583/805 [07:33<02:46,  1.33it/s] 73%|███████▎  | 584/805 [07:33<02:49,  1.30it/s] 73%|███████▎  | 585/805 [07:34<02:49,  1.30it/s] 73%|███████▎  | 586/805 [07:35<02:46,  1.31it/s] 73%|███████▎  | 587/805 [07:36<02:43,  1.33it/s] 73%|███████▎  | 588/805 [07:36<02:43,  1.32it/s] 73%|███████▎  | 589/805 [07:37<02:32,  1.41it/s] 73%|███████▎  | 590/805 [07:38<02:34,  1.39it/s] 73%|███████▎  | 591/805 [07:38<02:36,  1.37it/s] 74%|███████▎  | 592/805 [07:39<02:34,  1.37it/s] 74%|███████▎  | 593/805 [07:40<02:38,  1.34it/s] 74%|███████▍  | 594/805 [07:41<02:36,  1.35it/s] 74%|███████▍  | 595/805 [07:42<02:46,  1.26it/s] 74%|███████▍  | 596/805 [07:42<02:44,  1.27it/s] 74%|███████▍  | 597/805 [07:43<02:44,  1.27it/s] 74%|███████▍  | 598/805 [07:44<02:41,  1.28it/s] 74%|███████▍  | 599/805 [07:45<02:38,  1.30it/s] 75%|███████▍  | 600/805 [07:45<02:37,  1.30it/s] 75%|███████▍  | 601/805 [07:46<02:38,  1.29it/s] 75%|███████▍  | 602/805 [07:47<02:37,  1.29it/s] 75%|███████▍  | 603/805 [07:48<02:36,  1.29it/s] 75%|███████▌  | 604/805 [07:48<02:25,  1.39it/s] 75%|███████▌  | 605/805 [07:49<02:23,  1.40it/s] 75%|███████▌  | 606/805 [07:50<02:24,  1.38it/s] 75%|███████▌  | 607/805 [07:51<02:21,  1.40it/s] 76%|███████▌  | 608/805 [07:51<02:31,  1.30it/s] 76%|███████▌  | 609/805 [07:52<02:28,  1.32it/s] 76%|███████▌  | 610/805 [07:53<02:24,  1.35it/s] 76%|███████▌  | 611/805 [07:54<02:24,  1.34it/s] 76%|███████▌  | 612/805 [07:54<02:25,  1.33it/s] 76%|███████▌  | 613/805 [07:55<02:21,  1.35it/s] 76%|███████▋  | 614/805 [07:56<02:31,  1.26it/s] 76%|███████▋  | 615/805 [07:57<02:28,  1.28it/s] 77%|███████▋  | 616/805 [07:57<02:25,  1.30it/s] 77%|███████▋  | 617/805 [07:58<02:24,  1.30it/s] 77%|███████▋  | 618/805 [07:59<02:25,  1.29it/s] 77%|███████▋  | 619/805 [08:00<02:24,  1.29it/s] 77%|███████▋  | 620/805 [08:01<02:21,  1.31it/s] 77%|███████▋  | 621/805 [08:01<02:29,  1.23it/s] 77%|███████▋  | 622/805 [08:02<02:25,  1.25it/s] 77%|███████▋  | 623/805 [08:03<02:23,  1.27it/s] 78%|███████▊  | 624/805 [08:04<02:18,  1.31it/s] 78%|███████▊  | 625/805 [08:04<02:09,  1.39it/s] 78%|███████▊  | 626/805 [08:05<02:10,  1.37it/s] 78%|███████▊  | 627/805 [08:06<02:19,  1.28it/s] 78%|███████▊  | 628/805 [08:07<02:15,  1.31it/s] 78%|███████▊  | 629/805 [08:07<02:11,  1.33it/s] 78%|███████▊  | 630/805 [08:08<02:08,  1.36it/s] 78%|███████▊  | 631/805 [08:09<02:08,  1.35it/s] 79%|███████▊  | 632/805 [08:09<02:00,  1.43it/s] 79%|███████▊  | 633/805 [08:10<02:08,  1.34it/s] 79%|███████▉  | 634/805 [08:11<02:00,  1.42it/s] 79%|███████▉  | 635/805 [08:12<01:59,  1.43it/s] 79%|███████▉  | 636/805 [08:12<01:53,  1.49it/s] 79%|███████▉  | 637/805 [08:13<01:54,  1.47it/s] 79%|███████▉  | 638/805 [08:14<01:57,  1.42it/s] 79%|███████▉  | 639/805 [08:14<02:01,  1.37it/s] 80%|███████▉  | 640/805 [08:15<02:11,  1.25it/s] 80%|███████▉  | 641/805 [08:16<02:00,  1.36it/s] 80%|███████▉  | 642/805 [08:17<01:58,  1.38it/s] 80%|███████▉  | 643/805 [08:17<01:58,  1.37it/s] 80%|████████  | 644/805 [08:18<01:57,  1.37it/s] 80%|████████  | 645/805 [08:19<01:59,  1.34it/s] 80%|████████  | 646/805 [08:20<02:04,  1.28it/s] 80%|████████  | 647/805 [08:21<01:59,  1.32it/s] 80%|████████  | 648/805 [08:21<01:51,  1.41it/s] 81%|████████  | 649/805 [08:22<01:45,  1.48it/s] 81%|████████  | 650/805 [08:23<01:49,  1.42it/s] 81%|████████  | 651/805 [08:23<01:51,  1.39it/s] 81%|████████  | 652/805 [08:24<01:52,  1.36it/s] 81%|████████  | 653/805 [08:25<02:00,  1.26it/s] 81%|████████  | 654/805 [08:26<01:58,  1.27it/s] 81%|████████▏ | 655/805 [08:26<01:54,  1.30it/s] 81%|████████▏ | 656/805 [08:27<01:52,  1.33it/s] 82%|████████▏ | 657/805 [08:28<01:50,  1.34it/s] 82%|████████▏ | 658/805 [08:29<01:47,  1.37it/s] 82%|████████▏ | 659/805 [08:29<01:48,  1.35it/s] 82%|████████▏ | 660/805 [08:30<01:41,  1.43it/s] 82%|████████▏ | 661/805 [08:31<01:37,  1.47it/s] 82%|████████▏ | 662/805 [08:31<01:39,  1.44it/s] 82%|████████▏ | 663/805 [08:32<01:41,  1.40it/s] 82%|████████▏ | 664/805 [08:33<01:42,  1.37it/s] 83%|████████▎ | 665/805 [08:34<01:49,  1.28it/s] 83%|████████▎ | 666/805 [08:35<01:47,  1.29it/s] 83%|████████▎ | 667/805 [08:35<01:39,  1.38it/s] 83%|████████▎ | 668/805 [08:36<01:35,  1.44it/s] 83%|████████▎ | 669/805 [08:37<01:35,  1.43it/s] 83%|████████▎ | 670/805 [08:37<01:38,  1.37it/s] 83%|████████▎ | 671/805 [08:38<01:50,  1.21it/s] 83%|████████▎ | 672/805 [08:39<01:48,  1.22it/s] 84%|████████▎ | 673/805 [08:40<01:43,  1.27it/s] 84%|████████▎ | 674/805 [08:40<01:35,  1.37it/s] 84%|████████▍ | 675/805 [08:41<01:35,  1.36it/s] 84%|████████▍ | 676/805 [08:42<01:29,  1.44it/s] 84%|████████▍ | 677/805 [08:43<01:31,  1.39it/s] 84%|████████▍ | 678/805 [08:43<01:37,  1.31it/s] 84%|████████▍ | 679/805 [08:44<01:35,  1.32it/s] 84%|████████▍ | 680/805 [08:45<01:29,  1.40it/s] 85%|████████▍ | 681/805 [08:46<01:29,  1.38it/s] 85%|████████▍ | 682/805 [08:46<01:30,  1.35it/s] 85%|████████▍ | 683/805 [08:47<01:32,  1.32it/s] 85%|████████▍ | 684/805 [08:48<01:35,  1.26it/s] 85%|████████▌ | 685/805 [08:49<01:29,  1.34it/s] 85%|████████▌ | 686/805 [08:49<01:28,  1.35it/s] 85%|████████▌ | 687/805 [08:50<01:22,  1.43it/s] 85%|████████▌ | 688/805 [08:51<01:23,  1.41it/s] 86%|████████▌ | 689/805 [08:52<01:28,  1.30it/s] 86%|████████▌ | 690/805 [08:52<01:27,  1.31it/s] 86%|████████▌ | 691/805 [08:53<01:30,  1.27it/s] 86%|████████▌ | 692/805 [08:54<01:28,  1.27it/s] 86%|████████▌ | 693/805 [08:55<01:25,  1.31it/s] 86%|████████▌ | 694/805 [08:55<01:24,  1.32it/s] 86%|████████▋ | 695/805 [08:56<01:23,  1.32it/s] 86%|████████▋ | 696/805 [08:57<01:23,  1.31it/s] 87%|████████▋ | 697/805 [08:58<01:28,  1.22it/s] 87%|████████▋ | 698/805 [08:59<01:24,  1.27it/s] 87%|████████▋ | 699/805 [08:59<01:23,  1.27it/s] 87%|████████▋ | 700/805 [09:00<01:21,  1.29it/s] 87%|████████▋ | 701/805 [09:01<01:25,  1.21it/s] 87%|████████▋ | 702/805 [09:02<01:20,  1.27it/s] 87%|████████▋ | 703/805 [09:03<01:22,  1.23it/s] 87%|████████▋ | 704/805 [09:04<01:24,  1.19it/s] 88%|████████▊ | 705/805 [09:04<01:22,  1.22it/s] 88%|████████▊ | 706/805 [09:05<01:20,  1.24it/s] 88%|████████▊ | 707/805 [09:06<01:17,  1.27it/s] 88%|████████▊ | 708/805 [09:07<01:15,  1.29it/s] 88%|████████▊ | 709/805 [09:07<01:14,  1.28it/s] 88%|████████▊ | 710/805 [09:08<01:13,  1.30it/s] 88%|████████▊ | 711/805 [09:09<01:10,  1.34it/s] 88%|████████▊ | 712/805 [09:10<01:11,  1.31it/s] 89%|████████▊ | 713/805 [09:11<01:14,  1.24it/s] 89%|████████▊ | 714/805 [09:11<01:11,  1.28it/s] 89%|████████▉ | 715/805 [09:12<01:09,  1.30it/s] 89%|████████▉ | 716/805 [09:13<01:07,  1.31it/s] 89%|████████▉ | 717/805 [09:14<01:06,  1.32it/s] 89%|████████▉ | 718/805 [09:14<01:06,  1.31it/s] 89%|████████▉ | 719/805 [09:15<01:05,  1.32it/s] 89%|████████▉ | 720/805 [09:16<01:03,  1.35it/s] 90%|████████▉ | 721/805 [09:17<01:02,  1.34it/s] 90%|████████▉ | 722/805 [09:17<01:02,  1.33it/s] 90%|████████▉ | 723/805 [09:18<01:05,  1.25it/s] 90%|████████▉ | 724/805 [09:19<01:02,  1.29it/s] 90%|█████████ | 725/805 [09:20<01:02,  1.28it/s] 90%|█████████ | 726/805 [09:20<00:57,  1.37it/s] 90%|█████████ | 727/805 [09:21<00:57,  1.35it/s] 90%|█████████ | 728/805 [09:22<00:56,  1.36it/s] 91%|█████████ | 729/805 [09:23<00:57,  1.32it/s] 91%|█████████ | 730/805 [09:23<00:56,  1.34it/s] 91%|█████████ | 731/805 [09:24<00:59,  1.25it/s] 91%|█████████ | 732/805 [09:25<00:57,  1.28it/s] 91%|█████████ | 733/805 [09:26<00:55,  1.30it/s] 91%|█████████ | 734/805 [09:26<00:54,  1.31it/s] 91%|█████████▏| 735/805 [09:27<00:53,  1.31it/s] 91%|█████████▏| 736/805 [09:28<00:54,  1.26it/s] 92%|█████████▏| 737/805 [09:29<00:53,  1.28it/s] 92%|█████████▏| 738/805 [09:30<00:51,  1.30it/s] 92%|█████████▏| 739/805 [09:30<00:49,  1.34it/s] 92%|█████████▏| 740/805 [09:31<00:48,  1.34it/s] 92%|█████████▏| 741/805 [09:32<00:47,  1.36it/s] 92%|█████████▏| 742/805 [09:33<00:50,  1.24it/s] 92%|█████████▏| 743/805 [09:33<00:48,  1.28it/s] 92%|█████████▏| 744/805 [09:34<00:50,  1.22it/s] 93%|█████████▎| 745/805 [09:35<00:48,  1.23it/s] 93%|█████████▎| 746/805 [09:36<00:47,  1.25it/s] 93%|█████████▎| 747/805 [09:37<00:45,  1.28it/s] 93%|█████████▎| 748/805 [09:37<00:44,  1.29it/s] 93%|█████████▎| 749/805 [09:38<00:43,  1.29it/s] 93%|█████████▎| 750/805 [09:39<00:42,  1.30it/s] 93%|█████████▎| 751/805 [09:40<00:40,  1.33it/s] 93%|█████████▎| 752/805 [09:40<00:37,  1.42it/s] 94%|█████████▎| 753/805 [09:41<00:38,  1.36it/s] 94%|█████████▎| 754/805 [09:42<00:38,  1.33it/s] 94%|█████████▍| 755/805 [09:43<00:40,  1.23it/s] 94%|█████████▍| 756/805 [09:44<00:38,  1.28it/s] 94%|█████████▍| 757/805 [09:44<00:37,  1.29it/s] 94%|█████████▍| 758/805 [09:45<00:36,  1.27it/s] 94%|█████████▍| 759/805 [09:46<00:34,  1.32it/s] 94%|█████████▍| 760/805 [09:47<00:34,  1.31it/s] 95%|█████████▍| 761/805 [09:47<00:33,  1.32it/s] 95%|█████████▍| 762/805 [09:48<00:35,  1.22it/s] 95%|█████████▍| 763/805 [09:49<00:33,  1.24it/s] 95%|█████████▍| 764/805 [09:50<00:32,  1.28it/s] 95%|█████████▌| 765/805 [09:51<00:30,  1.29it/s] 95%|█████████▌| 766/805 [09:51<00:29,  1.31it/s] 95%|█████████▌| 767/805 [09:52<00:28,  1.32it/s] 95%|█████████▌| 768/805 [09:53<00:29,  1.24it/s] 96%|█████████▌| 769/805 [09:54<00:29,  1.24it/s] 96%|█████████▌| 770/805 [09:54<00:27,  1.28it/s] 96%|█████████▌| 771/805 [09:55<00:26,  1.29it/s] 96%|█████████▌| 772/805 [09:56<00:25,  1.29it/s] 96%|█████████▌| 773/805 [09:57<00:24,  1.31it/s] 96%|█████████▌| 774/805 [09:57<00:23,  1.32it/s] 96%|█████████▋| 775/805 [09:58<00:24,  1.23it/s] 96%|█████████▋| 776/805 [09:59<00:22,  1.28it/s] 97%|█████████▋| 777/805 [10:00<00:21,  1.28it/s] 97%|█████████▋| 778/805 [10:01<00:21,  1.28it/s] 97%|█████████▋| 779/805 [10:01<00:20,  1.29it/s] 97%|█████████▋| 780/805 [10:02<00:18,  1.32it/s] 97%|█████████▋| 781/805 [10:03<00:19,  1.24it/s] 97%|█████████▋| 782/805 [10:04<00:17,  1.33it/s] 97%|█████████▋| 783/805 [10:04<00:16,  1.34it/s] 97%|█████████▋| 784/805 [10:05<00:16,  1.31it/s] 98%|█████████▊| 785/805 [10:06<00:15,  1.30it/s] 98%|█████████▊| 786/805 [10:07<00:13,  1.37it/s] 98%|█████████▊| 787/805 [10:08<00:14,  1.25it/s] 98%|█████████▊| 788/805 [10:08<00:13,  1.27it/s] 98%|█████████▊| 789/805 [10:09<00:12,  1.29it/s] 98%|█████████▊| 790/805 [10:10<00:11,  1.32it/s] 98%|█████████▊| 791/805 [10:11<00:10,  1.32it/s] 98%|█████████▊| 792/805 [10:11<00:09,  1.34it/s] 99%|█████████▊| 793/805 [10:12<00:09,  1.31it/s] 99%|█████████▊| 794/805 [10:13<00:07,  1.38it/s] 99%|█████████▉| 795/805 [10:14<00:07,  1.35it/s] 99%|█████████▉| 796/805 [10:14<00:06,  1.34it/s] 99%|█████████▉| 797/805 [10:15<00:06,  1.32it/s] 99%|█████████▉| 798/805 [10:16<00:05,  1.31it/s] 99%|█████████▉| 799/805 [10:17<00:04,  1.23it/s] 99%|█████████▉| 800/805 [10:18<00:03,  1.25it/s]100%|█████████▉| 801/805 [10:18<00:03,  1.27it/s]100%|█████████▉| 802/805 [10:19<00:02,  1.30it/s]100%|█████████▉| 803/805 [10:20<00:01,  1.33it/s]100%|█████████▉| 804/805 [10:21<00:00,  1.31it/s]100%|██████████| 805/805 [10:21<00:00,  1.32it/s]100%|██████████| 805/805 [10:21<00:00,  1.29it/s]
##############################Training epoch: 9/10##############################
  0%|          | 0/805 [00:00<?, ?it/s]  0%|          | 1/805 [00:01<14:23,  1.07s/it]  0%|          | 2/805 [00:01<11:38,  1.15it/s]  0%|          | 3/805 [00:02<10:57,  1.22it/s]  0%|          | 4/805 [00:03<09:44,  1.37it/s]  1%|          | 5/805 [00:03<10:01,  1.33it/s]  1%|          | 6/805 [00:04<10:01,  1.33it/s]  1%|          | 7/805 [00:05<10:52,  1.22it/s]  1%|          | 8/805 [00:06<10:30,  1.26it/s]  1%|          | 9/805 [00:07<10:27,  1.27it/s]  1%|          | 10/805 [00:07<10:31,  1.26it/s]  1%|▏         | 11/805 [00:08<10:31,  1.26it/s]  1%|▏         | 12/805 [00:09<10:13,  1.29it/s]  2%|▏         | 13/805 [00:10<10:15,  1.29it/s]  2%|▏         | 14/805 [00:11<10:11,  1.29it/s]  2%|▏         | 15/805 [00:11<10:13,  1.29it/s]  2%|▏         | 16/805 [00:12<10:05,  1.30it/s]  2%|▏         | 17/805 [00:13<10:07,  1.30it/s]  2%|▏         | 18/805 [00:14<10:14,  1.28it/s]  2%|▏         | 19/805 [00:14<09:28,  1.38it/s]  2%|▏         | 20/805 [00:15<10:07,  1.29it/s]  3%|▎         | 21/805 [00:16<10:06,  1.29it/s]  3%|▎         | 22/805 [00:17<10:00,  1.30it/s]  3%|▎         | 23/805 [00:17<09:54,  1.32it/s]  3%|▎         | 24/805 [00:18<09:38,  1.35it/s]  3%|▎         | 25/805 [00:19<09:37,  1.35it/s]  3%|▎         | 26/805 [00:20<10:49,  1.20it/s]  3%|▎         | 27/805 [00:21<10:40,  1.21it/s]  3%|▎         | 28/805 [00:21<10:26,  1.24it/s]  4%|▎         | 29/805 [00:22<09:45,  1.33it/s]  4%|▎         | 30/805 [00:23<09:54,  1.30it/s]  4%|▍         | 31/805 [00:24<10:05,  1.28it/s]  4%|▍         | 32/805 [00:25<11:08,  1.16it/s]  4%|▍         | 33/805 [00:26<10:50,  1.19it/s]  4%|▍         | 34/805 [00:26<10:35,  1.21it/s]  4%|▍         | 35/805 [00:27<10:16,  1.25it/s]  4%|▍         | 36/805 [00:28<10:10,  1.26it/s]  5%|▍         | 37/805 [00:29<10:09,  1.26it/s]  5%|▍         | 38/805 [00:30<10:26,  1.22it/s]  5%|▍         | 39/805 [00:30<09:39,  1.32it/s]  5%|▍         | 40/805 [00:31<09:47,  1.30it/s]  5%|▌         | 41/805 [00:32<09:43,  1.31it/s]  5%|▌         | 42/805 [00:32<09:05,  1.40it/s]  5%|▌         | 43/805 [00:33<09:13,  1.38it/s]  5%|▌         | 44/805 [00:34<09:13,  1.38it/s]  6%|▌         | 45/805 [00:35<09:40,  1.31it/s]  6%|▌         | 46/805 [00:35<09:46,  1.29it/s]  6%|▌         | 47/805 [00:36<09:40,  1.30it/s]  6%|▌         | 48/805 [00:37<09:33,  1.32it/s]  6%|▌         | 49/805 [00:38<09:02,  1.39it/s]  6%|▌         | 50/805 [00:38<09:03,  1.39it/s]  6%|▋         | 51/805 [00:39<09:32,  1.32it/s]  6%|▋         | 52/805 [00:40<09:39,  1.30it/s]  7%|▋         | 53/805 [00:41<09:45,  1.29it/s]  7%|▋         | 54/805 [00:42<09:50,  1.27it/s]  7%|▋         | 55/805 [00:42<09:30,  1.31it/s]  7%|▋         | 56/805 [00:43<09:17,  1.34it/s]  7%|▋         | 57/805 [00:44<09:48,  1.27it/s]  7%|▋         | 58/805 [00:45<09:35,  1.30it/s]  7%|▋         | 59/805 [00:45<08:57,  1.39it/s]  7%|▋         | 60/805 [00:46<09:08,  1.36it/s]  8%|▊         | 61/805 [00:47<09:16,  1.34it/s]  8%|▊         | 62/805 [00:47<09:09,  1.35it/s]  8%|▊         | 63/805 [00:48<09:52,  1.25it/s]  8%|▊         | 64/805 [00:49<09:28,  1.30it/s]  8%|▊         | 65/805 [00:50<09:29,  1.30it/s]  8%|▊         | 66/805 [00:51<09:22,  1.31it/s]  8%|▊         | 67/805 [00:51<08:52,  1.39it/s]  8%|▊         | 68/805 [00:52<08:59,  1.37it/s]  9%|▊         | 69/805 [00:53<09:45,  1.26it/s]  9%|▊         | 70/805 [00:54<09:35,  1.28it/s]  9%|▉         | 71/805 [00:54<09:29,  1.29it/s]  9%|▉         | 72/805 [00:55<09:32,  1.28it/s]  9%|▉         | 73/805 [00:56<09:28,  1.29it/s]  9%|▉         | 74/805 [00:57<09:17,  1.31it/s]  9%|▉         | 75/805 [00:57<09:03,  1.34it/s]  9%|▉         | 76/805 [00:58<09:29,  1.28it/s] 10%|▉         | 77/805 [00:59<09:31,  1.27it/s] 10%|▉         | 78/805 [01:00<09:15,  1.31it/s] 10%|▉         | 79/805 [01:01<09:14,  1.31it/s] 10%|▉         | 80/805 [01:01<09:10,  1.32it/s] 10%|█         | 81/805 [01:02<09:14,  1.31it/s] 10%|█         | 82/805 [01:03<09:55,  1.21it/s] 10%|█         | 83/805 [01:04<09:45,  1.23it/s] 10%|█         | 84/805 [01:05<09:37,  1.25it/s] 11%|█         | 85/805 [01:05<09:33,  1.26it/s] 11%|█         | 86/805 [01:06<09:29,  1.26it/s] 11%|█         | 87/805 [01:07<08:48,  1.36it/s] 11%|█         | 88/805 [01:08<09:00,  1.33it/s] 11%|█         | 89/805 [01:08<09:05,  1.31it/s] 11%|█         | 90/805 [01:09<09:13,  1.29it/s] 11%|█▏        | 91/805 [01:10<09:05,  1.31it/s] 11%|█▏        | 92/805 [01:11<08:57,  1.33it/s] 12%|█▏        | 93/805 [01:11<08:25,  1.41it/s] 12%|█▏        | 94/805 [01:12<08:36,  1.38it/s] 12%|█▏        | 95/805 [01:13<09:03,  1.31it/s] 12%|█▏        | 96/805 [01:14<09:04,  1.30it/s] 12%|█▏        | 97/805 [01:14<09:00,  1.31it/s] 12%|█▏        | 98/805 [01:15<08:25,  1.40it/s] 12%|█▏        | 99/805 [01:16<08:33,  1.38it/s] 12%|█▏        | 100/805 [01:16<08:36,  1.36it/s] 13%|█▎        | 101/805 [01:17<09:26,  1.24it/s] 13%|█▎        | 102/805 [01:18<09:18,  1.26it/s] 13%|█▎        | 103/805 [01:19<08:42,  1.34it/s] 13%|█▎        | 104/805 [01:20<08:50,  1.32it/s] 13%|█▎        | 105/805 [01:21<09:22,  1.24it/s] 13%|█▎        | 106/805 [01:21<08:39,  1.35it/s] 13%|█▎        | 107/805 [01:22<08:16,  1.40it/s] 13%|█▎        | 108/805 [01:23<08:50,  1.31it/s] 14%|█▎        | 109/805 [01:23<08:39,  1.34it/s] 14%|█▎        | 110/805 [01:24<08:33,  1.35it/s] 14%|█▍        | 111/805 [01:25<08:26,  1.37it/s] 14%|█▍        | 112/805 [01:26<09:03,  1.27it/s] 14%|█▍        | 113/805 [01:26<08:54,  1.30it/s] 14%|█▍        | 114/805 [01:27<09:24,  1.22it/s] 14%|█▍        | 115/805 [01:28<09:12,  1.25it/s] 14%|█▍        | 116/805 [01:29<08:54,  1.29it/s] 15%|█▍        | 117/805 [01:30<08:57,  1.28it/s] 15%|█▍        | 118/805 [01:30<08:57,  1.28it/s] 15%|█▍        | 119/805 [01:31<08:48,  1.30it/s] 15%|█▍        | 120/805 [01:32<08:49,  1.29it/s] 15%|█▌        | 121/805 [01:33<09:18,  1.22it/s] 15%|█▌        | 122/805 [01:34<09:08,  1.24it/s] 15%|█▌        | 123/805 [01:34<09:02,  1.26it/s] 15%|█▌        | 124/805 [01:35<08:45,  1.30it/s] 16%|█▌        | 125/805 [01:36<08:47,  1.29it/s] 16%|█▌        | 126/805 [01:37<08:33,  1.32it/s] 16%|█▌        | 127/805 [01:37<08:37,  1.31it/s] 16%|█▌        | 128/805 [01:38<08:28,  1.33it/s] 16%|█▌        | 129/805 [01:39<08:33,  1.32it/s] 16%|█▌        | 130/805 [01:40<08:26,  1.33it/s] 16%|█▋        | 131/805 [01:40<08:21,  1.34it/s] 16%|█▋        | 132/805 [01:41<08:52,  1.26it/s] 17%|█▋        | 133/805 [01:42<08:52,  1.26it/s] 17%|█▋        | 134/805 [01:43<09:10,  1.22it/s] 17%|█▋        | 135/805 [01:44<09:02,  1.24it/s] 17%|█▋        | 136/805 [01:44<08:47,  1.27it/s] 17%|█▋        | 137/805 [01:45<08:34,  1.30it/s] 17%|█▋        | 138/805 [01:46<08:21,  1.33it/s] 17%|█▋        | 139/805 [01:47<08:28,  1.31it/s] 17%|█▋        | 140/805 [01:48<08:55,  1.24it/s] 18%|█▊        | 141/805 [01:48<08:34,  1.29it/s] 18%|█▊        | 142/805 [01:49<08:26,  1.31it/s] 18%|█▊        | 143/805 [01:50<08:19,  1.32it/s] 18%|█▊        | 144/805 [01:50<08:10,  1.35it/s] 18%|█▊        | 145/805 [01:51<07:42,  1.43it/s] 18%|█▊        | 146/805 [01:52<07:41,  1.43it/s] 18%|█▊        | 147/805 [01:53<08:25,  1.30it/s] 18%|█▊        | 148/805 [01:53<08:27,  1.29it/s] 19%|█▊        | 149/805 [01:54<08:16,  1.32it/s] 19%|█▊        | 150/805 [01:55<08:08,  1.34it/s] 19%|█▉        | 151/805 [01:56<08:12,  1.33it/s] 19%|█▉        | 152/805 [01:56<08:15,  1.32it/s] 19%|█▉        | 153/805 [01:57<08:45,  1.24it/s] 19%|█▉        | 154/805 [01:58<08:30,  1.27it/s] 19%|█▉        | 155/805 [01:59<08:17,  1.31it/s] 19%|█▉        | 156/805 [02:00<08:03,  1.34it/s] 20%|█▉        | 157/805 [02:00<07:36,  1.42it/s] 20%|█▉        | 158/805 [02:01<07:43,  1.40it/s] 20%|█▉        | 159/805 [02:02<08:20,  1.29it/s] 20%|█▉        | 160/805 [02:03<08:48,  1.22it/s] 20%|██        | 161/805 [02:04<09:03,  1.19it/s] 20%|██        | 162/805 [02:04<08:36,  1.25it/s] 20%|██        | 163/805 [02:05<08:23,  1.27it/s] 20%|██        | 164/805 [02:06<08:26,  1.27it/s] 20%|██        | 165/805 [02:07<08:19,  1.28it/s] 21%|██        | 166/805 [02:08<08:39,  1.23it/s] 21%|██        | 167/805 [02:08<08:29,  1.25it/s] 21%|██        | 168/805 [02:09<08:18,  1.28it/s] 21%|██        | 169/805 [02:10<08:11,  1.29it/s] 21%|██        | 170/805 [02:11<08:10,  1.29it/s] 21%|██        | 171/805 [02:11<08:11,  1.29it/s] 21%|██▏       | 172/805 [02:12<08:39,  1.22it/s] 21%|██▏       | 173/805 [02:13<08:30,  1.24it/s] 22%|██▏       | 174/805 [02:14<08:21,  1.26it/s] 22%|██▏       | 175/805 [02:14<07:43,  1.36it/s] 22%|██▏       | 176/805 [02:15<07:37,  1.37it/s] 22%|██▏       | 177/805 [02:16<07:13,  1.45it/s] 22%|██▏       | 178/805 [02:16<07:15,  1.44it/s] 22%|██▏       | 179/805 [02:17<07:45,  1.35it/s] 22%|██▏       | 180/805 [02:18<07:48,  1.33it/s] 22%|██▏       | 181/805 [02:19<07:46,  1.34it/s] 23%|██▎       | 182/805 [02:20<07:46,  1.34it/s] 23%|██▎       | 183/805 [02:20<07:43,  1.34it/s] 23%|██▎       | 184/805 [02:21<07:43,  1.34it/s] 23%|██▎       | 185/805 [02:22<08:45,  1.18it/s] 23%|██▎       | 186/805 [02:23<07:56,  1.30it/s] 23%|██▎       | 187/805 [02:23<07:53,  1.30it/s] 23%|██▎       | 188/805 [02:24<07:55,  1.30it/s] 23%|██▎       | 189/805 [02:25<07:46,  1.32it/s] 24%|██▎       | 190/805 [02:26<07:43,  1.33it/s] 24%|██▎       | 191/805 [02:26<07:38,  1.34it/s] 24%|██▍       | 192/805 [02:27<08:07,  1.26it/s] 24%|██▍       | 193/805 [02:28<07:55,  1.29it/s] 24%|██▍       | 194/805 [02:29<07:27,  1.37it/s] 24%|██▍       | 195/805 [02:29<07:34,  1.34it/s] 24%|██▍       | 196/805 [02:30<07:14,  1.40it/s] 24%|██▍       | 197/805 [02:31<07:10,  1.41it/s] 25%|██▍       | 198/805 [02:32<07:16,  1.39it/s] 25%|██▍       | 199/805 [02:32<07:22,  1.37it/s] 25%|██▍       | 200/805 [02:33<07:34,  1.33it/s] 25%|██▍       | 201/805 [02:34<07:38,  1.32it/s] 25%|██▌       | 202/805 [02:35<07:13,  1.39it/s] 25%|██▌       | 203/805 [02:35<07:24,  1.35it/s] 25%|██▌       | 204/805 [02:36<07:19,  1.37it/s] 25%|██▌       | 205/805 [02:37<07:43,  1.29it/s] 26%|██▌       | 206/805 [02:38<07:34,  1.32it/s] 26%|██▌       | 207/805 [02:38<07:29,  1.33it/s] 26%|██▌       | 208/805 [02:39<07:37,  1.31it/s] 26%|██▌       | 209/805 [02:40<07:25,  1.34it/s] 26%|██▌       | 210/805 [02:41<07:28,  1.33it/s] 26%|██▌       | 211/805 [02:42<07:52,  1.26it/s] 26%|██▋       | 212/805 [02:42<07:40,  1.29it/s] 26%|██▋       | 213/805 [02:43<07:41,  1.28it/s] 27%|██▋       | 214/805 [02:44<07:35,  1.30it/s] 27%|██▋       | 215/805 [02:45<07:32,  1.30it/s] 27%|██▋       | 216/805 [02:45<07:29,  1.31it/s] 27%|██▋       | 217/805 [02:46<07:56,  1.23it/s] 27%|██▋       | 218/805 [02:47<07:50,  1.25it/s] 27%|██▋       | 219/805 [02:48<07:42,  1.27it/s] 27%|██▋       | 220/805 [02:48<07:28,  1.30it/s] 27%|██▋       | 221/805 [02:49<07:27,  1.31it/s] 28%|██▊       | 222/805 [02:50<07:24,  1.31it/s] 28%|██▊       | 223/805 [02:51<07:19,  1.32it/s] 28%|██▊       | 224/805 [02:52<07:20,  1.32it/s] 28%|██▊       | 225/805 [02:52<06:49,  1.41it/s] 28%|██▊       | 226/805 [02:53<06:57,  1.39it/s] 28%|██▊       | 227/805 [02:54<06:59,  1.38it/s] 28%|██▊       | 228/805 [02:54<06:59,  1.38it/s] 28%|██▊       | 229/805 [02:55<06:57,  1.38it/s] 29%|██▊       | 230/805 [02:56<07:21,  1.30it/s] 29%|██▊       | 231/805 [02:57<07:16,  1.31it/s] 29%|██▉       | 232/805 [02:57<07:18,  1.31it/s] 29%|██▉       | 233/805 [02:58<07:14,  1.32it/s] 29%|██▉       | 234/805 [02:59<07:08,  1.33it/s] 29%|██▉       | 235/805 [02:59<06:39,  1.43it/s] 29%|██▉       | 236/805 [03:00<07:12,  1.32it/s] 29%|██▉       | 237/805 [03:01<07:06,  1.33it/s] 30%|██▉       | 238/805 [03:02<07:02,  1.34it/s] 30%|██▉       | 239/805 [03:03<07:04,  1.33it/s] 30%|██▉       | 240/805 [03:03<07:29,  1.26it/s] 30%|██▉       | 241/805 [03:04<07:27,  1.26it/s] 30%|███       | 242/805 [03:05<07:41,  1.22it/s] 30%|███       | 243/805 [03:06<07:26,  1.26it/s] 30%|███       | 244/805 [03:07<07:20,  1.27it/s] 30%|███       | 245/805 [03:07<07:16,  1.28it/s] 31%|███       | 246/805 [03:08<07:07,  1.31it/s] 31%|███       | 247/805 [03:09<06:58,  1.33it/s] 31%|███       | 248/805 [03:09<06:30,  1.43it/s] 31%|███       | 249/805 [03:10<07:01,  1.32it/s] 31%|███       | 250/805 [03:11<07:03,  1.31it/s] 31%|███       | 251/805 [03:12<07:03,  1.31it/s] 31%|███▏      | 252/805 [03:12<06:33,  1.40it/s] 31%|███▏      | 253/805 [03:13<06:43,  1.37it/s] 32%|███▏      | 254/805 [03:14<06:48,  1.35it/s] 32%|███▏      | 255/805 [03:15<07:15,  1.26it/s] 32%|███▏      | 256/805 [03:16<07:04,  1.29it/s] 32%|███▏      | 257/805 [03:16<06:56,  1.32it/s] 32%|███▏      | 258/805 [03:17<06:48,  1.34it/s] 32%|███▏      | 259/805 [03:18<06:42,  1.36it/s] 32%|███▏      | 260/805 [03:19<06:42,  1.35it/s] 32%|███▏      | 261/805 [03:19<06:24,  1.41it/s] 33%|███▎      | 262/805 [03:20<06:58,  1.30it/s] 33%|███▎      | 263/805 [03:21<06:56,  1.30it/s] 33%|███▎      | 264/805 [03:22<07:02,  1.28it/s] 33%|███▎      | 265/805 [03:22<06:58,  1.29it/s] 33%|███▎      | 266/805 [03:23<06:49,  1.32it/s] 33%|███▎      | 267/805 [03:24<06:47,  1.32it/s] 33%|███▎      | 268/805 [03:25<07:30,  1.19it/s] 33%|███▎      | 269/805 [03:26<07:13,  1.24it/s] 34%|███▎      | 270/805 [03:26<06:55,  1.29it/s] 34%|███▎      | 271/805 [03:27<06:44,  1.32it/s] 34%|███▍      | 272/805 [03:28<06:47,  1.31it/s] 34%|███▍      | 273/805 [03:29<06:23,  1.39it/s] 34%|███▍      | 274/805 [03:29<06:26,  1.37it/s] 34%|███▍      | 275/805 [03:30<06:59,  1.26it/s] 34%|███▍      | 276/805 [03:31<06:34,  1.34it/s] 34%|███▍      | 277/805 [03:32<06:40,  1.32it/s] 35%|███▍      | 278/805 [03:32<06:19,  1.39it/s] 35%|███▍      | 279/805 [03:33<06:28,  1.35it/s] 35%|███▍      | 280/805 [03:34<06:06,  1.43it/s] 35%|███▍      | 281/805 [03:35<06:51,  1.27it/s] 35%|███▌      | 282/805 [03:35<06:21,  1.37it/s] 35%|███▌      | 283/805 [03:36<06:00,  1.45it/s] 35%|███▌      | 284/805 [03:37<06:07,  1.42it/s] 35%|███▌      | 285/805 [03:37<05:51,  1.48it/s] 36%|███▌      | 286/805 [03:38<06:01,  1.44it/s] 36%|███▌      | 287/805 [03:39<06:09,  1.40it/s] 36%|███▌      | 288/805 [03:40<06:46,  1.27it/s] 36%|███▌      | 289/805 [03:40<06:35,  1.30it/s] 36%|███▌      | 290/805 [03:41<06:23,  1.34it/s] 36%|███▌      | 291/805 [03:42<06:17,  1.36it/s] 36%|███▋      | 292/805 [03:43<06:23,  1.34it/s] 36%|███▋      | 293/805 [03:43<06:27,  1.32it/s] 37%|███▋      | 294/805 [03:44<06:54,  1.23it/s] 37%|███▋      | 295/805 [03:45<06:45,  1.26it/s] 37%|███▋      | 296/805 [03:46<06:37,  1.28it/s] 37%|███▋      | 297/805 [03:47<06:38,  1.28it/s] 37%|███▋      | 298/805 [03:47<06:28,  1.31it/s] 37%|███▋      | 299/805 [03:48<06:00,  1.40it/s] 37%|███▋      | 300/805 [03:49<06:08,  1.37it/s] 37%|███▋      | 301/805 [03:50<06:30,  1.29it/s] 38%|███▊      | 302/805 [03:50<06:29,  1.29it/s] 38%|███▊      | 303/805 [03:51<06:21,  1.32it/s] 38%|███▊      | 304/805 [03:52<06:19,  1.32it/s] 38%|███▊      | 305/805 [03:52<06:08,  1.36it/s] 38%|███▊      | 306/805 [03:53<05:49,  1.43it/s] 38%|███▊      | 307/805 [03:54<06:28,  1.28it/s] 38%|███▊      | 308/805 [03:55<06:25,  1.29it/s] 38%|███▊      | 309/805 [03:56<06:18,  1.31it/s] 39%|███▊      | 310/805 [03:56<06:19,  1.30it/s] 39%|███▊      | 311/805 [03:57<05:55,  1.39it/s] 39%|███▉      | 312/805 [03:58<06:01,  1.37it/s] 39%|███▉      | 313/805 [03:58<06:07,  1.34it/s] 39%|███▉      | 314/805 [03:59<06:33,  1.25it/s] 39%|███▉      | 315/805 [04:00<06:25,  1.27it/s] 39%|███▉      | 316/805 [04:01<06:41,  1.22it/s] 39%|███▉      | 317/805 [04:02<06:30,  1.25it/s] 40%|███▉      | 318/805 [04:03<06:23,  1.27it/s] 40%|███▉      | 319/805 [04:03<06:13,  1.30it/s] 40%|███▉      | 320/805 [04:04<06:35,  1.23it/s] 40%|███▉      | 321/805 [04:05<06:17,  1.28it/s] 40%|████      | 322/805 [04:06<05:50,  1.38it/s] 40%|████      | 323/805 [04:06<05:56,  1.35it/s] 40%|████      | 324/805 [04:07<05:56,  1.35it/s] 40%|████      | 325/805 [04:08<05:55,  1.35it/s] 40%|████      | 326/805 [04:09<06:20,  1.26it/s] 41%|████      | 327/805 [04:09<05:56,  1.34it/s] 41%|████      | 328/805 [04:10<05:57,  1.33it/s] 41%|████      | 329/805 [04:11<05:52,  1.35it/s] 41%|████      | 330/805 [04:12<06:14,  1.27it/s] 41%|████      | 331/805 [04:12<06:12,  1.27it/s] 41%|████      | 332/805 [04:13<05:58,  1.32it/s] 41%|████▏     | 333/805 [04:14<06:28,  1.22it/s] 41%|████▏     | 334/805 [04:15<06:15,  1.25it/s] 42%|████▏     | 335/805 [04:16<06:03,  1.29it/s] 42%|████▏     | 336/805 [04:16<06:05,  1.28it/s] 42%|████▏     | 337/805 [04:17<05:56,  1.31it/s] 42%|████▏     | 338/805 [04:18<05:50,  1.33it/s] 42%|████▏     | 339/805 [04:19<06:15,  1.24it/s] 42%|████▏     | 340/805 [04:19<05:46,  1.34it/s] 42%|████▏     | 341/805 [04:20<05:42,  1.35it/s] 42%|████▏     | 342/805 [04:21<05:24,  1.43it/s] 43%|████▎     | 343/805 [04:21<05:36,  1.37it/s] 43%|████▎     | 344/805 [04:22<05:18,  1.45it/s] 43%|████▎     | 345/805 [04:23<05:25,  1.41it/s] 43%|████▎     | 346/805 [04:24<05:54,  1.29it/s] 43%|████▎     | 347/805 [04:24<05:31,  1.38it/s] 43%|████▎     | 348/805 [04:25<05:13,  1.46it/s] 43%|████▎     | 349/805 [04:26<05:17,  1.44it/s] 43%|████▎     | 350/805 [04:27<05:44,  1.32it/s] 44%|████▎     | 351/805 [04:27<05:38,  1.34it/s] 44%|████▎     | 352/805 [04:28<05:44,  1.31it/s] 44%|████▍     | 353/805 [04:29<05:44,  1.31it/s] 44%|████▍     | 354/805 [04:30<05:46,  1.30it/s] 44%|████▍     | 355/805 [04:30<05:44,  1.31it/s] 44%|████▍     | 356/805 [04:31<05:36,  1.33it/s] 44%|████▍     | 357/805 [04:32<05:31,  1.35it/s] 44%|████▍     | 358/805 [04:33<05:52,  1.27it/s] 45%|████▍     | 359/805 [04:33<05:41,  1.31it/s] 45%|████▍     | 360/805 [04:34<05:45,  1.29it/s] 45%|████▍     | 361/805 [04:35<05:42,  1.30it/s] 45%|████▍     | 362/805 [04:36<05:59,  1.23it/s] 45%|████▌     | 363/805 [04:37<05:46,  1.28it/s] 45%|████▌     | 364/805 [04:37<05:39,  1.30it/s] 45%|████▌     | 365/805 [04:38<05:42,  1.28it/s] 45%|████▌     | 366/805 [04:39<05:39,  1.29it/s] 46%|████▌     | 367/805 [04:40<05:41,  1.28it/s] 46%|████▌     | 368/805 [04:40<05:19,  1.37it/s] 46%|████▌     | 369/805 [04:41<05:23,  1.35it/s] 46%|████▌     | 370/805 [04:42<05:05,  1.42it/s] 46%|████▌     | 371/805 [04:43<05:35,  1.29it/s] 46%|████▌     | 372/805 [04:43<05:34,  1.30it/s] 46%|████▋     | 373/805 [04:44<05:27,  1.32it/s] 46%|████▋     | 374/805 [04:45<05:20,  1.35it/s] 47%|████▋     | 375/805 [04:46<05:26,  1.32it/s] 47%|████▋     | 376/805 [04:46<05:29,  1.30it/s] 47%|████▋     | 377/805 [04:47<05:29,  1.30it/s] 47%|████▋     | 378/805 [04:48<05:51,  1.22it/s] 47%|████▋     | 379/805 [04:49<06:00,  1.18it/s] 47%|████▋     | 380/805 [04:50<05:44,  1.23it/s] 47%|████▋     | 381/805 [04:51<05:37,  1.26it/s] 47%|████▋     | 382/805 [04:51<05:35,  1.26it/s] 48%|████▊     | 383/805 [04:52<05:35,  1.26it/s] 48%|████▊     | 384/805 [04:53<05:50,  1.20it/s] 48%|████▊     | 385/805 [04:54<05:42,  1.23it/s] 48%|████▊     | 386/805 [04:55<05:53,  1.19it/s] 48%|████▊     | 387/805 [04:56<05:41,  1.22it/s] 48%|████▊     | 388/805 [04:56<05:13,  1.33it/s] 48%|████▊     | 389/805 [04:57<05:12,  1.33it/s] 48%|████▊     | 390/805 [04:58<05:49,  1.19it/s] 49%|████▊     | 391/805 [04:59<05:36,  1.23it/s] 49%|████▊     | 392/805 [04:59<05:26,  1.26it/s] 49%|████▉     | 393/805 [05:00<05:22,  1.28it/s] 49%|████▉     | 394/805 [05:01<05:17,  1.30it/s] 49%|████▉     | 395/805 [05:02<05:11,  1.31it/s] 49%|████▉     | 396/805 [05:02<05:08,  1.33it/s] 49%|████▉     | 397/805 [05:03<05:26,  1.25it/s] 49%|████▉     | 398/805 [05:04<05:23,  1.26it/s] 50%|████▉     | 399/805 [05:05<05:14,  1.29it/s] 50%|████▉     | 400/805 [05:06<05:16,  1.28it/s] 50%|████▉     | 401/805 [05:06<04:54,  1.37it/s] 50%|████▉     | 402/805 [05:07<04:52,  1.38it/s] 50%|█████     | 403/805 [05:08<05:06,  1.31it/s] 50%|█████     | 404/805 [05:08<04:58,  1.34it/s] 50%|█████     | 405/805 [05:09<05:01,  1.33it/s] 50%|█████     | 406/805 [05:10<05:00,  1.33it/s] 51%|█████     | 407/805 [05:11<04:40,  1.42it/s] 51%|█████     | 408/805 [05:11<04:40,  1.41it/s] 51%|█████     | 409/805 [05:12<05:02,  1.31it/s] 51%|█████     | 410/805 [05:13<04:57,  1.33it/s] 51%|█████     | 411/805 [05:14<04:54,  1.34it/s] 51%|█████     | 412/805 [05:14<04:55,  1.33it/s] 51%|█████▏    | 413/805 [05:15<04:54,  1.33it/s] 51%|█████▏    | 414/805 [05:16<04:39,  1.40it/s] 52%|█████▏    | 415/805 [05:17<05:00,  1.30it/s] 52%|█████▏    | 416/805 [05:17<04:53,  1.32it/s] 52%|█████▏    | 417/805 [05:18<04:52,  1.33it/s] 52%|█████▏    | 418/805 [05:19<04:51,  1.33it/s] 52%|█████▏    | 419/805 [05:20<04:47,  1.34it/s] 52%|█████▏    | 420/805 [05:20<04:30,  1.42it/s] 52%|█████▏    | 421/805 [05:21<04:33,  1.40it/s] 52%|█████▏    | 422/805 [05:22<04:56,  1.29it/s] 53%|█████▎    | 423/805 [05:23<04:53,  1.30it/s] 53%|█████▎    | 424/805 [05:23<04:52,  1.30it/s] 53%|█████▎    | 425/805 [05:24<04:54,  1.29it/s] 53%|█████▎    | 426/805 [05:25<04:55,  1.28it/s] 53%|█████▎    | 427/805 [05:26<04:54,  1.28it/s] 53%|█████▎    | 428/805 [05:27<05:27,  1.15it/s] 53%|█████▎    | 429/805 [05:27<04:56,  1.27it/s] 53%|█████▎    | 430/805 [05:28<04:48,  1.30it/s] 54%|█████▎    | 431/805 [05:29<04:50,  1.29it/s] 54%|█████▎    | 432/805 [05:30<04:30,  1.38it/s] 54%|█████▍    | 433/805 [05:30<04:27,  1.39it/s] 54%|█████▍    | 434/805 [05:31<04:26,  1.39it/s] 54%|█████▍    | 435/805 [05:32<04:30,  1.37it/s] 54%|█████▍    | 436/805 [05:32<04:14,  1.45it/s] 54%|█████▍    | 437/805 [05:33<04:19,  1.42it/s] 54%|█████▍    | 438/805 [05:34<04:23,  1.39it/s] 55%|█████▍    | 439/805 [05:35<04:25,  1.38it/s] 55%|█████▍    | 440/805 [05:35<04:09,  1.46it/s] 55%|█████▍    | 441/805 [05:36<04:28,  1.35it/s] 55%|█████▍    | 442/805 [05:37<04:30,  1.34it/s] 55%|█████▌    | 443/805 [05:38<04:26,  1.36it/s] 55%|█████▌    | 444/805 [05:38<04:26,  1.35it/s] 55%|█████▌    | 445/805 [05:39<04:23,  1.36it/s] 55%|█████▌    | 446/805 [05:40<04:22,  1.37it/s] 56%|█████▌    | 447/805 [05:40<04:22,  1.36it/s] 56%|█████▌    | 448/805 [05:42<04:58,  1.20it/s] 56%|█████▌    | 449/805 [05:42<04:47,  1.24it/s] 56%|█████▌    | 450/805 [05:43<04:38,  1.27it/s] 56%|█████▌    | 451/805 [05:44<04:33,  1.29it/s] 56%|█████▌    | 452/805 [05:44<04:17,  1.37it/s] 56%|█████▋    | 453/805 [05:45<04:17,  1.37it/s] 56%|█████▋    | 454/805 [05:46<04:36,  1.27it/s] 57%|█████▋    | 455/805 [05:47<04:25,  1.32it/s] 57%|█████▋    | 456/805 [05:47<04:20,  1.34it/s] 57%|█████▋    | 457/805 [05:48<04:22,  1.32it/s] 57%|█████▋    | 458/805 [05:49<04:17,  1.35it/s] 57%|█████▋    | 459/805 [05:50<04:13,  1.37it/s] 57%|█████▋    | 460/805 [05:50<04:02,  1.42it/s] 57%|█████▋    | 461/805 [05:51<04:24,  1.30it/s] 57%|█████▋    | 462/805 [05:52<04:20,  1.32it/s] 58%|█████▊    | 463/805 [05:53<04:04,  1.40it/s] 58%|█████▊    | 464/805 [05:53<04:07,  1.38it/s] 58%|█████▊    | 465/805 [05:54<04:05,  1.39it/s] 58%|█████▊    | 466/805 [05:55<04:11,  1.35it/s] 58%|█████▊    | 467/805 [05:56<04:31,  1.25it/s] 58%|█████▊    | 468/805 [05:56<04:10,  1.35it/s] 58%|█████▊    | 469/805 [05:57<04:09,  1.35it/s] 58%|█████▊    | 470/805 [05:58<04:11,  1.33it/s] 59%|█████▊    | 471/805 [05:59<04:12,  1.33it/s] 59%|█████▊    | 472/805 [05:59<04:07,  1.35it/s] 59%|█████▉    | 473/805 [06:00<04:22,  1.27it/s] 59%|█████▉    | 474/805 [06:01<04:20,  1.27it/s] 59%|█████▉    | 475/805 [06:02<04:19,  1.27it/s] 59%|█████▉    | 476/805 [06:03<04:11,  1.31it/s] 59%|█████▉    | 477/805 [06:03<04:11,  1.30it/s] 59%|█████▉    | 478/805 [06:04<03:56,  1.38it/s] 60%|█████▉    | 479/805 [06:05<03:46,  1.44it/s] 60%|█████▉    | 480/805 [06:05<04:02,  1.34it/s] 60%|█████▉    | 481/805 [06:06<03:59,  1.36it/s] 60%|█████▉    | 482/805 [06:07<04:01,  1.34it/s] 60%|██████    | 483/805 [06:08<03:48,  1.41it/s] 60%|██████    | 484/805 [06:08<03:54,  1.37it/s] 60%|██████    | 485/805 [06:09<03:57,  1.35it/s] 60%|██████    | 486/805 [06:10<04:13,  1.26it/s] 60%|██████    | 487/805 [06:11<04:09,  1.27it/s] 61%|██████    | 488/805 [06:11<04:03,  1.30it/s] 61%|██████    | 489/805 [06:12<03:59,  1.32it/s] 61%|██████    | 490/805 [06:13<03:56,  1.33it/s] 61%|██████    | 491/805 [06:14<03:55,  1.33it/s] 61%|██████    | 492/805 [06:15<04:14,  1.23it/s] 61%|██████    | 493/805 [06:15<04:09,  1.25it/s] 61%|██████▏   | 494/805 [06:16<04:05,  1.27it/s] 61%|██████▏   | 495/805 [06:17<03:56,  1.31it/s] 62%|██████▏   | 496/805 [06:18<03:51,  1.34it/s] 62%|██████▏   | 497/805 [06:18<03:49,  1.34it/s] 62%|██████▏   | 498/805 [06:19<03:52,  1.32it/s] 62%|██████▏   | 499/805 [06:20<04:07,  1.24it/s] 62%|██████▏   | 500/805 [06:21<03:57,  1.28it/s] 62%|██████▏   | 501/805 [06:22<03:59,  1.27it/s] 62%|██████▏   | 502/805 [06:22<03:54,  1.29it/s] 62%|██████▏   | 503/805 [06:23<03:56,  1.28it/s] 63%|██████▎   | 504/805 [06:24<03:49,  1.31it/s] 63%|██████▎   | 505/805 [06:25<04:08,  1.21it/s] 63%|██████▎   | 506/805 [06:26<04:15,  1.17it/s] 63%|██████▎   | 507/805 [06:26<04:00,  1.24it/s] 63%|██████▎   | 508/805 [06:27<03:54,  1.27it/s] 63%|██████▎   | 509/805 [06:28<03:50,  1.28it/s] 63%|██████▎   | 510/805 [06:29<03:50,  1.28it/s] 63%|██████▎   | 511/805 [06:29<03:49,  1.28it/s] 64%|██████▎   | 512/805 [06:30<03:41,  1.32it/s] 64%|██████▎   | 513/805 [06:31<03:38,  1.34it/s] 64%|██████▍   | 514/805 [06:32<03:40,  1.32it/s] 64%|██████▍   | 515/805 [06:32<03:27,  1.40it/s] 64%|██████▍   | 516/805 [06:33<03:29,  1.38it/s] 64%|██████▍   | 517/805 [06:34<03:50,  1.25it/s] 64%|██████▍   | 518/805 [06:35<03:42,  1.29it/s] 64%|██████▍   | 519/805 [06:36<03:40,  1.30it/s] 65%|██████▍   | 520/805 [06:36<03:40,  1.29it/s] 65%|██████▍   | 521/805 [06:37<03:39,  1.29it/s] 65%|██████▍   | 522/805 [06:38<03:38,  1.29it/s] 65%|██████▍   | 523/805 [06:39<03:33,  1.32it/s] 65%|██████▌   | 524/805 [06:39<03:45,  1.25it/s] 65%|██████▌   | 525/805 [06:40<03:41,  1.26it/s] 65%|██████▌   | 526/805 [06:41<03:34,  1.30it/s] 65%|██████▌   | 527/805 [06:42<03:21,  1.38it/s] 66%|██████▌   | 528/805 [06:42<03:24,  1.36it/s] 66%|██████▌   | 529/805 [06:43<03:21,  1.37it/s] 66%|██████▌   | 530/805 [06:44<03:35,  1.27it/s] 66%|██████▌   | 531/805 [06:45<03:31,  1.30it/s] 66%|██████▌   | 532/805 [06:45<03:29,  1.30it/s] 66%|██████▌   | 533/805 [06:46<03:28,  1.30it/s] 66%|██████▋   | 534/805 [06:47<03:29,  1.29it/s] 66%|██████▋   | 535/805 [06:48<03:25,  1.32it/s] 67%|██████▋   | 536/805 [06:48<03:22,  1.33it/s] 67%|██████▋   | 537/805 [06:49<03:35,  1.24it/s] 67%|██████▋   | 538/805 [06:50<03:31,  1.26it/s] 67%|██████▋   | 539/805 [06:51<03:29,  1.27it/s] 67%|██████▋   | 540/805 [06:52<03:26,  1.28it/s] 67%|██████▋   | 541/805 [06:52<03:22,  1.30it/s] 67%|██████▋   | 542/805 [06:53<03:11,  1.37it/s] 67%|██████▋   | 543/805 [06:54<03:24,  1.28it/s] 68%|██████▊   | 544/805 [06:55<03:19,  1.31it/s] 68%|██████▊   | 545/805 [06:55<03:15,  1.33it/s] 68%|██████▊   | 546/805 [06:56<03:17,  1.31it/s] 68%|██████▊   | 547/805 [06:57<03:15,  1.32it/s] 68%|██████▊   | 548/805 [06:58<03:13,  1.33it/s] 68%|██████▊   | 549/805 [06:58<03:11,  1.34it/s] 68%|██████▊   | 550/805 [06:59<03:25,  1.24it/s] 68%|██████▊   | 551/805 [07:00<03:18,  1.28it/s] 69%|██████▊   | 552/805 [07:01<03:12,  1.31it/s] 69%|██████▊   | 553/805 [07:02<03:13,  1.30it/s] 69%|██████▉   | 554/805 [07:02<03:14,  1.29it/s] 69%|██████▉   | 555/805 [07:03<03:07,  1.33it/s] 69%|██████▉   | 556/805 [07:04<03:19,  1.25it/s] 69%|██████▉   | 557/805 [07:05<03:16,  1.26it/s] 69%|██████▉   | 558/805 [07:06<03:13,  1.27it/s] 69%|██████▉   | 559/805 [07:06<03:11,  1.28it/s] 70%|██████▉   | 560/805 [07:07<03:10,  1.29it/s] 70%|██████▉   | 561/805 [07:08<03:03,  1.33it/s] 70%|██████▉   | 562/805 [07:09<03:14,  1.25it/s] 70%|██████▉   | 563/805 [07:09<03:10,  1.27it/s] 70%|███████   | 564/805 [07:10<02:56,  1.37it/s] 70%|███████   | 565/805 [07:11<02:56,  1.36it/s] 70%|███████   | 566/805 [07:12<02:58,  1.34it/s] 70%|███████   | 567/805 [07:12<02:56,  1.35it/s] 71%|███████   | 568/805 [07:13<02:54,  1.36it/s] 71%|███████   | 569/805 [07:14<03:05,  1.27it/s] 71%|███████   | 570/805 [07:15<03:04,  1.28it/s] 71%|███████   | 571/805 [07:16<03:11,  1.22it/s] 71%|███████   | 572/805 [07:16<03:07,  1.24it/s] 71%|███████   | 573/805 [07:17<02:54,  1.33it/s] 71%|███████▏  | 574/805 [07:18<02:53,  1.33it/s] 71%|███████▏  | 575/805 [07:19<03:02,  1.26it/s] 72%|███████▏  | 576/805 [07:19<02:57,  1.29it/s] 72%|███████▏  | 577/805 [07:20<02:56,  1.30it/s] 72%|███████▏  | 578/805 [07:21<02:57,  1.28it/s] 72%|███████▏  | 579/805 [07:22<02:52,  1.31it/s] 72%|███████▏  | 580/805 [07:22<02:40,  1.40it/s] 72%|███████▏  | 581/805 [07:23<02:53,  1.29it/s] 72%|███████▏  | 582/805 [07:24<02:52,  1.29it/s] 72%|███████▏  | 583/805 [07:25<02:50,  1.30it/s] 73%|███████▎  | 584/805 [07:26<02:51,  1.29it/s] 73%|███████▎  | 585/805 [07:26<02:51,  1.28it/s] 73%|███████▎  | 586/805 [07:27<02:59,  1.22it/s] 73%|███████▎  | 587/805 [07:28<02:52,  1.26it/s] 73%|███████▎  | 588/805 [07:29<02:58,  1.22it/s] 73%|███████▎  | 589/805 [07:30<02:50,  1.26it/s] 73%|███████▎  | 590/805 [07:30<02:50,  1.26it/s] 73%|███████▎  | 591/805 [07:31<02:37,  1.36it/s] 74%|███████▎  | 592/805 [07:32<02:27,  1.44it/s] 74%|███████▎  | 593/805 [07:32<02:26,  1.45it/s] 74%|███████▍  | 594/805 [07:33<02:42,  1.30it/s] 74%|███████▍  | 595/805 [07:34<02:41,  1.30it/s] 74%|███████▍  | 596/805 [07:35<02:39,  1.31it/s] 74%|███████▍  | 597/805 [07:35<02:37,  1.32it/s] 74%|███████▍  | 598/805 [07:36<02:37,  1.31it/s] 74%|███████▍  | 599/805 [07:37<02:36,  1.32it/s] 75%|███████▍  | 600/805 [07:38<02:35,  1.32it/s] 75%|███████▍  | 601/805 [07:39<02:42,  1.26it/s] 75%|███████▍  | 602/805 [07:39<02:30,  1.35it/s] 75%|███████▍  | 603/805 [07:40<02:26,  1.38it/s] 75%|███████▌  | 604/805 [07:41<02:28,  1.35it/s] 75%|███████▌  | 605/805 [07:41<02:26,  1.37it/s] 75%|███████▌  | 606/805 [07:42<02:29,  1.33it/s] 75%|███████▌  | 607/805 [07:43<02:37,  1.26it/s] 76%|███████▌  | 608/805 [07:44<02:32,  1.29it/s] 76%|███████▌  | 609/805 [07:45<02:28,  1.32it/s] 76%|███████▌  | 610/805 [07:45<02:26,  1.33it/s] 76%|███████▌  | 611/805 [07:46<02:34,  1.25it/s] 76%|███████▌  | 612/805 [07:47<02:21,  1.36it/s] 76%|███████▌  | 613/805 [07:48<02:20,  1.36it/s] 76%|███████▋  | 614/805 [07:48<02:31,  1.26it/s] 76%|███████▋  | 615/805 [07:49<02:26,  1.30it/s] 77%|███████▋  | 616/805 [07:50<02:24,  1.31it/s] 77%|███████▋  | 617/805 [07:51<02:23,  1.31it/s] 77%|███████▋  | 618/805 [07:51<02:22,  1.31it/s] 77%|███████▋  | 619/805 [07:52<02:23,  1.30it/s] 77%|███████▋  | 620/805 [07:53<02:30,  1.23it/s] 77%|███████▋  | 621/805 [07:54<02:27,  1.25it/s] 77%|███████▋  | 622/805 [07:55<02:24,  1.26it/s] 77%|███████▋  | 623/805 [07:55<02:22,  1.27it/s] 78%|███████▊  | 624/805 [07:56<02:22,  1.27it/s] 78%|███████▊  | 625/805 [07:57<02:21,  1.27it/s] 78%|███████▊  | 626/805 [07:58<02:29,  1.19it/s] 78%|███████▊  | 627/805 [07:59<02:24,  1.23it/s] 78%|███████▊  | 628/805 [07:59<02:20,  1.26it/s] 78%|███████▊  | 629/805 [08:00<02:16,  1.29it/s] 78%|███████▊  | 630/805 [08:01<02:16,  1.28it/s] 78%|███████▊  | 631/805 [08:02<02:15,  1.28it/s] 79%|███████▊  | 632/805 [08:03<02:13,  1.29it/s] 79%|███████▊  | 633/805 [08:03<02:21,  1.22it/s] 79%|███████▉  | 634/805 [08:04<02:10,  1.31it/s] 79%|███████▉  | 635/805 [08:05<02:01,  1.40it/s] 79%|███████▉  | 636/805 [08:05<02:00,  1.40it/s] 79%|███████▉  | 637/805 [08:06<02:04,  1.35it/s] 79%|███████▉  | 638/805 [08:07<02:03,  1.35it/s] 79%|███████▉  | 639/805 [08:08<02:01,  1.36it/s] 80%|███████▉  | 640/805 [08:09<02:07,  1.29it/s] 80%|███████▉  | 641/805 [08:09<02:13,  1.23it/s] 80%|███████▉  | 642/805 [08:10<02:08,  1.27it/s] 80%|███████▉  | 643/805 [08:11<02:05,  1.29it/s] 80%|████████  | 644/805 [08:12<02:02,  1.32it/s] 80%|████████  | 645/805 [08:13<02:08,  1.24it/s] 80%|████████  | 646/805 [08:13<02:14,  1.18it/s] 80%|████████  | 647/805 [08:14<02:10,  1.21it/s] 80%|████████  | 648/805 [08:15<02:04,  1.26it/s] 81%|████████  | 649/805 [08:16<02:03,  1.26it/s] 81%|████████  | 650/805 [08:17<02:01,  1.28it/s] 81%|████████  | 651/805 [08:17<02:00,  1.27it/s] 81%|████████  | 652/805 [08:18<02:00,  1.27it/s] 81%|████████  | 653/805 [08:19<01:56,  1.30it/s] 81%|████████  | 654/805 [08:20<01:55,  1.30it/s] 81%|████████▏ | 655/805 [08:20<01:54,  1.31it/s] 81%|████████▏ | 656/805 [08:21<01:52,  1.32it/s] 82%|████████▏ | 657/805 [08:22<01:53,  1.31it/s] 82%|████████▏ | 658/805 [08:23<02:00,  1.22it/s] 82%|████████▏ | 659/805 [08:24<01:57,  1.25it/s] 82%|████████▏ | 660/805 [08:24<01:53,  1.28it/s] 82%|████████▏ | 661/805 [08:25<01:51,  1.29it/s] 82%|████████▏ | 662/805 [08:26<01:48,  1.32it/s] 82%|████████▏ | 663/805 [08:27<01:48,  1.31it/s] 82%|████████▏ | 664/805 [08:27<01:41,  1.39it/s] 83%|████████▎ | 665/805 [08:28<01:51,  1.25it/s] 83%|████████▎ | 666/805 [08:29<01:49,  1.27it/s] 83%|████████▎ | 667/805 [08:30<01:45,  1.31it/s] 83%|████████▎ | 668/805 [08:30<01:43,  1.32it/s] 83%|████████▎ | 669/805 [08:31<01:43,  1.31it/s] 83%|████████▎ | 670/805 [08:32<01:44,  1.30it/s] 83%|████████▎ | 671/805 [08:33<01:49,  1.23it/s] 83%|████████▎ | 672/805 [08:34<01:44,  1.28it/s] 84%|████████▎ | 673/805 [08:34<01:41,  1.30it/s] 84%|████████▎ | 674/805 [08:35<01:40,  1.31it/s] 84%|████████▍ | 675/805 [08:36<01:38,  1.32it/s] 84%|████████▍ | 676/805 [08:36<01:31,  1.42it/s] 84%|████████▍ | 677/805 [08:37<01:26,  1.48it/s] 84%|████████▍ | 678/805 [08:38<01:36,  1.32it/s] 84%|████████▍ | 679/805 [08:39<01:36,  1.30it/s] 84%|████████▍ | 680/805 [08:39<01:34,  1.33it/s] 85%|████████▍ | 681/805 [08:40<01:31,  1.35it/s] 85%|████████▍ | 682/805 [08:41<01:32,  1.33it/s] 85%|████████▍ | 683/805 [08:42<01:31,  1.33it/s] 85%|████████▍ | 684/805 [08:43<01:38,  1.23it/s] 85%|████████▌ | 685/805 [08:43<01:36,  1.25it/s] 85%|████████▌ | 686/805 [08:44<01:35,  1.25it/s] 85%|████████▌ | 687/805 [08:45<01:27,  1.34it/s] 85%|████████▌ | 688/805 [08:46<01:28,  1.32it/s] 86%|████████▌ | 689/805 [08:46<01:28,  1.31it/s] 86%|████████▌ | 690/805 [08:47<01:22,  1.39it/s] 86%|████████▌ | 691/805 [08:48<01:28,  1.29it/s] 86%|████████▌ | 692/805 [08:49<01:24,  1.33it/s] 86%|████████▌ | 693/805 [08:49<01:24,  1.33it/s] 86%|████████▌ | 694/805 [08:50<01:18,  1.42it/s] 86%|████████▋ | 695/805 [08:51<01:17,  1.42it/s] 86%|████████▋ | 696/805 [08:51<01:17,  1.41it/s] 87%|████████▋ | 697/805 [08:52<01:23,  1.29it/s] 87%|████████▋ | 698/805 [08:53<01:22,  1.29it/s] 87%|████████▋ | 699/805 [08:54<01:22,  1.29it/s] 87%|████████▋ | 700/805 [08:55<01:21,  1.29it/s] 87%|████████▋ | 701/805 [08:55<01:19,  1.30it/s] 87%|████████▋ | 702/805 [08:56<01:19,  1.29it/s] 87%|████████▋ | 703/805 [08:57<01:17,  1.32it/s] 87%|████████▋ | 704/805 [08:58<01:16,  1.31it/s] 88%|████████▊ | 705/805 [08:58<01:15,  1.33it/s] 88%|████████▊ | 706/805 [08:59<01:14,  1.32it/s] 88%|████████▊ | 707/805 [09:00<01:09,  1.41it/s] 88%|████████▊ | 708/805 [09:01<01:10,  1.37it/s] 88%|████████▊ | 709/805 [09:01<01:10,  1.37it/s] 88%|████████▊ | 710/805 [09:02<01:16,  1.24it/s] 88%|████████▊ | 711/805 [09:03<01:13,  1.28it/s] 88%|████████▊ | 712/805 [09:04<01:11,  1.30it/s] 89%|████████▊ | 713/805 [09:04<01:09,  1.32it/s] 89%|████████▊ | 714/805 [09:05<01:04,  1.41it/s] 89%|████████▉ | 715/805 [09:06<01:04,  1.40it/s] 89%|████████▉ | 716/805 [09:07<01:04,  1.37it/s] 89%|████████▉ | 717/805 [09:07<01:05,  1.34it/s] 89%|████████▉ | 718/805 [09:08<01:04,  1.34it/s] 89%|████████▉ | 719/805 [09:09<01:08,  1.26it/s] 89%|████████▉ | 720/805 [09:10<01:07,  1.27it/s] 90%|████████▉ | 721/805 [09:11<01:05,  1.29it/s] 90%|████████▉ | 722/805 [09:11<01:00,  1.38it/s] 90%|████████▉ | 723/805 [09:12<01:05,  1.25it/s] 90%|████████▉ | 724/805 [09:13<01:02,  1.30it/s] 90%|█████████ | 725/805 [09:14<01:01,  1.30it/s] 90%|█████████ | 726/805 [09:14<00:57,  1.38it/s] 90%|█████████ | 727/805 [09:15<00:56,  1.38it/s] 90%|█████████ | 728/805 [09:16<00:57,  1.33it/s] 91%|█████████ | 729/805 [09:16<00:56,  1.34it/s] 91%|█████████ | 730/805 [09:17<00:59,  1.25it/s] 91%|█████████ | 731/805 [09:18<00:58,  1.26it/s] 91%|█████████ | 732/805 [09:19<00:57,  1.27it/s] 91%|█████████ | 733/805 [09:20<00:55,  1.29it/s] 91%|█████████ | 734/805 [09:20<00:54,  1.30it/s] 91%|█████████▏| 735/805 [09:21<00:51,  1.36it/s] 91%|█████████▏| 736/805 [09:22<00:55,  1.24it/s] 92%|█████████▏| 737/805 [09:23<00:54,  1.26it/s] 92%|█████████▏| 738/805 [09:24<00:51,  1.29it/s] 92%|█████████▏| 739/805 [09:24<00:50,  1.32it/s] 92%|█████████▏| 740/805 [09:25<00:49,  1.31it/s] 92%|█████████▏| 741/805 [09:26<00:48,  1.33it/s] 92%|█████████▏| 742/805 [09:27<00:50,  1.26it/s] 92%|█████████▏| 743/805 [09:27<00:47,  1.30it/s] 92%|█████████▏| 744/805 [09:28<00:45,  1.34it/s] 93%|█████████▎| 745/805 [09:29<00:45,  1.32it/s] 93%|█████████▎| 746/805 [09:30<00:44,  1.33it/s] 93%|█████████▎| 747/805 [09:30<00:42,  1.36it/s] 93%|█████████▎| 748/805 [09:31<00:42,  1.33it/s] 93%|█████████▎| 749/805 [09:32<00:44,  1.26it/s] 93%|█████████▎| 750/805 [09:33<00:41,  1.34it/s] 93%|█████████▎| 751/805 [09:33<00:40,  1.33it/s] 93%|█████████▎| 752/805 [09:34<00:40,  1.32it/s] 94%|█████████▎| 753/805 [09:35<00:39,  1.31it/s] 94%|█████████▎| 754/805 [09:36<00:38,  1.33it/s] 94%|█████████▍| 755/805 [09:37<00:40,  1.24it/s] 94%|█████████▍| 756/805 [09:37<00:38,  1.28it/s] 94%|█████████▍| 757/805 [09:38<00:37,  1.29it/s] 94%|█████████▍| 758/805 [09:39<00:35,  1.32it/s] 94%|█████████▍| 759/805 [09:40<00:34,  1.32it/s] 94%|█████████▍| 760/805 [09:40<00:34,  1.31it/s] 95%|█████████▍| 761/805 [09:41<00:35,  1.22it/s] 95%|█████████▍| 762/805 [09:42<00:34,  1.25it/s] 95%|█████████▍| 763/805 [09:43<00:33,  1.25it/s] 95%|█████████▍| 764/805 [09:44<00:32,  1.27it/s] 95%|█████████▌| 765/805 [09:44<00:30,  1.32it/s] 95%|█████████▌| 766/805 [09:45<00:29,  1.32it/s] 95%|█████████▌| 767/805 [09:46<00:29,  1.30it/s] 95%|█████████▌| 768/805 [09:47<00:29,  1.24it/s] 96%|█████████▌| 769/805 [09:48<00:28,  1.27it/s] 96%|█████████▌| 770/805 [09:48<00:26,  1.30it/s] 96%|█████████▌| 771/805 [09:49<00:25,  1.33it/s] 96%|█████████▌| 772/805 [09:50<00:25,  1.30it/s] 96%|█████████▌| 773/805 [09:51<00:24,  1.30it/s] 96%|█████████▌| 774/805 [09:51<00:24,  1.24it/s] 96%|█████████▋| 775/805 [09:52<00:23,  1.27it/s] 96%|█████████▋| 776/805 [09:53<00:22,  1.28it/s] 97%|█████████▋| 777/805 [09:54<00:21,  1.30it/s] 97%|█████████▋| 778/805 [09:54<00:20,  1.34it/s] 97%|█████████▋| 779/805 [09:55<00:19,  1.33it/s] 97%|█████████▋| 780/805 [09:56<00:20,  1.24it/s] 97%|█████████▋| 781/805 [09:57<00:18,  1.27it/s] 97%|█████████▋| 782/805 [09:58<00:17,  1.31it/s] 97%|█████████▋| 783/805 [09:58<00:16,  1.30it/s] 97%|█████████▋| 784/805 [09:59<00:16,  1.24it/s] 98%|█████████▊| 785/805 [10:00<00:15,  1.25it/s] 98%|█████████▊| 786/805 [10:01<00:14,  1.30it/s] 98%|█████████▊| 787/805 [10:02<00:14,  1.25it/s] 98%|█████████▊| 788/805 [10:02<00:13,  1.28it/s] 98%|█████████▊| 789/805 [10:03<00:12,  1.31it/s] 98%|█████████▊| 790/805 [10:04<00:11,  1.31it/s] 98%|█████████▊| 791/805 [10:05<00:10,  1.30it/s] 98%|█████████▊| 792/805 [10:05<00:09,  1.31it/s] 99%|█████████▊| 793/805 [10:06<00:09,  1.27it/s] 99%|█████████▊| 794/805 [10:07<00:08,  1.27it/s] 99%|█████████▉| 795/805 [10:08<00:07,  1.29it/s] 99%|█████████▉| 796/805 [10:08<00:06,  1.29it/s] 99%|█████████▉| 797/805 [10:09<00:05,  1.36it/s] 99%|█████████▉| 798/805 [10:10<00:05,  1.38it/s] 99%|█████████▉| 799/805 [10:11<00:04,  1.30it/s] 99%|█████████▉| 800/805 [10:11<00:03,  1.33it/s]100%|█████████▉| 801/805 [10:12<00:03,  1.32it/s]100%|█████████▉| 802/805 [10:13<00:02,  1.32it/s]100%|█████████▉| 803/805 [10:14<00:01,  1.32it/s]100%|█████████▉| 804/805 [10:14<00:00,  1.32it/s]100%|██████████| 805/805 [10:15<00:00,  1.26it/s]100%|██████████| 805/805 [10:15<00:00,  1.31it/s]
#############################Training epoch: 10/10##############################
  0%|          | 0/805 [00:00<?, ?it/s]  0%|          | 1/805 [00:04<58:26,  4.36s/it]  0%|          | 2/805 [00:05<30:06,  2.25s/it]  0%|          | 3/805 [00:05<20:59,  1.57s/it]  0%|          | 4/805 [00:06<16:46,  1.26s/it]  1%|          | 5/805 [00:07<14:19,  1.07s/it]  1%|          | 6/805 [00:08<13:02,  1.02it/s]  1%|          | 7/805 [00:09<12:10,  1.09it/s]  1%|          | 8/805 [00:09<11:22,  1.17it/s]  1%|          | 9/805 [00:10<10:52,  1.22it/s]  1%|          | 10/805 [00:11<10:29,  1.26it/s]  1%|▏         | 11/805 [00:11<09:43,  1.36it/s]  1%|▏         | 12/805 [00:12<09:09,  1.44it/s]  2%|▏         | 13/805 [00:13<09:32,  1.38it/s]  2%|▏         | 14/805 [00:13<09:47,  1.35it/s]  2%|▏         | 15/805 [00:14<10:02,  1.31it/s]  2%|▏         | 16/805 [00:15<09:59,  1.32it/s]  2%|▏         | 17/805 [00:16<09:45,  1.35it/s]  2%|▏         | 18/805 [00:17<10:26,  1.26it/s]  2%|▏         | 19/805 [00:18<11:06,  1.18it/s]  2%|▏         | 20/805 [00:18<10:32,  1.24it/s]  3%|▎         | 21/805 [00:19<09:41,  1.35it/s]  3%|▎         | 22/805 [00:20<09:35,  1.36it/s]  3%|▎         | 23/805 [00:20<09:33,  1.36it/s]  3%|▎         | 24/805 [00:21<09:32,  1.36it/s]  3%|▎         | 25/805 [00:22<09:41,  1.34it/s]  3%|▎         | 26/805 [00:23<09:43,  1.33it/s]  3%|▎         | 27/805 [00:23<09:50,  1.32it/s]  3%|▎         | 28/805 [00:24<09:58,  1.30it/s]  4%|▎         | 29/805 [00:25<09:53,  1.31it/s]  4%|▎         | 30/805 [00:26<09:52,  1.31it/s]  4%|▍         | 31/805 [00:26<09:46,  1.32it/s]  4%|▍         | 32/805 [00:27<09:48,  1.31it/s]  4%|▍         | 33/805 [00:28<09:42,  1.33it/s]  4%|▍         | 34/805 [00:29<09:30,  1.35it/s]  4%|▍         | 35/805 [00:29<09:33,  1.34it/s]  4%|▍         | 36/805 [00:30<09:25,  1.36it/s]  5%|▍         | 37/805 [00:31<09:18,  1.38it/s]  5%|▍         | 38/805 [00:32<10:03,  1.27it/s]  5%|▍         | 39/805 [00:33<09:53,  1.29it/s]  5%|▍         | 40/805 [00:33<09:50,  1.29it/s]  5%|▌         | 41/805 [00:34<09:51,  1.29it/s]  5%|▌         | 42/805 [00:35<09:49,  1.29it/s]  5%|▌         | 43/805 [00:36<09:59,  1.27it/s]  5%|▌         | 44/805 [00:37<10:20,  1.23it/s]  6%|▌         | 45/805 [00:37<10:06,  1.25it/s]  6%|▌         | 46/805 [00:38<09:56,  1.27it/s]  6%|▌         | 47/805 [00:39<09:40,  1.31it/s]  6%|▌         | 48/805 [00:40<09:25,  1.34it/s]  6%|▌         | 49/805 [00:40<09:33,  1.32it/s]  6%|▌         | 50/805 [00:41<09:26,  1.33it/s]  6%|▋         | 51/805 [00:42<09:54,  1.27it/s]  6%|▋         | 52/805 [00:43<09:51,  1.27it/s]  7%|▋         | 53/805 [00:43<09:42,  1.29it/s]  7%|▋         | 54/805 [00:44<09:41,  1.29it/s]  7%|▋         | 55/805 [00:45<09:25,  1.33it/s]  7%|▋         | 56/805 [00:46<09:16,  1.35it/s]  7%|▋         | 57/805 [00:47<10:10,  1.23it/s]  7%|▋         | 58/805 [00:47<09:58,  1.25it/s]  7%|▋         | 59/805 [00:48<09:46,  1.27it/s]  7%|▋         | 60/805 [00:49<09:40,  1.28it/s]  8%|▊         | 61/805 [00:50<09:33,  1.30it/s]  8%|▊         | 62/805 [00:50<09:16,  1.33it/s]  8%|▊         | 63/805 [00:51<09:57,  1.24it/s]  8%|▊         | 64/805 [00:52<09:39,  1.28it/s]  8%|▊         | 65/805 [00:53<10:08,  1.22it/s]  8%|▊         | 66/805 [00:54<10:00,  1.23it/s]  8%|▊         | 67/805 [00:54<09:42,  1.27it/s]  8%|▊         | 68/805 [00:55<09:29,  1.29it/s]  9%|▊         | 69/805 [00:56<09:22,  1.31it/s]  9%|▊         | 70/805 [00:57<10:09,  1.21it/s]  9%|▉         | 71/805 [00:58<09:58,  1.23it/s]  9%|▉         | 72/805 [00:58<09:45,  1.25it/s]  9%|▉         | 73/805 [00:59<09:33,  1.28it/s]  9%|▉         | 74/805 [01:00<08:54,  1.37it/s]  9%|▉         | 75/805 [01:01<08:47,  1.39it/s]  9%|▉         | 76/805 [01:01<09:21,  1.30it/s] 10%|▉         | 77/805 [01:02<09:14,  1.31it/s] 10%|▉         | 78/805 [01:03<09:08,  1.32it/s] 10%|▉         | 79/805 [01:04<09:06,  1.33it/s] 10%|▉         | 80/805 [01:04<09:16,  1.30it/s] 10%|█         | 81/805 [01:05<09:17,  1.30it/s] 10%|█         | 82/805 [01:06<09:07,  1.32it/s] 10%|█         | 83/805 [01:07<09:46,  1.23it/s] 10%|█         | 84/805 [01:08<09:37,  1.25it/s] 11%|█         | 85/805 [01:08<09:15,  1.30it/s] 11%|█         | 86/805 [01:09<09:05,  1.32it/s] 11%|█         | 87/805 [01:10<08:59,  1.33it/s] 11%|█         | 88/805 [01:11<08:57,  1.33it/s] 11%|█         | 89/805 [01:11<09:09,  1.30it/s] 11%|█         | 90/805 [01:12<09:09,  1.30it/s] 11%|█▏        | 91/805 [01:13<09:03,  1.31it/s] 11%|█▏        | 92/805 [01:14<09:09,  1.30it/s] 12%|█▏        | 93/805 [01:14<09:05,  1.31it/s] 12%|█▏        | 94/805 [01:15<08:53,  1.33it/s] 12%|█▏        | 95/805 [01:16<09:33,  1.24it/s] 12%|█▏        | 96/805 [01:17<09:25,  1.25it/s] 12%|█▏        | 97/805 [01:18<09:16,  1.27it/s] 12%|█▏        | 98/805 [01:18<09:01,  1.31it/s] 12%|█▏        | 99/805 [01:19<09:08,  1.29it/s] 12%|█▏        | 100/805 [01:20<09:09,  1.28it/s] 13%|█▎        | 101/805 [01:21<08:52,  1.32it/s] 13%|█▎        | 102/805 [01:22<09:23,  1.25it/s] 13%|█▎        | 103/805 [01:22<09:02,  1.29it/s] 13%|█▎        | 104/805 [01:23<08:32,  1.37it/s] 13%|█▎        | 105/805 [01:24<08:40,  1.35it/s] 13%|█▎        | 106/805 [01:24<08:35,  1.36it/s] 13%|█▎        | 107/805 [01:25<08:35,  1.35it/s] 13%|█▎        | 108/805 [01:26<09:10,  1.27it/s] 14%|█▎        | 109/805 [01:27<08:57,  1.30it/s] 14%|█▎        | 110/805 [01:28<09:00,  1.29it/s] 14%|█▍        | 111/805 [01:28<08:48,  1.31it/s] 14%|█▍        | 112/805 [01:29<08:47,  1.31it/s] 14%|█▍        | 113/805 [01:30<08:36,  1.34it/s] 14%|█▍        | 114/805 [01:30<08:37,  1.34it/s] 14%|█▍        | 115/805 [01:31<09:20,  1.23it/s] 14%|█▍        | 116/805 [01:32<09:11,  1.25it/s] 15%|█▍        | 117/805 [01:33<09:12,  1.25it/s] 15%|█▍        | 118/805 [01:34<09:06,  1.26it/s] 15%|█▍        | 119/805 [01:35<08:52,  1.29it/s] 15%|█▍        | 120/805 [01:35<08:43,  1.31it/s] 15%|█▌        | 121/805 [01:36<09:17,  1.23it/s] 15%|█▌        | 122/805 [01:37<09:07,  1.25it/s] 15%|█▌        | 123/805 [01:38<09:02,  1.26it/s] 15%|█▌        | 124/805 [01:38<08:45,  1.30it/s] 16%|█▌        | 125/805 [01:39<08:13,  1.38it/s] 16%|█▌        | 126/805 [01:40<08:11,  1.38it/s] 16%|█▌        | 127/805 [01:41<08:09,  1.39it/s] 16%|█▌        | 128/805 [01:41<08:49,  1.28it/s] 16%|█▌        | 129/805 [01:42<09:12,  1.22it/s] 16%|█▌        | 130/805 [01:43<09:07,  1.23it/s] 16%|█▋        | 131/805 [01:44<08:42,  1.29it/s] 16%|█▋        | 132/805 [01:44<08:07,  1.38it/s] 17%|█▋        | 133/805 [01:45<08:11,  1.37it/s] 17%|█▋        | 134/805 [01:46<08:26,  1.33it/s] 17%|█▋        | 135/805 [01:47<08:18,  1.34it/s] 17%|█▋        | 136/805 [01:48<08:50,  1.26it/s] 17%|█▋        | 137/805 [01:48<08:13,  1.35it/s] 17%|█▋        | 138/805 [01:49<08:21,  1.33it/s] 17%|█▋        | 139/805 [01:50<08:17,  1.34it/s] 17%|█▋        | 140/805 [01:51<08:24,  1.32it/s] 18%|█▊        | 141/805 [01:51<08:52,  1.25it/s] 18%|█▊        | 142/805 [01:52<08:11,  1.35it/s] 18%|█▊        | 143/805 [01:53<08:09,  1.35it/s] 18%|█▊        | 144/805 [01:54<08:15,  1.33it/s] 18%|█▊        | 145/805 [01:54<08:13,  1.34it/s] 18%|█▊        | 146/805 [01:55<08:10,  1.34it/s] 18%|█▊        | 147/805 [01:56<08:44,  1.25it/s] 18%|█▊        | 148/805 [01:57<08:28,  1.29it/s] 19%|█▊        | 149/805 [01:57<08:29,  1.29it/s] 19%|█▊        | 150/805 [01:58<08:30,  1.28it/s] 19%|█▉        | 151/805 [01:59<08:55,  1.22it/s] 19%|█▉        | 152/805 [02:00<08:38,  1.26it/s] 19%|█▉        | 153/805 [02:01<08:28,  1.28it/s] 19%|█▉        | 154/805 [02:02<08:51,  1.22it/s] 19%|█▉        | 155/805 [02:02<08:11,  1.32it/s] 19%|█▉        | 156/805 [02:03<08:05,  1.34it/s] 20%|█▉        | 157/805 [02:04<07:40,  1.41it/s] 20%|█▉        | 158/805 [02:04<07:41,  1.40it/s] 20%|█▉        | 159/805 [02:05<07:37,  1.41it/s] 20%|█▉        | 160/805 [02:06<08:13,  1.31it/s] 20%|██        | 161/805 [02:07<08:04,  1.33it/s] 20%|██        | 162/805 [02:07<08:02,  1.33it/s] 20%|██        | 163/805 [02:08<08:02,  1.33it/s] 20%|██        | 164/805 [02:09<07:30,  1.42it/s] 20%|██        | 165/805 [02:09<07:38,  1.39it/s] 21%|██        | 166/805 [02:10<07:46,  1.37it/s] 21%|██        | 167/805 [02:11<07:19,  1.45it/s] 21%|██        | 168/805 [02:11<07:23,  1.44it/s] 21%|██        | 169/805 [02:12<07:42,  1.38it/s] 21%|██        | 170/805 [02:13<07:18,  1.45it/s] 21%|██        | 171/805 [02:14<07:33,  1.40it/s] 21%|██▏       | 172/805 [02:14<07:36,  1.39it/s] 21%|██▏       | 173/805 [02:15<08:12,  1.28it/s] 22%|██▏       | 174/805 [02:16<08:34,  1.23it/s] 22%|██▏       | 175/805 [02:17<08:23,  1.25it/s] 22%|██▏       | 176/805 [02:18<08:15,  1.27it/s] 22%|██▏       | 177/805 [02:18<08:08,  1.29it/s] 22%|██▏       | 178/805 [02:19<08:01,  1.30it/s] 22%|██▏       | 179/805 [02:20<08:37,  1.21it/s] 22%|██▏       | 180/805 [02:21<08:22,  1.24it/s] 22%|██▏       | 181/805 [02:22<08:08,  1.28it/s] 23%|██▎       | 182/805 [02:22<08:01,  1.29it/s] 23%|██▎       | 183/805 [02:23<07:44,  1.34it/s] 23%|██▎       | 184/805 [02:24<07:23,  1.40it/s] 23%|██▎       | 185/805 [02:24<07:20,  1.41it/s] 23%|██▎       | 186/805 [02:25<07:58,  1.29it/s] 23%|██▎       | 187/805 [02:26<07:43,  1.33it/s] 23%|██▎       | 188/805 [02:27<07:48,  1.32it/s] 23%|██▎       | 189/805 [02:27<07:16,  1.41it/s] 24%|██▎       | 190/805 [02:28<07:14,  1.42it/s] 24%|██▎       | 191/805 [02:29<07:23,  1.38it/s] 24%|██▍       | 192/805 [02:30<07:38,  1.34it/s] 24%|██▍       | 193/805 [02:30<07:30,  1.36it/s] 24%|██▍       | 194/805 [02:31<07:12,  1.41it/s] 24%|██▍       | 195/805 [02:32<07:11,  1.41it/s] 24%|██▍       | 196/805 [02:33<07:27,  1.36it/s] 24%|██▍       | 197/805 [02:33<07:05,  1.43it/s] 25%|██▍       | 198/805 [02:34<07:47,  1.30it/s] 25%|██▍       | 199/805 [02:35<07:19,  1.38it/s] 25%|██▍       | 200/805 [02:36<07:33,  1.33it/s] 25%|██▍       | 201/805 [02:36<07:40,  1.31it/s] 25%|██▌       | 202/805 [02:37<08:10,  1.23it/s] 25%|██▌       | 203/805 [02:38<07:51,  1.28it/s] 25%|██▌       | 204/805 [02:39<07:40,  1.30it/s] 25%|██▌       | 205/805 [02:40<08:18,  1.20it/s] 26%|██▌       | 206/805 [02:40<08:01,  1.25it/s] 26%|██▌       | 207/805 [02:41<07:48,  1.28it/s] 26%|██▌       | 208/805 [02:42<07:35,  1.31it/s] 26%|██▌       | 209/805 [02:43<07:41,  1.29it/s] 26%|██▌       | 210/805 [02:43<07:33,  1.31it/s] 26%|██▌       | 211/805 [02:44<08:06,  1.22it/s] 26%|██▋       | 212/805 [02:45<07:43,  1.28it/s] 26%|██▋       | 213/805 [02:46<07:29,  1.32it/s] 27%|██▋       | 214/805 [02:47<07:29,  1.31it/s] 27%|██▋       | 215/805 [02:47<07:06,  1.38it/s] 27%|██▋       | 216/805 [02:48<07:18,  1.34it/s] 27%|██▋       | 217/805 [02:49<07:59,  1.23it/s] 27%|██▋       | 218/805 [02:50<07:20,  1.33it/s] 27%|██▋       | 219/805 [02:50<07:26,  1.31it/s] 27%|██▋       | 220/805 [02:51<06:55,  1.41it/s] 27%|██▋       | 221/805 [02:52<07:01,  1.38it/s] 28%|██▊       | 222/805 [02:52<07:07,  1.36it/s] 28%|██▊       | 223/805 [02:53<07:16,  1.33it/s] 28%|██▊       | 224/805 [02:54<07:51,  1.23it/s] 28%|██▊       | 225/805 [02:55<07:40,  1.26it/s] 28%|██▊       | 226/805 [02:56<07:29,  1.29it/s] 28%|██▊       | 227/805 [02:56<07:27,  1.29it/s] 28%|██▊       | 228/805 [02:57<07:49,  1.23it/s] 28%|██▊       | 229/805 [02:58<07:12,  1.33it/s] 29%|██▊       | 230/805 [02:59<07:22,  1.30it/s] 29%|██▊       | 231/805 [02:59<07:20,  1.30it/s] 29%|██▉       | 232/805 [03:00<07:08,  1.34it/s] 29%|██▉       | 233/805 [03:01<07:01,  1.36it/s] 29%|██▉       | 234/805 [03:02<07:00,  1.36it/s] 29%|██▉       | 235/805 [03:02<07:05,  1.34it/s] 29%|██▉       | 236/805 [03:03<07:10,  1.32it/s] 29%|██▉       | 237/805 [03:04<07:33,  1.25it/s] 30%|██▉       | 238/805 [03:05<07:21,  1.29it/s] 30%|██▉       | 239/805 [03:06<07:09,  1.32it/s] 30%|██▉       | 240/805 [03:06<07:10,  1.31it/s] 30%|██▉       | 241/805 [03:07<07:09,  1.31it/s] 30%|███       | 242/805 [03:08<06:41,  1.40it/s] 30%|███       | 243/805 [03:08<06:55,  1.35it/s] 30%|███       | 244/805 [03:09<06:54,  1.35it/s] 30%|███       | 245/805 [03:10<06:51,  1.36it/s] 31%|███       | 246/805 [03:11<06:58,  1.34it/s] 31%|███       | 247/805 [03:11<07:01,  1.32it/s] 31%|███       | 248/805 [03:12<06:54,  1.34it/s] 31%|███       | 249/805 [03:13<07:01,  1.32it/s] 31%|███       | 250/805 [03:14<06:59,  1.32it/s] 31%|███       | 251/805 [03:14<06:56,  1.33it/s] 31%|███▏      | 252/805 [03:15<07:00,  1.32it/s] 31%|███▏      | 253/805 [03:16<06:32,  1.41it/s] 32%|███▏      | 254/805 [03:16<06:13,  1.47it/s] 32%|███▏      | 255/805 [03:17<06:26,  1.42it/s] 32%|███▏      | 256/805 [03:18<07:08,  1.28it/s] 32%|███▏      | 257/805 [03:19<07:08,  1.28it/s] 32%|███▏      | 258/805 [03:20<07:10,  1.27it/s] 32%|███▏      | 259/805 [03:20<07:01,  1.30it/s] 32%|███▏      | 260/805 [03:21<07:02,  1.29it/s] 32%|███▏      | 261/805 [03:22<06:55,  1.31it/s] 33%|███▎      | 262/805 [03:23<07:20,  1.23it/s] 33%|███▎      | 263/805 [03:24<07:35,  1.19it/s] 33%|███▎      | 264/805 [03:25<07:23,  1.22it/s] 33%|███▎      | 265/805 [03:25<07:09,  1.26it/s] 33%|███▎      | 266/805 [03:26<07:07,  1.26it/s] 33%|███▎      | 267/805 [03:27<06:57,  1.29it/s] 33%|███▎      | 268/805 [03:28<06:54,  1.30it/s] 33%|███▎      | 269/805 [03:28<06:46,  1.32it/s] 34%|███▎      | 270/805 [03:29<06:26,  1.38it/s] 34%|███▎      | 271/805 [03:30<06:07,  1.45it/s] 34%|███▍      | 272/805 [03:30<06:16,  1.42it/s] 34%|███▍      | 273/805 [03:31<06:24,  1.38it/s] 34%|███▍      | 274/805 [03:32<07:18,  1.21it/s] 34%|███▍      | 275/805 [03:33<07:03,  1.25it/s] 34%|███▍      | 276/805 [03:34<06:57,  1.27it/s] 34%|███▍      | 277/805 [03:34<06:55,  1.27it/s] 35%|███▍      | 278/805 [03:35<06:54,  1.27it/s] 35%|███▍      | 279/805 [03:36<06:43,  1.30it/s] 35%|███▍      | 280/805 [03:37<06:18,  1.39it/s] 35%|███▍      | 281/805 [03:38<06:59,  1.25it/s] 35%|███▌      | 282/805 [03:38<06:58,  1.25it/s] 35%|███▌      | 283/805 [03:39<07:15,  1.20it/s] 35%|███▌      | 284/805 [03:40<06:40,  1.30it/s] 35%|███▌      | 285/805 [03:41<06:37,  1.31it/s] 36%|███▌      | 286/805 [03:41<06:40,  1.29it/s] 36%|███▌      | 287/805 [03:42<07:09,  1.21it/s] 36%|███▌      | 288/805 [03:43<06:57,  1.24it/s] 36%|███▌      | 289/805 [03:44<06:42,  1.28it/s] 36%|███▌      | 290/805 [03:45<06:30,  1.32it/s] 36%|███▌      | 291/805 [03:45<06:21,  1.35it/s] 36%|███▋      | 292/805 [03:46<06:29,  1.32it/s] 36%|███▋      | 293/805 [03:47<06:35,  1.30it/s] 37%|███▋      | 294/805 [03:48<06:48,  1.25it/s] 37%|███▋      | 295/805 [03:48<06:35,  1.29it/s] 37%|███▋      | 296/805 [03:49<06:28,  1.31it/s] 37%|███▋      | 297/805 [03:50<06:05,  1.39it/s] 37%|███▋      | 298/805 [03:51<06:18,  1.34it/s] 37%|███▋      | 299/805 [03:51<05:57,  1.42it/s] 37%|███▋      | 300/805 [03:52<06:35,  1.28it/s] 37%|███▋      | 301/805 [03:53<06:33,  1.28it/s] 38%|███▊      | 302/805 [03:54<06:32,  1.28it/s] 38%|███▊      | 303/805 [03:55<06:27,  1.29it/s] 38%|███▊      | 304/805 [03:55<06:23,  1.31it/s] 38%|███▊      | 305/805 [03:56<06:26,  1.29it/s] 38%|███▊      | 306/805 [03:57<06:51,  1.21it/s] 38%|███▊      | 307/805 [03:58<06:26,  1.29it/s] 38%|███▊      | 308/805 [03:58<06:28,  1.28it/s] 38%|███▊      | 309/805 [03:59<06:05,  1.36it/s] 39%|███▊      | 310/805 [04:00<06:01,  1.37it/s] 39%|███▊      | 311/805 [04:01<06:04,  1.35it/s] 39%|███▉      | 312/805 [04:01<06:04,  1.35it/s] 39%|███▉      | 313/805 [04:02<06:22,  1.28it/s] 39%|███▉      | 314/805 [04:03<06:13,  1.32it/s] 39%|███▉      | 315/805 [04:04<06:16,  1.30it/s] 39%|███▉      | 316/805 [04:05<06:42,  1.21it/s] 39%|███▉      | 317/805 [04:05<06:27,  1.26it/s] 40%|███▉      | 318/805 [04:06<06:24,  1.27it/s] 40%|███▉      | 319/805 [04:07<06:44,  1.20it/s] 40%|███▉      | 320/805 [04:08<06:26,  1.25it/s] 40%|███▉      | 321/805 [04:09<06:24,  1.26it/s] 40%|████      | 322/805 [04:09<06:13,  1.29it/s] 40%|████      | 323/805 [04:10<06:07,  1.31it/s] 40%|████      | 324/805 [04:11<06:02,  1.33it/s] 40%|████      | 325/805 [04:12<06:12,  1.29it/s] 40%|████      | 326/805 [04:12<06:12,  1.29it/s] 41%|████      | 327/805 [04:13<06:09,  1.29it/s] 41%|████      | 328/805 [04:14<05:57,  1.33it/s] 41%|████      | 329/805 [04:15<05:58,  1.33it/s] 41%|████      | 330/805 [04:15<05:58,  1.32it/s] 41%|████      | 331/805 [04:16<06:02,  1.31it/s] 41%|████      | 332/805 [04:17<06:28,  1.22it/s] 41%|████▏     | 333/805 [04:18<06:17,  1.25it/s] 41%|████▏     | 334/805 [04:19<06:14,  1.26it/s] 42%|████▏     | 335/805 [04:19<06:12,  1.26it/s] 42%|████▏     | 336/805 [04:20<06:05,  1.28it/s] 42%|████▏     | 337/805 [04:21<05:59,  1.30it/s] 42%|████▏     | 338/805 [04:22<06:23,  1.22it/s] 42%|████▏     | 339/805 [04:23<06:16,  1.24it/s] 42%|████▏     | 340/805 [04:23<06:00,  1.29it/s] 42%|████▏     | 341/805 [04:24<05:59,  1.29it/s] 42%|████▏     | 342/805 [04:25<05:54,  1.31it/s] 43%|████▎     | 343/805 [04:26<05:57,  1.29it/s] 43%|████▎     | 344/805 [04:26<05:31,  1.39it/s] 43%|████▎     | 345/805 [04:27<05:42,  1.34it/s] 43%|████▎     | 346/805 [04:28<05:44,  1.33it/s] 43%|████▎     | 347/805 [04:29<05:43,  1.33it/s] 43%|████▎     | 348/805 [04:29<05:44,  1.33it/s] 43%|████▎     | 349/805 [04:30<05:26,  1.40it/s] 43%|████▎     | 350/805 [04:31<05:38,  1.34it/s] 44%|████▎     | 351/805 [04:32<06:01,  1.25it/s] 44%|████▎     | 352/805 [04:32<05:59,  1.26it/s] 44%|████▍     | 353/805 [04:33<05:49,  1.29it/s] 44%|████▍     | 354/805 [04:34<05:46,  1.30it/s] 44%|████▍     | 355/805 [04:35<05:50,  1.28it/s] 44%|████▍     | 356/805 [04:35<05:43,  1.31it/s] 44%|████▍     | 357/805 [04:36<06:06,  1.22it/s] 44%|████▍     | 358/805 [04:37<05:54,  1.26it/s] 45%|████▍     | 359/805 [04:38<05:32,  1.34it/s] 45%|████▍     | 360/805 [04:39<05:53,  1.26it/s] 45%|████▍     | 361/805 [04:39<05:49,  1.27it/s] 45%|████▍     | 362/805 [04:40<05:39,  1.31it/s] 45%|████▌     | 363/805 [04:41<05:30,  1.34it/s] 45%|████▌     | 364/805 [04:42<05:47,  1.27it/s] 45%|████▌     | 365/805 [04:43<05:38,  1.30it/s] 45%|████▌     | 366/805 [04:43<05:35,  1.31it/s] 46%|████▌     | 367/805 [04:44<05:26,  1.34it/s] 46%|████▌     | 368/805 [04:45<05:06,  1.43it/s] 46%|████▌     | 369/805 [04:45<05:11,  1.40it/s] 46%|████▌     | 370/805 [04:46<05:42,  1.27it/s] 46%|████▌     | 371/805 [04:47<05:17,  1.37it/s] 46%|████▌     | 372/805 [04:47<05:01,  1.44it/s] 46%|████▋     | 373/805 [04:48<05:03,  1.43it/s] 46%|████▋     | 374/805 [04:49<05:09,  1.39it/s] 47%|████▋     | 375/805 [04:50<05:14,  1.37it/s] 47%|████▋     | 376/805 [04:51<05:22,  1.33it/s] 47%|████▋     | 377/805 [04:51<05:38,  1.26it/s] 47%|████▋     | 378/805 [04:52<05:33,  1.28it/s] 47%|████▋     | 379/805 [04:53<05:29,  1.29it/s] 47%|████▋     | 380/805 [04:54<05:23,  1.31it/s] 47%|████▋     | 381/805 [04:54<05:20,  1.32it/s] 47%|████▋     | 382/805 [04:55<05:15,  1.34it/s] 48%|████▊     | 383/805 [04:56<05:38,  1.25it/s] 48%|████▊     | 384/805 [04:57<05:31,  1.27it/s] 48%|████▊     | 385/805 [04:58<05:30,  1.27it/s] 48%|████▊     | 386/805 [04:58<05:23,  1.30it/s] 48%|████▊     | 387/805 [04:59<05:16,  1.32it/s] 48%|████▊     | 388/805 [05:00<04:57,  1.40it/s] 48%|████▊     | 389/805 [05:01<05:18,  1.31it/s] 48%|████▊     | 390/805 [05:01<05:13,  1.32it/s] 49%|████▊     | 391/805 [05:02<05:10,  1.33it/s] 49%|████▊     | 392/805 [05:03<05:10,  1.33it/s] 49%|████▉     | 393/805 [05:04<05:10,  1.33it/s] 49%|████▉     | 394/805 [05:04<04:49,  1.42it/s] 49%|████▉     | 395/805 [05:05<04:56,  1.38it/s] 49%|████▉     | 396/805 [05:06<05:24,  1.26it/s] 49%|████▉     | 397/805 [05:07<05:22,  1.27it/s] 49%|████▉     | 398/805 [05:07<05:12,  1.30it/s] 50%|████▉     | 399/805 [05:08<05:11,  1.30it/s] 50%|████▉     | 400/805 [05:09<05:05,  1.33it/s] 50%|████▉     | 401/805 [05:10<05:04,  1.32it/s] 50%|████▉     | 402/805 [05:11<05:25,  1.24it/s] 50%|█████     | 403/805 [05:11<05:19,  1.26it/s] 50%|█████     | 404/805 [05:12<05:11,  1.29it/s] 50%|█████     | 405/805 [05:13<05:08,  1.30it/s] 50%|█████     | 406/805 [05:13<05:02,  1.32it/s] 51%|█████     | 407/805 [05:14<04:59,  1.33it/s] 51%|█████     | 408/805 [05:15<05:03,  1.31it/s] 51%|█████     | 409/805 [05:16<05:22,  1.23it/s] 51%|█████     | 410/805 [05:17<05:12,  1.26it/s] 51%|█████     | 411/805 [05:17<04:52,  1.35it/s] 51%|█████     | 412/805 [05:18<04:45,  1.37it/s] 51%|█████▏    | 413/805 [05:19<04:46,  1.37it/s] 51%|█████▏    | 414/805 [05:20<04:52,  1.34it/s] 52%|█████▏    | 415/805 [05:21<05:16,  1.23it/s] 52%|█████▏    | 416/805 [05:21<04:52,  1.33it/s] 52%|█████▏    | 417/805 [05:22<04:48,  1.34it/s] 52%|█████▏    | 418/805 [05:23<04:46,  1.35it/s] 52%|█████▏    | 419/805 [05:23<05:04,  1.27it/s] 52%|█████▏    | 420/805 [05:24<04:59,  1.29it/s] 52%|█████▏    | 421/805 [05:25<04:54,  1.30it/s] 52%|█████▏    | 422/805 [05:26<04:56,  1.29it/s] 53%|█████▎    | 423/805 [05:27<04:52,  1.31it/s] 53%|█████▎    | 424/805 [05:27<04:52,  1.30it/s] 53%|█████▎    | 425/805 [05:28<04:33,  1.39it/s] 53%|█████▎    | 426/805 [05:29<04:36,  1.37it/s] 53%|█████▎    | 427/805 [05:29<04:40,  1.35it/s] 53%|█████▎    | 428/805 [05:30<04:55,  1.28it/s] 53%|█████▎    | 429/805 [05:31<04:52,  1.28it/s] 53%|█████▎    | 430/805 [05:32<04:33,  1.37it/s] 54%|█████▎    | 431/805 [05:32<04:37,  1.35it/s] 54%|█████▎    | 432/805 [05:33<04:24,  1.41it/s] 54%|█████▍    | 433/805 [05:34<04:26,  1.40it/s] 54%|█████▍    | 434/805 [05:35<04:42,  1.31it/s] 54%|█████▍    | 435/805 [05:35<04:24,  1.40it/s] 54%|█████▍    | 436/805 [05:36<04:32,  1.36it/s] 54%|█████▍    | 437/805 [05:37<04:14,  1.44it/s] 54%|█████▍    | 438/805 [05:37<04:26,  1.38it/s] 55%|█████▍    | 439/805 [05:38<04:26,  1.37it/s] 55%|█████▍    | 440/805 [05:39<04:29,  1.35it/s] 55%|█████▍    | 441/805 [05:40<04:53,  1.24it/s] 55%|█████▍    | 442/805 [05:41<04:51,  1.25it/s] 55%|█████▌    | 443/805 [05:41<04:48,  1.26it/s] 55%|█████▌    | 444/805 [05:42<04:42,  1.28it/s] 55%|█████▌    | 445/805 [05:43<04:41,  1.28it/s] 55%|█████▌    | 446/805 [05:44<04:21,  1.37it/s] 56%|█████▌    | 447/805 [05:45<04:36,  1.30it/s] 56%|█████▌    | 448/805 [05:45<04:35,  1.30it/s] 56%|█████▌    | 449/805 [05:46<04:33,  1.30it/s] 56%|█████▌    | 450/805 [05:47<04:34,  1.29it/s] 56%|█████▌    | 451/805 [05:48<04:28,  1.32it/s] 56%|█████▌    | 452/805 [05:48<04:24,  1.33it/s] 56%|█████▋    | 453/805 [05:49<04:26,  1.32it/s] 56%|█████▋    | 454/805 [05:50<04:51,  1.21it/s] 57%|█████▋    | 455/805 [05:51<04:39,  1.25it/s] 57%|█████▋    | 456/805 [05:52<04:35,  1.27it/s] 57%|█████▋    | 457/805 [05:52<04:27,  1.30it/s] 57%|█████▋    | 458/805 [05:53<04:30,  1.28it/s] 57%|█████▋    | 459/805 [05:54<04:29,  1.28it/s] 57%|█████▋    | 460/805 [05:55<04:45,  1.21it/s] 57%|█████▋    | 461/805 [05:56<04:33,  1.26it/s] 57%|█████▋    | 462/805 [05:56<04:27,  1.28it/s] 58%|█████▊    | 463/805 [05:57<04:09,  1.37it/s] 58%|█████▊    | 464/805 [05:58<04:15,  1.34it/s] 58%|█████▊    | 465/805 [05:58<04:15,  1.33it/s] 58%|█████▊    | 466/805 [05:59<04:35,  1.23it/s] 58%|█████▊    | 467/805 [06:00<04:16,  1.32it/s] 58%|█████▊    | 468/805 [06:01<04:11,  1.34it/s] 58%|█████▊    | 469/805 [06:01<04:09,  1.35it/s] 58%|█████▊    | 470/805 [06:02<04:11,  1.33it/s] 59%|█████▊    | 471/805 [06:03<04:10,  1.33it/s] 59%|█████▊    | 472/805 [06:04<04:26,  1.25it/s] 59%|█████▉    | 473/805 [06:05<04:06,  1.35it/s] 59%|█████▉    | 474/805 [06:05<04:10,  1.32it/s] 59%|█████▉    | 475/805 [06:06<04:06,  1.34it/s] 59%|█████▉    | 476/805 [06:07<04:02,  1.36it/s] 59%|█████▉    | 477/805 [06:08<04:07,  1.33it/s] 59%|█████▉    | 478/805 [06:08<04:06,  1.33it/s] 60%|█████▉    | 479/805 [06:09<04:23,  1.24it/s] 60%|█████▉    | 480/805 [06:10<04:12,  1.29it/s] 60%|█████▉    | 481/805 [06:11<04:11,  1.29it/s] 60%|█████▉    | 482/805 [06:11<04:05,  1.32it/s] 60%|██████    | 483/805 [06:12<04:06,  1.31it/s] 60%|██████    | 484/805 [06:13<04:19,  1.24it/s] 60%|██████    | 485/805 [06:14<04:16,  1.25it/s] 60%|██████    | 486/805 [06:15<04:26,  1.20it/s] 60%|██████    | 487/805 [06:16<04:14,  1.25it/s] 61%|██████    | 488/805 [06:16<04:08,  1.27it/s] 61%|██████    | 489/805 [06:17<04:06,  1.28it/s] 61%|██████    | 490/805 [06:18<04:05,  1.28it/s] 61%|██████    | 491/805 [06:19<04:02,  1.29it/s] 61%|██████    | 492/805 [06:19<04:15,  1.22it/s] 61%|██████    | 493/805 [06:20<04:02,  1.29it/s] 61%|██████▏   | 494/805 [06:21<03:59,  1.30it/s] 61%|██████▏   | 495/805 [06:22<04:01,  1.28it/s] 62%|██████▏   | 496/805 [06:23<04:03,  1.27it/s] 62%|██████▏   | 497/805 [06:23<04:01,  1.28it/s] 62%|██████▏   | 498/805 [06:24<04:00,  1.28it/s] 62%|██████▏   | 499/805 [06:25<03:58,  1.28it/s] 62%|██████▏   | 500/805 [06:26<03:56,  1.29it/s] 62%|██████▏   | 501/805 [06:26<03:50,  1.32it/s] 62%|██████▏   | 502/805 [06:27<03:53,  1.30it/s] 62%|██████▏   | 503/805 [06:28<03:49,  1.31it/s] 63%|██████▎   | 504/805 [06:29<03:54,  1.28it/s] 63%|██████▎   | 505/805 [06:29<03:50,  1.30it/s] 63%|██████▎   | 506/805 [06:30<03:47,  1.31it/s] 63%|██████▎   | 507/805 [06:31<03:48,  1.30it/s] 63%|██████▎   | 508/805 [06:32<03:46,  1.31it/s] 63%|██████▎   | 509/805 [06:32<03:32,  1.39it/s] 63%|██████▎   | 510/805 [06:33<03:55,  1.25it/s] 63%|██████▎   | 511/805 [06:34<03:51,  1.27it/s] 64%|██████▎   | 512/805 [06:35<03:48,  1.28it/s] 64%|██████▎   | 513/805 [06:36<03:44,  1.30it/s] 64%|██████▍   | 514/805 [06:36<03:42,  1.31it/s] 64%|██████▍   | 515/805 [06:37<03:28,  1.39it/s] 64%|██████▍   | 516/805 [06:38<03:30,  1.37it/s] 64%|██████▍   | 517/805 [06:39<03:44,  1.28it/s] 64%|██████▍   | 518/805 [06:39<03:36,  1.32it/s] 64%|██████▍   | 519/805 [06:40<03:35,  1.33it/s] 65%|██████▍   | 520/805 [06:41<03:36,  1.32it/s] 65%|██████▍   | 521/805 [06:42<03:35,  1.32it/s] 65%|██████▍   | 522/805 [06:42<03:36,  1.31it/s] 65%|██████▍   | 523/805 [06:43<03:49,  1.23it/s] 65%|██████▌   | 524/805 [06:44<03:43,  1.26it/s] 65%|██████▌   | 525/805 [06:45<03:40,  1.27it/s] 65%|██████▌   | 526/805 [06:46<03:32,  1.31it/s] 65%|██████▌   | 527/805 [06:46<03:33,  1.30it/s] 66%|██████▌   | 528/805 [06:47<03:18,  1.40it/s] 66%|██████▌   | 529/805 [06:48<03:35,  1.28it/s] 66%|██████▌   | 530/805 [06:49<03:30,  1.31it/s] 66%|██████▌   | 531/805 [06:49<03:25,  1.33it/s] 66%|██████▌   | 532/805 [06:50<03:26,  1.32it/s] 66%|██████▌   | 533/805 [06:51<03:27,  1.31it/s] 66%|██████▋   | 534/805 [06:52<03:26,  1.31it/s] 66%|██████▋   | 535/805 [06:52<03:37,  1.24it/s] 67%|██████▋   | 536/805 [06:53<03:19,  1.35it/s] 67%|██████▋   | 537/805 [06:54<03:18,  1.35it/s] 67%|██████▋   | 538/805 [06:55<03:18,  1.35it/s] 67%|██████▋   | 539/805 [06:55<03:20,  1.33it/s] 67%|██████▋   | 540/805 [06:56<03:20,  1.32it/s] 67%|██████▋   | 541/805 [06:57<03:14,  1.36it/s] 67%|██████▋   | 542/805 [06:58<03:24,  1.28it/s] 67%|██████▋   | 543/805 [06:58<03:23,  1.29it/s] 68%|██████▊   | 544/805 [06:59<03:18,  1.32it/s] 68%|██████▊   | 545/805 [07:00<03:15,  1.33it/s] 68%|██████▊   | 546/805 [07:01<03:18,  1.30it/s] 68%|██████▊   | 547/805 [07:02<03:20,  1.29it/s] 68%|██████▊   | 548/805 [07:02<03:16,  1.30it/s] 68%|██████▊   | 549/805 [07:03<03:14,  1.32it/s] 68%|██████▊   | 550/805 [07:04<03:12,  1.33it/s] 68%|██████▊   | 551/805 [07:04<03:11,  1.33it/s] 69%|██████▊   | 552/805 [07:05<03:11,  1.32it/s] 69%|██████▊   | 553/805 [07:06<03:11,  1.32it/s] 69%|██████▉   | 554/805 [07:07<03:20,  1.25it/s] 69%|██████▉   | 555/805 [07:08<03:12,  1.30it/s] 69%|██████▉   | 556/805 [07:08<03:05,  1.34it/s] 69%|██████▉   | 557/805 [07:09<03:06,  1.33it/s] 69%|██████▉   | 558/805 [07:10<03:03,  1.35it/s] 69%|██████▉   | 559/805 [07:10<02:52,  1.43it/s] 70%|██████▉   | 560/805 [07:11<02:51,  1.43it/s] 70%|██████▉   | 561/805 [07:12<03:05,  1.32it/s] 70%|██████▉   | 562/805 [07:13<03:05,  1.31it/s] 70%|██████▉   | 563/805 [07:14<03:06,  1.30it/s] 70%|███████   | 564/805 [07:14<03:06,  1.30it/s] 70%|███████   | 565/805 [07:15<03:01,  1.32it/s] 70%|███████   | 566/805 [07:16<02:57,  1.35it/s] 70%|███████   | 567/805 [07:17<03:10,  1.25it/s] 71%|███████   | 568/805 [07:17<03:03,  1.29it/s] 71%|███████   | 569/805 [07:18<02:50,  1.39it/s] 71%|███████   | 570/805 [07:19<02:49,  1.39it/s] 71%|███████   | 571/805 [07:19<02:49,  1.38it/s] 71%|███████   | 572/805 [07:20<02:48,  1.38it/s] 71%|███████   | 573/805 [07:21<02:47,  1.38it/s] 71%|███████▏  | 574/805 [07:22<03:00,  1.28it/s] 71%|███████▏  | 575/805 [07:22<02:48,  1.37it/s] 72%|███████▏  | 576/805 [07:23<02:51,  1.33it/s] 72%|███████▏  | 577/805 [07:24<02:41,  1.41it/s] 72%|███████▏  | 578/805 [07:24<02:36,  1.45it/s] 72%|███████▏  | 579/805 [07:25<02:41,  1.40it/s] 72%|███████▏  | 580/805 [07:26<02:54,  1.29it/s] 72%|███████▏  | 581/805 [07:27<02:41,  1.38it/s] 72%|███████▏  | 582/805 [07:28<02:47,  1.33it/s] 72%|███████▏  | 583/805 [07:28<02:48,  1.31it/s] 73%|███████▎  | 584/805 [07:29<02:50,  1.30it/s] 73%|███████▎  | 585/805 [07:30<02:48,  1.30it/s] 73%|███████▎  | 586/805 [07:31<02:48,  1.30it/s] 73%|███████▎  | 587/805 [07:31<02:47,  1.30it/s] 73%|███████▎  | 588/805 [07:32<02:48,  1.29it/s] 73%|███████▎  | 589/805 [07:33<02:43,  1.32it/s] 73%|███████▎  | 590/805 [07:34<02:42,  1.32it/s] 73%|███████▎  | 591/805 [07:34<02:42,  1.32it/s] 74%|███████▎  | 592/805 [07:35<02:54,  1.22it/s] 74%|███████▎  | 593/805 [07:36<02:48,  1.26it/s] 74%|███████▍  | 594/805 [07:37<02:44,  1.28it/s] 74%|███████▍  | 595/805 [07:38<02:42,  1.29it/s] 74%|███████▍  | 596/805 [07:38<02:40,  1.30it/s] 74%|███████▍  | 597/805 [07:39<02:39,  1.31it/s] 74%|███████▍  | 598/805 [07:40<02:38,  1.31it/s] 74%|███████▍  | 599/805 [07:41<02:39,  1.29it/s] 75%|███████▍  | 600/805 [07:42<02:37,  1.30it/s] 75%|███████▍  | 601/805 [07:42<02:35,  1.31it/s] 75%|███████▍  | 602/805 [07:43<02:32,  1.34it/s] 75%|███████▍  | 603/805 [07:44<02:33,  1.32it/s] 75%|███████▌  | 604/805 [07:45<02:32,  1.32it/s] 75%|███████▌  | 605/805 [07:45<02:42,  1.23it/s] 75%|███████▌  | 606/805 [07:46<02:31,  1.32it/s] 75%|███████▌  | 607/805 [07:47<02:31,  1.31it/s] 76%|███████▌  | 608/805 [07:48<02:31,  1.30it/s] 76%|███████▌  | 609/805 [07:48<02:27,  1.33it/s] 76%|███████▌  | 610/805 [07:49<02:35,  1.25it/s] 76%|███████▌  | 611/805 [07:50<02:42,  1.20it/s] 76%|███████▌  | 612/805 [07:51<02:29,  1.29it/s] 76%|███████▌  | 613/805 [07:52<02:27,  1.30it/s] 76%|███████▋  | 614/805 [07:52<02:23,  1.33it/s] 76%|███████▋  | 615/805 [07:53<02:20,  1.35it/s] 77%|███████▋  | 616/805 [07:54<02:23,  1.31it/s] 77%|███████▋  | 617/805 [07:55<02:19,  1.35it/s] 77%|███████▋  | 618/805 [07:55<02:22,  1.31it/s] 77%|███████▋  | 619/805 [07:56<02:22,  1.31it/s] 77%|███████▋  | 620/805 [07:57<02:18,  1.33it/s] 77%|███████▋  | 621/805 [07:58<02:16,  1.35it/s] 77%|███████▋  | 622/805 [07:58<02:17,  1.33it/s] 77%|███████▋  | 623/805 [07:59<02:17,  1.32it/s] 78%|███████▊  | 624/805 [08:00<02:18,  1.30it/s] 78%|███████▊  | 625/805 [08:01<02:18,  1.30it/s] 78%|███████▊  | 626/805 [08:01<02:17,  1.30it/s] 78%|███████▊  | 627/805 [08:02<02:16,  1.30it/s] 78%|███████▊  | 628/805 [08:03<02:15,  1.31it/s] 78%|███████▊  | 629/805 [08:04<02:06,  1.39it/s] 78%|███████▊  | 630/805 [08:04<02:15,  1.29it/s] 78%|███████▊  | 631/805 [08:05<02:25,  1.20it/s] 79%|███████▊  | 632/805 [08:06<02:19,  1.24it/s] 79%|███████▊  | 633/805 [08:07<02:16,  1.26it/s] 79%|███████▉  | 634/805 [08:08<02:14,  1.27it/s] 79%|███████▉  | 635/805 [08:08<02:10,  1.30it/s] 79%|███████▉  | 636/805 [08:09<02:07,  1.32it/s] 79%|███████▉  | 637/805 [08:10<02:14,  1.25it/s] 79%|███████▉  | 638/805 [08:11<02:09,  1.29it/s] 79%|███████▉  | 639/805 [08:12<02:09,  1.29it/s] 80%|███████▉  | 640/805 [08:12<02:06,  1.31it/s] 80%|███████▉  | 641/805 [08:13<02:11,  1.24it/s] 80%|███████▉  | 642/805 [08:14<02:06,  1.29it/s] 80%|███████▉  | 643/805 [08:15<02:13,  1.22it/s] 80%|████████  | 644/805 [08:16<02:10,  1.23it/s] 80%|████████  | 645/805 [08:16<02:09,  1.24it/s] 80%|████████  | 646/805 [08:17<01:58,  1.34it/s] 80%|████████  | 647/805 [08:18<01:59,  1.32it/s] 80%|████████  | 648/805 [08:19<01:57,  1.33it/s] 81%|████████  | 649/805 [08:19<01:53,  1.38it/s] 81%|████████  | 650/805 [08:20<02:01,  1.28it/s] 81%|████████  | 651/805 [08:21<02:00,  1.28it/s] 81%|████████  | 652/805 [08:22<01:59,  1.28it/s] 81%|████████  | 653/805 [08:22<01:58,  1.28it/s] 81%|████████  | 654/805 [08:23<01:51,  1.36it/s] 81%|████████▏ | 655/805 [08:24<01:44,  1.43it/s] 81%|████████▏ | 656/805 [08:25<01:54,  1.30it/s] 82%|████████▏ | 657/805 [08:25<01:53,  1.30it/s] 82%|████████▏ | 658/805 [08:26<01:52,  1.30it/s] 82%|████████▏ | 659/805 [08:27<01:50,  1.32it/s] 82%|████████▏ | 660/805 [08:28<01:48,  1.34it/s] 82%|████████▏ | 661/805 [08:28<01:47,  1.34it/s] 82%|████████▏ | 662/805 [08:29<01:47,  1.32it/s] 82%|████████▏ | 663/805 [08:30<02:01,  1.17it/s] 82%|████████▏ | 664/805 [08:31<01:56,  1.22it/s] 83%|████████▎ | 665/805 [08:32<01:54,  1.23it/s] 83%|████████▎ | 666/805 [08:33<01:51,  1.25it/s] 83%|████████▎ | 667/805 [08:33<01:48,  1.27it/s] 83%|████████▎ | 668/805 [08:34<01:44,  1.31it/s] 83%|████████▎ | 669/805 [08:35<01:44,  1.30it/s] 83%|████████▎ | 670/805 [08:36<01:44,  1.29it/s] 83%|████████▎ | 671/805 [08:36<01:41,  1.32it/s] 83%|████████▎ | 672/805 [08:37<01:47,  1.24it/s] 84%|████████▎ | 673/805 [08:38<01:44,  1.26it/s] 84%|████████▎ | 674/805 [08:39<01:42,  1.28it/s] 84%|████████▍ | 675/805 [08:40<01:47,  1.21it/s] 84%|████████▍ | 676/805 [08:40<01:44,  1.23it/s] 84%|████████▍ | 677/805 [08:41<01:39,  1.28it/s] 84%|████████▍ | 678/805 [08:42<01:37,  1.30it/s] 84%|████████▍ | 679/805 [08:43<01:31,  1.38it/s] 84%|████████▍ | 680/805 [08:43<01:32,  1.35it/s] 85%|████████▍ | 681/805 [08:44<01:32,  1.34it/s] 85%|████████▍ | 682/805 [08:45<01:39,  1.24it/s] 85%|████████▍ | 683/805 [08:46<01:35,  1.28it/s] 85%|████████▍ | 684/805 [08:46<01:33,  1.30it/s] 85%|████████▌ | 685/805 [08:47<01:31,  1.31it/s] 85%|████████▌ | 686/805 [08:48<01:30,  1.31it/s] 85%|████████▌ | 687/805 [08:49<01:29,  1.31it/s] 85%|████████▌ | 688/805 [08:50<01:32,  1.27it/s] 86%|████████▌ | 689/805 [08:50<01:31,  1.27it/s] 86%|████████▌ | 690/805 [08:51<01:24,  1.36it/s] 86%|████████▌ | 691/805 [08:52<01:18,  1.44it/s] 86%|████████▌ | 692/805 [08:52<01:20,  1.40it/s] 86%|████████▌ | 693/805 [08:53<01:20,  1.40it/s] 86%|████████▌ | 694/805 [08:54<01:20,  1.38it/s] 86%|████████▋ | 695/805 [08:55<01:22,  1.34it/s] 86%|████████▋ | 696/805 [08:55<01:22,  1.32it/s] 87%|████████▋ | 697/805 [08:56<01:21,  1.33it/s] 87%|████████▋ | 698/805 [08:57<01:22,  1.30it/s] 87%|████████▋ | 699/805 [08:58<01:19,  1.33it/s] 87%|████████▋ | 700/805 [08:58<01:14,  1.41it/s] 87%|████████▋ | 701/805 [08:59<01:20,  1.29it/s] 87%|████████▋ | 702/805 [09:00<01:19,  1.30it/s] 87%|████████▋ | 703/805 [09:01<01:17,  1.32it/s] 87%|████████▋ | 704/805 [09:01<01:17,  1.30it/s] 88%|████████▊ | 705/805 [09:02<01:17,  1.29it/s] 88%|████████▊ | 706/805 [09:03<01:15,  1.31it/s] 88%|████████▊ | 707/805 [09:04<01:18,  1.25it/s] 88%|████████▊ | 708/805 [09:04<01:11,  1.35it/s] 88%|████████▊ | 709/805 [09:05<01:11,  1.35it/s] 88%|████████▊ | 710/805 [09:06<01:11,  1.34it/s] 88%|████████▊ | 711/805 [09:07<01:10,  1.34it/s] 88%|████████▊ | 712/805 [09:08<01:10,  1.32it/s] 89%|████████▊ | 713/805 [09:08<01:11,  1.29it/s] 89%|████████▊ | 714/805 [09:09<01:13,  1.24it/s] 89%|████████▉ | 715/805 [09:10<01:10,  1.27it/s] 89%|████████▉ | 716/805 [09:11<01:09,  1.28it/s] 89%|████████▉ | 717/805 [09:11<01:07,  1.30it/s] 89%|████████▉ | 718/805 [09:12<01:06,  1.32it/s] 89%|████████▉ | 719/805 [09:13<01:05,  1.31it/s] 89%|████████▉ | 720/805 [09:14<01:08,  1.24it/s] 90%|████████▉ | 721/805 [09:14<01:02,  1.34it/s] 90%|████████▉ | 722/805 [09:15<01:02,  1.32it/s] 90%|████████▉ | 723/805 [09:16<01:02,  1.31it/s] 90%|████████▉ | 724/805 [09:17<01:02,  1.30it/s] 90%|█████████ | 725/805 [09:17<00:57,  1.38it/s] 90%|█████████ | 726/805 [09:18<01:01,  1.29it/s] 90%|█████████ | 727/805 [09:19<00:58,  1.33it/s] 90%|█████████ | 728/805 [09:20<01:01,  1.25it/s] 91%|█████████ | 729/805 [09:21<01:00,  1.26it/s] 91%|█████████ | 730/805 [09:21<00:58,  1.27it/s] 91%|█████████ | 731/805 [09:22<00:57,  1.29it/s] 91%|█████████ | 732/805 [09:23<00:59,  1.24it/s] 91%|█████████ | 733/805 [09:24<00:57,  1.26it/s] 91%|█████████ | 734/805 [09:25<00:53,  1.34it/s] 91%|█████████▏| 735/805 [09:25<00:53,  1.31it/s] 91%|█████████▏| 736/805 [09:26<00:53,  1.30it/s] 92%|█████████▏| 737/805 [09:27<00:51,  1.33it/s] 92%|█████████▏| 738/805 [09:28<00:49,  1.35it/s] 92%|█████████▏| 739/805 [09:28<00:50,  1.31it/s] 92%|█████████▏| 740/805 [09:29<00:46,  1.40it/s] 92%|█████████▏| 741/805 [09:30<00:45,  1.40it/s] 92%|█████████▏| 742/805 [09:30<00:42,  1.48it/s] 92%|█████████▏| 743/805 [09:31<00:43,  1.42it/s] 92%|█████████▏| 744/805 [09:32<00:43,  1.41it/s] 93%|█████████▎| 745/805 [09:33<00:43,  1.37it/s] 93%|█████████▎| 746/805 [09:33<00:43,  1.37it/s] 93%|█████████▎| 747/805 [09:34<00:42,  1.38it/s] 93%|█████████▎| 748/805 [09:35<00:39,  1.46it/s] 93%|█████████▎| 749/805 [09:35<00:39,  1.40it/s] 93%|█████████▎| 750/805 [09:36<00:39,  1.38it/s] 93%|█████████▎| 751/805 [09:37<00:40,  1.35it/s] 93%|█████████▎| 752/805 [09:38<00:41,  1.28it/s] 94%|█████████▎| 753/805 [09:39<00:40,  1.29it/s] 94%|█████████▎| 754/805 [09:39<00:36,  1.39it/s] 94%|█████████▍| 755/805 [09:40<00:37,  1.35it/s] 94%|█████████▍| 756/805 [09:41<00:36,  1.35it/s] 94%|█████████▍| 757/805 [09:41<00:35,  1.36it/s] 94%|█████████▍| 758/805 [09:42<00:34,  1.35it/s] 94%|█████████▍| 759/805 [09:43<00:33,  1.36it/s] 94%|█████████▍| 760/805 [09:44<00:33,  1.34it/s] 95%|█████████▍| 761/805 [09:44<00:32,  1.34it/s] 95%|█████████▍| 762/805 [09:45<00:32,  1.32it/s] 95%|█████████▍| 763/805 [09:46<00:31,  1.32it/s] 95%|█████████▍| 764/805 [09:47<00:33,  1.24it/s] 95%|█████████▌| 765/805 [09:48<00:32,  1.24it/s] 95%|█████████▌| 766/805 [09:48<00:31,  1.26it/s] 95%|█████████▌| 767/805 [09:49<00:30,  1.26it/s] 95%|█████████▌| 768/805 [09:50<00:29,  1.26it/s] 96%|█████████▌| 769/805 [09:51<00:28,  1.27it/s] 96%|█████████▌| 770/805 [09:52<00:27,  1.27it/s] 96%|█████████▌| 771/805 [09:52<00:27,  1.22it/s] 96%|█████████▌| 772/805 [09:53<00:24,  1.32it/s] 96%|█████████▌| 773/805 [09:54<00:24,  1.32it/s] 96%|█████████▌| 774/805 [09:55<00:23,  1.30it/s] 96%|█████████▋| 775/805 [09:55<00:21,  1.37it/s] 96%|█████████▋| 776/805 [09:56<00:21,  1.37it/s] 97%|█████████▋| 777/805 [09:57<00:21,  1.33it/s] 97%|█████████▋| 778/805 [09:58<00:20,  1.32it/s] 97%|█████████▋| 779/805 [09:58<00:18,  1.38it/s] 97%|█████████▋| 780/805 [09:59<00:18,  1.36it/s] 97%|█████████▋| 781/805 [10:00<00:17,  1.34it/s] 97%|█████████▋| 782/805 [10:00<00:17,  1.33it/s] 97%|█████████▋| 783/805 [10:01<00:17,  1.24it/s] 97%|█████████▋| 784/805 [10:02<00:16,  1.26it/s] 98%|█████████▊| 785/805 [10:03<00:15,  1.29it/s] 98%|█████████▊| 786/805 [10:04<00:14,  1.28it/s] 98%|█████████▊| 787/805 [10:04<00:13,  1.32it/s] 98%|█████████▊| 788/805 [10:05<00:12,  1.32it/s] 98%|█████████▊| 789/805 [10:06<00:12,  1.31it/s] 98%|█████████▊| 790/805 [10:07<00:12,  1.22it/s] 98%|█████████▊| 791/805 [10:08<00:11,  1.25it/s] 98%|█████████▊| 792/805 [10:08<00:10,  1.28it/s] 99%|█████████▊| 793/805 [10:09<00:09,  1.28it/s] 99%|█████████▊| 794/805 [10:10<00:08,  1.32it/s] 99%|█████████▉| 795/805 [10:11<00:07,  1.32it/s] 99%|█████████▉| 796/805 [10:12<00:07,  1.22it/s] 99%|█████████▉| 797/805 [10:12<00:06,  1.24it/s] 99%|█████████▉| 798/805 [10:13<00:05,  1.26it/s] 99%|█████████▉| 799/805 [10:14<00:04,  1.28it/s] 99%|█████████▉| 800/805 [10:15<00:03,  1.32it/s]100%|█████████▉| 801/805 [10:15<00:03,  1.31it/s]100%|█████████▉| 802/805 [10:16<00:02,  1.24it/s]100%|█████████▉| 803/805 [10:17<00:01,  1.26it/s]100%|█████████▉| 804/805 [10:18<00:00,  1.28it/s]100%|██████████| 805/805 [10:18<00:00,  1.36it/s]100%|██████████| 805/805 [10:18<00:00,  1.30it/s]
2025/11/12 18:31:35 INFO mlflow.system_metrics.system_metrics_monitor: Stopping system metrics monitoring...
2025/11/12 18:31:37 INFO mlflow.system_metrics.system_metrics_monitor: Successfully terminated system metrics monitoring!
🏃 View run parquet_dataset__model_nlyrs_4_nheads_4_hdim_64__pred_ovrlap_F_npreds_4__nlyrs_2_activ_relunenc_1__lr_0.0002828_start_0.001_final_0_20251112_164804 at: https://block-lakehouse-production.cloud.databricks.com/ml/experiments/3770822289028866/runs/738138ecc8b14033863620a8c0abc3d2
🧪 View experiment at: https://block-lakehouse-production.cloud.databricks.com/ml/experiments/3770822289028866
Total training time took: 6181.9438629999995 seconds
Model checkpointing attempts: 0.
Stored epoch 10 model checkpoint to ./checkpoints/parquet_dataset/parquet_dataset__model_nlyrs_4_nheads_4_hdim_64__pred_ovrlap_F_npreds_4__nlyrs_2_activ_relunenc_1__lr_0.0002828_start_0.001_final_0_20251112_164804/epoch_10.pth.
OPTUNA_SCORE: -inf
Best validation score: -inf

========================================================================
Training completed with exit code: 0
========================================================================
✓ SUCCESS: Scaled configuration test completed!

Configuration summary:
  - Dataset size: ~3.3M samples (11 chunks × 300K)
  - Input features: 128 → 256 (after categorize_nan)
  - Batch size: 4096
  - Learning rate: 2.828e-4
  - Preprocessing: IQR scaling + asinh transform + NaN categorization

Extracting timing information...
Total training time took: 6181.9438629999995 seconds
