========================================================================
Scaled Configuration Test - 4 GPUs with Linear Probe
========================================================================
Job ID: 14686
Node: smallslurm-a38msp-4
Date: Wed Nov 12 19:32:44 UTC 2025
GPUs Requested: 4
========================================================================
Configuration:
  - Data: chunk_10 to chunk_20 (11 files, 3.3M samples)
  - Features: 128 → 256 (after categorize_nan)
  - Batch size: 4096 per GPU (16384 total effective)
  - Learning rate: 2.828e-4 (scaled by sqrt(8))
  - Scaling: IQR + asinh transform
  - Linear probe: Every 5 epochs on last 10% of data (330K samples, 20 epochs)
========================================================================
Hermit environment /home/aminmohamadi_squareup_com/projects activated
Available GPUs:
GPU 0: NVIDIA H100 80GB HBM3 (UUID: GPU-991ce41b-b851-1ae0-0227-d179f6eb9c9b)
GPU 1: NVIDIA H100 80GB HBM3 (UUID: GPU-f301c6e7-8177-97ff-29da-36bc21077184)
GPU 2: NVIDIA H100 80GB HBM3 (UUID: GPU-f2c06ebe-618b-11b0-dc1f-e022cce52697)
GPU 3: NVIDIA H100 80GB HBM3 (UUID: GPU-5cb42751-419a-7d7c-e30b-163a7a128801)

Wed Nov 12 19:32:44 2025       
+-----------------------------------------------------------------------------------------+
| NVIDIA-SMI 550.90.12              Driver Version: 550.90.12      CUDA Version: 12.4     |
|-----------------------------------------+------------------------+----------------------+
| GPU  Name                 Persistence-M | Bus-Id          Disp.A | Volatile Uncorr. ECC |
| Fan  Temp   Perf          Pwr:Usage/Cap |           Memory-Usage | GPU-Util  Compute M. |
|                                         |                        |               MIG M. |
|=========================================+========================+======================|
|   0  NVIDIA H100 80GB HBM3          On  |   00000000:04:00.0 Off |                    0 |
| N/A   29C    P0             66W /  700W |       1MiB /  81559MiB |      0%      Default |
|                                         |                        |             Disabled |
+-----------------------------------------+------------------------+----------------------+
|   1  NVIDIA H100 80GB HBM3          On  |   00000000:0C:00.0 Off |                    0 |
| N/A   26C    P0             65W /  700W |       1MiB /  81559MiB |      0%      Default |
|                                         |                        |             Disabled |
+-----------------------------------------+------------------------+----------------------+
|   2  NVIDIA H100 80GB HBM3          On  |   00000000:84:00.0 Off |                    0 |
| N/A   29C    P0             68W /  700W |       1MiB /  81559MiB |      0%      Default |
|                                         |                        |             Disabled |
+-----------------------------------------+------------------------+----------------------+
|   3  NVIDIA H100 80GB HBM3          On  |   00000000:85:00.0 Off |                    0 |
| N/A   28C    P0             67W /  700W |       1MiB /  81559MiB |      0%      Default |
|                                         |                        |             Disabled |
+-----------------------------------------+------------------------+----------------------+
                                                                                         
+-----------------------------------------------------------------------------------------+
| Processes:                                                                              |
|  GPU   GI   CI        PID   Type   Process name                              GPU Memory |
|        ID   ID                                                               Usage      |
|=========================================================================================|
|  No running processes found                                                             |
+-----------------------------------------------------------------------------------------+

========================================================================
SLURM Environment:
========================================================================
SLURM_GPUS: 4
SLURM_JOB_GPUS: 0,3,4,5
SLURM_STEP_GPUS: 
SLURM_GPUS_ON_NODE: 4
========================================================================

========================================================================
Starting 4-GPU T-JEPA training with scaled configuration...
========================================================================
/home/aminmohamadi_squareup_com/projects/.hermit/python/lib/python3.11/site-packages/torch/cuda/__init__.py:63: FutureWarning: The pynvml package is deprecated. Please install nvidia-ml-py instead. If you did not install pynvml directly, please report this to the maintainers of the package that installed pynvml for you.
  import pynvml  # type: ignore[import]
W1112 19:32:49.352000 277205 torch/distributed/run.py:803] 
W1112 19:32:49.352000 277205 torch/distributed/run.py:803] *****************************************
W1112 19:32:49.352000 277205 torch/distributed/run.py:803] Setting OMP_NUM_THREADS environment variable for each process to be 1 in default, to avoid your system being overloaded, please further tune the variable for optimal performance in your application as needed. 
W1112 19:32:49.352000 277205 torch/distributed/run.py:803] *****************************************
/home/aminmohamadi_squareup_com/projects/.hermit/python/lib/python3.11/site-packages/torch/cuda/__init__.py:63: FutureWarning: The pynvml package is deprecated. Please install nvidia-ml-py instead. If you did not install pynvml directly, please report this to the maintainers of the package that installed pynvml for you.
  import pynvml  # type: ignore[import]
/home/aminmohamadi_squareup_com/projects/.hermit/python/lib/python3.11/site-packages/torch/cuda/__init__.py:63: FutureWarning: The pynvml package is deprecated. Please install nvidia-ml-py instead. If you did not install pynvml directly, please report this to the maintainers of the package that installed pynvml for you.
  import pynvml  # type: ignore[import]
/home/aminmohamadi_squareup_com/projects/.hermit/python/lib/python3.11/site-packages/torch/cuda/__init__.py:63: FutureWarning: The pynvml package is deprecated. Please install nvidia-ml-py instead. If you did not install pynvml directly, please report this to the maintainers of the package that installed pynvml for you.
  import pynvml  # type: ignore[import]
/home/aminmohamadi_squareup_com/projects/.hermit/python/lib/python3.11/site-packages/torch/cuda/__init__.py:63: FutureWarning: The pynvml package is deprecated. Please install nvidia-ml-py instead. If you did not install pynvml directly, please report this to the maintainers of the package that installed pynvml for you.
  import pynvml  # type: ignore[import]
[idr_torch] rank=2 local_rank=2 size=4 | MASTER_ADDR=smallslurm-a38msp-4.c.sq-cash-ml-slurm-prod.internal MASTER_PORT=34547[idr_torch] rank=1 local_rank=1 size=4 | MASTER_ADDR=smallslurm-a38msp-4.c.sq-cash-ml-slurm-prod.internal MASTER_PORT=34547

[idr_torch] rank=3 local_rank=3 size=4 | MASTER_ADDR=smallslurm-a38msp-4.c.sq-cash-ml-slurm-prod.internal MASTER_PORT=34547
[idr_torch] rank=0 local_rank=0 size=4 | MASTER_ADDR=smallslurm-a38msp-4.c.sq-cash-ml-slurm-prod.internal MASTER_PORT=34547
✓ MLflow logging configured for project: scaled_config_4gpu_test
[Distributed pre-init] RANK=0 WORLD_SIZE=4 LOCAL_RANK=0 MASTER_ADDR=smallslurm-a38msp-4.c.sq-cash-ml-slurm-prod.internal MASTER_PORT=34547
✓ MLflow logging configured for project: scaled_config_4gpu_test
[Distributed pre-init] RANK=3 WORLD_SIZE=4 LOCAL_RANK=3 MASTER_ADDR=smallslurm-a38msp-4.c.sq-cash-ml-slurm-prod.internal MASTER_PORT=34547
✓ MLflow logging configured for project: scaled_config_4gpu_test
[Distributed pre-init] RANK=1 WORLD_SIZE=4 LOCAL_RANK=1 MASTER_ADDR=smallslurm-a38msp-4.c.sq-cash-ml-slurm-prod.internal MASTER_PORT=34547
✓ MLflow logging configured for project: scaled_config_4gpu_test
[Distributed pre-init] RANK=2 WORLD_SIZE=4 LOCAL_RANK=2 MASTER_ADDR=smallslurm-a38msp-4.c.sq-cash-ml-slurm-prod.internal MASTER_PORT=34547
[Debug] idr_torch.world_size=4
[Debug] idr_torch.rank=0
[Debug] idr_torch.local_rank=0
[Debug] idr_torch.gpu_ids=['0', '3', '4', '5']
[Debug] idr_torch.cpus_per_task=64
[Distributed post-init] rank 0 / 4 | backend=nccl | current_device=0
[Debug] torch.cuda.set_device(0) called on PID 277329
[Debug] distributed_args={'world_size': 4, 'rank': 0, 'gpu': 0}
[Debug] Using parquet dataset from LocalFilesDataset
[Debug] idr_torch.world_size=4
[Debug] idr_torch.rank=2
[Debug] idr_torch.local_rank=2
[Debug] idr_torch.world_size=4[Debug] idr_torch.gpu_ids=['0', '3', '4', '5']

[Debug] idr_torch.cpus_per_task=64
[Debug] idr_torch.rank=3
[Debug] idr_torch.local_rank=3
[Debug] idr_torch.gpu_ids=['0', '3', '4', '5']
[Debug] idr_torch.cpus_per_task=64
[Distributed post-init] rank 2 / 4 | backend=nccl | current_device=2
[Debug] torch.cuda.set_device(2) called on PID 277331
[Distributed post-init] rank 3 / 4 | backend=nccl | current_device=3
[Debug] distributed_args={'world_size': 4, 'rank': 2, 'gpu': 2}
[Debug] Using parquet dataset from LocalFilesDataset[Debug] torch.cuda.set_device(3) called on PID 277332

[Debug] distributed_args={'world_size': 4, 'rank': 3, 'gpu': 3}
[Debug] Using parquet dataset from LocalFilesDataset
[Debug] idr_torch.world_size=4
[Debug] idr_torch.rank=1
[Debug] idr_torch.local_rank=1
[Debug] idr_torch.gpu_ids=['0', '3', '4', '5']
[Debug] idr_torch.cpus_per_task=64
[Distributed post-init] rank 1 / 4 | backend=nccl | current_device=1
[Debug] torch.cuda.set_device(1) called on PID 277330
[Debug] distributed_args={'world_size': 4, 'rank': 1, 'gpu': 1}
[Debug] Using parquet dataset from LocalFilesDataset
[Debug] Parquet dataset created: N=3300000, D=256
╒═══════════════════════════════╤════════════════════════════════════════════════════════════════════════════════════════════════════════════════════════════════════════════════════════════════════════════════════════════╕
│ mock                          │ False                                                                                                                                                                                      │
├───────────────────────────────┼────────────────────────────────────────────────────────────────────────────────────────────────────────────────────────────────────────────────────────────────────────────────────────────┤
│ res_dir                       │ ./                                                                                                                                                                                         │
├───────────────────────────────┼────────────────────────────────────────────────────────────────────────────────────────────────────────────────────────────────────────────────────────────────────────────────────────────┤
│ data_path                     │ data                                                                                                                                                                                       │
├───────────────────────────────┼────────────────────────────────────────────────────────────────────────────────────────────────────────────────────────────────────────────────────────────────────────────────────────────┤
│ data_set                      │ parquet_dataset                                                                                                                                                                            │
├───────────────────────────────┼────────────────────────────────────────────────────────────────────────────────────────────────────────────────────────────────────────────────────────────────────────────────────────────┤
│ test_size_ratio               │ 0.0                                                                                                                                                                                        │
├───────────────────────────────┼────────────────────────────────────────────────────────────────────────────────────────────────────────────────────────────────────────────────────────────────────────────────────────────┤
│ val_size_ratio                │ 0.0                                                                                                                                                                                        │
├───────────────────────────────┼────────────────────────────────────────────────────────────────────────────────────────────────────────────────────────────────────────────────────────────────────────────────────────────┤
│ random_state                  │ 42                                                                                                                                                                                         │
├───────────────────────────────┼────────────────────────────────────────────────────────────────────────────────────────────────────────────────────────────────────────────────────────────────────────────────────────────┤
│ full_dataset_cuda             │ False                                                                                                                                                                                      │
├───────────────────────────────┼────────────────────────────────────────────────────────────────────────────────────────────────────────────────────────────────────────────────────────────────────────────────────────────┤
│ verbose                       │ False                                                                                                                                                                                      │
├───────────────────────────────┼────────────────────────────────────────────────────────────────────────────────────────────────────────────────────────────────────────────────────────────────────────────────────────────┤
│ use_parquet_dataset           │ True                                                                                                                                                                                       │
├───────────────────────────────┼────────────────────────────────────────────────────────────────────────────────────────────────────────────────────────────────────────────────────────────────────────────────────────────┤
│ parquet_data_dir              │ /projects/risk-tabular/general_chargebacks/202207-202407-all-positives-negative-ratio-1.0-v0/train                                                                                         │
├───────────────────────────────┼────────────────────────────────────────────────────────────────────────────────────────────────────────────────────────────────────────────────────────────────────────────────────────────┤
│ parquet_data_files            │ chunk_10.parquet,chunk_11.parquet,chunk_12.parquet,chunk_13.parquet,chunk_14.parquet,chunk_15.parquet,chunk_16.parquet,chunk_17.parquet,chunk_18.parquet,chunk_19.parquet,chunk_20.parquet │
├───────────────────────────────┼────────────────────────────────────────────────────────────────────────────────────────────────────────────────────────────────────────────────────────────────────────────────────────────┤
│ parquet_scaling_stats_file    │ /projects/risk-tabular/general_chargebacks/202207-202407-all-positives-negative-ratio-1.0-v0/train/stats_bootstrap.pq                                                                      │
├───────────────────────────────┼────────────────────────────────────────────────────────────────────────────────────────────────────────────────────────────────────────────────────────────────────────────────────────────┤
│ parquet_feature_names_file    │ /projects/risk-tabular/general_chargebacks/20240724_feature_selection/xgboost_importances_seed_1_sample_0.5.csv                                                                            │
├───────────────────────────────┼────────────────────────────────────────────────────────────────────────────────────────────────────────────────────────────────────────────────────────────────────────────────────────────┤
│ parquet_num_features          │ 128                                                                                                                                                                                        │
├───────────────────────────────┼────────────────────────────────────────────────────────────────────────────────────────────────────────────────────────────────────────────────────────────────────────────────────────────┤
│ parquet_target_col            │ target                                                                                                                                                                                     │
├───────────────────────────────┼────────────────────────────────────────────────────────────────────────────────────────────────────────────────────────────────────────────────────────────────────────────────────────────┤
│ parquet_task_type             │ binary_class                                                                                                                                                                               │
├───────────────────────────────┼────────────────────────────────────────────────────────────────────────────────────────────────────────────────────────────────────────────────────────────────────────────────────────────┤
│ parquet_id_col                │ ID                                                                                                                                                                                         │
├───────────────────────────────┼────────────────────────────────────────────────────────────────────────────────────────────────────────────────────────────────────────────────────────────────────────────────────────────┤
│ parquet_preload_data          │ True                                                                                                                                                                                       │
├───────────────────────────────┼────────────────────────────────────────────────────────────────────────────────────────────────────────────────────────────────────────────────────────────────────────────────────────────┤
│ parquet_shuffle               │ True                                                                                                                                                                                       │
├───────────────────────────────┼────────────────────────────────────────────────────────────────────────────────────────────────────────────────────────────────────────────────────────────────────────────────────────────┤
│ parquet_scaling_method        │ IQR                                                                                                                                                                                        │
├───────────────────────────────┼────────────────────────────────────────────────────────────────────────────────────────────────────────────────────────────────────────────────────────────────────────────────────────────┤
│ parquet_infill_value          │ zero                                                                                                                                                                                       │
├───────────────────────────────┼────────────────────────────────────────────────────────────────────────────────────────────────────────────────────────────────────────────────────────────────────────────────────────────┤
│ parquet_transform             │ asinh                                                                                                                                                                                      │
├───────────────────────────────┼────────────────────────────────────────────────────────────────────────────────────────────────────────────────────────────────────────────────────────────────────────────────────────────┤
│ parquet_categorize_nan        │ True                                                                                                                                                                                       │
├───────────────────────────────┼────────────────────────────────────────────────────────────────────────────────────────────────────────────────────────────────────────────────────────────────────────────────────────────┤
│ parquet_clip_min              │                                                                                                                                                                                            │
├───────────────────────────────┼────────────────────────────────────────────────────────────────────────────────────────────────────────────────────────────────────────────────────────────────────────────────────────────┤
│ parquet_clip_max              │                                                                                                                                                                                            │
├───────────────────────────────┼────────────────────────────────────────────────────────────────────────────────────────────────────────────────────────────────────────────────────────────────────────────────────────────┤
│ tag                           │                                                                                                                                                                                            │
├───────────────────────────────┼────────────────────────────────────────────────────────────────────────────────────────────────────────────────────────────────────────────────────────────────────────────────────────────┤
│ project_name                  │ scaled_config_4gpu_test                                                                                                                                                                    │
├───────────────────────────────┼────────────────────────────────────────────────────────────────────────────────────────────────────────────────────────────────────────────────────────────────────────────────────────────┤
│ test                          │ False                                                                                                                                                                                      │
├───────────────────────────────┼────────────────────────────────────────────────────────────────────────────────────────────────────────────────────────────────────────────────────────────────────────────────────────────┤
│ exp_n_runs                    │ 1                                                                                                                                                                                          │
├───────────────────────────────┼────────────────────────────────────────────────────────────────────────────────────────────────────────────────────────────────────────────────────────────────────────────────────────────┤
│ exp_device                    │                                                                                                                                                                                            │
├───────────────────────────────┼────────────────────────────────────────────────────────────────────────────────────────────────────────────────────────────────────────────────────────────────────────────────────────────┤
│ np_seed                       │ 42                                                                                                                                                                                         │
├───────────────────────────────┼────────────────────────────────────────────────────────────────────────────────────────────────────────────────────────────────────────────────────────────────────────────────────────────┤
│ torch_seed                    │ 42                                                                                                                                                                                         │
├───────────────────────────────┼────────────────────────────────────────────────────────────────────────────────────────────────────────────────────────────────────────────────────────────────────────────────────────────┤
│ random                        │ False                                                                                                                                                                                      │
├───────────────────────────────┼────────────────────────────────────────────────────────────────────────────────────────────────────────────────────────────────────────────────────────────────────────────────────────────┤
│ batch_size                    │ 4096                                                                                                                                                                                       │
├───────────────────────────────┼────────────────────────────────────────────────────────────────────────────────────────────────────────────────────────────────────────────────────────────────────────────────────────────┤
│ val_batch_size                │ -1                                                                                                                                                                                         │
├───────────────────────────────┼────────────────────────────────────────────────────────────────────────────────────────────────────────────────────────────────────────────────────────────────────────────────────────────┤
│ exp_train_total_epochs        │ 10                                                                                                                                                                                         │
├───────────────────────────────┼────────────────────────────────────────────────────────────────────────────────────────────────────────────────────────────────────────────────────────────────────────────────────────────┤
│ exp_patience                  │ 10                                                                                                                                                                                         │
├───────────────────────────────┼────────────────────────────────────────────────────────────────────────────────────────────────────────────────────────────────────────────────────────────────────────────────────────────┤
│ log_tensorboard               │ False                                                                                                                                                                                      │
├───────────────────────────────┼────────────────────────────────────────────────────────────────────────────────────────────────────────────────────────────────────────────────────────────────────────────────────────────┤
│ exp_cadence_type              │ improvement                                                                                                                                                                                │
├───────────────────────────────┼────────────────────────────────────────────────────────────────────────────────────────────────────────────────────────────────────────────────────────────────────────────────────────────┤
│ exp_cache_cadence             │ 1                                                                                                                                                                                          │
├───────────────────────────────┼────────────────────────────────────────────────────────────────────────────────────────────────────────────────────────────────────────────────────────────────────────────────────────────┤
│ exp_val_cache_cadence         │ 1                                                                                                                                                                                          │
├───────────────────────────────┼────────────────────────────────────────────────────────────────────────────────────────────────────────────────────────────────────────────────────────────────────────────────────────────┤
│ init_type                     │ kaiming                                                                                                                                                                                    │
├───────────────────────────────┼────────────────────────────────────────────────────────────────────────────────────────────────────────────────────────────────────────────────────────────────────────────────────────────┤
│ exp_scheduler                 │ True                                                                                                                                                                                       │
├───────────────────────────────┼────────────────────────────────────────────────────────────────────────────────────────────────────────────────────────────────────────────────────────────────────────────────────────────┤
│ exp_weight_decay_scheduler    │ True                                                                                                                                                                                       │
├───────────────────────────────┼────────────────────────────────────────────────────────────────────────────────────────────────────────────────────────────────────────────────────────────────────────────────────────────┤
│ exp_start_lr                  │ 0.001                                                                                                                                                                                      │
├───────────────────────────────┼────────────────────────────────────────────────────────────────────────────────────────────────────────────────────────────────────────────────────────────────────────────────────────────┤
│ exp_lr                        │ 0.0002828                                                                                                                                                                                  │
├───────────────────────────────┼────────────────────────────────────────────────────────────────────────────────────────────────────────────────────────────────────────────────────────────────────────────────────────────┤
│ exp_final_lr                  │ 0                                                                                                                                                                                          │
├───────────────────────────────┼────────────────────────────────────────────────────────────────────────────────────────────────────────────────────────────────────────────────────────────────────────────────────────────┤
│ exp_warmup                    │ 0.05                                                                                                                                                                                       │
├───────────────────────────────┼────────────────────────────────────────────────────────────────────────────────────────────────────────────────────────────────────────────────────────────────────────────────────────────┤
│ exp_weight_decay              │ 1e-05                                                                                                                                                                                      │
├───────────────────────────────┼────────────────────────────────────────────────────────────────────────────────────────────────────────────────────────────────────────────────────────────────────────────────────────────┤
│ exp_final_weight_decay        │ 0.01                                                                                                                                                                                       │
├───────────────────────────────┼────────────────────────────────────────────────────────────────────────────────────────────────────────────────────────────────────────────────────────────────────────────────────────────┤
│ exp_ipe_scale                 │ 1.0                                                                                                                                                                                        │
├───────────────────────────────┼────────────────────────────────────────────────────────────────────────────────────────────────────────────────────────────────────────────────────────────────────────────────────────────┤
│ exp_gradient_clipping         │ 1.0                                                                                                                                                                                        │
├───────────────────────────────┼────────────────────────────────────────────────────────────────────────────────────────────────────────────────────────────────────────────────────────────────────────────────────────────┤
│ mp_distributed                │ True                                                                                                                                                                                       │
├───────────────────────────────┼────────────────────────────────────────────────────────────────────────────────────────────────────────────────────────────────────────────────────────────────────────────────────────────┤
│ mp_nodes                      │ 1                                                                                                                                                                                          │
├───────────────────────────────┼────────────────────────────────────────────────────────────────────────────────────────────────────────────────────────────────────────────────────────────────────────────────────────────┤
│ mp_gpus                       │ 4                                                                                                                                                                                          │
├───────────────────────────────┼────────────────────────────────────────────────────────────────────────────────────────────────────────────────────────────────────────────────────────────────────────────────────────────┤
│ mp_nr                         │ 0                                                                                                                                                                                          │
├───────────────────────────────┼────────────────────────────────────────────────────────────────────────────────────────────────────────────────────────────────────────────────────────────────────────────────────────────┤
│ pin_memory                    │ True                                                                                                                                                                                       │
├───────────────────────────────┼────────────────────────────────────────────────────────────────────────────────────────────────────────────────────────────────────────────────────────────────────────────────────────────┤
│ using_embedding               │ False                                                                                                                                                                                      │
├───────────────────────────────┼────────────────────────────────────────────────────────────────────────────────────────────────────────────────────────────────────────────────────────────────────────────────────────────┤
│ model_dtype                   │ float32                                                                                                                                                                                    │
├───────────────────────────────┼────────────────────────────────────────────────────────────────────────────────────────────────────────────────────────────────────────────────────────────────────────────────────────────┤
│ data_loader_nprocs            │ 0                                                                                                                                                                                          │
├───────────────────────────────┼────────────────────────────────────────────────────────────────────────────────────────────────────────────────────────────────────────────────────────────────────────────────────────────┤
│ load_from_checkpoint          │ False                                                                                                                                                                                      │
├───────────────────────────────┼────────────────────────────────────────────────────────────────────────────────────────────────────────────────────────────────────────────────────────────────────────────────────────────┤
│ load_path                     │                                                                                                                                                                                            │
├───────────────────────────────┼────────────────────────────────────────────────────────────────────────────────────────────────────────────────────────────────────────────────────────────────────────────────────────────┤
│ model_amp                     │ False                                                                                                                                                                                      │
├───────────────────────────────┼────────────────────────────────────────────────────────────────────────────────────────────────────────────────────────────────────────────────────────────────────────────────────────────┤
│ model_feature_type_embedding  │ True                                                                                                                                                                                       │
├───────────────────────────────┼────────────────────────────────────────────────────────────────────────────────────────────────────────────────────────────────────────────────────────────────────────────────────────────┤
│ model_feature_index_embedding │ True                                                                                                                                                                                       │
├───────────────────────────────┼────────────────────────────────────────────────────────────────────────────────────────────────────────────────────────────────────────────────────────────────────────────────────────────┤
│ model_dropout_prob            │ 0.1                                                                                                                                                                                        │
├───────────────────────────────┼────────────────────────────────────────────────────────────────────────────────────────────────────────────────────────────────────────────────────────────────────────────────────────────┤
│ model_layer_norm_eps          │ 1e-05                                                                                                                                                                                      │
├───────────────────────────────┼────────────────────────────────────────────────────────────────────────────────────────────────────────────────────────────────────────────────────────────────────────────────────────────┤
│ model_dim_hidden              │ 64                                                                                                                                                                                         │
├───────────────────────────────┼────────────────────────────────────────────────────────────────────────────────────────────────────────────────────────────────────────────────────────────────────────────────────────────┤
│ model_dim_feedforward         │ 256                                                                                                                                                                                        │
├───────────────────────────────┼────────────────────────────────────────────────────────────────────────────────────────────────────────────────────────────────────────────────────────────────────────────────────────────┤
│ model_num_heads               │ 4                                                                                                                                                                                          │
├───────────────────────────────┼────────────────────────────────────────────────────────────────────────────────────────────────────────────────────────────────────────────────────────────────────────────────────────────┤
│ model_num_layers              │ 4                                                                                                                                                                                          │
├───────────────────────────────┼────────────────────────────────────────────────────────────────────────────────────────────────────────────────────────────────────────────────────────────────────────────────────────────┤
│ model_ema_end                 │ 1                                                                                                                                                                                          │
├───────────────────────────────┼────────────────────────────────────────────────────────────────────────────────────────────────────────────────────────────────────────────────────────────────────────────────────────────┤
│ model_ema_start               │ 0.996                                                                                                                                                                                      │
├───────────────────────────────┼────────────────────────────────────────────────────────────────────────────────────────────────────────────────────────────────────────────────────────────────────────────────────────────┤
│ model_act_func                │ relu                                                                                                                                                                                       │
├───────────────────────────────┼────────────────────────────────────────────────────────────────────────────────────────────────────────────────────────────────────────────────────────────────────────────────────────────┤
│ probe_cadence                 │ 5                                                                                                                                                                                          │
├───────────────────────────────┼────────────────────────────────────────────────────────────────────────────────────────────────────────────────────────────────────────────────────────────────────────────────────────────┤
│ probe_model                   │ mlp                                                                                                                                                                                        │
├───────────────────────────────┼────────────────────────────────────────────────────────────────────────────────────────────────────────────────────────────────────────────────────────────────────────────────────────────┤
│ probe_sample_fraction         │ 0.1                                                                                                                                                                                        │
├───────────────────────────────┼────────────────────────────────────────────────────────────────────────────────────────────────────────────────────────────────────────────────────────────────────────────────────────────┤
│ n_cls_tokens                  │ 1                                                                                                                                                                                          │
├───────────────────────────────┼────────────────────────────────────────────────────────────────────────────────────────────────────────────────────────────────────────────────────────────────────────────────────────────┤
│ n_reg_tokens                  │ 1                                                                                                                                                                                          │
├───────────────────────────────┼────────────────────────────────────────────────────────────────────────────────────────────────────────────────────────────────────────────────────────────────────────────────────────────┤
│ pred_type                     │ transformer                                                                                                                                                                                │
├───────────────────────────────┼────────────────────────────────────────────────────────────────────────────────────────────────────────────────────────────────────────────────────────────────────────────────────────────┤
│ pred_num_layers               │ 2                                                                                                                                                                                          │
├───────────────────────────────┼────────────────────────────────────────────────────────────────────────────────────────────────────────────────────────────────────────────────────────────────────────────────────────────┤
│ pred_embed_dim                │ 64                                                                                                                                                                                         │
├───────────────────────────────┼────────────────────────────────────────────────────────────────────────────────────────────────────────────────────────────────────────────────────────────────────────────────────────────┤
│ pred_num_heads                │ 4                                                                                                                                                                                          │
├───────────────────────────────┼────────────────────────────────────────────────────────────────────────────────────────────────────────────────────────────────────────────────────────────────────────────────────────────┤
│ pred_p_dropout                │ 0.1                                                                                                                                                                                        │
├───────────────────────────────┼────────────────────────────────────────────────────────────────────────────────────────────────────────────────────────────────────────────────────────────────────────────────────────────┤
│ pred_layer_norm_eps           │ 1e-05                                                                                                                                                                                      │
├───────────────────────────────┼────────────────────────────────────────────────────────────────────────────────────────────────────────────────────────────────────────────────────────────────────────────────────────────┤
│ pred_activation               │ relu                                                                                                                                                                                       │
├───────────────────────────────┼────────────────────────────────────────────────────────────────────────────────────────────────────────────────────────────────────────────────────────────────────────────────────────────┤
│ pred_dim_feedforward          │ 256                                                                                                                                                                                        │
├───────────────────────────────┼────────────────────────────────────────────────────────────────────────────────────────────────────────────────────────────────────────────────────────────────────────────────────────────┤
│ mask_allow_overlap            │ False                                                                                                                                                                                      │
├───────────────────────────────┼────────────────────────────────────────────────────────────────────────────────────────────────────────────────────────────────────────────────────────────────────────────────────────────┤
│ mask_min_ctx_share            │ 0.2                                                                                                                                                                                        │
├───────────────────────────────┼────────────────────────────────────────────────────────────────────────────────────────────────────────────────────────────────────────────────────────────────────────────────────────────┤
│ mask_max_ctx_share            │ 0.4                                                                                                                                                                                        │
├───────────────────────────────┼────────────────────────────────────────────────────────────────────────────────────────────────────────────────────────────────────────────────────────────────────────────────────────────┤
│ mask_min_trgt_share           │ 0.2                                                                                                                                                                                        │
├───────────────────────────────┼────────────────────────────────────────────────────────────────────────────────────────────────────────────────────────────────────────────────────────────────────────────────────────────┤
│ mask_max_trgt_share           │ 0.4                                                                                                                                                                                        │
├───────────────────────────────┼────────────────────────────────────────────────────────────────────────────────────────────────────────────────────────────────────────────────────────────────────────────────────────────┤
│ mask_num_preds                │ 4                                                                                                                                                                                          │
├───────────────────────────────┼────────────────────────────────────────────────────────────────────────────────────────────────────────────────────────────────────────────────────────────────────────────────────────────┤
│ mask_num_encs                 │ 1                                                                                                                                                                                          │
├───────────────────────────────┼────────────────────────────────────────────────────────────────────────────────────────────────────────────────────────────────────────────────────────────────────────────────────────────┤
│ optuna_study_name             │                                                                                                                                                                                            │
├───────────────────────────────┼────────────────────────────────────────────────────────────────────────────────────────────────────────────────────────────────────────────────────────────────────────────────────────────┤
│ optuna_trial_number           │                                                                                                                                                                                            │
├───────────────────────────────┼────────────────────────────────────────────────────────────────────────────────────────────────────────────────────────────────────────────────────────────────────────────────────────────┤
│ optuna_output_dir             │                                                                                                                                                                                            │
├───────────────────────────────┼────────────────────────────────────────────────────────────────────────────────────────────────────────────────────────────────────────────────────────────────────────────────────────────┤
│ is_batchlearning              │ True                                                                                                                                                                                       │
├───────────────────────────────┼────────────────────────────────────────────────────────────────────────────────────────────────────────────────────────────────────────────────────────────────────────────────────────────┤
│ iteration                     │ 0                                                                                                                                                                                          │
╘═══════════════════════════════╧════════════════════════════════════════════════════════════════════════════════════════════════════════════════════════════════════════════════════════════════════════════════════════════╛
[Debug] Loading dataset …
[Debug] Parquet dataset ready (preprocessing handled by LocalFilesDataset)
Encoder Module parameters:
+-------------------+--------------------------------------------------------------------------------------------------------------------------------------------------------------------------------------------------------------------------------------------------------------------------------------------------------------------------------------------------------------------------------------------------------------------------------------------------------------------------------------------------------------------------------------------------------------------------------------------------------------------------------------------------------------------------------------------------------------------------------------------------------------------------------------------------------------------------------------------------------------------------------------------------------------------------------------------------------------------------------------------------------------------------------------------------------------------------------------------------------------------------------------------------------------------------------------------------------------------+
|     Parameter     |                                                                                                                                                                                                                                                                                                                                                                                                                                                                                                                                                                                                       Value                                                                                                                                                                                                                                                                                                                                                                                                                                                                                                                                                                                                        |
+-------------------+--------------------------------------------------------------------------------------------------------------------------------------------------------------------------------------------------------------------------------------------------------------------------------------------------------------------------------------------------------------------------------------------------------------------------------------------------------------------------------------------------------------------------------------------------------------------------------------------------------------------------------------------------------------------------------------------------------------------------------------------------------------------------------------------------------------------------------------------------------------------------------------------------------------------------------------------------------------------------------------------------------------------------------------------------------------------------------------------------------------------------------------------------------------------------------------------------------------------+
|    hidden_dim     |                                                                                                                                                                                                                                                                                                                                                                                                                                                                                                                                                                                                         64                                                                                                                                                                                                                                                                                                                                                                                                                                                                                                                                                                                                         |
| idx_num_features  | [0, 1, 2, 3, 4, 5, 6, 7, 8, 9, 10, 11, 12, 13, 14, 15, 16, 17, 18, 19, 20, 21, 22, 23, 24, 25, 26, 27, 28, 29, 30, 31, 32, 33, 34, 35, 36, 37, 38, 39, 40, 41, 42, 43, 44, 45, 46, 47, 48, 49, 50, 51, 52, 53, 54, 55, 56, 57, 58, 59, 60, 61, 62, 63, 64, 65, 66, 67, 68, 69, 70, 71, 72, 73, 74, 75, 76, 77, 78, 79, 80, 81, 82, 83, 84, 85, 86, 87, 88, 89, 90, 91, 92, 93, 94, 95, 96, 97, 98, 99, 100, 101, 102, 103, 104, 105, 106, 107, 108, 109, 110, 111, 112, 113, 114, 115, 116, 117, 118, 119, 120, 121, 122, 123, 124, 125, 126, 127, 128, 129, 130, 131, 132, 133, 134, 135, 136, 137, 138, 139, 140, 141, 142, 143, 144, 145, 146, 147, 148, 149, 150, 151, 152, 153, 154, 155, 156, 157, 158, 159, 160, 161, 162, 163, 164, 165, 166, 167, 168, 169, 170, 171, 172, 173, 174, 175, 176, 177, 178, 179, 180, 181, 182, 183, 184, 185, 186, 187, 188, 189, 190, 191, 192, 193, 194, 195, 196, 197, 198, 199, 200, 201, 202, 203, 204, 205, 206, 207, 208, 209, 210, 211, 212, 213, 214, 215, 216, 217, 218, 219, 220, 221, 222, 223, 224, 225, 226, 227, 228, 229, 230, 231, 232, 233, 234, 235, 236, 237, 238, 239, 240, 241, 242, 243, 244, 245, 246, 247, 248, 249, 250, 251, 252, 253, 254, 255] |
| idx_cat_features  |                                                                                                                                                                                                                                                                                                                                                                                                                                                                                                                                                                                                         []                                                                                                                                                                                                                                                                                                                                                                                                                                                                                                                                                                                                         |
|   cardinalities   |                                                                                                                                                                                                                                                                                                                                                                                                                                                                                                                                                                                                         []                                                                                                                                                                                                                                                                                                                                                                                                                                                                                                                                                                                                         |
| n_input_features  |                                                                                                                                                                                                                                                                                                                                                                                                                                                                                                                                                                                                        256                                                                                                                                                                                                                                                                                                                                                                                                                                                                                                                                                                                                         |
|      device       |                                                                                                                                                                                                                                                                                                                                                                                                                                                                                                                                                                                                       cuda:3                                                                                                                                                                                                                                                                                                                                                                                                                                                                                                                                                                                                       |
|    num_layers     |                                                                                                                                                                                                                                                                                                                                                                                                                                                                                                                                                                                                         4                                                                                                                                                                                                                                                                                                                                                                                                                                                                                                                                                                                                          |
|     num_heads     |                                                                                                                                                                                                                                                                                                                                                                                                                                                                                                                                                                                                         4                                                                                                                                                                                                                                                                                                                                                                                                                                                                                                                                                                                                          |
|     p_dropout     |                                                                                                                                                                                                                                                                                                                                                                                                                                                                                                                                                                                                        0.1                                                                                                                                                                                                                                                                                                                                                                                                                                                                                                                                                                                                         |
|  layer_norm_eps   |                                                                                                                                                                                                                                                                                                                                                                                                                                                                                                                                                                                                       1e-05                                                                                                                                                                                                                                                                                                                                                                                                                                                                                                                                                                                                        |
| gradient_clipping |                                                                                                                                                                                                                                                                                                                                                                                                                                                                                                                                                                                                        1.0                                                                                                                                                                                                                                                                                                                                                                                                                                                                                                                                                                                                         |
|  dim_feedforward  |                                                                                                                                                                                                                                                                                                                                                                                                                                                                                                                                                                                                        256                                                                                                                                                                                                                                                                                                                                                                                                                                                                                                                                                                                                         |
+-------------------+--------------------------------------------------------------------------------------------------------------------------------------------------------------------------------------------------------------------------------------------------------------------------------------------------------------------------------------------------------------------------------------------------------------------------------------------------------------------------------------------------------------------------------------------------------------------------------------------------------------------------------------------------------------------------------------------------------------------------------------------------------------------------------------------------------------------------------------------------------------------------------------------------------------------------------------------------------------------------------------------------------------------------------------------------------------------------------------------------------------------------------------------------------------------------------------------------------------------+
Using feature index embedding (unique embedding for each column).
/home/aminmohamadi_squareup_com/projects/t-jepa-parquet-scaling/src/tjepa_transformer.py:172: UserWarning: enable_nested_tensor is True, but self.use_nested_tensor is False because encoder_layer was not TransformerEncoderLayer
  warnings.warn(
Clipping gradients to value 1.0.
Predictors Module parameters:
+-----------------+--------+
|    Parameter    | Value  |
+-----------------+--------+
|   hidden_dim    |   64   |
|  num_features   |  256   |
|   num_layers    |   2    |
|    num_heads    |   4    |
|    p_dropout    |  0.1   |
| layer_norm_eps  | 1e-05  |
|   activation    |  relu  |
| pred_embed_dim  |   64   |
|     device      | cuda:3 |
|  cardinalities  |   []   |
| dim_feedforward |  256   |
+-----------------+--------+
[Debug] Parquet dataset created: N=3300000, D=256
╒═══════════════════════════════╤════════════════════════════════════════════════════════════════════════════════════════════════════════════════════════════════════════════════════════════════════════════════════════════╕
│ mock                          │ False                                                                                                                                                                                      │
├───────────────────────────────┼────────────────────────────────────────────────────────────────────────────────────────────────────────────────────────────────────────────────────────────────────────────────────────────┤
│ res_dir                       │ ./                                                                                                                                                                                         │
├───────────────────────────────┼────────────────────────────────────────────────────────────────────────────────────────────────────────────────────────────────────────────────────────────────────────────────────────────┤
│ data_path                     │ data                                                                                                                                                                                       │
├───────────────────────────────┼────────────────────────────────────────────────────────────────────────────────────────────────────────────────────────────────────────────────────────────────────────────────────────────┤
│ data_set                      │ parquet_dataset                                                                                                                                                                            │
├───────────────────────────────┼────────────────────────────────────────────────────────────────────────────────────────────────────────────────────────────────────────────────────────────────────────────────────────────┤
│ test_size_ratio               │ 0.0                                                                                                                                                                                        │
├───────────────────────────────┼────────────────────────────────────────────────────────────────────────────────────────────────────────────────────────────────────────────────────────────────────────────────────────────┤
│ val_size_ratio                │ 0.0                                                                                                                                                                                        │
├───────────────────────────────┼────────────────────────────────────────────────────────────────────────────────────────────────────────────────────────────────────────────────────────────────────────────────────────────┤
│ random_state                  │ 42                                                                                                                                                                                         │
├───────────────────────────────┼────────────────────────────────────────────────────────────────────────────────────────────────────────────────────────────────────────────────────────────────────────────────────────────┤
│ full_dataset_cuda             │ False                                                                                                                                                                                      │
├───────────────────────────────┼────────────────────────────────────────────────────────────────────────────────────────────────────────────────────────────────────────────────────────────────────────────────────────────┤
│ verbose                       │ False                                                                                                                                                                                      │
├───────────────────────────────┼────────────────────────────────────────────────────────────────────────────────────────────────────────────────────────────────────────────────────────────────────────────────────────────┤
│ use_parquet_dataset           │ True                                                                                                                                                                                       │
├───────────────────────────────┼────────────────────────────────────────────────────────────────────────────────────────────────────────────────────────────────────────────────────────────────────────────────────────────┤
│ parquet_data_dir              │ /projects/risk-tabular/general_chargebacks/202207-202407-all-positives-negative-ratio-1.0-v0/train                                                                                         │
├───────────────────────────────┼────────────────────────────────────────────────────────────────────────────────────────────────────────────────────────────────────────────────────────────────────────────────────────────┤
│ parquet_data_files            │ chunk_10.parquet,chunk_11.parquet,chunk_12.parquet,chunk_13.parquet,chunk_14.parquet,chunk_15.parquet,chunk_16.parquet,chunk_17.parquet,chunk_18.parquet,chunk_19.parquet,chunk_20.parquet │
├───────────────────────────────┼────────────────────────────────────────────────────────────────────────────────────────────────────────────────────────────────────────────────────────────────────────────────────────────┤
│ parquet_scaling_stats_file    │ /projects/risk-tabular/general_chargebacks/202207-202407-all-positives-negative-ratio-1.0-v0/train/stats_bootstrap.pq                                                                      │
├───────────────────────────────┼────────────────────────────────────────────────────────────────────────────────────────────────────────────────────────────────────────────────────────────────────────────────────────────┤
│ parquet_feature_names_file    │ /projects/risk-tabular/general_chargebacks/20240724_feature_selection/xgboost_importances_seed_1_sample_0.5.csv                                                                            │
├───────────────────────────────┼────────────────────────────────────────────────────────────────────────────────────────────────────────────────────────────────────────────────────────────────────────────────────────────┤
│ parquet_num_features          │ 128                                                                                                                                                                                        │
├───────────────────────────────┼────────────────────────────────────────────────────────────────────────────────────────────────────────────────────────────────────────────────────────────────────────────────────────────┤
│ parquet_target_col            │ target                                                                                                                                                                                     │
├───────────────────────────────┼────────────────────────────────────────────────────────────────────────────────────────────────────────────────────────────────────────────────────────────────────────────────────────────┤
│ parquet_task_type             │ binary_class                                                                                                                                                                               │
├───────────────────────────────┼────────────────────────────────────────────────────────────────────────────────────────────────────────────────────────────────────────────────────────────────────────────────────────────┤
│ parquet_id_col                │ ID                                                                                                                                                                                         │
├───────────────────────────────┼────────────────────────────────────────────────────────────────────────────────────────────────────────────────────────────────────────────────────────────────────────────────────────────┤
│ parquet_preload_data          │ True                                                                                                                                                                                       │
├───────────────────────────────┼────────────────────────────────────────────────────────────────────────────────────────────────────────────────────────────────────────────────────────────────────────────────────────────┤
│ parquet_shuffle               │ True                                                                                                                                                                                       │
├───────────────────────────────┼────────────────────────────────────────────────────────────────────────────────────────────────────────────────────────────────────────────────────────────────────────────────────────────┤
│ parquet_scaling_method        │ IQR                                                                                                                                                                                        │
├───────────────────────────────┼────────────────────────────────────────────────────────────────────────────────────────────────────────────────────────────────────────────────────────────────────────────────────────────┤
│ parquet_infill_value          │ zero                                                                                                                                                                                       │
├───────────────────────────────┼────────────────────────────────────────────────────────────────────────────────────────────────────────────────────────────────────────────────────────────────────────────────────────────┤
│ parquet_transform             │ asinh                                                                                                                                                                                      │
├───────────────────────────────┼────────────────────────────────────────────────────────────────────────────────────────────────────────────────────────────────────────────────────────────────────────────────────────────┤
│ parquet_categorize_nan        │ True                                                                                                                                                                                       │
├───────────────────────────────┼────────────────────────────────────────────────────────────────────────────────────────────────────────────────────────────────────────────────────────────────────────────────────────────┤
│ parquet_clip_min              │                                                                                                                                                                                            │
├───────────────────────────────┼────────────────────────────────────────────────────────────────────────────────────────────────────────────────────────────────────────────────────────────────────────────────────────────┤
│ parquet_clip_max              │                                                                                                                                                                                            │
├───────────────────────────────┼────────────────────────────────────────────────────────────────────────────────────────────────────────────────────────────────────────────────────────────────────────────────────────────┤
│ tag                           │                                                                                                                                                                                            │
├───────────────────────────────┼────────────────────────────────────────────────────────────────────────────────────────────────────────────────────────────────────────────────────────────────────────────────────────────┤
│ project_name                  │ scaled_config_4gpu_test                                                                                                                                                                    │
├───────────────────────────────┼────────────────────────────────────────────────────────────────────────────────────────────────────────────────────────────────────────────────────────────────────────────────────────────┤
│ test                          │ False                                                                                                                                                                                      │
├───────────────────────────────┼────────────────────────────────────────────────────────────────────────────────────────────────────────────────────────────────────────────────────────────────────────────────────────────┤
│ exp_n_runs                    │ 1                                                                                                                                                                                          │
├───────────────────────────────┼────────────────────────────────────────────────────────────────────────────────────────────────────────────────────────────────────────────────────────────────────────────────────────────┤
│ exp_device                    │                                                                                                                                                                                            │
├───────────────────────────────┼────────────────────────────────────────────────────────────────────────────────────────────────────────────────────────────────────────────────────────────────────────────────────────────┤
│ np_seed                       │ 42                                                                                                                                                                                         │
├───────────────────────────────┼────────────────────────────────────────────────────────────────────────────────────────────────────────────────────────────────────────────────────────────────────────────────────────────┤
│ torch_seed                    │ 42                                                                                                                                                                                         │
├───────────────────────────────┼────────────────────────────────────────────────────────────────────────────────────────────────────────────────────────────────────────────────────────────────────────────────────────────┤
│ random                        │ False                                                                                                                                                                                      │
├───────────────────────────────┼────────────────────────────────────────────────────────────────────────────────────────────────────────────────────────────────────────────────────────────────────────────────────────────┤
│ batch_size                    │ 4096                                                                                                                                                                                       │
├───────────────────────────────┼────────────────────────────────────────────────────────────────────────────────────────────────────────────────────────────────────────────────────────────────────────────────────────────┤
│ val_batch_size                │ -1                                                                                                                                                                                         │
├───────────────────────────────┼────────────────────────────────────────────────────────────────────────────────────────────────────────────────────────────────────────────────────────────────────────────────────────────┤
│ exp_train_total_epochs        │ 10                                                                                                                                                                                         │
├───────────────────────────────┼────────────────────────────────────────────────────────────────────────────────────────────────────────────────────────────────────────────────────────────────────────────────────────────┤
│ exp_patience                  │ 10                                                                                                                                                                                         │
├───────────────────────────────┼────────────────────────────────────────────────────────────────────────────────────────────────────────────────────────────────────────────────────────────────────────────────────────────┤
│ log_tensorboard               │ False                                                                                                                                                                                      │
├───────────────────────────────┼────────────────────────────────────────────────────────────────────────────────────────────────────────────────────────────────────────────────────────────────────────────────────────────┤
│ exp_cadence_type              │ improvement                                                                                                                                                                                │
├───────────────────────────────┼────────────────────────────────────────────────────────────────────────────────────────────────────────────────────────────────────────────────────────────────────────────────────────────┤
│ exp_cache_cadence             │ 1                                                                                                                                                                                          │
├───────────────────────────────┼────────────────────────────────────────────────────────────────────────────────────────────────────────────────────────────────────────────────────────────────────────────────────────────┤
│ exp_val_cache_cadence         │ 1                                                                                                                                                                                          │
├───────────────────────────────┼────────────────────────────────────────────────────────────────────────────────────────────────────────────────────────────────────────────────────────────────────────────────────────────┤
│ init_type                     │ kaiming                                                                                                                                                                                    │
├───────────────────────────────┼────────────────────────────────────────────────────────────────────────────────────────────────────────────────────────────────────────────────────────────────────────────────────────────┤
│ exp_scheduler                 │ True                                                                                                                                                                                       │
├───────────────────────────────┼────────────────────────────────────────────────────────────────────────────────────────────────────────────────────────────────────────────────────────────────────────────────────────────┤
│ exp_weight_decay_scheduler    │ True                                                                                                                                                                                       │
├───────────────────────────────┼────────────────────────────────────────────────────────────────────────────────────────────────────────────────────────────────────────────────────────────────────────────────────────────┤
│ exp_start_lr                  │ 0.001                                                                                                                                                                                      │
├───────────────────────────────┼────────────────────────────────────────────────────────────────────────────────────────────────────────────────────────────────────────────────────────────────────────────────────────────┤
│ exp_lr                        │ 0.0002828                                                                                                                                                                                  │
├───────────────────────────────┼────────────────────────────────────────────────────────────────────────────────────────────────────────────────────────────────────────────────────────────────────────────────────────────┤
│ exp_final_lr                  │ 0                                                                                                                                                                                          │
├───────────────────────────────┼────────────────────────────────────────────────────────────────────────────────────────────────────────────────────────────────────────────────────────────────────────────────────────────┤
│ exp_warmup                    │ 0.05                                                                                                                                                                                       │
├───────────────────────────────┼────────────────────────────────────────────────────────────────────────────────────────────────────────────────────────────────────────────────────────────────────────────────────────────┤
│ exp_weight_decay              │ 1e-05                                                                                                                                                                                      │
├───────────────────────────────┼────────────────────────────────────────────────────────────────────────────────────────────────────────────────────────────────────────────────────────────────────────────────────────────┤
│ exp_final_weight_decay        │ 0.01                                                                                                                                                                                       │
├───────────────────────────────┼────────────────────────────────────────────────────────────────────────────────────────────────────────────────────────────────────────────────────────────────────────────────────────────┤
│ exp_ipe_scale                 │ 1.0                                                                                                                                                                                        │
├───────────────────────────────┼────────────────────────────────────────────────────────────────────────────────────────────────────────────────────────────────────────────────────────────────────────────────────────────┤
│ exp_gradient_clipping         │ 1.0                                                                                                                                                                                        │
├───────────────────────────────┼────────────────────────────────────────────────────────────────────────────────────────────────────────────────────────────────────────────────────────────────────────────────────────────┤
│ mp_distributed                │ True                                                                                                                                                                                       │
├───────────────────────────────┼────────────────────────────────────────────────────────────────────────────────────────────────────────────────────────────────────────────────────────────────────────────────────────────┤
│ mp_nodes                      │ 1                                                                                                                                                                                          │
├───────────────────────────────┼────────────────────────────────────────────────────────────────────────────────────────────────────────────────────────────────────────────────────────────────────────────────────────────┤
│ mp_gpus                       │ 4                                                                                                                                                                                          │
├───────────────────────────────┼────────────────────────────────────────────────────────────────────────────────────────────────────────────────────────────────────────────────────────────────────────────────────────────┤
│ mp_nr                         │ 0                                                                                                                                                                                          │
├───────────────────────────────┼────────────────────────────────────────────────────────────────────────────────────────────────────────────────────────────────────────────────────────────────────────────────────────────┤
│ pin_memory                    │ True                                                                                                                                                                                       │
├───────────────────────────────┼────────────────────────────────────────────────────────────────────────────────────────────────────────────────────────────────────────────────────────────────────────────────────────────┤
│ using_embedding               │ False                                                                                                                                                                                      │
├───────────────────────────────┼────────────────────────────────────────────────────────────────────────────────────────────────────────────────────────────────────────────────────────────────────────────────────────────┤
│ model_dtype                   │ float32                                                                                                                                                                                    │
├───────────────────────────────┼────────────────────────────────────────────────────────────────────────────────────────────────────────────────────────────────────────────────────────────────────────────────────────────┤
│ data_loader_nprocs            │ 0                                                                                                                                                                                          │
├───────────────────────────────┼────────────────────────────────────────────────────────────────────────────────────────────────────────────────────────────────────────────────────────────────────────────────────────────┤
│ load_from_checkpoint          │ False                                                                                                                                                                                      │
├───────────────────────────────┼────────────────────────────────────────────────────────────────────────────────────────────────────────────────────────────────────────────────────────────────────────────────────────────┤
│ load_path                     │                                                                                                                                                                                            │
├───────────────────────────────┼────────────────────────────────────────────────────────────────────────────────────────────────────────────────────────────────────────────────────────────────────────────────────────────┤
│ model_amp                     │ False                                                                                                                                                                                      │
├───────────────────────────────┼────────────────────────────────────────────────────────────────────────────────────────────────────────────────────────────────────────────────────────────────────────────────────────────┤
│ model_feature_type_embedding  │ True                                                                                                                                                                                       │
├───────────────────────────────┼────────────────────────────────────────────────────────────────────────────────────────────────────────────────────────────────────────────────────────────────────────────────────────────┤
│ model_feature_index_embedding │ True                                                                                                                                                                                       │
├───────────────────────────────┼────────────────────────────────────────────────────────────────────────────────────────────────────────────────────────────────────────────────────────────────────────────────────────────┤
│ model_dropout_prob            │ 0.1                                                                                                                                                                                        │
├───────────────────────────────┼────────────────────────────────────────────────────────────────────────────────────────────────────────────────────────────────────────────────────────────────────────────────────────────┤
│ model_layer_norm_eps          │ 1e-05                                                                                                                                                                                      │
├───────────────────────────────┼────────────────────────────────────────────────────────────────────────────────────────────────────────────────────────────────────────────────────────────────────────────────────────────┤
│ model_dim_hidden              │ 64                                                                                                                                                                                         │
├───────────────────────────────┼────────────────────────────────────────────────────────────────────────────────────────────────────────────────────────────────────────────────────────────────────────────────────────────┤
│ model_dim_feedforward         │ 256                                                                                                                                                                                        │
├───────────────────────────────┼────────────────────────────────────────────────────────────────────────────────────────────────────────────────────────────────────────────────────────────────────────────────────────────┤
│ model_num_heads               │ 4                                                                                                                                                                                          │
├───────────────────────────────┼────────────────────────────────────────────────────────────────────────────────────────────────────────────────────────────────────────────────────────────────────────────────────────────┤
│ model_num_layers              │ 4                                                                                                                                                                                          │
├───────────────────────────────┼────────────────────────────────────────────────────────────────────────────────────────────────────────────────────────────────────────────────────────────────────────────────────────────┤
│ model_ema_end                 │ 1                                                                                                                                                                                          │
├───────────────────────────────┼────────────────────────────────────────────────────────────────────────────────────────────────────────────────────────────────────────────────────────────────────────────────────────────┤
│ model_ema_start               │ 0.996                                                                                                                                                                                      │
├───────────────────────────────┼────────────────────────────────────────────────────────────────────────────────────────────────────────────────────────────────────────────────────────────────────────────────────────────┤
│ model_act_func                │ relu                                                                                                                                                                                       │
├───────────────────────────────┼────────────────────────────────────────────────────────────────────────────────────────────────────────────────────────────────────────────────────────────────────────────────────────────┤
│ probe_cadence                 │ 5                                                                                                                                                                                          │
├───────────────────────────────┼────────────────────────────────────────────────────────────────────────────────────────────────────────────────────────────────────────────────────────────────────────────────────────────┤
│ probe_model                   │ mlp                                                                                                                                                                                        │
├───────────────────────────────┼────────────────────────────────────────────────────────────────────────────────────────────────────────────────────────────────────────────────────────────────────────────────────────────┤
│ probe_sample_fraction         │ 0.1                                                                                                                                                                                        │
├───────────────────────────────┼────────────────────────────────────────────────────────────────────────────────────────────────────────────────────────────────────────────────────────────────────────────────────────────┤
│ n_cls_tokens                  │ 1                                                                                                                                                                                          │
├───────────────────────────────┼────────────────────────────────────────────────────────────────────────────────────────────────────────────────────────────────────────────────────────────────────────────────────────────┤
│ n_reg_tokens                  │ 1                                                                                                                                                                                          │
├───────────────────────────────┼────────────────────────────────────────────────────────────────────────────────────────────────────────────────────────────────────────────────────────────────────────────────────────────┤
│ pred_type                     │ transformer                                                                                                                                                                                │
├───────────────────────────────┼────────────────────────────────────────────────────────────────────────────────────────────────────────────────────────────────────────────────────────────────────────────────────────────┤
│ pred_num_layers               │ 2                                                                                                                                                                                          │
├───────────────────────────────┼────────────────────────────────────────────────────────────────────────────────────────────────────────────────────────────────────────────────────────────────────────────────────────────┤
│ pred_embed_dim                │ 64                                                                                                                                                                                         │
├───────────────────────────────┼────────────────────────────────────────────────────────────────────────────────────────────────────────────────────────────────────────────────────────────────────────────────────────────┤
│ pred_num_heads                │ 4                                                                                                                                                                                          │
├───────────────────────────────┼────────────────────────────────────────────────────────────────────────────────────────────────────────────────────────────────────────────────────────────────────────────────────────────┤
│ pred_p_dropout                │ 0.1                                                                                                                                                                                        │
├───────────────────────────────┼────────────────────────────────────────────────────────────────────────────────────────────────────────────────────────────────────────────────────────────────────────────────────────────┤
│ pred_layer_norm_eps           │ 1e-05                                                                                                                                                                                      │
├───────────────────────────────┼────────────────────────────────────────────────────────────────────────────────────────────────────────────────────────────────────────────────────────────────────────────────────────────┤
│ pred_activation               │ relu                                                                                                                                                                                       │
├───────────────────────────────┼────────────────────────────────────────────────────────────────────────────────────────────────────────────────────────────────────────────────────────────────────────────────────────────┤
│ pred_dim_feedforward          │ 256                                                                                                                                                                                        │
├───────────────────────────────┼────────────────────────────────────────────────────────────────────────────────────────────────────────────────────────────────────────────────────────────────────────────────────────────┤
│ mask_allow_overlap            │ False                                                                                                                                                                                      │
├───────────────────────────────┼────────────────────────────────────────────────────────────────────────────────────────────────────────────────────────────────────────────────────────────────────────────────────────────┤
│ mask_min_ctx_share            │ 0.2                                                                                                                                                                                        │
├───────────────────────────────┼────────────────────────────────────────────────────────────────────────────────────────────────────────────────────────────────────────────────────────────────────────────────────────────┤
│ mask_max_ctx_share            │ 0.4                                                                                                                                                                                        │
├───────────────────────────────┼────────────────────────────────────────────────────────────────────────────────────────────────────────────────────────────────────────────────────────────────────────────────────────────┤
│ mask_min_trgt_share           │ 0.2                                                                                                                                                                                        │
├───────────────────────────────┼────────────────────────────────────────────────────────────────────────────────────────────────────────────────────────────────────────────────────────────────────────────────────────────┤
│ mask_max_trgt_share           │ 0.4                                                                                                                                                                                        │
├───────────────────────────────┼────────────────────────────────────────────────────────────────────────────────────────────────────────────────────────────────────────────────────────────────────────────────────────────┤
│ mask_num_preds                │ 4                                                                                                                                                                                          │
├───────────────────────────────┼────────────────────────────────────────────────────────────────────────────────────────────────────────────────────────────────────────────────────────────────────────────────────────────┤
│ mask_num_encs                 │ 1                                                                                                                                                                                          │
├───────────────────────────────┼────────────────────────────────────────────────────────────────────────────────────────────────────────────────────────────────────────────────────────────────────────────────────────────┤
│ optuna_study_name             │                                                                                                                                                                                            │
├───────────────────────────────┼────────────────────────────────────────────────────────────────────────────────────────────────────────────────────────────────────────────────────────────────────────────────────────────┤
│ optuna_trial_number           │                                                                                                                                                                                            │
├───────────────────────────────┼────────────────────────────────────────────────────────────────────────────────────────────────────────────────────────────────────────────────────────────────────────────────────────────┤
│ optuna_output_dir             │                                                                                                                                                                                            │
├───────────────────────────────┼────────────────────────────────────────────────────────────────────────────────────────────────────────────────────────────────────────────────────────────────────────────────────────────┤
│ is_batchlearning              │ True                                                                                                                                                                                       │
├───────────────────────────────┼────────────────────────────────────────────────────────────────────────────────────────────────────────────────────────────────────────────────────────────────────────────────────────────┤
│ iteration                     │ 0                                                                                                                                                                                          │
╘═══════════════════════════════╧════════════════════════════════════════════════════════════════════════════════════════════════════════════════════════════════════════════════════════════════════════════════════════════╛
[Debug] Loading dataset …
[Debug] Parquet dataset ready (preprocessing handled by LocalFilesDataset)
Encoder Module parameters:
+-------------------+--------------------------------------------------------------------------------------------------------------------------------------------------------------------------------------------------------------------------------------------------------------------------------------------------------------------------------------------------------------------------------------------------------------------------------------------------------------------------------------------------------------------------------------------------------------------------------------------------------------------------------------------------------------------------------------------------------------------------------------------------------------------------------------------------------------------------------------------------------------------------------------------------------------------------------------------------------------------------------------------------------------------------------------------------------------------------------------------------------------------------------------------------------------------------------------------------------------------+
|     Parameter     |                                                                                                                                                                                                                                                                                                                                                                                                                                                                                                                                                                                                       Value                                                                                                                                                                                                                                                                                                                                                                                                                                                                                                                                                                                                        |
+-------------------+--------------------------------------------------------------------------------------------------------------------------------------------------------------------------------------------------------------------------------------------------------------------------------------------------------------------------------------------------------------------------------------------------------------------------------------------------------------------------------------------------------------------------------------------------------------------------------------------------------------------------------------------------------------------------------------------------------------------------------------------------------------------------------------------------------------------------------------------------------------------------------------------------------------------------------------------------------------------------------------------------------------------------------------------------------------------------------------------------------------------------------------------------------------------------------------------------------------------+
|    hidden_dim     |                                                                                                                                                                                                                                                                                                                                                                                                                                                                                                                                                                                                         64                                                                                                                                                                                                                                                                                                                                                                                                                                                                                                                                                                                                         |
| idx_num_features  | [0, 1, 2, 3, 4, 5, 6, 7, 8, 9, 10, 11, 12, 13, 14, 15, 16, 17, 18, 19, 20, 21, 22, 23, 24, 25, 26, 27, 28, 29, 30, 31, 32, 33, 34, 35, 36, 37, 38, 39, 40, 41, 42, 43, 44, 45, 46, 47, 48, 49, 50, 51, 52, 53, 54, 55, 56, 57, 58, 59, 60, 61, 62, 63, 64, 65, 66, 67, 68, 69, 70, 71, 72, 73, 74, 75, 76, 77, 78, 79, 80, 81, 82, 83, 84, 85, 86, 87, 88, 89, 90, 91, 92, 93, 94, 95, 96, 97, 98, 99, 100, 101, 102, 103, 104, 105, 106, 107, 108, 109, 110, 111, 112, 113, 114, 115, 116, 117, 118, 119, 120, 121, 122, 123, 124, 125, 126, 127, 128, 129, 130, 131, 132, 133, 134, 135, 136, 137, 138, 139, 140, 141, 142, 143, 144, 145, 146, 147, 148, 149, 150, 151, 152, 153, 154, 155, 156, 157, 158, 159, 160, 161, 162, 163, 164, 165, 166, 167, 168, 169, 170, 171, 172, 173, 174, 175, 176, 177, 178, 179, 180, 181, 182, 183, 184, 185, 186, 187, 188, 189, 190, 191, 192, 193, 194, 195, 196, 197, 198, 199, 200, 201, 202, 203, 204, 205, 206, 207, 208, 209, 210, 211, 212, 213, 214, 215, 216, 217, 218, 219, 220, 221, 222, 223, 224, 225, 226, 227, 228, 229, 230, 231, 232, 233, 234, 235, 236, 237, 238, 239, 240, 241, 242, 243, 244, 245, 246, 247, 248, 249, 250, 251, 252, 253, 254, 255] |
| idx_cat_features  |                                                                                                                                                                                                                                                                                                                                                                                                                                                                                                                                                                                                         []                                                                                                                                                                                                                                                                                                                                                                                                                                                                                                                                                                                                         |
|   cardinalities   |                                                                                                                                                                                                                                                                                                                                                                                                                                                                                                                                                                                                         []                                                                                                                                                                                                                                                                                                                                                                                                                                                                                                                                                                                                         |
| n_input_features  |                                                                                                                                                                                                                                                                                                                                                                                                                                                                                                                                                                                                        256                                                                                                                                                                                                                                                                                                                                                                                                                                                                                                                                                                                                         |
|      device       |                                                                                                                                                                                                                                                                                                                                                                                                                                                                                                                                                                                                       cuda:1                                                                                                                                                                                                                                                                                                                                                                                                                                                                                                                                                                                                       |
|    num_layers     |                                                                                                                                                                                                                                                                                                                                                                                                                                                                                                                                                                                                         4                                                                                                                                                                                                                                                                                                                                                                                                                                                                                                                                                                                                          |
|     num_heads     |                                                                                                                                                                                                                                                                                                                                                                                                                                                                                                                                                                                                         4                                                                                                                                                                                                                                                                                                                                                                                                                                                                                                                                                                                                          |
|     p_dropout     |                                                                                                                                                                                                                                                                                                                                                                                                                                                                                                                                                                                                        0.1                                                                                                                                                                                                                                                                                                                                                                                                                                                                                                                                                                                                         |
|  layer_norm_eps   |                                                                                                                                                                                                                                                                                                                                                                                                                                                                                                                                                                                                       1e-05                                                                                                                                                                                                                                                                                                                                                                                                                                                                                                                                                                                                        |
| gradient_clipping |                                                                                                                                                                                                                                                                                                                                                                                                                                                                                                                                                                                                        1.0                                                                                                                                                                                                                                                                                                                                                                                                                                                                                                                                                                                                         |
|  dim_feedforward  |                                                                                                                                                                                                                                                                                                                                                                                                                                                                                                                                                                                                        256                                                                                                                                                                                                                                                                                                                                                                                                                                                                                                                                                                                                         |
+-------------------+--------------------------------------------------------------------------------------------------------------------------------------------------------------------------------------------------------------------------------------------------------------------------------------------------------------------------------------------------------------------------------------------------------------------------------------------------------------------------------------------------------------------------------------------------------------------------------------------------------------------------------------------------------------------------------------------------------------------------------------------------------------------------------------------------------------------------------------------------------------------------------------------------------------------------------------------------------------------------------------------------------------------------------------------------------------------------------------------------------------------------------------------------------------------------------------------------------------------+
Using feature index embedding (unique embedding for each column).
[Debug] Parquet dataset created: N=3300000, D=256
[Debug] Parquet dataset created: N=3300000, D=256
/home/aminmohamadi_squareup_com/projects/t-jepa-parquet-scaling/src/tjepa_transformer.py:172: UserWarning: enable_nested_tensor is True, but self.use_nested_tensor is False because encoder_layer was not TransformerEncoderLayer
  warnings.warn(
Clipping gradients to value 1.0.
╒═══════════════════════════════╤════════════════════════════════════════════════════════════════════════════════════════════════════════════════════════════════════════════════════════════════════════════════════════════╕
│ mock                          │ False                                                                                                                                                                                      │
├───────────────────────────────┼────────────────────────────────────────────────────────────────────────────────────────────────────────────────────────────────────────────────────────────────────────────────────────────┤
│ res_dir                       │ ./                                                                                                                                                                                         │
├───────────────────────────────┼────────────────────────────────────────────────────────────────────────────────────────────────────────────────────────────────────────────────────────────────────────────────────────────┤
│ data_path                     │ data                                                                                                                                                                                       │
├───────────────────────────────┼────────────────────────────────────────────────────────────────────────────────────────────────────────────────────────────────────────────────────────────────────────────────────────────┤
│ data_set                      │ parquet_dataset                                                                                                                                                                            │
├───────────────────────────────┼────────────────────────────────────────────────────────────────────────────────────────────────────────────────────────────────────────────────────────────────────────────────────────────┤
│ test_size_ratio               │ 0.0                                                                                                                                                                                        │
├───────────────────────────────┼────────────────────────────────────────────────────────────────────────────────────────────────────────────────────────────────────────────────────────────────────────────────────────────┤
│ val_size_ratio                │ 0.0                                                                                                                                                                                        │
├───────────────────────────────┼────────────────────────────────────────────────────────────────────────────────────────────────────────────────────────────────────────────────────────────────────────────────────────────┤
│ random_state                  │ 42                                                                                                                                                                                         │
├───────────────────────────────┼────────────────────────────────────────────────────────────────────────────────────────────────────────────────────────────────────────────────────────────────────────────────────────────┤
│ full_dataset_cuda             │ False                                                                                                                                                                                      │
├───────────────────────────────┼────────────────────────────────────────────────────────────────────────────────────────────────────────────────────────────────────────────────────────────────────────────────────────────┤
│ verbose                       │ False                                                                                                                                                                                      │
├───────────────────────────────┼────────────────────────────────────────────────────────────────────────────────────────────────────────────────────────────────────────────────────────────────────────────────────────────┤
│ use_parquet_dataset           │ True                                                                                                                                                                                       │
├───────────────────────────────┼────────────────────────────────────────────────────────────────────────────────────────────────────────────────────────────────────────────────────────────────────────────────────────────┤
│ parquet_data_dir              │ /projects/risk-tabular/general_chargebacks/202207-202407-all-positives-negative-ratio-1.0-v0/train                                                                                         │
├───────────────────────────────┼────────────────────────────────────────────────────────────────────────────────────────────────────────────────────────────────────────────────────────────────────────────────────────────┤
│ parquet_data_files            │ chunk_10.parquet,chunk_11.parquet,chunk_12.parquet,chunk_13.parquet,chunk_14.parquet,chunk_15.parquet,chunk_16.parquet,chunk_17.parquet,chunk_18.parquet,chunk_19.parquet,chunk_20.parquet │
├───────────────────────────────┼────────────────────────────────────────────────────────────────────────────────────────────────────────────────────────────────────────────────────────────────────────────────────────────┤
│ parquet_scaling_stats_file    │ /projects/risk-tabular/general_chargebacks/202207-202407-all-positives-negative-ratio-1.0-v0/train/stats_bootstrap.pq                                                                      │
├───────────────────────────────┼────────────────────────────────────────────────────────────────────────────────────────────────────────────────────────────────────────────────────────────────────────────────────────────┤
│ parquet_feature_names_file    │ /projects/risk-tabular/general_chargebacks/20240724_feature_selection/xgboost_importances_seed_1_sample_0.5.csv                                                                            │
├───────────────────────────────┼────────────────────────────────────────────────────────────────────────────────────────────────────────────────────────────────────────────────────────────────────────────────────────────┤
│ parquet_num_features          │ 128                                                                                                                                                                                        │
├───────────────────────────────┼────────────────────────────────────────────────────────────────────────────────────────────────────────────────────────────────────────────────────────────────────────────────────────────┤
│ parquet_target_col            │ target                                                                                                                                                                                     │
├───────────────────────────────┼────────────────────────────────────────────────────────────────────────────────────────────────────────────────────────────────────────────────────────────────────────────────────────────┤
│ parquet_task_type             │ binary_class                                                                                                                                                                               │
├───────────────────────────────┼────────────────────────────────────────────────────────────────────────────────────────────────────────────────────────────────────────────────────────────────────────────────────────────┤
│ parquet_id_col                │ ID                                                                                                                                                                                         │
├───────────────────────────────┼────────────────────────────────────────────────────────────────────────────────────────────────────────────────────────────────────────────────────────────────────────────────────────────┤
│ parquet_preload_data          │ True                                                                                                                                                                                       │
├───────────────────────────────┼────────────────────────────────────────────────────────────────────────────────────────────────────────────────────────────────────────────────────────────────────────────────────────────┤
│ parquet_shuffle               │ True                                                                                                                                                                                       │
├───────────────────────────────┼────────────────────────────────────────────────────────────────────────────────────────────────────────────────────────────────────────────────────────────────────────────────────────────┤
│ parquet_scaling_method        │ IQR                                                                                                                                                                                        │
├───────────────────────────────┼────────────────────────────────────────────────────────────────────────────────────────────────────────────────────────────────────────────────────────────────────────────────────────────┤
│ parquet_infill_value          │ zero                                                                                                                                                                                       │
├───────────────────────────────┼────────────────────────────────────────────────────────────────────────────────────────────────────────────────────────────────────────────────────────────────────────────────────────────┤
│ parquet_transform             │ asinh                                                                                                                                                                                      │
├───────────────────────────────┼────────────────────────────────────────────────────────────────────────────────────────────────────────────────────────────────────────────────────────────────────────────────────────────┤
│ parquet_categorize_nan        │ True                                                                                                                                                                                       │
├───────────────────────────────┼────────────────────────────────────────────────────────────────────────────────────────────────────────────────────────────────────────────────────────────────────────────────────────────┤
│ parquet_clip_min              │                                                                                                                                                                                            │
├───────────────────────────────┼────────────────────────────────────────────────────────────────────────────────────────────────────────────────────────────────────────────────────────────────────────────────────────────┤
│ parquet_clip_max              │                                                                                                                                                                                            │
├───────────────────────────────┼────────────────────────────────────────────────────────────────────────────────────────────────────────────────────────────────────────────────────────────────────────────────────────────┤
│ tag                           │                                                                                                                                                                                            │
├───────────────────────────────┼────────────────────────────────────────────────────────────────────────────────────────────────────────────────────────────────────────────────────────────────────────────────────────────┤
│ project_name                  │ scaled_config_4gpu_test                                                                                                                                                                    │
├───────────────────────────────┼────────────────────────────────────────────────────────────────────────────────────────────────────────────────────────────────────────────────────────────────────────────────────────────┤
│ test                          │ False                                                                                                                                                                                      │
├───────────────────────────────┼────────────────────────────────────────────────────────────────────────────────────────────────────────────────────────────────────────────────────────────────────────────────────────────┤
│ exp_n_runs                    │ 1                                                                                                                                                                                          │
├───────────────────────────────┼────────────────────────────────────────────────────────────────────────────────────────────────────────────────────────────────────────────────────────────────────────────────────────────┤
│ exp_device                    │                                                                                                                                                                                            │
├───────────────────────────────┼────────────────────────────────────────────────────────────────────────────────────────────────────────────────────────────────────────────────────────────────────────────────────────────┤
│ np_seed                       │ 42                                                                                                                                                                                         │
├───────────────────────────────┼────────────────────────────────────────────────────────────────────────────────────────────────────────────────────────────────────────────────────────────────────────────────────────────┤
│ torch_seed                    │ 42                                                                                                                                                                                         │
├───────────────────────────────┼────────────────────────────────────────────────────────────────────────────────────────────────────────────────────────────────────────────────────────────────────────────────────────────┤
│ random                        │ False                                                                                                                                                                                      │
├───────────────────────────────┼────────────────────────────────────────────────────────────────────────────────────────────────────────────────────────────────────────────────────────────────────────────────────────────┤
│ batch_size                    │ 4096                                                                                                                                                                                       │
├───────────────────────────────┼────────────────────────────────────────────────────────────────────────────────────────────────────────────────────────────────────────────────────────────────────────────────────────────┤
│ val_batch_size                │ -1                                                                                                                                                                                         │
├───────────────────────────────┼────────────────────────────────────────────────────────────────────────────────────────────────────────────────────────────────────────────────────────────────────────────────────────────┤
│ exp_train_total_epochs        │ 10                                                                                                                                                                                         │
├───────────────────────────────┼────────────────────────────────────────────────────────────────────────────────────────────────────────────────────────────────────────────────────────────────────────────────────────────┤
│ exp_patience                  │ 10                                                                                                                                                                                         │
├───────────────────────────────┼────────────────────────────────────────────────────────────────────────────────────────────────────────────────────────────────────────────────────────────────────────────────────────────┤
│ log_tensorboard               │ False                                                                                                                                                                                      │
├───────────────────────────────┼────────────────────────────────────────────────────────────────────────────────────────────────────────────────────────────────────────────────────────────────────────────────────────────┤
│ exp_cadence_type              │ improvement                                                                                                                                                                                │
├───────────────────────────────┼────────────────────────────────────────────────────────────────────────────────────────────────────────────────────────────────────────────────────────────────────────────────────────────┤
│ exp_cache_cadence             │ 1                                                                                                                                                                                          │
├───────────────────────────────┼────────────────────────────────────────────────────────────────────────────────────────────────────────────────────────────────────────────────────────────────────────────────────────────┤
│ exp_val_cache_cadence         │ 1                                                                                                                                                                                          │
├───────────────────────────────┼────────────────────────────────────────────────────────────────────────────────────────────────────────────────────────────────────────────────────────────────────────────────────────────┤
│ init_type                     │ kaiming                                                                                                                                                                                    │
├───────────────────────────────┼────────────────────────────────────────────────────────────────────────────────────────────────────────────────────────────────────────────────────────────────────────────────────────────┤
│ exp_scheduler                 │ True                                                                                                                                                                                       │
├───────────────────────────────┼────────────────────────────────────────────────────────────────────────────────────────────────────────────────────────────────────────────────────────────────────────────────────────────┤
│ exp_weight_decay_scheduler    │ True                                                                                                                                                                                       │
├───────────────────────────────┼────────────────────────────────────────────────────────────────────────────────────────────────────────────────────────────────────────────────────────────────────────────────────────────┤
│ exp_start_lr                  │ 0.001                                                                                                                                                                                      │
├───────────────────────────────┼────────────────────────────────────────────────────────────────────────────────────────────────────────────────────────────────────────────────────────────────────────────────────────────┤
│ exp_lr                        │ 0.0002828                                                                                                                                                                                  │
├───────────────────────────────┼────────────────────────────────────────────────────────────────────────────────────────────────────────────────────────────────────────────────────────────────────────────────────────────┤
│ exp_final_lr                  │ 0                                                                                                                                                                                          │
├───────────────────────────────┼────────────────────────────────────────────────────────────────────────────────────────────────────────────────────────────────────────────────────────────────────────────────────────────┤
│ exp_warmup                    │ 0.05                                                                                                                                                                                       │
├───────────────────────────────┼────────────────────────────────────────────────────────────────────────────────────────────────────────────────────────────────────────────────────────────────────────────────────────────┤
│ exp_weight_decay              │ 1e-05                                                                                                                                                                                      │
├───────────────────────────────┼────────────────────────────────────────────────────────────────────────────────────────────────────────────────────────────────────────────────────────────────────────────────────────────┤
│ exp_final_weight_decay        │ 0.01                                                                                                                                                                                       │
├───────────────────────────────┼────────────────────────────────────────────────────────────────────────────────────────────────────────────────────────────────────────────────────────────────────────────────────────────┤
│ exp_ipe_scale                 │ 1.0                                                                                                                                                                                        │
├───────────────────────────────┼────────────────────────────────────────────────────────────────────────────────────────────────────────────────────────────────────────────────────────────────────────────────────────────┤
│ exp_gradient_clipping         │ 1.0                                                                                                                                                                                        │
├───────────────────────────────┼────────────────────────────────────────────────────────────────────────────────────────────────────────────────────────────────────────────────────────────────────────────────────────────┤
│ mp_distributed                │ True                                                                                                                                                                                       │
├───────────────────────────────┼────────────────────────────────────────────────────────────────────────────────────────────────────────────────────────────────────────────────────────────────────────────────────────────┤
│ mp_nodes                      │ 1                                                                                                                                                                                          │
├───────────────────────────────┼────────────────────────────────────────────────────────────────────────────────────────────────────────────────────────────────────────────────────────────────────────────────────────────┤
│ mp_gpus                       │ 4                                                                                                                                                                                          │
├───────────────────────────────┼────────────────────────────────────────────────────────────────────────────────────────────────────────────────────────────────────────────────────────────────────────────────────────────┤
│ mp_nr                         │ 0                                                                                                                                                                                          │
├───────────────────────────────┼────────────────────────────────────────────────────────────────────────────────────────────────────────────────────────────────────────────────────────────────────────────────────────────┤
│ pin_memory                    │ True                                                                                                                                                                                       │
├───────────────────────────────┼────────────────────────────────────────────────────────────────────────────────────────────────────────────────────────────────────────────────────────────────────────────────────────────┤
│ using_embedding               │ False                                                                                                                                                                                      │
├───────────────────────────────┼────────────────────────────────────────────────────────────────────────────────────────────────────────────────────────────────────────────────────────────────────────────────────────────┤
│ model_dtype                   │ float32                                                                                                                                                                                    │
├───────────────────────────────┼────────────────────────────────────────────────────────────────────────────────────────────────────────────────────────────────────────────────────────────────────────────────────────────┤
│ data_loader_nprocs            │ 0                                                                                                                                                                                          │
├───────────────────────────────┼────────────────────────────────────────────────────────────────────────────────────────────────────────────────────────────────────────────────────────────────────────────────────────────┤
│ load_from_checkpoint          │ False                                                                                                                                                                                      │
├───────────────────────────────┼────────────────────────────────────────────────────────────────────────────────────────────────────────────────────────────────────────────────────────────────────────────────────────────┤
│ load_path                     │                                                                                                                                                                                            │
├───────────────────────────────┼────────────────────────────────────────────────────────────────────────────────────────────────────────────────────────────────────────────────────────────────────────────────────────────┤
│ model_amp                     │ False                                                                                                                                                                                      │
├───────────────────────────────┼────────────────────────────────────────────────────────────────────────────────────────────────────────────────────────────────────────────────────────────────────────────────────────────┤
│ model_feature_type_embedding  │ True                                                                                                                                                                                       │
├───────────────────────────────┼────────────────────────────────────────────────────────────────────────────────────────────────────────────────────────────────────────────────────────────────────────────────────────────┤
│ model_feature_index_embedding │ True                                                                                                                                                                                       │
├───────────────────────────────┼────────────────────────────────────────────────────────────────────────────────────────────────────────────────────────────────────────────────────────────────────────────────────────────┤
│ model_dropout_prob            │ 0.1                                                                                                                                                                                        │
├───────────────────────────────┼────────────────────────────────────────────────────────────────────────────────────────────────────────────────────────────────────────────────────────────────────────────────────────────┤
│ model_layer_norm_eps          │ 1e-05                                                                                                                                                                                      │
├───────────────────────────────┼────────────────────────────────────────────────────────────────────────────────────────────────────────────────────────────────────────────────────────────────────────────────────────────┤
│ model_dim_hidden              │ 64                                                                                                                                                                                         │
├───────────────────────────────┼────────────────────────────────────────────────────────────────────────────────────────────────────────────────────────────────────────────────────────────────────────────────────────────┤
│ model_dim_feedforward         │ 256                                                                                                                                                                                        │
├───────────────────────────────┼────────────────────────────────────────────────────────────────────────────────────────────────────────────────────────────────────────────────────────────────────────────────────────────┤
│ model_num_heads               │ 4                                                                                                                                                                                          │
├───────────────────────────────┼────────────────────────────────────────────────────────────────────────────────────────────────────────────────────────────────────────────────────────────────────────────────────────────┤
│ model_num_layers              │ 4                                                                                                                                                                                          │
├───────────────────────────────┼────────────────────────────────────────────────────────────────────────────────────────────────────────────────────────────────────────────────────────────────────────────────────────────┤
│ model_ema_end                 │ 1                                                                                                                                                                                          │
├───────────────────────────────┼────────────────────────────────────────────────────────────────────────────────────────────────────────────────────────────────────────────────────────────────────────────────────────────┤
│ model_ema_start               │ 0.996                                                                                                                                                                                      │
├───────────────────────────────┼────────────────────────────────────────────────────────────────────────────────────────────────────────────────────────────────────────────────────────────────────────────────────────────┤
│ model_act_func                │ relu                                                                                                                                                                                       │
├───────────────────────────────┼────────────────────────────────────────────────────────────────────────────────────────────────────────────────────────────────────────────────────────────────────────────────────────────┤
│ probe_cadence                 │ 5                                                                                                                                                                                          │
├───────────────────────────────┼────────────────────────────────────────────────────────────────────────────────────────────────────────────────────────────────────────────────────────────────────────────────────────────┤
│ probe_model                   │ mlp                                                                                                                                                                                        │
├───────────────────────────────┼────────────────────────────────────────────────────────────────────────────────────────────────────────────────────────────────────────────────────────────────────────────────────────────┤
│ probe_sample_fraction         │ 0.1                                                                                                                                                                                        │
├───────────────────────────────┼────────────────────────────────────────────────────────────────────────────────────────────────────────────────────────────────────────────────────────────────────────────────────────────┤
│ n_cls_tokens                  │ 1                                                                                                                                                                                          │
├───────────────────────────────┼────────────────────────────────────────────────────────────────────────────────────────────────────────────────────────────────────────────────────────────────────────────────────────────┤
│ n_reg_tokens                  │ 1                                                                                                                                                                                          │
├───────────────────────────────┼────────────────────────────────────────────────────────────────────────────────────────────────────────────────────────────────────────────────────────────────────────────────────────────┤
│ pred_type                     │ transformer                                                                                                                                                                                │
├───────────────────────────────┼────────────────────────────────────────────────────────────────────────────────────────────────────────────────────────────────────────────────────────────────────────────────────────────┤
│ pred_num_layers               │ 2                                                                                                                                                                                          │
├───────────────────────────────┼────────────────────────────────────────────────────────────────────────────────────────────────────────────────────────────────────────────────────────────────────────────────────────────┤
│ pred_embed_dim                │ 64                                                                                                                                                                                         │
├───────────────────────────────┼────────────────────────────────────────────────────────────────────────────────────────────────────────────────────────────────────────────────────────────────────────────────────────────┤
│ pred_num_heads                │ 4                                                                                                                                                                                          │
├───────────────────────────────┼────────────────────────────────────────────────────────────────────────────────────────────────────────────────────────────────────────────────────────────────────────────────────────────┤
│ pred_p_dropout                │ 0.1                                                                                                                                                                                        │
├───────────────────────────────┼────────────────────────────────────────────────────────────────────────────────────────────────────────────────────────────────────────────────────────────────────────────────────────────┤
│ pred_layer_norm_eps           │ 1e-05                                                                                                                                                                                      │
├───────────────────────────────┼────────────────────────────────────────────────────────────────────────────────────────────────────────────────────────────────────────────────────────────────────────────────────────────┤
│ pred_activation               │ relu                                                                                                                                                                                       │
├───────────────────────────────┼────────────────────────────────────────────────────────────────────────────────────────────────────────────────────────────────────────────────────────────────────────────────────────────┤
│ pred_dim_feedforward          │ 256                                                                                                                                                                                        │
├───────────────────────────────┼────────────────────────────────────────────────────────────────────────────────────────────────────────────────────────────────────────────────────────────────────────────────────────────┤
│ mask_allow_overlap            │ False                                                                                                                                                                                      │
├───────────────────────────────┼────────────────────────────────────────────────────────────────────────────────────────────────────────────────────────────────────────────────────────────────────────────────────────────┤
│ mask_min_ctx_share            │ 0.2                                                                                                                                                                                        │
├───────────────────────────────┼────────────────────────────────────────────────────────────────────────────────────────────────────────────────────────────────────────────────────────────────────────────────────────────┤
│ mask_max_ctx_share            │ 0.4                                                                                                                                                                                        │
├───────────────────────────────┼────────────────────────────────────────────────────────────────────────────────────────────────────────────────────────────────────────────────────────────────────────────────────────────┤
│ mask_min_trgt_share           │ 0.2                                                                                                                                                                                        │
├───────────────────────────────┼────────────────────────────────────────────────────────────────────────────────────────────────────────────────────────────────────────────────────────────────────────────────────────────┤
│ mask_max_trgt_share           │ 0.4                                                                                                                                                                                        │
├───────────────────────────────┼────────────────────────────────────────────────────────────────────────────────────────────────────────────────────────────────────────────────────────────────────────────────────────────┤
│ mask_num_preds                │ 4                                                                                                                                                                                          │
├───────────────────────────────┼────────────────────────────────────────────────────────────────────────────────────────────────────────────────────────────────────────────────────────────────────────────────────────────┤
│ mask_num_encs                 │ 1                                                                                                                                                                                          │
├───────────────────────────────┼────────────────────────────────────────────────────────────────────────────────────────────────────────────────────────────────────────────────────────────────────────────────────────────┤
│ optuna_study_name             │                                                                                                                                                                                            │
├───────────────────────────────┼────────────────────────────────────────────────────────────────────────────────────────────────────────────────────────────────────────────────────────────────────────────────────────────┤
│ optuna_trial_number           │                                                                                                                                                                                            │
├───────────────────────────────┼────────────────────────────────────────────────────────────────────────────────────────────────────────────────────────────────────────────────────────────────────────────────────────────┤
│ optuna_output_dir             │                                                                                                                                                                                            │
├───────────────────────────────┼────────────────────────────────────────────────────────────────────────────────────────────────────────────────────────────────────────────────────────────────────────────────────────────┤
│ is_batchlearning              │ True                                                                                                                                                                                       │
├───────────────────────────────┼────────────────────────────────────────────────────────────────────────────────────────────────────────────────────────────────────────────────────────────────────────────────────────────┤
│ iteration                     │ 0                                                                                                                                                                                          │
╘═══════════════════════════════╧════════════════════════════════════════════════════════════════════════════════════════════════════════════════════════════════════════════════════════════════════════════════════════════╛
[Debug] Loading dataset …
[Debug] Parquet dataset ready (preprocessing handled by LocalFilesDataset)
Encoder Module parameters:
+-------------------+--------------------------------------------------------------------------------------------------------------------------------------------------------------------------------------------------------------------------------------------------------------------------------------------------------------------------------------------------------------------------------------------------------------------------------------------------------------------------------------------------------------------------------------------------------------------------------------------------------------------------------------------------------------------------------------------------------------------------------------------------------------------------------------------------------------------------------------------------------------------------------------------------------------------------------------------------------------------------------------------------------------------------------------------------------------------------------------------------------------------------------------------------------------------------------------------------------------------+
|     Parameter     |                                                                                                                                                                                                                                                                                                                                                                                                                                                                                                                                                                                                       Value                                                                                                                                                                                                                                                                                                                                                                                                                                                                                                                                                                                                        |
+-------------------+--------------------------------------------------------------------------------------------------------------------------------------------------------------------------------------------------------------------------------------------------------------------------------------------------------------------------------------------------------------------------------------------------------------------------------------------------------------------------------------------------------------------------------------------------------------------------------------------------------------------------------------------------------------------------------------------------------------------------------------------------------------------------------------------------------------------------------------------------------------------------------------------------------------------------------------------------------------------------------------------------------------------------------------------------------------------------------------------------------------------------------------------------------------------------------------------------------------------+
|    hidden_dim     |                                                                                                                                                                                                                                                                                                                                                                                                                                                                                                                                                                                                         64                                                                                                                                                                                                                                                                                                                                                                                                                                                                                                                                                                                                         |
| idx_num_features  | [0, 1, 2, 3, 4, 5, 6, 7, 8, 9, 10, 11, 12, 13, 14, 15, 16, 17, 18, 19, 20, 21, 22, 23, 24, 25, 26, 27, 28, 29, 30, 31, 32, 33, 34, 35, 36, 37, 38, 39, 40, 41, 42, 43, 44, 45, 46, 47, 48, 49, 50, 51, 52, 53, 54, 55, 56, 57, 58, 59, 60, 61, 62, 63, 64, 65, 66, 67, 68, 69, 70, 71, 72, 73, 74, 75, 76, 77, 78, 79, 80, 81, 82, 83, 84, 85, 86, 87, 88, 89, 90, 91, 92, 93, 94, 95, 96, 97, 98, 99, 100, 101, 102, 103, 104, 105, 106, 107, 108, 109, 110, 111, 112, 113, 114, 115, 116, 117, 118, 119, 120, 121, 122, 123, 124, 125, 126, 127, 128, 129, 130, 131, 132, 133, 134, 135, 136, 137, 138, 139, 140, 141, 142, 143, 144, 145, 146, 147, 148, 149, 150, 151, 152, 153, 154, 155, 156, 157, 158, 159, 160, 161, 162, 163, 164, 165, 166, 167, 168, 169, 170, 171, 172, 173, 174, 175, 176, 177, 178, 179, 180, 181, 182, 183, 184, 185, 186, 187, 188, 189, 190, 191, 192, 193, 194, 195, 196, 197, 198, 199, 200, 201, 202, 203, 204, 205, 206, 207, 208, 209, 210, 211, 212, 213, 214, 215, 216, 217, 218, 219, 220, 221, 222, 223, 224, 225, 226, 227, 228, 229, 230, 231, 232, 233, 234, 235, 236, 237, 238, 239, 240, 241, 242, 243, 244, 245, 246, 247, 248, 249, 250, 251, 252, 253, 254, 255] |
| idx_cat_features  |                                                                                                                                                                                                                                                                                                                                                                                                                                                                                                                                                                                                         []                                                                                                                                                                                                                                                                                                                                                                                                                                                                                                                                                                                                         |
|   cardinalities   |                                                                                                                                                                                                                                                                                                                                                                                                                                                                                                                                                                                                         []                                                                                                                                                                                                                                                                                                                                                                                                                                                                                                                                                                                                         |
| n_input_features  |                                                                                                                                                                                                                                                                                                                                                                                                                                                                                                                                                                                                        256                                                                                                                                                                                                                                                                                                                                                                                                                                                                                                                                                                                                         |
|      device       |                                                                                                                                                                                                                                                                                                                                                                                                                                                                                                                                                                                                       cuda:2                                                                                                                                                                                                                                                                                                                                                                                                                                                                                                                                                                                                       |
|    num_layers     |                                                                                                                                                                                                                                                                                                                                                                                                                                                                                                                                                                                                         4                                                                                                                                                                                                                                                                                                                                                                                                                                                                                                                                                                                                          |
|     num_heads     |                                                                                                                                                                                                                                                                                                                                                                                                                                                                                                                                                                                                         4                                                                                                                                                                                                                                                                                                                                                                                                                                                                                                                                                                                                          |
|     p_dropout     |                                                                                                                                                                                                                                                                                                                                                                                                                                                                                                                                                                                                        0.1                                                                                                                                                                                                                                                                                                                                                                                                                                                                                                                                                                                                         |
|  layer_norm_eps   |                                                                                                                                                                                                                                                                                                                                                                                                                                                                                                                                                                                                       1e-05                                                                                                                                                                                                                                                                                                                                                                                                                                                                                                                                                                                                        |
| gradient_clipping |                                                                                                                                                                                                                                                                                                                                                                                                                                                                                                                                                                                                        1.0                                                                                                                                                                                                                                                                                                                                                                                                                                                                                                                                                                                                         |
|  dim_feedforward  |                                                                                                                                                                                                                                                                                                                                                                                                                                                                                                                                                                                                        256                                                                                                                                                                                                                                                                                                                                                                                                                                                                                                                                                                                                         |
+-------------------+--------------------------------------------------------------------------------------------------------------------------------------------------------------------------------------------------------------------------------------------------------------------------------------------------------------------------------------------------------------------------------------------------------------------------------------------------------------------------------------------------------------------------------------------------------------------------------------------------------------------------------------------------------------------------------------------------------------------------------------------------------------------------------------------------------------------------------------------------------------------------------------------------------------------------------------------------------------------------------------------------------------------------------------------------------------------------------------------------------------------------------------------------------------------------------------------------------------------+
Using feature index embedding (unique embedding for each column).
╒═══════════════════════════════╤════════════════════════════════════════════════════════════════════════════════════════════════════════════════════════════════════════════════════════════════════════════════════════════╕
│ mock                          │ False                                                                                                                                                                                      │
├───────────────────────────────┼────────────────────────────────────────────────────────────────────────────────────────────────────────────────────────────────────────────────────────────────────────────────────────────┤
│ res_dir                       │ ./                                                                                                                                                                                         │
├───────────────────────────────┼────────────────────────────────────────────────────────────────────────────────────────────────────────────────────────────────────────────────────────────────────────────────────────────┤
│ data_path                     │ data                                                                                                                                                                                       │
├───────────────────────────────┼────────────────────────────────────────────────────────────────────────────────────────────────────────────────────────────────────────────────────────────────────────────────────────────┤
│ data_set                      │ parquet_dataset                                                                                                                                                                            │
├───────────────────────────────┼────────────────────────────────────────────────────────────────────────────────────────────────────────────────────────────────────────────────────────────────────────────────────────────┤
│ test_size_ratio               │ 0.0                                                                                                                                                                                        │
├───────────────────────────────┼────────────────────────────────────────────────────────────────────────────────────────────────────────────────────────────────────────────────────────────────────────────────────────────┤
│ val_size_ratio                │ 0.0                                                                                                                                                                                        │
├───────────────────────────────┼────────────────────────────────────────────────────────────────────────────────────────────────────────────────────────────────────────────────────────────────────────────────────────────┤
│ random_state                  │ 42                                                                                                                                                                                         │
├───────────────────────────────┼────────────────────────────────────────────────────────────────────────────────────────────────────────────────────────────────────────────────────────────────────────────────────────────┤
│ full_dataset_cuda             │ False                                                                                                                                                                                      │
├───────────────────────────────┼────────────────────────────────────────────────────────────────────────────────────────────────────────────────────────────────────────────────────────────────────────────────────────────┤
│ verbose                       │ False                                                                                                                                                                                      │
├───────────────────────────────┼────────────────────────────────────────────────────────────────────────────────────────────────────────────────────────────────────────────────────────────────────────────────────────────┤
│ use_parquet_dataset           │ True                                                                                                                                                                                       │
├───────────────────────────────┼────────────────────────────────────────────────────────────────────────────────────────────────────────────────────────────────────────────────────────────────────────────────────────────┤
│ parquet_data_dir              │ /projects/risk-tabular/general_chargebacks/202207-202407-all-positives-negative-ratio-1.0-v0/train                                                                                         │
├───────────────────────────────┼────────────────────────────────────────────────────────────────────────────────────────────────────────────────────────────────────────────────────────────────────────────────────────────┤
│ parquet_data_files            │ chunk_10.parquet,chunk_11.parquet,chunk_12.parquet,chunk_13.parquet,chunk_14.parquet,chunk_15.parquet,chunk_16.parquet,chunk_17.parquet,chunk_18.parquet,chunk_19.parquet,chunk_20.parquet │
├───────────────────────────────┼────────────────────────────────────────────────────────────────────────────────────────────────────────────────────────────────────────────────────────────────────────────────────────────┤
│ parquet_scaling_stats_file    │ /projects/risk-tabular/general_chargebacks/202207-202407-all-positives-negative-ratio-1.0-v0/train/stats_bootstrap.pq                                                                      │
├───────────────────────────────┼────────────────────────────────────────────────────────────────────────────────────────────────────────────────────────────────────────────────────────────────────────────────────────────┤
│ parquet_feature_names_file    │ /projects/risk-tabular/general_chargebacks/20240724_feature_selection/xgboost_importances_seed_1_sample_0.5.csv                                                                            │
├───────────────────────────────┼────────────────────────────────────────────────────────────────────────────────────────────────────────────────────────────────────────────────────────────────────────────────────────────┤
│ parquet_num_features          │ 128                                                                                                                                                                                        │
├───────────────────────────────┼────────────────────────────────────────────────────────────────────────────────────────────────────────────────────────────────────────────────────────────────────────────────────────────┤
│ parquet_target_col            │ target                                                                                                                                                                                     │
├───────────────────────────────┼────────────────────────────────────────────────────────────────────────────────────────────────────────────────────────────────────────────────────────────────────────────────────────────┤
│ parquet_task_type             │ binary_class                                                                                                                                                                               │
├───────────────────────────────┼────────────────────────────────────────────────────────────────────────────────────────────────────────────────────────────────────────────────────────────────────────────────────────────┤
│ parquet_id_col                │ ID                                                                                                                                                                                         │
├───────────────────────────────┼────────────────────────────────────────────────────────────────────────────────────────────────────────────────────────────────────────────────────────────────────────────────────────────┤
│ parquet_preload_data          │ True                                                                                                                                                                                       │
├───────────────────────────────┼────────────────────────────────────────────────────────────────────────────────────────────────────────────────────────────────────────────────────────────────────────────────────────────┤
│ parquet_shuffle               │ True                                                                                                                                                                                       │
├───────────────────────────────┼────────────────────────────────────────────────────────────────────────────────────────────────────────────────────────────────────────────────────────────────────────────────────────────┤
│ parquet_scaling_method        │ IQR                                                                                                                                                                                        │
├───────────────────────────────┼────────────────────────────────────────────────────────────────────────────────────────────────────────────────────────────────────────────────────────────────────────────────────────────┤
│ parquet_infill_value          │ zero                                                                                                                                                                                       │
├───────────────────────────────┼────────────────────────────────────────────────────────────────────────────────────────────────────────────────────────────────────────────────────────────────────────────────────────────┤
│ parquet_transform             │ asinh                                                                                                                                                                                      │
├───────────────────────────────┼────────────────────────────────────────────────────────────────────────────────────────────────────────────────────────────────────────────────────────────────────────────────────────────┤
│ parquet_categorize_nan        │ True                                                                                                                                                                                       │
├───────────────────────────────┼────────────────────────────────────────────────────────────────────────────────────────────────────────────────────────────────────────────────────────────────────────────────────────────┤
│ parquet_clip_min              │                                                                                                                                                                                            │
├───────────────────────────────┼────────────────────────────────────────────────────────────────────────────────────────────────────────────────────────────────────────────────────────────────────────────────────────────┤
│ parquet_clip_max              │                                                                                                                                                                                            │
├───────────────────────────────┼────────────────────────────────────────────────────────────────────────────────────────────────────────────────────────────────────────────────────────────────────────────────────────────┤
│ tag                           │                                                                                                                                                                                            │
├───────────────────────────────┼────────────────────────────────────────────────────────────────────────────────────────────────────────────────────────────────────────────────────────────────────────────────────────────┤
│ project_name                  │ scaled_config_4gpu_test                                                                                                                                                                    │
├───────────────────────────────┼────────────────────────────────────────────────────────────────────────────────────────────────────────────────────────────────────────────────────────────────────────────────────────────┤
│ test                          │ False                                                                                                                                                                                      │
├───────────────────────────────┼────────────────────────────────────────────────────────────────────────────────────────────────────────────────────────────────────────────────────────────────────────────────────────────┤
│ exp_n_runs                    │ 1                                                                                                                                                                                          │
├───────────────────────────────┼────────────────────────────────────────────────────────────────────────────────────────────────────────────────────────────────────────────────────────────────────────────────────────────┤
│ exp_device                    │                                                                                                                                                                                            │
├───────────────────────────────┼────────────────────────────────────────────────────────────────────────────────────────────────────────────────────────────────────────────────────────────────────────────────────────────┤
│ np_seed                       │ 42                                                                                                                                                                                         │
├───────────────────────────────┼────────────────────────────────────────────────────────────────────────────────────────────────────────────────────────────────────────────────────────────────────────────────────────────┤
│ torch_seed                    │ 42                                                                                                                                                                                         │
├───────────────────────────────┼────────────────────────────────────────────────────────────────────────────────────────────────────────────────────────────────────────────────────────────────────────────────────────────┤
│ random                        │ False                                                                                                                                                                                      │
├───────────────────────────────┼────────────────────────────────────────────────────────────────────────────────────────────────────────────────────────────────────────────────────────────────────────────────────────────┤
│ batch_size                    │ 4096                                                                                                                                                                                       │
├───────────────────────────────┼────────────────────────────────────────────────────────────────────────────────────────────────────────────────────────────────────────────────────────────────────────────────────────────┤
│ val_batch_size                │ -1                                                                                                                                                                                         │
├───────────────────────────────┼────────────────────────────────────────────────────────────────────────────────────────────────────────────────────────────────────────────────────────────────────────────────────────────┤
│ exp_train_total_epochs        │ 10                                                                                                                                                                                         │
├───────────────────────────────┼────────────────────────────────────────────────────────────────────────────────────────────────────────────────────────────────────────────────────────────────────────────────────────────┤
│ exp_patience                  │ 10                                                                                                                                                                                         │
├───────────────────────────────┼────────────────────────────────────────────────────────────────────────────────────────────────────────────────────────────────────────────────────────────────────────────────────────────┤
│ log_tensorboard               │ False                                                                                                                                                                                      │
├───────────────────────────────┼────────────────────────────────────────────────────────────────────────────────────────────────────────────────────────────────────────────────────────────────────────────────────────────┤
│ exp_cadence_type              │ improvement                                                                                                                                                                                │
├───────────────────────────────┼────────────────────────────────────────────────────────────────────────────────────────────────────────────────────────────────────────────────────────────────────────────────────────────┤
│ exp_cache_cadence             │ 1                                                                                                                                                                                          │
├───────────────────────────────┼────────────────────────────────────────────────────────────────────────────────────────────────────────────────────────────────────────────────────────────────────────────────────────────┤
│ exp_val_cache_cadence         │ 1                                                                                                                                                                                          │
├───────────────────────────────┼────────────────────────────────────────────────────────────────────────────────────────────────────────────────────────────────────────────────────────────────────────────────────────────┤
│ init_type                     │ kaiming                                                                                                                                                                                    │
├───────────────────────────────┼────────────────────────────────────────────────────────────────────────────────────────────────────────────────────────────────────────────────────────────────────────────────────────────┤
│ exp_scheduler                 │ True                                                                                                                                                                                       │
├───────────────────────────────┼────────────────────────────────────────────────────────────────────────────────────────────────────────────────────────────────────────────────────────────────────────────────────────────┤
│ exp_weight_decay_scheduler    │ True                                                                                                                                                                                       │
├───────────────────────────────┼────────────────────────────────────────────────────────────────────────────────────────────────────────────────────────────────────────────────────────────────────────────────────────────┤
│ exp_start_lr                  │ 0.001                                                                                                                                                                                      │
├───────────────────────────────┼────────────────────────────────────────────────────────────────────────────────────────────────────────────────────────────────────────────────────────────────────────────────────────────┤
│ exp_lr                        │ 0.0002828                                                                                                                                                                                  │
├───────────────────────────────┼────────────────────────────────────────────────────────────────────────────────────────────────────────────────────────────────────────────────────────────────────────────────────────────┤
│ exp_final_lr                  │ 0                                                                                                                                                                                          │
├───────────────────────────────┼────────────────────────────────────────────────────────────────────────────────────────────────────────────────────────────────────────────────────────────────────────────────────────────┤
│ exp_warmup                    │ 0.05                                                                                                                                                                                       │
├───────────────────────────────┼────────────────────────────────────────────────────────────────────────────────────────────────────────────────────────────────────────────────────────────────────────────────────────────┤
│ exp_weight_decay              │ 1e-05                                                                                                                                                                                      │
├───────────────────────────────┼────────────────────────────────────────────────────────────────────────────────────────────────────────────────────────────────────────────────────────────────────────────────────────────┤
│ exp_final_weight_decay        │ 0.01                                                                                                                                                                                       │
├───────────────────────────────┼────────────────────────────────────────────────────────────────────────────────────────────────────────────────────────────────────────────────────────────────────────────────────────────┤
│ exp_ipe_scale                 │ 1.0                                                                                                                                                                                        │
├───────────────────────────────┼────────────────────────────────────────────────────────────────────────────────────────────────────────────────────────────────────────────────────────────────────────────────────────────┤
│ exp_gradient_clipping         │ 1.0                                                                                                                                                                                        │
├───────────────────────────────┼────────────────────────────────────────────────────────────────────────────────────────────────────────────────────────────────────────────────────────────────────────────────────────────┤
│ mp_distributed                │ True                                                                                                                                                                                       │
├───────────────────────────────┼────────────────────────────────────────────────────────────────────────────────────────────────────────────────────────────────────────────────────────────────────────────────────────────┤
│ mp_nodes                      │ 1                                                                                                                                                                                          │
├───────────────────────────────┼────────────────────────────────────────────────────────────────────────────────────────────────────────────────────────────────────────────────────────────────────────────────────────────┤
│ mp_gpus                       │ 4                                                                                                                                                                                          │
├───────────────────────────────┼────────────────────────────────────────────────────────────────────────────────────────────────────────────────────────────────────────────────────────────────────────────────────────────┤
│ mp_nr                         │ 0                                                                                                                                                                                          │
├───────────────────────────────┼────────────────────────────────────────────────────────────────────────────────────────────────────────────────────────────────────────────────────────────────────────────────────────────┤
│ pin_memory                    │ True                                                                                                                                                                                       │
├───────────────────────────────┼────────────────────────────────────────────────────────────────────────────────────────────────────────────────────────────────────────────────────────────────────────────────────────────┤
│ using_embedding               │ False                                                                                                                                                                                      │
├───────────────────────────────┼────────────────────────────────────────────────────────────────────────────────────────────────────────────────────────────────────────────────────────────────────────────────────────────┤
│ model_dtype                   │ float32                                                                                                                                                                                    │
├───────────────────────────────┼────────────────────────────────────────────────────────────────────────────────────────────────────────────────────────────────────────────────────────────────────────────────────────────┤
│ data_loader_nprocs            │ 0                                                                                                                                                                                          │
├───────────────────────────────┼────────────────────────────────────────────────────────────────────────────────────────────────────────────────────────────────────────────────────────────────────────────────────────────┤
│ load_from_checkpoint          │ False                                                                                                                                                                                      │
├───────────────────────────────┼────────────────────────────────────────────────────────────────────────────────────────────────────────────────────────────────────────────────────────────────────────────────────────────┤
│ load_path                     │                                                                                                                                                                                            │
├───────────────────────────────┼────────────────────────────────────────────────────────────────────────────────────────────────────────────────────────────────────────────────────────────────────────────────────────────┤
│ model_amp                     │ False                                                                                                                                                                                      │
├───────────────────────────────┼────────────────────────────────────────────────────────────────────────────────────────────────────────────────────────────────────────────────────────────────────────────────────────────┤
│ model_feature_type_embedding  │ True                                                                                                                                                                                       │
├───────────────────────────────┼────────────────────────────────────────────────────────────────────────────────────────────────────────────────────────────────────────────────────────────────────────────────────────────┤
│ model_feature_index_embedding │ True                                                                                                                                                                                       │
├───────────────────────────────┼────────────────────────────────────────────────────────────────────────────────────────────────────────────────────────────────────────────────────────────────────────────────────────────┤
│ model_dropout_prob            │ 0.1                                                                                                                                                                                        │
├───────────────────────────────┼────────────────────────────────────────────────────────────────────────────────────────────────────────────────────────────────────────────────────────────────────────────────────────────┤
│ model_layer_norm_eps          │ 1e-05                                                                                                                                                                                      │
├───────────────────────────────┼────────────────────────────────────────────────────────────────────────────────────────────────────────────────────────────────────────────────────────────────────────────────────────────┤
│ model_dim_hidden              │ 64                                                                                                                                                                                         │
├───────────────────────────────┼────────────────────────────────────────────────────────────────────────────────────────────────────────────────────────────────────────────────────────────────────────────────────────────┤
│ model_dim_feedforward         │ 256                                                                                                                                                                                        │
├───────────────────────────────┼────────────────────────────────────────────────────────────────────────────────────────────────────────────────────────────────────────────────────────────────────────────────────────────┤
│ model_num_heads               │ 4                                                                                                                                                                                          │
├───────────────────────────────┼────────────────────────────────────────────────────────────────────────────────────────────────────────────────────────────────────────────────────────────────────────────────────────────┤
│ model_num_layers              │ 4                                                                                                                                                                                          │
├───────────────────────────────┼────────────────────────────────────────────────────────────────────────────────────────────────────────────────────────────────────────────────────────────────────────────────────────────┤
│ model_ema_end                 │ 1                                                                                                                                                                                          │
├───────────────────────────────┼────────────────────────────────────────────────────────────────────────────────────────────────────────────────────────────────────────────────────────────────────────────────────────────┤
│ model_ema_start               │ 0.996                                                                                                                                                                                      │
├───────────────────────────────┼────────────────────────────────────────────────────────────────────────────────────────────────────────────────────────────────────────────────────────────────────────────────────────────┤
│ model_act_func                │ relu                                                                                                                                                                                       │
├───────────────────────────────┼────────────────────────────────────────────────────────────────────────────────────────────────────────────────────────────────────────────────────────────────────────────────────────────┤
│ probe_cadence                 │ 5                                                                                                                                                                                          │
├───────────────────────────────┼────────────────────────────────────────────────────────────────────────────────────────────────────────────────────────────────────────────────────────────────────────────────────────────┤
│ probe_model                   │ mlp                                                                                                                                                                                        │
├───────────────────────────────┼────────────────────────────────────────────────────────────────────────────────────────────────────────────────────────────────────────────────────────────────────────────────────────────┤
│ probe_sample_fraction         │ 0.1                                                                                                                                                                                        │
├───────────────────────────────┼────────────────────────────────────────────────────────────────────────────────────────────────────────────────────────────────────────────────────────────────────────────────────────────┤
│ n_cls_tokens                  │ 1                                                                                                                                                                                          │
├───────────────────────────────┼────────────────────────────────────────────────────────────────────────────────────────────────────────────────────────────────────────────────────────────────────────────────────────────┤
│ n_reg_tokens                  │ 1                                                                                                                                                                                          │
├───────────────────────────────┼────────────────────────────────────────────────────────────────────────────────────────────────────────────────────────────────────────────────────────────────────────────────────────────┤
│ pred_type                     │ transformer                                                                                                                                                                                │
├───────────────────────────────┼────────────────────────────────────────────────────────────────────────────────────────────────────────────────────────────────────────────────────────────────────────────────────────────┤
│ pred_num_layers               │ 2                                                                                                                                                                                          │
├───────────────────────────────┼────────────────────────────────────────────────────────────────────────────────────────────────────────────────────────────────────────────────────────────────────────────────────────────┤
│ pred_embed_dim                │ 64                                                                                                                                                                                         │
├───────────────────────────────┼────────────────────────────────────────────────────────────────────────────────────────────────────────────────────────────────────────────────────────────────────────────────────────────┤
│ pred_num_heads                │ 4                                                                                                                                                                                          │
├───────────────────────────────┼────────────────────────────────────────────────────────────────────────────────────────────────────────────────────────────────────────────────────────────────────────────────────────────┤
│ pred_p_dropout                │ 0.1                                                                                                                                                                                        │
├───────────────────────────────┼────────────────────────────────────────────────────────────────────────────────────────────────────────────────────────────────────────────────────────────────────────────────────────────┤
│ pred_layer_norm_eps           │ 1e-05                                                                                                                                                                                      │
├───────────────────────────────┼────────────────────────────────────────────────────────────────────────────────────────────────────────────────────────────────────────────────────────────────────────────────────────────┤
│ pred_activation               │ relu                                                                                                                                                                                       │
├───────────────────────────────┼────────────────────────────────────────────────────────────────────────────────────────────────────────────────────────────────────────────────────────────────────────────────────────────┤
│ pred_dim_feedforward          │ 256                                                                                                                                                                                        │
├───────────────────────────────┼────────────────────────────────────────────────────────────────────────────────────────────────────────────────────────────────────────────────────────────────────────────────────────────┤
│ mask_allow_overlap            │ False                                                                                                                                                                                      │
├───────────────────────────────┼────────────────────────────────────────────────────────────────────────────────────────────────────────────────────────────────────────────────────────────────────────────────────────────┤
│ mask_min_ctx_share            │ 0.2                                                                                                                                                                                        │
├───────────────────────────────┼────────────────────────────────────────────────────────────────────────────────────────────────────────────────────────────────────────────────────────────────────────────────────────────┤
│ mask_max_ctx_share            │ 0.4                                                                                                                                                                                        │
├───────────────────────────────┼────────────────────────────────────────────────────────────────────────────────────────────────────────────────────────────────────────────────────────────────────────────────────────────┤
│ mask_min_trgt_share           │ 0.2                                                                                                                                                                                        │
├───────────────────────────────┼────────────────────────────────────────────────────────────────────────────────────────────────────────────────────────────────────────────────────────────────────────────────────────────┤
│ mask_max_trgt_share           │ 0.4                                                                                                                                                                                        │
├───────────────────────────────┼────────────────────────────────────────────────────────────────────────────────────────────────────────────────────────────────────────────────────────────────────────────────────────────┤
│ mask_num_preds                │ 4                                                                                                                                                                                          │
├───────────────────────────────┼────────────────────────────────────────────────────────────────────────────────────────────────────────────────────────────────────────────────────────────────────────────────────────────┤
│ mask_num_encs                 │ 1                                                                                                                                                                                          │
├───────────────────────────────┼────────────────────────────────────────────────────────────────────────────────────────────────────────────────────────────────────────────────────────────────────────────────────────────┤
│ optuna_study_name             │                                                                                                                                                                                            │
├───────────────────────────────┼────────────────────────────────────────────────────────────────────────────────────────────────────────────────────────────────────────────────────────────────────────────────────────────┤
│ optuna_trial_number           │                                                                                                                                                                                            │
├───────────────────────────────┼────────────────────────────────────────────────────────────────────────────────────────────────────────────────────────────────────────────────────────────────────────────────────────────┤
│ optuna_output_dir             │                                                                                                                                                                                            │
├───────────────────────────────┼────────────────────────────────────────────────────────────────────────────────────────────────────────────────────────────────────────────────────────────────────────────────────────────┤
│ is_batchlearning              │ True                                                                                                                                                                                       │
├───────────────────────────────┼────────────────────────────────────────────────────────────────────────────────────────────────────────────────────────────────────────────────────────────────────────────────────────────┤
│ iteration                     │ 0                                                                                                                                                                                          │
╘═══════════════════════════════╧════════════════════════════════════════════════════════════════════════════════════════════════════════════════════════════════════════════════════════════════════════════════════════════╛
[Debug] Loading dataset …
[Debug] Parquet dataset ready (preprocessing handled by LocalFilesDataset)
Predictors Module parameters:
Encoder Module parameters:
+-----------------+--------+
|    Parameter    | Value  |
+-----------------+--------+
|   hidden_dim    |   64   |
|  num_features   |  256   |
|   num_layers    |   2    |
|    num_heads    |   4    |
|    p_dropout    |  0.1   |
| layer_norm_eps  | 1e-05  |
|   activation    |  relu  |
| pred_embed_dim  |   64   |
|     device      | cuda:1 |
|  cardinalities  |   []   |
| dim_feedforward |  256   |
+-----------------+--------+
+-------------------+--------------------------------------------------------------------------------------------------------------------------------------------------------------------------------------------------------------------------------------------------------------------------------------------------------------------------------------------------------------------------------------------------------------------------------------------------------------------------------------------------------------------------------------------------------------------------------------------------------------------------------------------------------------------------------------------------------------------------------------------------------------------------------------------------------------------------------------------------------------------------------------------------------------------------------------------------------------------------------------------------------------------------------------------------------------------------------------------------------------------------------------------------------------------------------------------------------------------+
|     Parameter     |                                                                                                                                                                                                                                                                                                                                                                                                                                                                                                                                                                                                       Value                                                                                                                                                                                                                                                                                                                                                                                                                                                                                                                                                                                                        |
+-------------------+--------------------------------------------------------------------------------------------------------------------------------------------------------------------------------------------------------------------------------------------------------------------------------------------------------------------------------------------------------------------------------------------------------------------------------------------------------------------------------------------------------------------------------------------------------------------------------------------------------------------------------------------------------------------------------------------------------------------------------------------------------------------------------------------------------------------------------------------------------------------------------------------------------------------------------------------------------------------------------------------------------------------------------------------------------------------------------------------------------------------------------------------------------------------------------------------------------------------+
|    hidden_dim     |                                                                                                                                                                                                                                                                                                                                                                                                                                                                                                                                                                                                         64                                                                                                                                                                                                                                                                                                                                                                                                                                                                                                                                                                                                         |
| idx_num_features  | [0, 1, 2, 3, 4, 5, 6, 7, 8, 9, 10, 11, 12, 13, 14, 15, 16, 17, 18, 19, 20, 21, 22, 23, 24, 25, 26, 27, 28, 29, 30, 31, 32, 33, 34, 35, 36, 37, 38, 39, 40, 41, 42, 43, 44, 45, 46, 47, 48, 49, 50, 51, 52, 53, 54, 55, 56, 57, 58, 59, 60, 61, 62, 63, 64, 65, 66, 67, 68, 69, 70, 71, 72, 73, 74, 75, 76, 77, 78, 79, 80, 81, 82, 83, 84, 85, 86, 87, 88, 89, 90, 91, 92, 93, 94, 95, 96, 97, 98, 99, 100, 101, 102, 103, 104, 105, 106, 107, 108, 109, 110, 111, 112, 113, 114, 115, 116, 117, 118, 119, 120, 121, 122, 123, 124, 125, 126, 127, 128, 129, 130, 131, 132, 133, 134, 135, 136, 137, 138, 139, 140, 141, 142, 143, 144, 145, 146, 147, 148, 149, 150, 151, 152, 153, 154, 155, 156, 157, 158, 159, 160, 161, 162, 163, 164, 165, 166, 167, 168, 169, 170, 171, 172, 173, 174, 175, 176, 177, 178, 179, 180, 181, 182, 183, 184, 185, 186, 187, 188, 189, 190, 191, 192, 193, 194, 195, 196, 197, 198, 199, 200, 201, 202, 203, 204, 205, 206, 207, 208, 209, 210, 211, 212, 213, 214, 215, 216, 217, 218, 219, 220, 221, 222, 223, 224, 225, 226, 227, 228, 229, 230, 231, 232, 233, 234, 235, 236, 237, 238, 239, 240, 241, 242, 243, 244, 245, 246, 247, 248, 249, 250, 251, 252, 253, 254, 255] |
| idx_cat_features  |                                                                                                                                                                                                                                                                                                                                                                                                                                                                                                                                                                                                         []                                                                                                                                                                                                                                                                                                                                                                                                                                                                                                                                                                                                         |
|   cardinalities   |                                                                                                                                                                                                                                                                                                                                                                                                                                                                                                                                                                                                         []                                                                                                                                                                                                                                                                                                                                                                                                                                                                                                                                                                                                         |
| n_input_features  |                                                                                                                                                                                                                                                                                                                                                                                                                                                                                                                                                                                                        256                                                                                                                                                                                                                                                                                                                                                                                                                                                                                                                                                                                                         |
|      device       |                                                                                                                                                                                                                                                                                                                                                                                                                                                                                                                                                                                                       cuda:0                                                                                                                                                                                                                                                                                                                                                                                                                                                                                                                                                                                                       |
|    num_layers     |                                                                                                                                                                                                                                                                                                                                                                                                                                                                                                                                                                                                         4                                                                                                                                                                                                                                                                                                                                                                                                                                                                                                                                                                                                          |
|     num_heads     |                                                                                                                                                                                                                                                                                                                                                                                                                                                                                                                                                                                                         4                                                                                                                                                                                                                                                                                                                                                                                                                                                                                                                                                                                                          |
|     p_dropout     |                                                                                                                                                                                                                                                                                                                                                                                                                                                                                                                                                                                                        0.1                                                                                                                                                                                                                                                                                                                                                                                                                                                                                                                                                                                                         |
|  layer_norm_eps   |                                                                                                                                                                                                                                                                                                                                                                                                                                                                                                                                                                                                       1e-05                                                                                                                                                                                                                                                                                                                                                                                                                                                                                                                                                                                                        |
| gradient_clipping |                                                                                                                                                                                                                                                                                                                                                                                                                                                                                                                                                                                                        1.0                                                                                                                                                                                                                                                                                                                                                                                                                                                                                                                                                                                                         |
|  dim_feedforward  |                                                                                                                                                                                                                                                                                                                                                                                                                                                                                                                                                                                                        256                                                                                                                                                                                                                                                                                                                                                                                                                                                                                                                                                                                                         |
+-------------------+--------------------------------------------------------------------------------------------------------------------------------------------------------------------------------------------------------------------------------------------------------------------------------------------------------------------------------------------------------------------------------------------------------------------------------------------------------------------------------------------------------------------------------------------------------------------------------------------------------------------------------------------------------------------------------------------------------------------------------------------------------------------------------------------------------------------------------------------------------------------------------------------------------------------------------------------------------------------------------------------------------------------------------------------------------------------------------------------------------------------------------------------------------------------------------------------------------------------+
Using feature index embedding (unique embedding for each column).
/home/aminmohamadi_squareup_com/projects/t-jepa-parquet-scaling/src/tjepa_transformer.py:172: UserWarning: enable_nested_tensor is True, but self.use_nested_tensor is False because encoder_layer was not TransformerEncoderLayer
  warnings.warn(
Clipping gradients to value 1.0.
/home/aminmohamadi_squareup_com/projects/t-jepa-parquet-scaling/src/tjepa_transformer.py:172: UserWarning: enable_nested_tensor is True, but self.use_nested_tensor is False because encoder_layer was not TransformerEncoderLayer
  warnings.warn(
Clipping gradients to value 1.0.
Predictors Module parameters:
+-----------------+--------+
|    Parameter    | Value  |
+-----------------+--------+
|   hidden_dim    |   64   |
|  num_features   |  256   |
|   num_layers    |   2    |
|    num_heads    |   4    |
|    p_dropout    |  0.1   |
| layer_norm_eps  | 1e-05  |
|   activation    |  relu  |
| pred_embed_dim  |   64   |
|     device      | cuda:2 |
|  cardinalities  |   []   |
| dim_feedforward |  256   |
+-----------------+--------+
Predictors Module parameters:
+-----------------+--------+
|    Parameter    | Value  |
+-----------------+--------+
|   hidden_dim    |   64   |
|  num_features   |  256   |
|   num_layers    |   2    |
|    num_heads    |   4    |
|    p_dropout    |  0.1   |
| layer_norm_eps  | 1e-05  |
|   activation    |  relu  |
| pred_embed_dim  |   64   |
|     device      | cuda:0 |
|  cardinalities  |   []   |
| dim_feedforward |  256   |
+-----------------+--------+
[Debug] Wrapped models in DistributedDataParallel
[Debug] Wrapped models in DistributedDataParallel
[Debug] Wrapped models in DistributedDataParallel
[Debug] Wrapped models in DistributedDataParallel
/home/aminmohamadi_squareup_com/projects/t-jepa-parquet-scaling/run.py:232: FutureWarning: `torch.cuda.amp.GradScaler(args...)` is deprecated. Please use `torch.amp.GradScaler('cuda', args...)` instead.
  scaler = GradScaler(enabled=args.model_amp)
/home/aminmohamadi_squareup_com/projects/t-jepa-parquet-scaling/run.py:232: FutureWarning: `torch.cuda.amp.GradScaler(args...)` is deprecated. Please use `torch.amp.GradScaler('cuda', args...)` instead.
  scaler = GradScaler(enabled=args.model_amp)
/home/aminmohamadi_squareup_com/projects/t-jepa-parquet-scaling/run.py:232: FutureWarning: `torch.cuda.amp.GradScaler(args...)` is deprecated. Please use `torch.amp.GradScaler('cuda', args...)` instead.
  scaler = GradScaler(enabled=args.model_amp)
/home/aminmohamadi_squareup_com/projects/t-jepa-parquet-scaling/run.py:232: FutureWarning: `torch.cuda.amp.GradScaler(args...)` is deprecated. Please use `torch.amp.GradScaler('cuda', args...)` instead.
  scaler = GradScaler(enabled=args.model_amp)
MaskCollator params:MaskCollator params:
MaskCollator params:

-----------------  -----
Allow overlap      False
Min context share  0.2
Max context share  0.4
Min target share   0.2
Max target share   0.4
Min context        51
Max context        102
Min target         51
Max target         102
Num preds          4
Num encs           1
Num features       256
Cardinalities      []
-----------------  ----------------------  -----
Allow overlap      False
Min context share  0.2
Max context share  0.4
Min target share   0.2
Max target share   0.4
Min context        51
Max context        102
Min target         51
Max target         102
Num preds          4
Num encs           1
Num features       256
Cardinalities      []
-----------------  ----------------------  -----
Allow overlap      False
Min context share  0.2
Max context share  0.4
Min target share   0.2
Max target share   0.4
Min context        51
Max context        102
Min target         51
Max target         102
Num preds          4
Num encs           1
Num features       256
Cardinalities      []
-----------------  -----


[Debug] Building DataLoader …[Debug] Building DataLoader …[Debug] Building DataLoader …


[Debug] Parquet DataLoader created (pre-batched, batch_size=4096)
[Debug] Parquet DataLoader created (pre-batched, batch_size=4096)[Debug] DataLoader built[Debug] Parquet DataLoader created (pre-batched, batch_size=4096)


[Debug] DataLoader built[Debug] DataLoader built

[Debug] ipe (iterations per epoch) = 805
[Debug] ipe (iterations per epoch) = 805[Debug] ipe (iterations per epoch) = 805

MaskCollator params:
-----------------  -----
Allow overlap      False
Min context share  0.2
Max context share  0.4
Min target share   0.2
Max target share   0.4
Min context        51
Max context        102
Min target         51
Max target         102
Num preds          4
Num encs           1
Num features       256
Cardinalities      []
-----------------  -----
[Debug] Building DataLoader …
[Debug] Parquet DataLoader created (pre-batched, batch_size=4096)
[Debug] DataLoader built
[Debug] ipe (iterations per epoch) = 805
[Debug] Instantiating Trainer
[Debug] Instantiating Trainer
[Debug] Instantiating Trainer
[Debug] is_main_process=False[Debug] is_main_process=True

[Debug] is_main_process=False
[Debug] Trainer instantiated[Debug] Trainer instantiated

Starting training…Starting training…

[Debug] Instantiating Trainer
[Debug] is_main_process=False
[Debug] Trainer instantiated
Starting training…
[Debug] Trainer instantiated
Starting training…
2025/11/12 19:33:24 INFO mlflow.system_metrics.system_metrics_monitor: Started monitoring system metrics.
Running probe at epoch 0
Using last 10% of data for linear probe: 330,000 samples (from index 2,970,000 to 3,300,000)
Generating embedding using: Encoder
  0%|          | 0/645 [00:00<?, ?it/s]/home/aminmohamadi_squareup_com/projects/t-jepa-parquet-scaling/src/encoder.py:273: UserWarning: The use of `x.T` on tensors of dimension other than 2 to reverse their shape is deprecated and it will throw an error in a future release. Consider `x.mT` to transpose batches of matrices or `x.permute(*torch.arange(x.ndim - 1, -1, -1))` to reverse the dimensions of a tensor. (Triggered internally at /pytorch/aten/src/ATen/native/TensorShape.cpp:4416.)
  _debug_values(x[0].T, title="Before linear embedding")
  0%|          | 1/645 [00:00<01:49,  5.86it/s]  1%|          | 6/645 [00:00<00:27, 23.46it/s]  2%|▏         | 11/645 [00:00<00:20, 30.73it/s]  2%|▏         | 16/645 [00:00<00:18, 34.56it/s]  3%|▎         | 21/645 [00:00<00:16, 36.86it/s]  4%|▍         | 26/645 [00:00<00:16, 38.15it/s]  5%|▍         | 31/645 [00:00<00:15, 39.06it/s]  6%|▌         | 36/645 [00:01<00:15, 39.72it/s]  6%|▋         | 41/645 [00:01<00:15, 40.12it/s]  7%|▋         | 46/645 [00:01<00:14, 40.43it/s]  8%|▊         | 51/645 [00:01<00:14, 40.72it/s]  9%|▊         | 56/645 [00:01<00:14, 40.85it/s]  9%|▉         | 61/645 [00:01<00:14, 40.97it/s] 10%|█         | 66/645 [00:01<00:14, 40.96it/s] 11%|█         | 71/645 [00:01<00:14, 40.98it/s] 12%|█▏        | 76/645 [00:01<00:13, 40.92it/s] 13%|█▎        | 81/645 [00:02<00:13, 40.96it/s] 13%|█▎        | 86/645 [00:02<00:13, 40.88it/s] 14%|█▍        | 91/645 [00:02<00:13, 40.87it/s] 15%|█▍        | 96/645 [00:02<00:13, 40.69it/s] 16%|█▌        | 101/645 [00:02<00:13, 40.78it/s] 16%|█▋        | 106/645 [00:02<00:13, 40.85it/s] 17%|█▋        | 111/645 [00:02<00:13, 40.88it/s] 18%|█▊        | 116/645 [00:02<00:12, 40.96it/s] 19%|█▉        | 121/645 [00:03<00:12, 40.96it/s] 20%|█▉        | 126/645 [00:03<00:12, 41.00it/s] 20%|██        | 131/645 [00:03<00:12, 41.08it/s] 21%|██        | 136/645 [00:03<00:12, 40.94it/s] 22%|██▏       | 141/645 [00:03<00:12, 40.94it/s] 23%|██▎       | 146/645 [00:03<00:12, 41.00it/s] 23%|██▎       | 151/645 [00:03<00:12, 40.97it/s] 24%|██▍       | 156/645 [00:03<00:11, 40.92it/s] 25%|██▍       | 161/645 [00:04<00:11, 40.99it/s] 26%|██▌       | 166/645 [00:04<00:11, 40.98it/s] 27%|██▋       | 171/645 [00:04<00:11, 41.02it/s] 27%|██▋       | 176/645 [00:04<00:11, 40.99it/s] 28%|██▊       | 181/645 [00:04<00:11, 40.87it/s] 29%|██▉       | 186/645 [00:04<00:11, 40.89it/s] 30%|██▉       | 191/645 [00:04<00:11, 40.95it/s] 30%|███       | 196/645 [00:04<00:11, 40.66it/s] 31%|███       | 201/645 [00:05<00:10, 40.66it/s] 32%|███▏      | 206/645 [00:05<00:10, 40.51it/s] 33%|███▎      | 211/645 [00:05<00:10, 40.45it/s] 33%|███▎      | 216/645 [00:05<00:10, 40.34it/s] 34%|███▍      | 221/645 [00:05<00:10, 40.48it/s] 35%|███▌      | 226/645 [00:05<00:10, 40.46it/s] 36%|███▌      | 231/645 [00:05<00:10, 40.21it/s] 37%|███▋      | 236/645 [00:05<00:10, 40.13it/s] 37%|███▋      | 241/645 [00:06<00:10, 40.35it/s] 38%|███▊      | 246/645 [00:06<00:09, 40.22it/s] 39%|███▉      | 251/645 [00:06<00:09, 40.30it/s] 40%|███▉      | 256/645 [00:06<00:09, 40.42it/s] 40%|████      | 261/645 [00:06<00:09, 40.47it/s] 41%|████      | 266/645 [00:06<00:09, 40.58it/s] 42%|████▏     | 271/645 [00:06<00:09, 40.77it/s] 43%|████▎     | 276/645 [00:06<00:09, 40.82it/s] 44%|████▎     | 281/645 [00:07<00:08, 40.85it/s] 44%|████▍     | 286/645 [00:07<00:08, 40.98it/s] 45%|████▌     | 291/645 [00:07<00:08, 40.97it/s] 46%|████▌     | 296/645 [00:07<00:08, 40.99it/s] 47%|████▋     | 301/645 [00:07<00:08, 41.00it/s] 47%|████▋     | 306/645 [00:07<00:08, 41.01it/s] 48%|████▊     | 311/645 [00:07<00:08, 40.92it/s] 49%|████▉     | 316/645 [00:07<00:08, 41.02it/s] 50%|████▉     | 321/645 [00:08<00:07, 40.98it/s] 51%|█████     | 326/645 [00:08<00:07, 41.02it/s] 51%|█████▏    | 331/645 [00:08<00:07, 41.08it/s] 52%|█████▏    | 336/645 [00:08<00:07, 41.04it/s] 53%|█████▎    | 341/645 [00:08<00:07, 41.04it/s] 54%|█████▎    | 346/645 [00:08<00:07, 41.07it/s] 54%|█████▍    | 351/645 [00:08<00:07, 40.94it/s] 55%|█████▌    | 356/645 [00:08<00:07, 41.00it/s] 56%|█████▌    | 361/645 [00:08<00:06, 41.08it/s] 57%|█████▋    | 366/645 [00:09<00:06, 41.07it/s] 58%|█████▊    | 371/645 [00:09<00:06, 41.03it/s] 58%|█████▊    | 376/645 [00:09<00:06, 41.08it/s] 59%|█████▉    | 381/645 [00:09<00:06, 41.04it/s] 60%|█████▉    | 386/645 [00:09<00:06, 41.04it/s] 61%|██████    | 391/645 [00:09<00:06, 40.94it/s] 61%|██████▏   | 396/645 [00:09<00:06, 41.01it/s] 62%|██████▏   | 401/645 [00:09<00:05, 41.02it/s] 63%|██████▎   | 406/645 [00:10<00:05, 41.03it/s] 64%|██████▎   | 411/645 [00:10<00:05, 41.13it/s] 64%|██████▍   | 416/645 [00:10<00:05, 41.00it/s] 65%|██████▌   | 421/645 [00:10<00:05, 40.94it/s] 66%|██████▌   | 426/645 [00:10<00:05, 41.04it/s] 67%|██████▋   | 431/645 [00:10<00:05, 41.05it/s] 68%|██████▊   | 436/645 [00:10<00:05, 40.86it/s] 68%|██████▊   | 441/645 [00:10<00:04, 40.99it/s] 69%|██████▉   | 446/645 [00:11<00:04, 40.98it/s] 70%|██████▉   | 451/645 [00:11<00:04, 40.89it/s] 71%|███████   | 456/645 [00:11<00:04, 40.26it/s] 71%|███████▏  | 461/645 [00:11<00:04, 40.02it/s] 72%|███████▏  | 466/645 [00:11<00:04, 40.22it/s] 73%|███████▎  | 471/645 [00:11<00:04, 40.39it/s] 74%|███████▍  | 476/645 [00:11<00:04, 40.56it/s] 75%|███████▍  | 481/645 [00:11<00:04, 40.75it/s] 75%|███████▌  | 486/645 [00:12<00:03, 40.92it/s] 76%|███████▌  | 491/645 [00:12<00:03, 40.95it/s] 77%|███████▋  | 496/645 [00:12<00:03, 41.01it/s] 78%|███████▊  | 501/645 [00:12<00:03, 41.07it/s] 78%|███████▊  | 506/645 [00:12<00:03, 41.04it/s] 79%|███████▉  | 511/645 [00:12<00:03, 40.98it/s] 80%|████████  | 516/645 [00:12<00:03, 41.02it/s] 81%|████████  | 521/645 [00:12<00:03, 40.97it/s] 82%|████████▏ | 526/645 [00:13<00:02, 40.93it/s] 82%|████████▏ | 531/645 [00:13<00:02, 40.99it/s] 83%|████████▎ | 536/645 [00:13<00:02, 41.00it/s] 84%|████████▍ | 541/645 [00:13<00:02, 41.01it/s] 85%|████████▍ | 546/645 [00:13<00:02, 40.87it/s] 85%|████████▌ | 551/645 [00:13<00:02, 40.97it/s] 86%|████████▌ | 556/645 [00:13<00:02, 40.89it/s] 87%|████████▋ | 561/645 [00:13<00:02, 40.75it/s] 88%|████████▊ | 566/645 [00:13<00:01, 40.80it/s] 89%|████████▊ | 571/645 [00:14<00:01, 40.72it/s] 89%|████████▉ | 576/645 [00:14<00:01, 40.66it/s] 90%|█████████ | 581/645 [00:14<00:01, 40.69it/s] 91%|█████████ | 586/645 [00:14<00:01, 40.61it/s] 92%|█████████▏| 591/645 [00:14<00:01, 40.50it/s] 92%|█████████▏| 596/645 [00:14<00:01, 40.57it/s] 93%|█████████▎| 601/645 [00:14<00:01, 40.55it/s] 94%|█████████▍| 606/645 [00:14<00:00, 40.56it/s] 95%|█████████▍| 611/645 [00:15<00:00, 40.60it/s] 96%|█████████▌| 616/645 [00:15<00:00, 40.58it/s] 96%|█████████▋| 621/645 [00:15<00:00, 40.64it/s] 97%|█████████▋| 626/645 [00:15<00:00, 40.61it/s] 98%|█████████▊| 631/645 [00:15<00:00, 40.51it/s] 99%|█████████▊| 636/645 [00:15<00:00, 40.45it/s] 99%|█████████▉| 641/645 [00:15<00:00, 40.55it/s]100%|██████████| 645/645 [00:15<00:00, 40.47it/s]
Loading mlp
╒══════════════════════╤═════════════════╕
│ dataset_name         │ parquet_dataset │
├──────────────────────┼─────────────────┤
│ encoder_type         │ linear_flatten  │
├──────────────────────┼─────────────────┤
│ exp_lr               │ 0.001           │
├──────────────────────┼─────────────────┤
│ exp_weight_decay     │ 2e-05           │
├──────────────────────┼─────────────────┤
│ input_dim            │ 257             │
├──────────────────────┼─────────────────┤
│ input_embed_dim      │ 64              │
├──────────────────────┼─────────────────┤
│ iterations_per_epoch │ 2063            │
├──────────────────────┼─────────────────┤
│ num_epochs           │ 20              │
├──────────────────────┼─────────────────┤
│ out_dim              │ 1               │
├──────────────────────┼─────────────────┤
│ summary_input        │ (128, 257, 64)  │
╘══════════════════════╧═════════════════╛
Model Parameters
╒════════════════════════════════════════════════════╤═════════════════╕
│ Param                                              │ Value           │
╞════════════════════════════════════════════════════╪═════════════════╡
│ emb_dim                                            │ 257             │
├────────────────────────────────────────────────────┼─────────────────┤
│ n_hidden                                           │ 4               │
├────────────────────────────────────────────────────┼─────────────────┤
│ hidden_dim                                         │ 256             │
├────────────────────────────────────────────────────┼─────────────────┤
│ dropout                                            │ 0.1             │
├────────────────────────────────────────────────────┼─────────────────┤
│ out_dim                                            │ 1               │
├────────────────────────────────────────────────────┼─────────────────┤
│ using_embedding                                    │ True            │
├────────────────────────────────────────────────────┼─────────────────┤
│ encoder_type                                       │ linear_flatten  │
├────────────────────────────────────────────────────┼─────────────────┤
│ input_embed_dim                                    │ 64              │
├────────────────────────────────────────────────────┼─────────────────┤
│ training                                           │ True            │
├────────────────────────────────────────────────────┼─────────────────┤
│ prepare_data_per_node                              │ True            │
├────────────────────────────────────────────────────┼─────────────────┤
│ allow_zero_length_dataloader_with_multiple_devices │ False           │
├────────────────────────────────────────────────────┼─────────────────┤
│ _log_hyperparams                                   │ False           │
├────────────────────────────────────────────────────┼─────────────────┤
│ _automatic_optimization                            │ True            │
├────────────────────────────────────────────────────┼─────────────────┤
│ _fabric_optimizers                                 │ []              │
├────────────────────────────────────────────────────┼─────────────────┤
│ lr                                                 │ 0.001           │
├────────────────────────────────────────────────────┼─────────────────┤
│ weight_decay                                       │ 2e-05           │
├────────────────────────────────────────────────────┼─────────────────┤
│ T_max                                              │ 41260           │
├────────────────────────────────────────────────────┼─────────────────┤
│ eta_min                                            │ 0.0             │
├────────────────────────────────────────────────────┼─────────────────┤
│ dataset_name                                       │ parquet_dataset │
├────────────────────────────────────────────────────┼─────────────────┤
│ task_type                                          │ binary_class    │
╘════════════════════════════════════════════════════╧═════════════════╛
==========================================================================================
Layer (type:depth-idx)                   Output Shape              Param #
==========================================================================================
MLP                                      [128, 1]                  --
├─Sequential: 1-1                        [128, 256]                --
│    └─EncodeEmbeddingFeatures: 2-1      [128, 257]                --
│    │    └─Linear: 3-1                  [128, 257]                4,227,393
│    └─Linear: 2-2                       [128, 256]                66,048
│    └─Sequential: 2-3                   [128, 256]                --
│    │    └─Linear: 3-2                  [128, 256]                65,792
│    │    └─ReLU: 3-3                    [128, 256]                --
│    │    └─Dropout: 3-4                 [128, 256]                --
│    │    └─BatchNorm1d: 3-5             [128, 256]                512
│    └─Sequential: 2-4                   [128, 256]                --
│    │    └─Linear: 3-6                  [128, 256]                65,792
│    │    └─ReLU: 3-7                    [128, 256]                --
│    │    └─Dropout: 3-8                 [128, 256]                --
│    │    └─BatchNorm1d: 3-9             [128, 256]                512
│    └─Sequential: 2-5                   [128, 256]                --
│    │    └─Linear: 3-10                 [128, 256]                65,792
│    │    └─ReLU: 3-11                   [128, 256]                --
│    │    └─Dropout: 3-12                [128, 256]                --
│    │    └─BatchNorm1d: 3-13            [128, 256]                512
├─Linear: 1-2                            [128, 1]                  257
==========================================================================================
Total params: 4,492,610
Trainable params: 4,492,610
Non-trainable params: 0
Total mult-adds (Units.MEGABYTES): 575.05
==========================================================================================
Input size (MB): 8.42
Forward/backward pass size (MB): 2.10
Params size (MB): 17.97
Estimated Total Size (MB): 28.49
==========================================================================================
GPU available: True (cuda), used: True
TPU available: False, using: 0 TPU cores
HPU available: False, using: 0 HPUs
/home/aminmohamadi_squareup_com/projects/.hermit/python/lib/python3.11/site-packages/torch/__init__.py:1551: UserWarning: Please use the new API settings to control TF32 behavior, such as torch.backends.cudnn.conv.fp32_precision = 'tf32' or torch.backends.cuda.matmul.fp32_precision = 'ieee'. Old settings, e.g, torch.backends.cuda.matmul.allow_tf32 = True, torch.backends.cudnn.allow_tf32 = True, allowTF32CuDNN() and allowTF32CuBLAS() will be deprecated after Pytorch 2.9. Please see https://pytorch.org/docs/main/notes/cuda.html#tensorfloat-32-tf32-on-ampere-and-later-devices (Triggered internally at /pytorch/aten/src/ATen/Context.cpp:80.)
  return _C._get_float32_matmul_precision()
You are using a CUDA device ('NVIDIA H100 80GB HBM3') that has Tensor Cores. To properly utilize them, you should set `torch.set_float32_matmul_precision('medium' | 'high')` which will trade-off precision for performance. For more details, read https://pytorch.org/docs/stable/generated/torch.set_float32_matmul_precision.html#torch.set_float32_matmul_precision
/home/aminmohamadi_squareup_com/projects/.hermit/python/lib/python3.11/site-packages/pytorch_lightning/callbacks/model_checkpoint.py:751: Checkpoint directory /home/aminmohamadi_squareup_com/projects/t-jepa-parquet-scaling/checkpoints exists and is not empty.
LOCAL_RANK: 0 - CUDA_VISIBLE_DEVICES: [0,1,2,3]

  | Name    | Type              | Params | Mode 
------------------------------------------------------
0 | loss    | BCEWithLogitsLoss | 0      | train
1 | head    | Linear            | 257    | train
2 | encoder | Sequential        | 4.5 M  | train
------------------------------------------------------
4.5 M     Trainable params
0         Non-trainable params
4.5 M     Total params
17.970    Total estimated model params size (MB)
21        Modules in train mode
0         Modules in eval mode
/home/aminmohamadi_squareup_com/projects/.hermit/python/lib/python3.11/site-packages/pytorch_lightning/trainer/connectors/data_connector.py:433: The 'val_dataloader' does not have many workers which may be a bottleneck. Consider increasing the value of the `num_workers` argument` to `num_workers=63` in the `DataLoader` to improve performance.
/home/aminmohamadi_squareup_com/projects/.hermit/python/lib/python3.11/site-packages/pytorch_lightning/trainer/connectors/logger_connector/result.py:434: It is recommended to use `self.log('parquet_dataset_val_loss', ..., sync_dist=True)` when logging on epoch level in distributed setting to accumulate the metric across devices.
/home/aminmohamadi_squareup_com/projects/.hermit/python/lib/python3.11/site-packages/pytorch_lightning/trainer/connectors/logger_connector/result.py:434: It is recommended to use `self.log('lr', ..., sync_dist=True)` when logging on epoch level in distributed setting to accumulate the metric across devices.
/home/aminmohamadi_squareup_com/projects/.hermit/python/lib/python3.11/site-packages/pytorch_lightning/trainer/connectors/logger_connector/result.py:434: It is recommended to use `self.log('parquet_dataset_val_accuracy', ..., sync_dist=True)` when logging on epoch level in distributed setting to accumulate the metric across devices.
/home/aminmohamadi_squareup_com/projects/.hermit/python/lib/python3.11/site-packages/pytorch_lightning/trainer/connectors/logger_connector/result.py:434: It is recommended to use `self.log('parquet_dataset_val_precision', ..., sync_dist=True)` when logging on epoch level in distributed setting to accumulate the metric across devices.
/home/aminmohamadi_squareup_com/projects/.hermit/python/lib/python3.11/site-packages/pytorch_lightning/trainer/connectors/logger_connector/result.py:434: It is recommended to use `self.log('parquet_dataset_val_recall', ..., sync_dist=True)` when logging on epoch level in distributed setting to accumulate the metric across devices.
/home/aminmohamadi_squareup_com/projects/.hermit/python/lib/python3.11/site-packages/pytorch_lightning/trainer/connectors/logger_connector/result.py:434: It is recommended to use `self.log('parquet_dataset_val_f1-score', ..., sync_dist=True)` when logging on epoch level in distributed setting to accumulate the metric across devices.
/home/aminmohamadi_squareup_com/projects/.hermit/python/lib/python3.11/site-packages/pytorch_lightning/trainer/connectors/logger_connector/result.py:434: It is recommended to use `self.log('parquet_dataset_val_support', ..., sync_dist=True)` when logging on epoch level in distributed setting to accumulate the metric across devices.
/home/aminmohamadi_squareup_com/projects/.hermit/python/lib/python3.11/site-packages/pytorch_lightning/trainer/connectors/logger_connector/result.py:434: It is recommended to use `self.log('parquet_dataset_val_roc_auc', ..., sync_dist=True)` when logging on epoch level in distributed setting to accumulate the metric across devices.
/home/aminmohamadi_squareup_com/projects/.hermit/python/lib/python3.11/site-packages/pytorch_lightning/trainer/connectors/logger_connector/result.py:434: It is recommended to use `self.log('parquet_dataset_val_score', ..., sync_dist=True)` when logging on epoch level in distributed setting to accumulate the metric across devices.
/home/aminmohamadi_squareup_com/projects/.hermit/python/lib/python3.11/site-packages/pytorch_lightning/trainer/connectors/data_connector.py:433: The 'train_dataloader' does not have many workers which may be a bottleneck. Consider increasing the value of the `num_workers` argument` to `num_workers=63` in the `DataLoader` to improve performance.
Sanity Checking: |          | 0/? [00:00<?, ?it/s]Sanity Checking: |          | 0/? [00:00<?, ?it/s]Sanity Checking DataLoader 0:   0%|          | 0/2 [00:00<?, ?it/s]Sanity Checking DataLoader 0:  50%|█████     | 1/2 [00:00<00:00, 17.85it/s]Sanity Checking DataLoader 0: 100%|██████████| 2/2 [00:00<00:00, 27.25it/s]                                                                           Training: |          | 0/? [00:00<?, ?it/s]Training: |          | 0/? [00:00<?, ?it/s]Epoch 0:   0%|          | 0/2063 [00:00<?, ?it/s]Epoch 0:   0%|          | 1/2063 [00:00<03:34,  9.63it/s]Epoch 0:   0%|          | 1/2063 [00:00<03:34,  9.62it/s, v_num=5-00]Epoch 0:   0%|          | 2/2063 [00:00<01:54, 17.98it/s, v_num=5-00]Epoch 0:   0%|          | 2/2063 [00:00<01:54, 17.96it/s, v_num=5-00]Epoch 0:   0%|          | 3/2063 [00:00<01:20, 25.54it/s, v_num=5-00]Epoch 0:   0%|          | 3/2063 [00:00<01:20, 25.51it/s, v_num=5-00]Epoch 0:   0%|          | 4/2063 [00:00<01:03, 32.49it/s, v_num=5-00]Epoch 0:   0%|          | 4/2063 [00:00<01:03, 32.45it/s, v_num=5-00]Epoch 0:   0%|          | 5/2063 [00:00<00:53, 38.82it/s, v_num=5-00]Epoch 0:   0%|          | 5/2063 [00:00<00:53, 38.78it/s, v_num=5-00]Epoch 0:   0%|          | 6/2063 [00:00<00:46, 44.67it/s, v_num=5-00]Epoch 0:   0%|          | 6/2063 [00:00<00:46, 44.63it/s, v_num=5-00]Epoch 0:   0%|          | 7/2063 [00:00<00:41, 50.07it/s, v_num=5-00]Epoch 0:   0%|          | 7/2063 [00:00<00:41, 50.02it/s, v_num=5-00]Epoch 0:   0%|          | 8/2063 [00:00<00:37, 55.06it/s, v_num=5-00]Epoch 0:   0%|          | 8/2063 [00:00<00:37, 55.01it/s, v_num=5-00]Epoch 0:   0%|          | 9/2063 [00:00<00:34, 59.72it/s, v_num=5-00]Epoch 0:   0%|          | 9/2063 [00:00<00:34, 59.66it/s, v_num=5-00]Epoch 0:   0%|          | 10/2063 [00:00<00:32, 64.06it/s, v_num=5-00]Epoch 0:   0%|          | 10/2063 [00:00<00:32, 64.00it/s, v_num=5-00]Epoch 0:   1%|          | 11/2063 [00:00<00:58, 35.29it/s, v_num=5-00]Epoch 0:   1%|          | 11/2063 [00:00<00:58, 35.27it/s, v_num=5-00]Epoch 0:   1%|          | 12/2063 [00:00<00:54, 37.79it/s, v_num=5-00]Epoch 0:   1%|          | 12/2063 [00:00<00:54, 37.78it/s, v_num=5-00]Epoch 0:   1%|          | 13/2063 [00:00<00:50, 40.26it/s, v_num=5-00]Epoch 0:   1%|          | 13/2063 [00:00<00:50, 40.24it/s, v_num=5-00]Epoch 0:   1%|          | 14/2063 [00:00<00:48, 42.64it/s, v_num=5-00]Epoch 0:   1%|          | 14/2063 [00:00<00:48, 42.62it/s, v_num=5-00]Epoch 0:   1%|          | 15/2063 [00:00<00:45, 44.95it/s, v_num=5-00]Epoch 0:   1%|          | 15/2063 [00:00<00:45, 44.93it/s, v_num=5-00]Epoch 0:   1%|          | 16/2063 [00:00<00:43, 47.18it/s, v_num=5-00]Epoch 0:   1%|          | 16/2063 [00:00<00:43, 47.16it/s, v_num=5-00]Epoch 0:   1%|          | 17/2063 [00:00<00:41, 49.33it/s, v_num=5-00]Epoch 0:   1%|          | 17/2063 [00:00<00:41, 49.31it/s, v_num=5-00]Epoch 0:   1%|          | 18/2063 [00:00<00:39, 51.43it/s, v_num=5-00]Epoch 0:   1%|          | 18/2063 [00:00<00:39, 51.41it/s, v_num=5-00]Epoch 0:   1%|          | 19/2063 [00:00<00:38, 53.47it/s, v_num=5-00]Epoch 0:   1%|          | 19/2063 [00:00<00:38, 53.45it/s, v_num=5-00]Epoch 0:   1%|          | 20/2063 [00:00<00:36, 55.45it/s, v_num=5-00]Epoch 0:   1%|          | 20/2063 [00:00<00:36, 55.43it/s, v_num=5-00]Epoch 0:   1%|          | 21/2063 [00:00<00:47, 42.89it/s, v_num=5-00]Epoch 0:   1%|          | 21/2063 [00:00<00:47, 42.87it/s, v_num=5-00]Epoch 0:   1%|          | 22/2063 [00:00<00:45, 44.38it/s, v_num=5-00]Epoch 0:   1%|          | 22/2063 [00:00<00:46, 44.37it/s, v_num=5-00]Epoch 0:   1%|          | 23/2063 [00:00<00:44, 45.85it/s, v_num=5-00]Epoch 0:   1%|          | 23/2063 [00:00<00:44, 45.84it/s, v_num=5-00]Epoch 0:   1%|          | 24/2063 [00:00<00:43, 47.29it/s, v_num=5-00]Epoch 0:   1%|          | 24/2063 [00:00<00:43, 47.28it/s, v_num=5-00]Epoch 0:   1%|          | 25/2063 [00:00<00:41, 48.69it/s, v_num=5-00]Epoch 0:   1%|          | 25/2063 [00:00<00:41, 48.67it/s, v_num=5-00]Epoch 0:   1%|▏         | 26/2063 [00:00<00:40, 50.05it/s, v_num=5-00]Epoch 0:   1%|▏         | 26/2063 [00:00<00:40, 50.04it/s, v_num=5-00]Epoch 0:   1%|▏         | 27/2063 [00:00<00:39, 51.38it/s, v_num=5-00]Epoch 0:   1%|▏         | 27/2063 [00:00<00:39, 51.37it/s, v_num=5-00]Epoch 0:   1%|▏         | 28/2063 [00:00<00:38, 52.68it/s, v_num=5-00]Epoch 0:   1%|▏         | 28/2063 [00:00<00:38, 52.67it/s, v_num=5-00]Epoch 0:   1%|▏         | 29/2063 [00:00<00:37, 53.96it/s, v_num=5-00]Epoch 0:   1%|▏         | 29/2063 [00:00<00:37, 53.95it/s, v_num=5-00]Epoch 0:   1%|▏         | 30/2063 [00:00<00:36, 55.26it/s, v_num=5-00]Epoch 0:   1%|▏         | 30/2063 [00:00<00:36, 55.24it/s, v_num=5-00]Epoch 0:   2%|▏         | 31/2063 [00:06<07:02,  4.81it/s, v_num=5-00]Epoch 0:   2%|▏         | 31/2063 [00:06<07:02,  4.81it/s, v_num=5-00]Epoch 0:   2%|▏         | 32/2063 [00:06<06:49,  4.96it/s, v_num=5-00]Epoch 0:   2%|▏         | 32/2063 [00:06<06:49,  4.96it/s, v_num=5-00]Epoch 0:   2%|▏         | 33/2063 [00:06<06:37,  5.11it/s, v_num=5-00]Epoch 0:   2%|▏         | 33/2063 [00:06<06:37,  5.11it/s, v_num=5-00]Epoch 0:   2%|▏         | 34/2063 [00:06<06:25,  5.26it/s, v_num=5-00]Epoch 0:   2%|▏         | 34/2063 [00:06<06:25,  5.26it/s, v_num=5-00]Epoch 0:   2%|▏         | 35/2063 [00:06<06:14,  5.41it/s, v_num=5-00]Epoch 0:   2%|▏         | 35/2063 [00:06<06:14,  5.41it/s, v_num=5-00]Epoch 0:   2%|▏         | 36/2063 [00:06<06:04,  5.56it/s, v_num=5-00]Epoch 0:   2%|▏         | 36/2063 [00:06<06:04,  5.56it/s, v_num=5-00]Epoch 0:   2%|▏         | 37/2063 [00:06<05:54,  5.71it/s, v_num=5-00]Epoch 0:   2%|▏         | 37/2063 [00:06<05:54,  5.71it/s, v_num=5-00]Epoch 0:   2%|▏         | 38/2063 [00:06<05:45,  5.86it/s, v_num=5-00]Epoch 0:   2%|▏         | 38/2063 [00:06<05:45,  5.86it/s, v_num=5-00]Epoch 0:   2%|▏         | 39/2063 [00:06<05:36,  6.01it/s, v_num=5-00]Epoch 0:   2%|▏         | 39/2063 [00:06<05:36,  6.01it/s, v_num=5-00]Epoch 0:   2%|▏         | 40/2063 [00:06<05:28,  6.16it/s, v_num=5-00]Epoch 0:   2%|▏         | 40/2063 [00:06<05:28,  6.16it/s, v_num=5-00]Epoch 0:   2%|▏         | 41/2063 [00:06<05:27,  6.18it/s, v_num=5-00]Epoch 0:   2%|▏         | 41/2063 [00:06<05:27,  6.18it/s, v_num=5-00]Epoch 0:   2%|▏         | 42/2063 [00:06<05:19,  6.32it/s, v_num=5-00]Epoch 0:   2%|▏         | 42/2063 [00:06<05:19,  6.32it/s, v_num=5-00]Epoch 0:   2%|▏         | 43/2063 [00:06<05:12,  6.47it/s, v_num=5-00]Epoch 0:   2%|▏         | 43/2063 [00:06<05:12,  6.47it/s, v_num=5-00]Epoch 0:   2%|▏         | 44/2063 [00:06<05:05,  6.61it/s, v_num=5-00]Epoch 0:   2%|▏         | 44/2063 [00:06<05:05,  6.61it/s, v_num=5-00]Epoch 0:   2%|▏         | 45/2063 [00:06<04:58,  6.76it/s, v_num=5-00]Epoch 0:   2%|▏         | 45/2063 [00:06<04:58,  6.76it/s, v_num=5-00]Epoch 0:   2%|▏         | 46/2063 [00:06<04:52,  6.90it/s, v_num=5-00]Epoch 0:   2%|▏         | 46/2063 [00:06<04:52,  6.90it/s, v_num=5-00]Epoch 0:   2%|▏         | 47/2063 [00:06<04:46,  7.05it/s, v_num=5-00]Epoch 0:   2%|▏         | 47/2063 [00:06<04:46,  7.05it/s, v_num=5-00]Epoch 0:   2%|▏         | 48/2063 [00:06<04:40,  7.19it/s, v_num=5-00]Epoch 0:   2%|▏         | 48/2063 [00:06<04:40,  7.19it/s, v_num=5-00]Epoch 0:   2%|▏         | 49/2063 [00:06<04:34,  7.34it/s, v_num=5-00]Epoch 0:   2%|▏         | 49/2063 [00:06<04:34,  7.34it/s, v_num=5-00]Epoch 0:   2%|▏         | 50/2063 [00:06<04:29,  7.48it/s, v_num=5-00]Epoch 0:   2%|▏         | 50/2063 [00:06<04:29,  7.48it/s, v_num=5-00]Epoch 0:   2%|▏         | 51/2063 [00:10<06:49,  4.92it/s, v_num=5-00]Epoch 0:   2%|▏         | 51/2063 [00:10<06:49,  4.92it/s, v_num=5-00]Epoch 0:   3%|▎         | 52/2063 [00:10<06:41,  5.01it/s, v_num=5-00]Epoch 0:   3%|▎         | 52/2063 [00:10<06:41,  5.01it/s, v_num=5-00]Epoch 0:   3%|▎         | 53/2063 [00:10<06:33,  5.10it/s, v_num=5-00]Epoch 0:   3%|▎         | 53/2063 [00:10<06:33,  5.10it/s, v_num=5-00]Epoch 0:   3%|▎         | 54/2063 [00:10<06:26,  5.20it/s, v_num=5-00]Epoch 0:   3%|▎         | 54/2063 [00:10<06:26,  5.20it/s, v_num=5-00]Epoch 0:   3%|▎         | 55/2063 [00:10<06:19,  5.29it/s, v_num=5-00]Epoch 0:   3%|▎         | 55/2063 [00:10<06:19,  5.29it/s, v_num=5-00]Epoch 0:   3%|▎         | 56/2063 [00:10<06:12,  5.38it/s, v_num=5-00]Epoch 0:   3%|▎         | 56/2063 [00:10<06:12,  5.38it/s, v_num=5-00]Epoch 0:   3%|▎         | 57/2063 [00:10<06:06,  5.48it/s, v_num=5-00]Epoch 0:   3%|▎         | 57/2063 [00:10<06:06,  5.48it/s, v_num=5-00]Epoch 0:   3%|▎         | 58/2063 [00:10<05:59,  5.57it/s, v_num=5-00]Epoch 0:   3%|▎         | 58/2063 [00:10<05:59,  5.57it/s, v_num=5-00]Epoch 0:   3%|▎         | 59/2063 [00:10<05:53,  5.66it/s, v_num=5-00]Epoch 0:   3%|▎         | 59/2063 [00:10<05:53,  5.66it/s, v_num=5-00]Epoch 0:   3%|▎         | 60/2063 [00:10<05:47,  5.76it/s, v_num=5-00]Epoch 0:   3%|▎         | 60/2063 [00:10<05:48,  5.76it/s, v_num=5-00]Epoch 0:   3%|▎         | 61/2063 [00:10<05:46,  5.78it/s, v_num=5-00]Epoch 0:   3%|▎         | 61/2063 [00:10<05:46,  5.78it/s, v_num=5-00]Epoch 0:   3%|▎         | 62/2063 [00:10<05:40,  5.87it/s, v_num=5-00]Epoch 0:   3%|▎         | 62/2063 [00:10<05:40,  5.87it/s, v_num=5-00]Epoch 0:   3%|▎         | 63/2063 [00:10<05:35,  5.96it/s, v_num=5-00]Epoch 0:   3%|▎         | 63/2063 [00:10<05:35,  5.96it/s, v_num=5-00]Epoch 0:   3%|▎         | 64/2063 [00:10<05:30,  6.05it/s, v_num=5-00]Epoch 0:   3%|▎         | 64/2063 [00:10<05:30,  6.05it/s, v_num=5-00]Epoch 0:   3%|▎         | 65/2063 [00:10<05:25,  6.15it/s, v_num=5-00]Epoch 0:   3%|▎         | 65/2063 [00:10<05:25,  6.15it/s, v_num=5-00]Epoch 0:   3%|▎         | 66/2063 [00:10<05:20,  6.24it/s, v_num=5-00]Epoch 0:   3%|▎         | 66/2063 [00:10<05:20,  6.24it/s, v_num=5-00]Epoch 0:   3%|▎         | 67/2063 [00:10<05:15,  6.33it/s, v_num=5-00]Epoch 0:   3%|▎         | 67/2063 [00:10<05:15,  6.33it/s, v_num=5-00]Epoch 0:   3%|▎         | 68/2063 [00:10<05:10,  6.42it/s, v_num=5-00]Epoch 0:   3%|▎         | 68/2063 [00:10<05:10,  6.42it/s, v_num=5-00]Epoch 0:   3%|▎         | 69/2063 [00:10<05:06,  6.51it/s, v_num=5-00]Epoch 0:   3%|▎         | 69/2063 [00:10<05:06,  6.51it/s, v_num=5-00]Epoch 0:   3%|▎         | 70/2063 [00:10<05:01,  6.60it/s, v_num=5-00]Epoch 0:   3%|▎         | 70/2063 [00:10<05:01,  6.60it/s, v_num=5-00]Epoch 0:   3%|▎         | 71/2063 [00:13<06:24,  5.18it/s, v_num=5-00]Epoch 0:   3%|▎         | 71/2063 [00:13<06:24,  5.18it/s, v_num=5-00]Epoch 0:   3%|▎         | 72/2063 [00:13<06:19,  5.25it/s, v_num=5-00]Epoch 0:   3%|▎         | 72/2063 [00:13<06:19,  5.25it/s, v_num=5-00]Epoch 0:   4%|▎         | 73/2063 [00:13<06:13,  5.32it/s, v_num=5-00]Epoch 0:   4%|▎         | 73/2063 [00:13<06:13,  5.32it/s, v_num=5-00]Epoch 0:   4%|▎         | 74/2063 [00:13<06:08,  5.39it/s, v_num=5-00]Epoch 0:   4%|▎         | 74/2063 [00:13<06:08,  5.39it/s, v_num=5-00]Epoch 0:   4%|▎         | 75/2063 [00:13<06:03,  5.46it/s, v_num=5-00]Epoch 0:   4%|▎         | 75/2063 [00:13<06:03,  5.46it/s, v_num=5-00]Epoch 0:   4%|▎         | 76/2063 [00:13<05:59,  5.53it/s, v_num=5-00]Epoch 0:   4%|▎         | 76/2063 [00:13<05:59,  5.53it/s, v_num=5-00]Epoch 0:   4%|▎         | 77/2063 [00:13<05:54,  5.60it/s, v_num=5-00]Epoch 0:   4%|▎         | 77/2063 [00:13<05:54,  5.60it/s, v_num=5-00]Epoch 0:   4%|▍         | 78/2063 [00:13<05:49,  5.67it/s, v_num=5-00]Epoch 0:   4%|▍         | 78/2063 [00:13<05:49,  5.67it/s, v_num=5-00]Epoch 0:   4%|▍         | 79/2063 [00:13<05:45,  5.75it/s, v_num=5-00]Epoch 0:   4%|▍         | 79/2063 [00:13<05:45,  5.75it/s, v_num=5-00]Epoch 0:   4%|▍         | 80/2063 [00:13<05:40,  5.82it/s, v_num=5-00]Epoch 0:   4%|▍         | 80/2063 [00:13<05:40,  5.82it/s, v_num=5-00]Epoch 0:   4%|▍         | 81/2063 [00:17<07:04,  4.67it/s, v_num=5-00]Epoch 0:   4%|▍         | 81/2063 [00:17<07:04,  4.67it/s, v_num=5-00]Epoch 0:   4%|▍         | 82/2063 [00:17<06:59,  4.72it/s, v_num=5-00]Epoch 0:   4%|▍         | 82/2063 [00:17<06:59,  4.72it/s, v_num=5-00]Epoch 0:   4%|▍         | 83/2063 [00:17<06:54,  4.78it/s, v_num=5-00]Epoch 0:   4%|▍         | 83/2063 [00:17<06:54,  4.78it/s, v_num=5-00]Epoch 0:   4%|▍         | 84/2063 [00:17<06:49,  4.83it/s, v_num=5-00]Epoch 0:   4%|▍         | 84/2063 [00:17<06:49,  4.83it/s, v_num=5-00]Epoch 0:   4%|▍         | 85/2063 [00:17<06:44,  4.89it/s, v_num=5-00]Epoch 0:   4%|▍         | 85/2063 [00:17<06:44,  4.89it/s, v_num=5-00]Epoch 0:   4%|▍         | 86/2063 [00:17<06:39,  4.95it/s, v_num=5-00]Epoch 0:   4%|▍         | 86/2063 [00:17<06:39,  4.95it/s, v_num=5-00]Epoch 0:   4%|▍         | 87/2063 [00:17<06:35,  5.00it/s, v_num=5-00]Epoch 0:   4%|▍         | 87/2063 [00:17<06:35,  5.00it/s, v_num=5-00]Epoch 0:   4%|▍         | 88/2063 [00:17<06:30,  5.06it/s, v_num=5-00]Epoch 0:   4%|▍         | 88/2063 [00:17<06:30,  5.06it/s, v_num=5-00]Epoch 0:   4%|▍         | 89/2063 [00:17<06:26,  5.11it/s, v_num=5-00]Epoch 0:   4%|▍         | 89/2063 [00:17<06:26,  5.11it/s, v_num=5-00]Epoch 0:   4%|▍         | 90/2063 [00:17<06:21,  5.17it/s, v_num=5-00]Epoch 0:   4%|▍         | 90/2063 [00:17<06:21,  5.17it/s, v_num=5-00]Epoch 0:   4%|▍         | 91/2063 [00:17<06:20,  5.19it/s, v_num=5-00]Epoch 0:   4%|▍         | 91/2063 [00:17<06:20,  5.19it/s, v_num=5-00]Epoch 0:   4%|▍         | 92/2063 [00:17<06:15,  5.24it/s, v_num=5-00]Epoch 0:   4%|▍         | 92/2063 [00:17<06:15,  5.24it/s, v_num=5-00]Epoch 0:   5%|▍         | 93/2063 [00:17<06:11,  5.30it/s, v_num=5-00]Epoch 0:   5%|▍         | 93/2063 [00:17<06:11,  5.30it/s, v_num=5-00]Epoch 0:   5%|▍         | 94/2063 [00:17<06:07,  5.35it/s, v_num=5-00]Epoch 0:   5%|▍         | 94/2063 [00:17<06:07,  5.35it/s, v_num=5-00]Epoch 0:   5%|▍         | 95/2063 [00:17<06:03,  5.41it/s, v_num=5-00]Epoch 0:   5%|▍         | 95/2063 [00:17<06:03,  5.41it/s, v_num=5-00]Epoch 0:   5%|▍         | 96/2063 [00:17<05:59,  5.46it/s, v_num=5-00]Epoch 0:   5%|▍         | 96/2063 [00:17<05:59,  5.46it/s, v_num=5-00]Epoch 0:   5%|▍         | 97/2063 [00:17<05:56,  5.52it/s, v_num=5-00]Epoch 0:   5%|▍         | 97/2063 [00:17<05:56,  5.52it/s, v_num=5-00]Epoch 0:   5%|▍         | 98/2063 [00:17<05:52,  5.57it/s, v_num=5-00]Epoch 0:   5%|▍         | 98/2063 [00:17<05:52,  5.57it/s, v_num=5-00]Epoch 0:   5%|▍         | 99/2063 [00:17<05:48,  5.63it/s, v_num=5-00]Epoch 0:   5%|▍         | 99/2063 [00:17<05:48,  5.63it/s, v_num=5-00]Epoch 0:   5%|▍         | 100/2063 [00:17<05:45,  5.69it/s, v_num=5-00]Epoch 0:   5%|▍         | 100/2063 [00:17<05:45,  5.69it/s, v_num=5-00]Epoch 0:   5%|▍         | 101/2063 [00:20<06:34,  4.97it/s, v_num=5-00]Epoch 0:   5%|▍         | 101/2063 [00:20<06:34,  4.97it/s, v_num=5-00]Epoch 0:   5%|▍         | 102/2063 [00:20<06:30,  5.02it/s, v_num=5-00]Epoch 0:   5%|▍         | 102/2063 [00:20<06:30,  5.02it/s, v_num=5-00]Epoch 0:   5%|▍         | 103/2063 [00:20<06:26,  5.07it/s, v_num=5-00]Epoch 0:   5%|▍         | 103/2063 [00:20<06:26,  5.07it/s, v_num=5-00]Epoch 0:   5%|▌         | 104/2063 [00:20<06:22,  5.12it/s, v_num=5-00]Epoch 0:   5%|▌         | 104/2063 [00:20<06:22,  5.12it/s, v_num=5-00]Epoch 0:   5%|▌         | 105/2063 [00:20<06:19,  5.17it/s, v_num=5-00]Epoch 0:   5%|▌         | 105/2063 [00:20<06:19,  5.17it/s, v_num=5-00]Epoch 0:   5%|▌         | 106/2063 [00:20<06:15,  5.21it/s, v_num=5-00]Epoch 0:   5%|▌         | 106/2063 [00:20<06:15,  5.21it/s, v_num=5-00]Epoch 0:   5%|▌         | 107/2063 [00:20<06:11,  5.26it/s, v_num=5-00]Epoch 0:   5%|▌         | 107/2063 [00:20<06:11,  5.26it/s, v_num=5-00]Epoch 0:   5%|▌         | 108/2063 [00:20<06:08,  5.31it/s, v_num=5-00]Epoch 0:   5%|▌         | 108/2063 [00:20<06:08,  5.31it/s, v_num=5-00]Epoch 0:   5%|▌         | 109/2063 [00:20<06:04,  5.36it/s, v_num=5-00]Epoch 0:   5%|▌         | 109/2063 [00:20<06:04,  5.36it/s, v_num=5-00]Epoch 0:   5%|▌         | 110/2063 [00:20<06:01,  5.40it/s, v_num=5-00]Epoch 0:   5%|▌         | 110/2063 [00:20<06:01,  5.40it/s, v_num=5-00]Epoch 0:   5%|▌         | 111/2063 [00:20<06:00,  5.42it/s, v_num=5-00]Epoch 0:   5%|▌         | 111/2063 [00:20<06:00,  5.42it/s, v_num=5-00]Epoch 0:   5%|▌         | 112/2063 [00:20<05:57,  5.46it/s, v_num=5-00]Epoch 0:   5%|▌         | 112/2063 [00:20<05:57,  5.46it/s, v_num=5-00]Epoch 0:   5%|▌         | 113/2063 [00:20<05:53,  5.51it/s, v_num=5-00]Epoch 0:   5%|▌         | 113/2063 [00:20<05:53,  5.51it/s, v_num=5-00]Epoch 0:   6%|▌         | 114/2063 [00:20<05:50,  5.56it/s, v_num=5-00]Epoch 0:   6%|▌         | 114/2063 [00:20<05:50,  5.56it/s, v_num=5-00]Epoch 0:   6%|▌         | 115/2063 [00:20<05:47,  5.61it/s, v_num=5-00]Epoch 0:   6%|▌         | 115/2063 [00:20<05:47,  5.61it/s, v_num=5-00]Epoch 0:   6%|▌         | 116/2063 [00:20<05:44,  5.65it/s, v_num=5-00]Epoch 0:   6%|▌         | 116/2063 [00:20<05:44,  5.65it/s, v_num=5-00]Epoch 0:   6%|▌         | 117/2063 [00:20<05:41,  5.70it/s, v_num=5-00]Epoch 0:   6%|▌         | 117/2063 [00:20<05:41,  5.70it/s, v_num=5-00]Epoch 0:   6%|▌         | 118/2063 [00:20<05:38,  5.75it/s, v_num=5-00]Epoch 0:   6%|▌         | 118/2063 [00:20<05:38,  5.75it/s, v_num=5-00]Epoch 0:   6%|▌         | 119/2063 [00:20<05:35,  5.79it/s, v_num=5-00]Epoch 0:   6%|▌         | 119/2063 [00:20<05:35,  5.79it/s, v_num=5-00]Epoch 0:   6%|▌         | 120/2063 [00:20<05:32,  5.84it/s, v_num=5-00]Epoch 0:   6%|▌         | 120/2063 [00:20<05:32,  5.84it/s, v_num=5-00]Epoch 0:   6%|▌         | 121/2063 [00:20<05:31,  5.85it/s, v_num=5-00]Epoch 0:   6%|▌         | 121/2063 [00:20<05:31,  5.85it/s, v_num=5-00]Epoch 0:   6%|▌         | 122/2063 [00:20<05:29,  5.90it/s, v_num=5-00]Epoch 0:   6%|▌         | 122/2063 [00:20<05:29,  5.90it/s, v_num=5-00]Epoch 0:   6%|▌         | 123/2063 [00:20<05:26,  5.95it/s, v_num=5-00]Epoch 0:   6%|▌         | 123/2063 [00:20<05:26,  5.95it/s, v_num=5-00]Epoch 0:   6%|▌         | 124/2063 [00:20<05:23,  5.99it/s, v_num=5-00]Epoch 0:   6%|▌         | 124/2063 [00:20<05:23,  5.99it/s, v_num=5-00]Epoch 0:   6%|▌         | 125/2063 [00:20<05:20,  6.04it/s, v_num=5-00]Epoch 0:   6%|▌         | 125/2063 [00:20<05:20,  6.04it/s, v_num=5-00]Epoch 0:   6%|▌         | 126/2063 [00:20<05:18,  6.09it/s, v_num=5-00]Epoch 0:   6%|▌         | 126/2063 [00:20<05:18,  6.09it/s, v_num=5-00]Epoch 0:   6%|▌         | 127/2063 [00:20<05:15,  6.13it/s, v_num=5-00]Epoch 0:   6%|▌         | 127/2063 [00:20<05:15,  6.13it/s, v_num=5-00]Epoch 0:   6%|▌         | 128/2063 [00:20<05:13,  6.18it/s, v_num=5-00]Epoch 0:   6%|▌         | 128/2063 [00:20<05:13,  6.18it/s, v_num=5-00]Epoch 0:   6%|▋         | 129/2063 [00:20<05:10,  6.23it/s, v_num=5-00]Epoch 0:   6%|▋         | 129/2063 [00:20<05:10,  6.23it/s, v_num=5-00]Epoch 0:   6%|▋         | 130/2063 [00:20<05:08,  6.27it/s, v_num=5-00]Epoch 0:   6%|▋         | 130/2063 [00:20<05:08,  6.27it/s, v_num=5-00]Epoch 0:   6%|▋         | 131/2063 [00:22<05:24,  5.95it/s, v_num=5-00]Epoch 0:   6%|▋         | 131/2063 [00:22<05:24,  5.95it/s, v_num=5-00]Epoch 0:   6%|▋         | 132/2063 [00:22<05:22,  5.99it/s, v_num=5-00]Epoch 0:   6%|▋         | 132/2063 [00:22<05:22,  5.99it/s, v_num=5-00]Epoch 0:   6%|▋         | 133/2063 [00:22<05:19,  6.03it/s, v_num=5-00]Epoch 0:   6%|▋         | 133/2063 [00:22<05:19,  6.03it/s, v_num=5-00]Epoch 0:   6%|▋         | 134/2063 [00:22<05:17,  6.08it/s, v_num=5-00]Epoch 0:   6%|▋         | 134/2063 [00:22<05:17,  6.08it/s, v_num=5-00]Epoch 0:   7%|▋         | 135/2063 [00:22<05:14,  6.12it/s, v_num=5-00]Epoch 0:   7%|▋         | 135/2063 [00:22<05:14,  6.12it/s, v_num=5-00]Epoch 0:   7%|▋         | 136/2063 [00:22<05:12,  6.17it/s, v_num=5-00]Epoch 0:   7%|▋         | 136/2063 [00:22<05:12,  6.17it/s, v_num=5-00]Epoch 0:   7%|▋         | 137/2063 [00:22<05:10,  6.21it/s, v_num=5-00]Epoch 0:   7%|▋         | 137/2063 [00:22<05:10,  6.21it/s, v_num=5-00]Epoch 0:   7%|▋         | 138/2063 [00:22<05:07,  6.25it/s, v_num=5-00]Epoch 0:   7%|▋         | 138/2063 [00:22<05:07,  6.25it/s, v_num=5-00]Epoch 0:   7%|▋         | 139/2063 [00:22<05:05,  6.30it/s, v_num=5-00]Epoch 0:   7%|▋         | 139/2063 [00:22<05:05,  6.30it/s, v_num=5-00]Epoch 0:   7%|▋         | 140/2063 [00:22<05:03,  6.34it/s, v_num=5-00]Epoch 0:   7%|▋         | 140/2063 [00:22<05:03,  6.34it/s, v_num=5-00]Epoch 0:   7%|▋         | 141/2063 [00:22<05:02,  6.35it/s, v_num=5-00]Epoch 0:   7%|▋         | 141/2063 [00:22<05:02,  6.35it/s, v_num=5-00]Epoch 0:   7%|▋         | 142/2063 [00:22<05:00,  6.39it/s, v_num=5-00]Epoch 0:   7%|▋         | 142/2063 [00:22<05:00,  6.39it/s, v_num=5-00]Epoch 0:   7%|▋         | 143/2063 [00:22<04:58,  6.43it/s, v_num=5-00]Epoch 0:   7%|▋         | 143/2063 [00:22<04:58,  6.43it/s, v_num=5-00]Epoch 0:   7%|▋         | 144/2063 [00:22<04:56,  6.48it/s, v_num=5-00]Epoch 0:   7%|▋         | 144/2063 [00:22<04:56,  6.48it/s, v_num=5-00]Epoch 0:   7%|▋         | 145/2063 [00:22<04:54,  6.52it/s, v_num=5-00]Epoch 0:   7%|▋         | 145/2063 [00:22<04:54,  6.52it/s, v_num=5-00]Epoch 0:   7%|▋         | 146/2063 [00:22<04:52,  6.56it/s, v_num=5-00]Epoch 0:   7%|▋         | 146/2063 [00:22<04:52,  6.56it/s, v_num=5-00]Epoch 0:   7%|▋         | 147/2063 [00:22<04:49,  6.61it/s, v_num=5-00]Epoch 0:   7%|▋         | 147/2063 [00:22<04:49,  6.61it/s, v_num=5-00]Epoch 0:   7%|▋         | 148/2063 [00:22<04:47,  6.65it/s, v_num=5-00]Epoch 0:   7%|▋         | 148/2063 [00:22<04:47,  6.65it/s, v_num=5-00]Epoch 0:   7%|▋         | 149/2063 [00:22<04:45,  6.69it/s, v_num=5-00]Epoch 0:   7%|▋         | 149/2063 [00:22<04:45,  6.69it/s, v_num=5-00]Epoch 0:   7%|▋         | 150/2063 [00:22<04:43,  6.74it/s, v_num=5-00]Epoch 0:   7%|▋         | 150/2063 [00:22<04:43,  6.74it/s, v_num=5-00]Epoch 0:   7%|▋         | 151/2063 [00:24<05:07,  6.21it/s, v_num=5-00]Epoch 0:   7%|▋         | 151/2063 [00:24<05:07,  6.21it/s, v_num=5-00]Epoch 0:   7%|▋         | 152/2063 [00:24<05:05,  6.25it/s, v_num=5-00]Epoch 0:   7%|▋         | 152/2063 [00:24<05:05,  6.25it/s, v_num=5-00]Epoch 0:   7%|▋         | 153/2063 [00:24<05:03,  6.29it/s, v_num=5-00]Epoch 0:   7%|▋         | 153/2063 [00:24<05:03,  6.29it/s, v_num=5-00]Epoch 0:   7%|▋         | 154/2063 [00:24<05:01,  6.33it/s, v_num=5-00]Epoch 0:   7%|▋         | 154/2063 [00:24<05:01,  6.33it/s, v_num=5-00]Epoch 0:   8%|▊         | 155/2063 [00:24<04:59,  6.37it/s, v_num=5-00]Epoch 0:   8%|▊         | 155/2063 [00:24<04:59,  6.37it/s, v_num=5-00]Epoch 0:   8%|▊         | 156/2063 [00:24<04:57,  6.41it/s, v_num=5-00]Epoch 0:   8%|▊         | 156/2063 [00:24<04:57,  6.41it/s, v_num=5-00]Epoch 0:   8%|▊         | 157/2063 [00:24<04:55,  6.45it/s, v_num=5-00]Epoch 0:   8%|▊         | 157/2063 [00:24<04:55,  6.45it/s, v_num=5-00]Epoch 0:   8%|▊         | 158/2063 [00:24<04:53,  6.49it/s, v_num=5-00]Epoch 0:   8%|▊         | 158/2063 [00:24<04:53,  6.49it/s, v_num=5-00]Epoch 0:   8%|▊         | 159/2063 [00:24<04:51,  6.53it/s, v_num=5-00]Epoch 0:   8%|▊         | 159/2063 [00:24<04:51,  6.53it/s, v_num=5-00]Epoch 0:   8%|▊         | 160/2063 [00:24<04:49,  6.57it/s, v_num=5-00]Epoch 0:   8%|▊         | 160/2063 [00:24<04:49,  6.57it/s, v_num=5-00]Epoch 0:   8%|▊         | 161/2063 [00:24<04:49,  6.57it/s, v_num=5-00]Epoch 0:   8%|▊         | 161/2063 [00:24<04:49,  6.57it/s, v_num=5-00]Epoch 0:   8%|▊         | 162/2063 [00:24<04:47,  6.61it/s, v_num=5-00]Epoch 0:   8%|▊         | 162/2063 [00:24<04:47,  6.61it/s, v_num=5-00]Epoch 0:   8%|▊         | 163/2063 [00:24<04:45,  6.65it/s, v_num=5-00]Epoch 0:   8%|▊         | 163/2063 [00:24<04:45,  6.65it/s, v_num=5-00]Epoch 0:   8%|▊         | 164/2063 [00:24<04:43,  6.69it/s, v_num=5-00]Epoch 0:   8%|▊         | 164/2063 [00:24<04:43,  6.69it/s, v_num=5-00]Epoch 0:   8%|▊         | 165/2063 [00:24<04:42,  6.73it/s, v_num=5-00]Epoch 0:   8%|▊         | 165/2063 [00:24<04:42,  6.73it/s, v_num=5-00]Epoch 0:   8%|▊         | 166/2063 [00:24<04:40,  6.77it/s, v_num=5-00]Epoch 0:   8%|▊         | 166/2063 [00:24<04:40,  6.77it/s, v_num=5-00]Epoch 0:   8%|▊         | 167/2063 [00:24<04:38,  6.81it/s, v_num=5-00]Epoch 0:   8%|▊         | 167/2063 [00:24<04:38,  6.81it/s, v_num=5-00]Epoch 0:   8%|▊         | 168/2063 [00:24<04:36,  6.84it/s, v_num=5-00]Epoch 0:   8%|▊         | 168/2063 [00:24<04:36,  6.84it/s, v_num=5-00]Epoch 0:   8%|▊         | 169/2063 [00:24<04:35,  6.88it/s, v_num=5-00]Epoch 0:   8%|▊         | 169/2063 [00:24<04:35,  6.88it/s, v_num=5-00]Epoch 0:   8%|▊         | 170/2063 [00:24<04:33,  6.92it/s, v_num=5-00]Epoch 0:   8%|▊         | 170/2063 [00:24<04:33,  6.92it/s, v_num=5-00]Epoch 0:   8%|▊         | 171/2063 [00:24<04:33,  6.93it/s, v_num=5-00]Epoch 0:   8%|▊         | 171/2063 [00:24<04:33,  6.93it/s, v_num=5-00]Epoch 0:   8%|▊         | 172/2063 [00:24<04:31,  6.96it/s, v_num=5-00]Epoch 0:   8%|▊         | 172/2063 [00:24<04:31,  6.96it/s, v_num=5-00]Epoch 0:   8%|▊         | 173/2063 [00:24<04:29,  7.00it/s, v_num=5-00]Epoch 0:   8%|▊         | 173/2063 [00:24<04:29,  7.00it/s, v_num=5-00]Epoch 0:   8%|▊         | 174/2063 [00:24<04:28,  7.04it/s, v_num=5-00]Epoch 0:   8%|▊         | 174/2063 [00:24<04:28,  7.04it/s, v_num=5-00]Epoch 0:   8%|▊         | 175/2063 [00:24<04:26,  7.08it/s, v_num=5-00]Epoch 0:   8%|▊         | 175/2063 [00:24<04:26,  7.08it/s, v_num=5-00]Epoch 0:   9%|▊         | 176/2063 [00:24<04:25,  7.12it/s, v_num=5-00]Epoch 0:   9%|▊         | 176/2063 [00:24<04:25,  7.12it/s, v_num=5-00]Epoch 0:   9%|▊         | 177/2063 [00:24<04:23,  7.16it/s, v_num=5-00]Epoch 0:   9%|▊         | 177/2063 [00:24<04:23,  7.16it/s, v_num=5-00]Epoch 0:   9%|▊         | 178/2063 [00:24<04:21,  7.20it/s, v_num=5-00]Epoch 0:   9%|▊         | 178/2063 [00:24<04:21,  7.20it/s, v_num=5-00]Epoch 0:   9%|▊         | 179/2063 [00:24<04:20,  7.24it/s, v_num=5-00]Epoch 0:   9%|▊         | 179/2063 [00:24<04:20,  7.24it/s, v_num=5-00]Epoch 0:   9%|▊         | 180/2063 [00:24<04:18,  7.28it/s, v_num=5-00]Epoch 0:   9%|▊         | 180/2063 [00:24<04:18,  7.28it/s, v_num=5-00]Epoch 0:   9%|▉         | 181/2063 [00:26<04:36,  6.82it/s, v_num=5-00]Epoch 0:   9%|▉         | 181/2063 [00:26<04:36,  6.82it/s, v_num=5-00]Epoch 0:   9%|▉         | 182/2063 [00:26<04:34,  6.85it/s, v_num=5-00]Epoch 0:   9%|▉         | 182/2063 [00:26<04:34,  6.85it/s, v_num=5-00]Epoch 0:   9%|▉         | 183/2063 [00:26<04:32,  6.89it/s, v_num=5-00]Epoch 0:   9%|▉         | 183/2063 [00:26<04:32,  6.89it/s, v_num=5-00]Epoch 0:   9%|▉         | 184/2063 [00:26<04:31,  6.93it/s, v_num=5-00]Epoch 0:   9%|▉         | 184/2063 [00:26<04:31,  6.93it/s, v_num=5-00]Epoch 0:   9%|▉         | 185/2063 [00:26<04:29,  6.96it/s, v_num=5-00]Epoch 0:   9%|▉         | 185/2063 [00:26<04:29,  6.96it/s, v_num=5-00]Epoch 0:   9%|▉         | 186/2063 [00:26<04:28,  7.00it/s, v_num=5-00]Epoch 0:   9%|▉         | 186/2063 [00:26<04:28,  7.00it/s, v_num=5-00]Epoch 0:   9%|▉         | 187/2063 [00:26<04:26,  7.03it/s, v_num=5-00]Epoch 0:   9%|▉         | 187/2063 [00:26<04:26,  7.03it/s, v_num=5-00]Epoch 0:   9%|▉         | 188/2063 [00:26<04:25,  7.07it/s, v_num=5-00]Epoch 0:   9%|▉         | 188/2063 [00:26<04:25,  7.07it/s, v_num=5-00]Epoch 0:   9%|▉         | 189/2063 [00:26<04:23,  7.11it/s, v_num=5-00]Epoch 0:   9%|▉         | 189/2063 [00:26<04:23,  7.11it/s, v_num=5-00]Epoch 0:   9%|▉         | 190/2063 [00:26<04:22,  7.14it/s, v_num=5-00]Epoch 0:   9%|▉         | 190/2063 [00:26<04:22,  7.14it/s, v_num=5-00]Epoch 0:   9%|▉         | 191/2063 [00:32<05:14,  5.96it/s, v_num=5-00]Epoch 0:   9%|▉         | 191/2063 [00:32<05:14,  5.96it/s, v_num=5-00]Epoch 0:   9%|▉         | 192/2063 [00:32<05:12,  5.99it/s, v_num=5-00]Epoch 0:   9%|▉         | 192/2063 [00:32<05:12,  5.99it/s, v_num=5-00]Epoch 0:   9%|▉         | 193/2063 [00:32<05:10,  6.02it/s, v_num=5-00]Epoch 0:   9%|▉         | 193/2063 [00:32<05:10,  6.02it/s, v_num=5-00]Epoch 0:   9%|▉         | 194/2063 [00:32<05:08,  6.05it/s, v_num=5-00]Epoch 0:   9%|▉         | 194/2063 [00:32<05:08,  6.05it/s, v_num=5-00]Epoch 0:   9%|▉         | 195/2063 [00:32<05:07,  6.08it/s, v_num=5-00]Epoch 0:   9%|▉         | 195/2063 [00:32<05:07,  6.08it/s, v_num=5-00]Epoch 0:  10%|▉         | 196/2063 [00:32<05:05,  6.11it/s, v_num=5-00]Epoch 0:  10%|▉         | 196/2063 [00:32<05:05,  6.11it/s, v_num=5-00]Epoch 0:  10%|▉         | 197/2063 [00:32<05:03,  6.14it/s, v_num=5-00]Epoch 0:  10%|▉         | 197/2063 [00:32<05:03,  6.14it/s, v_num=5-00]Epoch 0:  10%|▉         | 198/2063 [00:32<05:02,  6.17it/s, v_num=5-00]Epoch 0:  10%|▉         | 198/2063 [00:32<05:02,  6.17it/s, v_num=5-00]Epoch 0:  10%|▉         | 199/2063 [00:32<05:00,  6.20it/s, v_num=5-00]Epoch 0:  10%|▉         | 199/2063 [00:32<05:00,  6.20it/s, v_num=5-00]Epoch 0:  10%|▉         | 200/2063 [00:32<04:58,  6.23it/s, v_num=5-00]Epoch 0:  10%|▉         | 200/2063 [00:32<04:58,  6.23it/s, v_num=5-00]Epoch 0:  10%|▉         | 201/2063 [00:32<04:58,  6.23it/s, v_num=5-00]Epoch 0:  10%|▉         | 201/2063 [00:32<04:58,  6.23it/s, v_num=5-00]Epoch 0:  10%|▉         | 202/2063 [00:32<04:57,  6.26it/s, v_num=5-00]Epoch 0:  10%|▉         | 202/2063 [00:32<04:57,  6.26it/s, v_num=5-00]Epoch 0:  10%|▉         | 203/2063 [00:32<04:55,  6.29it/s, v_num=5-00]Epoch 0:  10%|▉         | 203/2063 [00:32<04:55,  6.29it/s, v_num=5-00]Epoch 0:  10%|▉         | 204/2063 [00:32<04:53,  6.32it/s, v_num=5-00]Epoch 0:  10%|▉         | 204/2063 [00:32<04:53,  6.32it/s, v_num=5-00]Epoch 0:  10%|▉         | 205/2063 [00:32<04:52,  6.35it/s, v_num=5-00]Epoch 0:  10%|▉         | 205/2063 [00:32<04:52,  6.35it/s, v_num=5-00]Epoch 0:  10%|▉         | 206/2063 [00:32<04:50,  6.38it/s, v_num=5-00]Epoch 0:  10%|▉         | 206/2063 [00:32<04:50,  6.38it/s, v_num=5-00]Epoch 0:  10%|█         | 207/2063 [00:32<04:49,  6.41it/s, v_num=5-00]Epoch 0:  10%|█         | 207/2063 [00:32<04:49,  6.41it/s, v_num=5-00]Epoch 0:  10%|█         | 208/2063 [00:32<04:47,  6.44it/s, v_num=5-00]Epoch 0:  10%|█         | 208/2063 [00:32<04:47,  6.44it/s, v_num=5-00]Epoch 0:  10%|█         | 209/2063 [00:32<04:46,  6.47it/s, v_num=5-00]Epoch 0:  10%|█         | 209/2063 [00:32<04:46,  6.47it/s, v_num=5-00]Epoch 0:  10%|█         | 210/2063 [00:32<04:44,  6.50it/s, v_num=5-00]Epoch 0:  10%|█         | 210/2063 [00:32<04:44,  6.50it/s, v_num=5-00]Epoch 0:  10%|█         | 211/2063 [00:32<04:44,  6.50it/s, v_num=5-00]Epoch 0:  10%|█         | 211/2063 [00:32<04:44,  6.50it/s, v_num=5-00]Epoch 0:  10%|█         | 212/2063 [00:32<04:43,  6.53it/s, v_num=5-00]Epoch 0:  10%|█         | 212/2063 [00:32<04:43,  6.53it/s, v_num=5-00]Epoch 0:  10%|█         | 213/2063 [00:32<04:41,  6.56it/s, v_num=5-00]Epoch 0:  10%|█         | 213/2063 [00:32<04:41,  6.56it/s, v_num=5-00]Epoch 0:  10%|█         | 214/2063 [00:32<04:40,  6.59it/s, v_num=5-00]Epoch 0:  10%|█         | 214/2063 [00:32<04:40,  6.59it/s, v_num=5-00]Epoch 0:  10%|█         | 215/2063 [00:32<04:39,  6.62it/s, v_num=5-00]Epoch 0:  10%|█         | 215/2063 [00:32<04:39,  6.62it/s, v_num=5-00]Epoch 0:  10%|█         | 216/2063 [00:32<04:37,  6.65it/s, v_num=5-00]Epoch 0:  10%|█         | 216/2063 [00:32<04:37,  6.65it/s, v_num=5-00]Epoch 0:  11%|█         | 217/2063 [00:32<04:36,  6.68it/s, v_num=5-00]Epoch 0:  11%|█         | 217/2063 [00:32<04:36,  6.68it/s, v_num=5-00]Epoch 0:  11%|█         | 218/2063 [00:32<04:34,  6.71it/s, v_num=5-00]Epoch 0:  11%|█         | 218/2063 [00:32<04:34,  6.71it/s, v_num=5-00]Epoch 0:  11%|█         | 219/2063 [00:32<04:33,  6.74it/s, v_num=5-00]Epoch 0:  11%|█         | 219/2063 [00:32<04:33,  6.74it/s, v_num=5-00]Epoch 0:  11%|█         | 220/2063 [00:32<04:32,  6.77it/s, v_num=5-00]Epoch 0:  11%|█         | 220/2063 [00:32<04:32,  6.77it/s, v_num=5-00]Epoch 0:  11%|█         | 221/2063 [00:34<04:49,  6.37it/s, v_num=5-00]Epoch 0:  11%|█         | 221/2063 [00:34<04:49,  6.37it/s, v_num=5-00]Epoch 0:  11%|█         | 222/2063 [00:34<04:47,  6.40it/s, v_num=5-00]Epoch 0:  11%|█         | 222/2063 [00:34<04:47,  6.40it/s, v_num=5-00]Epoch 0:  11%|█         | 223/2063 [00:34<04:46,  6.43it/s, v_num=5-00]Epoch 0:  11%|█         | 223/2063 [00:34<04:46,  6.43it/s, v_num=5-00]Epoch 0:  11%|█         | 224/2063 [00:34<04:44,  6.46it/s, v_num=5-00]Epoch 0:  11%|█         | 224/2063 [00:34<04:44,  6.46it/s, v_num=5-00]Epoch 0:  11%|█         | 225/2063 [00:34<04:43,  6.48it/s, v_num=5-00]Epoch 0:  11%|█         | 225/2063 [00:34<04:43,  6.48it/s, v_num=5-00]Epoch 0:  11%|█         | 226/2063 [00:34<04:42,  6.51it/s, v_num=5-00]Epoch 0:  11%|█         | 226/2063 [00:34<04:42,  6.51it/s, v_num=5-00]Epoch 0:  11%|█         | 227/2063 [00:34<04:40,  6.54it/s, v_num=5-00]Epoch 0:  11%|█         | 227/2063 [00:34<04:40,  6.54it/s, v_num=5-00]Epoch 0:  11%|█         | 228/2063 [00:34<04:39,  6.57it/s, v_num=5-00]Epoch 0:  11%|█         | 228/2063 [00:34<04:39,  6.57it/s, v_num=5-00]Epoch 0:  11%|█         | 229/2063 [00:34<04:38,  6.60it/s, v_num=5-00]Epoch 0:  11%|█         | 229/2063 [00:34<04:38,  6.60it/s, v_num=5-00]Epoch 0:  11%|█         | 230/2063 [00:34<04:36,  6.62it/s, v_num=5-00]Epoch 0:  11%|█         | 230/2063 [00:34<04:36,  6.62it/s, v_num=5-00]Epoch 0:  11%|█         | 231/2063 [00:36<04:47,  6.36it/s, v_num=5-00]Epoch 0:  11%|█         | 231/2063 [00:36<04:47,  6.36it/s, v_num=5-00]Epoch 0:  11%|█         | 232/2063 [00:36<04:46,  6.39it/s, v_num=5-00]Epoch 0:  11%|█         | 232/2063 [00:36<04:46,  6.39it/s, v_num=5-00]Epoch 0:  11%|█▏        | 233/2063 [00:36<04:45,  6.41it/s, v_num=5-00]Epoch 0:  11%|█▏        | 233/2063 [00:36<04:45,  6.41it/s, v_num=5-00]Epoch 0:  11%|█▏        | 234/2063 [00:36<04:43,  6.44it/s, v_num=5-00]Epoch 0:  11%|█▏        | 234/2063 [00:36<04:43,  6.44it/s, v_num=5-00]Epoch 0:  11%|█▏        | 235/2063 [00:36<04:42,  6.47it/s, v_num=5-00]Epoch 0:  11%|█▏        | 235/2063 [00:36<04:42,  6.47it/s, v_num=5-00]Epoch 0:  11%|█▏        | 236/2063 [00:36<04:41,  6.49it/s, v_num=5-00]Epoch 0:  11%|█▏        | 236/2063 [00:36<04:41,  6.49it/s, v_num=5-00]Epoch 0:  11%|█▏        | 237/2063 [00:36<04:40,  6.52it/s, v_num=5-00]Epoch 0:  11%|█▏        | 237/2063 [00:36<04:40,  6.52it/s, v_num=5-00]Epoch 0:  12%|█▏        | 238/2063 [00:36<04:38,  6.55it/s, v_num=5-00]Epoch 0:  12%|█▏        | 238/2063 [00:36<04:38,  6.55it/s, v_num=5-00]Epoch 0:  12%|█▏        | 239/2063 [00:36<04:37,  6.57it/s, v_num=5-00]Epoch 0:  12%|█▏        | 239/2063 [00:36<04:37,  6.57it/s, v_num=5-00]Epoch 0:  12%|█▏        | 240/2063 [00:36<04:36,  6.60it/s, v_num=5-00]Epoch 0:  12%|█▏        | 240/2063 [00:36<04:36,  6.60it/s, v_num=5-00]Epoch 0:  12%|█▏        | 241/2063 [00:36<04:35,  6.60it/s, v_num=5-00]Epoch 0:  12%|█▏        | 241/2063 [00:36<04:35,  6.60it/s, v_num=5-00]Epoch 0:  12%|█▏        | 242/2063 [00:36<04:34,  6.63it/s, v_num=5-00]Epoch 0:  12%|█▏        | 242/2063 [00:36<04:34,  6.63it/s, v_num=5-00]Epoch 0:  12%|█▏        | 243/2063 [00:36<04:33,  6.66it/s, v_num=5-00]Epoch 0:  12%|█▏        | 243/2063 [00:36<04:33,  6.66it/s, v_num=5-00]Epoch 0:  12%|█▏        | 244/2063 [00:36<04:32,  6.68it/s, v_num=5-00]Epoch 0:  12%|█▏        | 244/2063 [00:36<04:32,  6.68it/s, v_num=5-00]Epoch 0:  12%|█▏        | 245/2063 [00:36<04:31,  6.71it/s, v_num=5-00]Epoch 0:  12%|█▏        | 245/2063 [00:36<04:31,  6.71it/s, v_num=5-00]Epoch 0:  12%|█▏        | 246/2063 [00:36<04:29,  6.73it/s, v_num=5-00]Epoch 0:  12%|█▏        | 246/2063 [00:36<04:29,  6.73it/s, v_num=5-00]Epoch 0:  12%|█▏        | 247/2063 [00:36<04:28,  6.76it/s, v_num=5-00]Epoch 0:  12%|█▏        | 247/2063 [00:36<04:28,  6.76it/s, v_num=5-00]Epoch 0:  12%|█▏        | 248/2063 [00:36<04:27,  6.79it/s, v_num=5-00]Epoch 0:  12%|█▏        | 248/2063 [00:36<04:27,  6.79it/s, v_num=5-00]Epoch 0:  12%|█▏        | 249/2063 [00:36<04:26,  6.81it/s, v_num=5-00]Epoch 0:  12%|█▏        | 249/2063 [00:36<04:26,  6.81it/s, v_num=5-00]Epoch 0:  12%|█▏        | 250/2063 [00:36<04:25,  6.84it/s, v_num=5-00]Epoch 0:  12%|█▏        | 250/2063 [00:36<04:25,  6.84it/s, v_num=5-00]Epoch 0:  12%|█▏        | 251/2063 [00:36<04:24,  6.84it/s, v_num=5-00]Epoch 0:  12%|█▏        | 251/2063 [00:36<04:24,  6.84it/s, v_num=5-00]Epoch 0:  12%|█▏        | 252/2063 [00:36<04:23,  6.87it/s, v_num=5-00]Epoch 0:  12%|█▏        | 252/2063 [00:36<04:23,  6.87it/s, v_num=5-00]Epoch 0:  12%|█▏        | 253/2063 [00:36<04:22,  6.89it/s, v_num=5-00]Epoch 0:  12%|█▏        | 253/2063 [00:36<04:22,  6.89it/s, v_num=5-00]Epoch 0:  12%|█▏        | 254/2063 [00:36<04:21,  6.92it/s, v_num=5-00]Epoch 0:  12%|█▏        | 254/2063 [00:36<04:21,  6.92it/s, v_num=5-00]Epoch 0:  12%|█▏        | 255/2063 [00:36<04:20,  6.95it/s, v_num=5-00]Epoch 0:  12%|█▏        | 255/2063 [00:36<04:20,  6.95it/s, v_num=5-00]Epoch 0:  12%|█▏        | 256/2063 [00:36<04:19,  6.97it/s, v_num=5-00]Epoch 0:  12%|█▏        | 256/2063 [00:36<04:19,  6.97it/s, v_num=5-00]Epoch 0:  12%|█▏        | 257/2063 [00:36<04:18,  7.00it/s, v_num=5-00]Epoch 0:  12%|█▏        | 257/2063 [00:36<04:18,  7.00it/s, v_num=5-00]Epoch 0:  13%|█▎        | 258/2063 [00:36<04:16,  7.03it/s, v_num=5-00]Epoch 0:  13%|█▎        | 258/2063 [00:36<04:16,  7.03it/s, v_num=5-00]Epoch 0:  13%|█▎        | 259/2063 [00:36<04:15,  7.05it/s, v_num=5-00]Epoch 0:  13%|█▎        | 259/2063 [00:36<04:15,  7.05it/s, v_num=5-00]Epoch 0:  13%|█▎        | 260/2063 [00:36<04:14,  7.08it/s, v_num=5-00]Epoch 0:  13%|█▎        | 260/2063 [00:36<04:14,  7.08it/s, v_num=5-00]Epoch 0:  13%|█▎        | 261/2063 [00:36<04:14,  7.08it/s, v_num=5-00]Epoch 0:  13%|█▎        | 261/2063 [00:36<04:14,  7.08it/s, v_num=5-00]Epoch 0:  13%|█▎        | 262/2063 [00:36<04:13,  7.10it/s, v_num=5-00]Epoch 0:  13%|█▎        | 262/2063 [00:36<04:13,  7.10it/s, v_num=5-00]Epoch 0:  13%|█▎        | 263/2063 [00:36<04:12,  7.13it/s, v_num=5-00]Epoch 0:  13%|█▎        | 263/2063 [00:36<04:12,  7.13it/s, v_num=5-00]Epoch 0:  13%|█▎        | 264/2063 [00:36<04:11,  7.15it/s, v_num=5-00]Epoch 0:  13%|█▎        | 264/2063 [00:36<04:11,  7.15it/s, v_num=5-00]Epoch 0:  13%|█▎        | 265/2063 [00:36<04:10,  7.18it/s, v_num=5-00]Epoch 0:  13%|█▎        | 265/2063 [00:36<04:10,  7.18it/s, v_num=5-00]Epoch 0:  13%|█▎        | 266/2063 [00:36<04:09,  7.21it/s, v_num=5-00]Epoch 0:  13%|█▎        | 266/2063 [00:36<04:09,  7.21it/s, v_num=5-00]Epoch 0:  13%|█▎        | 267/2063 [00:36<04:08,  7.23it/s, v_num=5-00]Epoch 0:  13%|█▎        | 267/2063 [00:36<04:08,  7.23it/s, v_num=5-00]Epoch 0:  13%|█▎        | 268/2063 [00:36<04:07,  7.26it/s, v_num=5-00]Epoch 0:  13%|█▎        | 268/2063 [00:36<04:07,  7.26it/s, v_num=5-00]Epoch 0:  13%|█▎        | 269/2063 [00:36<04:06,  7.28it/s, v_num=5-00]Epoch 0:  13%|█▎        | 269/2063 [00:36<04:06,  7.28it/s, v_num=5-00]Epoch 0:  13%|█▎        | 270/2063 [00:36<04:05,  7.31it/s, v_num=5-00]Epoch 0:  13%|█▎        | 270/2063 [00:36<04:05,  7.31it/s, v_num=5-00]Epoch 0:  13%|█▎        | 271/2063 [00:38<04:15,  7.00it/s, v_num=5-00]Epoch 0:  13%|█▎        | 271/2063 [00:38<04:15,  7.00it/s, v_num=5-00]Epoch 0:  13%|█▎        | 272/2063 [00:38<04:14,  7.03it/s, v_num=5-00]Epoch 0:  13%|█▎        | 272/2063 [00:38<04:14,  7.03it/s, v_num=5-00]Epoch 0:  13%|█▎        | 273/2063 [00:38<04:13,  7.05it/s, v_num=5-00]Epoch 0:  13%|█▎        | 273/2063 [00:38<04:13,  7.05it/s, v_num=5-00]Epoch 0:  13%|█▎        | 274/2063 [00:38<04:12,  7.08it/s, v_num=5-00]Epoch 0:  13%|█▎        | 274/2063 [00:38<04:12,  7.08it/s, v_num=5-00]Epoch 0:  13%|█▎        | 275/2063 [00:38<04:11,  7.10it/s, v_num=5-00]Epoch 0:  13%|█▎        | 275/2063 [00:38<04:11,  7.10it/s, v_num=5-00]Epoch 0:  13%|█▎        | 276/2063 [00:38<04:10,  7.13it/s, v_num=5-00]Epoch 0:  13%|█▎        | 276/2063 [00:38<04:10,  7.13it/s, v_num=5-00]Epoch 0:  13%|█▎        | 277/2063 [00:38<04:09,  7.15it/s, v_num=5-00]Epoch 0:  13%|█▎        | 277/2063 [00:38<04:09,  7.15it/s, v_num=5-00]Epoch 0:  13%|█▎        | 278/2063 [00:38<04:08,  7.18it/s, v_num=5-00]Epoch 0:  13%|█▎        | 278/2063 [00:38<04:08,  7.18it/s, v_num=5-00]Epoch 0:  14%|█▎        | 279/2063 [00:38<04:07,  7.20it/s, v_num=5-00]Epoch 0:  14%|█▎        | 279/2063 [00:38<04:07,  7.20it/s, v_num=5-00]Epoch 0:  14%|█▎        | 280/2063 [00:38<04:06,  7.23it/s, v_num=5-00]Epoch 0:  14%|█▎        | 280/2063 [00:38<04:06,  7.23it/s, v_num=5-00]Epoch 0:  14%|█▎        | 281/2063 [00:46<04:52,  6.10it/s, v_num=5-00]Epoch 0:  14%|█▎        | 281/2063 [00:46<04:52,  6.10it/s, v_num=5-00]Epoch 0:  14%|█▎        | 282/2063 [00:46<04:50,  6.12it/s, v_num=5-00]Epoch 0:  14%|█▎        | 282/2063 [00:46<04:50,  6.12it/s, v_num=5-00]Epoch 0:  14%|█▎        | 283/2063 [00:46<04:49,  6.14it/s, v_num=5-00]Epoch 0:  14%|█▎        | 283/2063 [00:46<04:49,  6.14it/s, v_num=5-00]Epoch 0:  14%|█▍        | 284/2063 [00:46<04:48,  6.16it/s, v_num=5-00]Epoch 0:  14%|█▍        | 284/2063 [00:46<04:48,  6.16it/s, v_num=5-00]Epoch 0:  14%|█▍        | 285/2063 [00:46<04:47,  6.18it/s, v_num=5-00]Epoch 0:  14%|█▍        | 285/2063 [00:46<04:47,  6.18it/s, v_num=5-00]Epoch 0:  14%|█▍        | 286/2063 [00:46<04:46,  6.21it/s, v_num=5-00]Epoch 0:  14%|█▍        | 286/2063 [00:46<04:46,  6.21it/s, v_num=5-00]Epoch 0:  14%|█▍        | 287/2063 [00:46<04:45,  6.23it/s, v_num=5-00]Epoch 0:  14%|█▍        | 287/2063 [00:46<04:45,  6.23it/s, v_num=5-00]Epoch 0:  14%|█▍        | 288/2063 [00:46<04:44,  6.25it/s, v_num=5-00]Epoch 0:  14%|█▍        | 288/2063 [00:46<04:44,  6.25it/s, v_num=5-00]Epoch 0:  14%|█▍        | 289/2063 [00:46<04:43,  6.27it/s, v_num=5-00]Epoch 0:  14%|█▍        | 289/2063 [00:46<04:43,  6.27it/s, v_num=5-00]Epoch 0:  14%|█▍        | 290/2063 [00:46<04:41,  6.29it/s, v_num=5-00]Epoch 0:  14%|█▍        | 290/2063 [00:46<04:41,  6.29it/s, v_num=5-00]Epoch 0:  14%|█▍        | 291/2063 [00:46<04:41,  6.29it/s, v_num=5-00]Epoch 0:  14%|█▍        | 291/2063 [00:46<04:41,  6.29it/s, v_num=5-00]Epoch 0:  14%|█▍        | 292/2063 [00:46<04:40,  6.31it/s, v_num=5-00]Epoch 0:  14%|█▍        | 292/2063 [00:46<04:40,  6.31it/s, v_num=5-00]Epoch 0:  14%|█▍        | 293/2063 [00:46<04:39,  6.33it/s, v_num=5-00]Epoch 0:  14%|█▍        | 293/2063 [00:46<04:39,  6.33it/s, v_num=5-00]Epoch 0:  14%|█▍        | 294/2063 [00:46<04:38,  6.35it/s, v_num=5-00]Epoch 0:  14%|█▍        | 294/2063 [00:46<04:38,  6.35it/s, v_num=5-00]Epoch 0:  14%|█▍        | 295/2063 [00:46<04:37,  6.38it/s, v_num=5-00]Epoch 0:  14%|█▍        | 295/2063 [00:46<04:37,  6.38it/s, v_num=5-00]Epoch 0:  14%|█▍        | 296/2063 [00:46<04:36,  6.40it/s, v_num=5-00]Epoch 0:  14%|█▍        | 296/2063 [00:46<04:36,  6.40it/s, v_num=5-00]Epoch 0:  14%|█▍        | 297/2063 [00:46<04:35,  6.42it/s, v_num=5-00]Epoch 0:  14%|█▍        | 297/2063 [00:46<04:35,  6.42it/s, v_num=5-00]Epoch 0:  14%|█▍        | 298/2063 [00:46<04:34,  6.44it/s, v_num=5-00]Epoch 0:  14%|█▍        | 298/2063 [00:46<04:34,  6.44it/s, v_num=5-00]Epoch 0:  14%|█▍        | 299/2063 [00:46<04:33,  6.46it/s, v_num=5-00]Epoch 0:  14%|█▍        | 299/2063 [00:46<04:33,  6.46it/s, v_num=5-00]Epoch 0:  15%|█▍        | 300/2063 [00:46<04:32,  6.48it/s, v_num=5-00]Epoch 0:  15%|█▍        | 300/2063 [00:46<04:32,  6.48it/s, v_num=5-00]Epoch 0:  15%|█▍        | 301/2063 [00:46<04:31,  6.48it/s, v_num=5-00]Epoch 0:  15%|█▍        | 301/2063 [00:46<04:31,  6.48it/s, v_num=5-00]Epoch 0:  15%|█▍        | 302/2063 [00:46<04:30,  6.50it/s, v_num=5-00]Epoch 0:  15%|█▍        | 302/2063 [00:46<04:30,  6.50it/s, v_num=5-00]Epoch 0:  15%|█▍        | 303/2063 [00:46<04:29,  6.52it/s, v_num=5-00]Epoch 0:  15%|█▍        | 303/2063 [00:46<04:29,  6.52it/s, v_num=5-00]Epoch 0:  15%|█▍        | 304/2063 [00:46<04:28,  6.54it/s, v_num=5-00]Epoch 0:  15%|█▍        | 304/2063 [00:46<04:28,  6.54it/s, v_num=5-00]Epoch 0:  15%|█▍        | 305/2063 [00:46<04:27,  6.56it/s, v_num=5-00]Epoch 0:  15%|█▍        | 305/2063 [00:46<04:27,  6.56it/s, v_num=5-00]Epoch 0:  15%|█▍        | 306/2063 [00:46<04:26,  6.59it/s, v_num=5-00]Epoch 0:  15%|█▍        | 306/2063 [00:46<04:26,  6.59it/s, v_num=5-00]Epoch 0:  15%|█▍        | 307/2063 [00:46<04:25,  6.61it/s, v_num=5-00]Epoch 0:  15%|█▍        | 307/2063 [00:46<04:25,  6.61it/s, v_num=5-00]Epoch 0:  15%|█▍        | 308/2063 [00:46<04:24,  6.63it/s, v_num=5-00]Epoch 0:  15%|█▍        | 308/2063 [00:46<04:24,  6.63it/s, v_num=5-00]Epoch 0:  15%|█▍        | 309/2063 [00:46<04:23,  6.65it/s, v_num=5-00]Epoch 0:  15%|█▍        | 309/2063 [00:46<04:23,  6.65it/s, v_num=5-00]Epoch 0:  15%|█▌        | 310/2063 [00:46<04:22,  6.67it/s, v_num=5-00]Epoch 0:  15%|█▌        | 310/2063 [00:46<04:22,  6.67it/s, v_num=5-00]Epoch 0:  15%|█▌        | 311/2063 [00:46<04:22,  6.67it/s, v_num=5-00]Epoch 0:  15%|█▌        | 311/2063 [00:46<04:22,  6.67it/s, v_num=5-00]Epoch 0:  15%|█▌        | 312/2063 [00:46<04:21,  6.69it/s, v_num=5-00]Epoch 0:  15%|█▌        | 312/2063 [00:46<04:21,  6.69it/s, v_num=5-00]Epoch 0:  15%|█▌        | 313/2063 [00:46<04:20,  6.71it/s, v_num=5-00]Epoch 0:  15%|█▌        | 313/2063 [00:46<04:20,  6.71it/s, v_num=5-00]Epoch 0:  15%|█▌        | 314/2063 [00:46<04:19,  6.73it/s, v_num=5-00]Epoch 0:  15%|█▌        | 314/2063 [00:46<04:19,  6.73it/s, v_num=5-00]Epoch 0:  15%|█▌        | 315/2063 [00:46<04:18,  6.75it/s, v_num=5-00]Epoch 0:  15%|█▌        | 315/2063 [00:46<04:18,  6.75it/s, v_num=5-00]Epoch 0:  15%|█▌        | 316/2063 [00:46<04:17,  6.77it/s, v_num=5-00]Epoch 0:  15%|█▌        | 316/2063 [00:46<04:17,  6.77it/s, v_num=5-00]Epoch 0:  15%|█▌        | 317/2063 [00:46<04:16,  6.79it/s, v_num=5-00]Epoch 0:  15%|█▌        | 317/2063 [00:46<04:16,  6.79it/s, v_num=5-00]Epoch 0:  15%|█▌        | 318/2063 [00:46<04:16,  6.82it/s, v_num=5-00]Epoch 0:  15%|█▌        | 318/2063 [00:46<04:16,  6.82it/s, v_num=5-00]Epoch 0:  15%|█▌        | 319/2063 [00:46<04:15,  6.84it/s, v_num=5-00]Epoch 0:  15%|█▌        | 319/2063 [00:46<04:15,  6.84it/s, v_num=5-00]Epoch 0:  16%|█▌        | 320/2063 [00:46<04:14,  6.86it/s, v_num=5-00]Epoch 0:  16%|█▌        | 320/2063 [00:46<04:14,  6.86it/s, v_num=5-00]Epoch 0:  16%|█▌        | 321/2063 [00:48<04:23,  6.61it/s, v_num=5-00]Epoch 0:  16%|█▌        | 321/2063 [00:48<04:23,  6.61it/s, v_num=5-00]Epoch 0:  16%|█▌        | 322/2063 [00:48<04:22,  6.63it/s, v_num=5-00]Epoch 0:  16%|█▌        | 322/2063 [00:48<04:22,  6.63it/s, v_num=5-00]Epoch 0:  16%|█▌        | 323/2063 [00:48<04:21,  6.65it/s, v_num=5-00]Epoch 0:  16%|█▌        | 323/2063 [00:48<04:21,  6.65it/s, v_num=5-00]Epoch 0:  16%|█▌        | 324/2063 [00:48<04:20,  6.67it/s, v_num=5-00]Epoch 0:  16%|█▌        | 324/2063 [00:48<04:20,  6.67it/s, v_num=5-00]Epoch 0:  16%|█▌        | 325/2063 [00:48<04:19,  6.69it/s, v_num=5-00]Epoch 0:  16%|█▌        | 325/2063 [00:48<04:19,  6.69it/s, v_num=5-00]Epoch 0:  16%|█▌        | 326/2063 [00:48<04:19,  6.71it/s, v_num=5-00]Epoch 0:  16%|█▌        | 326/2063 [00:48<04:19,  6.71it/s, v_num=5-00]Epoch 0:  16%|█▌        | 327/2063 [00:48<04:18,  6.73it/s, v_num=5-00]Epoch 0:  16%|█▌        | 327/2063 [00:48<04:18,  6.73it/s, v_num=5-00]Epoch 0:  16%|█▌        | 328/2063 [00:48<04:17,  6.75it/s, v_num=5-00]Epoch 0:  16%|█▌        | 328/2063 [00:48<04:17,  6.75it/s, v_num=5-00]Epoch 0:  16%|█▌        | 329/2063 [00:48<04:16,  6.77it/s, v_num=5-00]Epoch 0:  16%|█▌        | 329/2063 [00:48<04:16,  6.77it/s, v_num=5-00]Epoch 0:  16%|█▌        | 330/2063 [00:48<04:15,  6.79it/s, v_num=5-00]Epoch 0:  16%|█▌        | 330/2063 [00:48<04:15,  6.79it/s, v_num=5-00]Epoch 0:  16%|█▌        | 331/2063 [00:48<04:15,  6.79it/s, v_num=5-00]Epoch 0:  16%|█▌        | 331/2063 [00:48<04:15,  6.79it/s, v_num=5-00]Epoch 0:  16%|█▌        | 332/2063 [00:48<04:14,  6.81it/s, v_num=5-00]Epoch 0:  16%|█▌        | 332/2063 [00:48<04:14,  6.81it/s, v_num=5-00]Epoch 0:  16%|█▌        | 333/2063 [00:48<04:13,  6.83it/s, v_num=5-00]Epoch 0:  16%|█▌        | 333/2063 [00:48<04:13,  6.83it/s, v_num=5-00]Epoch 0:  16%|█▌        | 334/2063 [00:48<04:12,  6.85it/s, v_num=5-00]Epoch 0:  16%|█▌        | 334/2063 [00:48<04:12,  6.85it/s, v_num=5-00]Epoch 0:  16%|█▌        | 335/2063 [00:48<04:11,  6.87it/s, v_num=5-00]Epoch 0:  16%|█▌        | 335/2063 [00:48<04:11,  6.87it/s, v_num=5-00]Epoch 0:  16%|█▋        | 336/2063 [00:48<04:10,  6.89it/s, v_num=5-00]Epoch 0:  16%|█▋        | 336/2063 [00:48<04:10,  6.89it/s, v_num=5-00]Epoch 0:  16%|█▋        | 337/2063 [00:48<04:09,  6.91it/s, v_num=5-00]Epoch 0:  16%|█▋        | 337/2063 [00:48<04:09,  6.91it/s, v_num=5-00]Epoch 0:  16%|█▋        | 338/2063 [00:48<04:09,  6.93it/s, v_num=5-00]Epoch 0:  16%|█▋        | 338/2063 [00:48<04:09,  6.93it/s, v_num=5-00]Epoch 0:  16%|█▋        | 339/2063 [00:48<04:08,  6.95it/s, v_num=5-00]Epoch 0:  16%|█▋        | 339/2063 [00:48<04:08,  6.95it/s, v_num=5-00]Epoch 0:  16%|█▋        | 340/2063 [00:48<04:07,  6.96it/s, v_num=5-00]Epoch 0:  16%|█▋        | 340/2063 [00:48<04:07,  6.96it/s, v_num=5-00]Epoch 0:  17%|█▋        | 341/2063 [00:50<04:12,  6.81it/s, v_num=5-00]Epoch 0:  17%|█▋        | 341/2063 [00:50<04:12,  6.81it/s, v_num=5-00]Epoch 0:  17%|█▋        | 342/2063 [00:50<04:12,  6.83it/s, v_num=5-00]Epoch 0:  17%|█▋        | 342/2063 [00:50<04:12,  6.83it/s, v_num=5-00]Epoch 0:  17%|█▋        | 343/2063 [00:50<04:11,  6.85it/s, v_num=5-00]Epoch 0:  17%|█▋        | 343/2063 [00:50<04:11,  6.85it/s, v_num=5-00]Epoch 0:  17%|█▋        | 344/2063 [00:50<04:10,  6.87it/s, v_num=5-00]Epoch 0:  17%|█▋        | 344/2063 [00:50<04:10,  6.87it/s, v_num=5-00]Epoch 0:  17%|█▋        | 345/2063 [00:50<04:09,  6.88it/s, v_num=5-00]Epoch 0:  17%|█▋        | 345/2063 [00:50<04:09,  6.88it/s, v_num=5-00]Epoch 0:  17%|█▋        | 346/2063 [00:50<04:08,  6.90it/s, v_num=5-00]Epoch 0:  17%|█▋        | 346/2063 [00:50<04:08,  6.90it/s, v_num=5-00]Epoch 0:  17%|█▋        | 347/2063 [00:50<04:07,  6.92it/s, v_num=5-00]Epoch 0:  17%|█▋        | 347/2063 [00:50<04:07,  6.92it/s, v_num=5-00]Epoch 0:  17%|█▋        | 348/2063 [00:50<04:07,  6.94it/s, v_num=5-00]Epoch 0:  17%|█▋        | 348/2063 [00:50<04:07,  6.94it/s, v_num=5-00]Epoch 0:  17%|█▋        | 349/2063 [00:50<04:06,  6.96it/s, v_num=5-00]Epoch 0:  17%|█▋        | 349/2063 [00:50<04:06,  6.96it/s, v_num=5-00]Epoch 0:  17%|█▋        | 350/2063 [00:50<04:05,  6.98it/s, v_num=5-00]Epoch 0:  17%|█▋        | 350/2063 [00:50<04:05,  6.98it/s, v_num=5-00]Epoch 0:  17%|█▋        | 351/2063 [00:50<04:05,  6.98it/s, v_num=5-00]Epoch 0:  17%|█▋        | 351/2063 [00:50<04:05,  6.98it/s, v_num=5-00]Epoch 0:  17%|█▋        | 352/2063 [00:50<04:04,  7.00it/s, v_num=5-00]Epoch 0:  17%|█▋        | 352/2063 [00:50<04:04,  7.00it/s, v_num=5-00]Epoch 0:  17%|█▋        | 353/2063 [00:50<04:03,  7.02it/s, v_num=5-00]Epoch 0:  17%|█▋        | 353/2063 [00:50<04:03,  7.02it/s, v_num=5-00]Epoch 0:  17%|█▋        | 354/2063 [00:50<04:02,  7.04it/s, v_num=5-00]Epoch 0:  17%|█▋        | 354/2063 [00:50<04:02,  7.04it/s, v_num=5-00]Epoch 0:  17%|█▋        | 355/2063 [00:50<04:01,  7.06it/s, v_num=5-00]Epoch 0:  17%|█▋        | 355/2063 [00:50<04:01,  7.06it/s, v_num=5-00]Epoch 0:  17%|█▋        | 356/2063 [00:50<04:01,  7.08it/s, v_num=5-00]Epoch 0:  17%|█▋        | 356/2063 [00:50<04:01,  7.08it/s, v_num=5-00]Epoch 0:  17%|█▋        | 357/2063 [00:50<04:00,  7.10it/s, v_num=5-00]Epoch 0:  17%|█▋        | 357/2063 [00:50<04:00,  7.10it/s, v_num=5-00]Epoch 0:  17%|█▋        | 358/2063 [00:50<03:59,  7.12it/s, v_num=5-00]Epoch 0:  17%|█▋        | 358/2063 [00:50<03:59,  7.12it/s, v_num=5-00]Epoch 0:  17%|█▋        | 359/2063 [00:50<03:58,  7.13it/s, v_num=5-00]Epoch 0:  17%|█▋        | 359/2063 [00:50<03:58,  7.13it/s, v_num=5-00]Epoch 0:  17%|█▋        | 360/2063 [00:50<03:58,  7.15it/s, v_num=5-00]Epoch 0:  17%|█▋        | 360/2063 [00:50<03:58,  7.15it/s, v_num=5-00]Epoch 0:  17%|█▋        | 361/2063 [00:50<03:57,  7.15it/s, v_num=5-00]Epoch 0:  17%|█▋        | 361/2063 [00:50<03:57,  7.15it/s, v_num=5-00]Epoch 0:  18%|█▊        | 362/2063 [00:50<03:57,  7.17it/s, v_num=5-00]Epoch 0:  18%|█▊        | 362/2063 [00:50<03:57,  7.17it/s, v_num=5-00]Epoch 0:  18%|█▊        | 363/2063 [00:50<03:56,  7.19it/s, v_num=5-00]Epoch 0:  18%|█▊        | 363/2063 [00:50<03:56,  7.19it/s, v_num=5-00]Epoch 0:  18%|█▊        | 364/2063 [00:50<03:55,  7.21it/s, v_num=5-00]Epoch 0:  18%|█▊        | 364/2063 [00:50<03:55,  7.21it/s, v_num=5-00]Epoch 0:  18%|█▊        | 365/2063 [00:50<03:54,  7.23it/s, v_num=5-00]Epoch 0:  18%|█▊        | 365/2063 [00:50<03:54,  7.23it/s, v_num=5-00]Epoch 0:  18%|█▊        | 366/2063 [00:50<03:54,  7.25it/s, v_num=5-00]Epoch 0:  18%|█▊        | 366/2063 [00:50<03:54,  7.25it/s, v_num=5-00]Epoch 0:  18%|█▊        | 367/2063 [00:50<03:53,  7.27it/s, v_num=5-00]Epoch 0:  18%|█▊        | 367/2063 [00:50<03:53,  7.27it/s, v_num=5-00]Epoch 0:  18%|█▊        | 368/2063 [00:50<03:52,  7.29it/s, v_num=5-00]Epoch 0:  18%|█▊        | 368/2063 [00:50<03:52,  7.29it/s, v_num=5-00]Epoch 0:  18%|█▊        | 369/2063 [00:50<03:51,  7.31it/s, v_num=5-00]Epoch 0:  18%|█▊        | 369/2063 [00:50<03:51,  7.31it/s, v_num=5-00]Epoch 0:  18%|█▊        | 370/2063 [00:50<03:51,  7.33it/s, v_num=5-00]Epoch 0:  18%|█▊        | 370/2063 [00:50<03:51,  7.33it/s, v_num=5-00]Epoch 0:  18%|█▊        | 371/2063 [00:50<03:50,  7.33it/s, v_num=5-00]Epoch 0:  18%|█▊        | 371/2063 [00:50<03:50,  7.33it/s, v_num=5-00]Epoch 0:  18%|█▊        | 372/2063 [00:50<03:50,  7.34it/s, v_num=5-00]Epoch 0:  18%|█▊        | 372/2063 [00:50<03:50,  7.34it/s, v_num=5-00]Epoch 0:  18%|█▊        | 373/2063 [00:50<03:49,  7.36it/s, v_num=5-00]Epoch 0:  18%|█▊        | 373/2063 [00:50<03:49,  7.36it/s, v_num=5-00]Epoch 0:  18%|█▊        | 374/2063 [00:50<03:48,  7.38it/s, v_num=5-00]Epoch 0:  18%|█▊        | 374/2063 [00:50<03:48,  7.38it/s, v_num=5-00]Epoch 0:  18%|█▊        | 375/2063 [00:50<03:48,  7.40it/s, v_num=5-00]Epoch 0:  18%|█▊        | 375/2063 [00:50<03:48,  7.40it/s, v_num=5-00]Epoch 0:  18%|█▊        | 376/2063 [00:50<03:47,  7.42it/s, v_num=5-00]Epoch 0:  18%|█▊        | 376/2063 [00:50<03:47,  7.42it/s, v_num=5-00]Epoch 0:  18%|█▊        | 377/2063 [00:50<03:46,  7.44it/s, v_num=5-00]Epoch 0:  18%|█▊        | 377/2063 [00:50<03:46,  7.44it/s, v_num=5-00]Epoch 0:  18%|█▊        | 378/2063 [00:50<03:45,  7.46it/s, v_num=5-00]Epoch 0:  18%|█▊        | 378/2063 [00:50<03:45,  7.46it/s, v_num=5-00]Epoch 0:  18%|█▊        | 379/2063 [00:50<03:45,  7.48it/s, v_num=5-00]Epoch 0:  18%|█▊        | 379/2063 [00:50<03:45,  7.48it/s, v_num=5-00]Epoch 0:  18%|█▊        | 380/2063 [00:50<03:44,  7.50it/s, v_num=5-00]Epoch 0:  18%|█▊        | 380/2063 [00:50<03:44,  7.50it/s, v_num=5-00]Epoch 0:  18%|█▊        | 381/2063 [00:50<03:44,  7.49it/s, v_num=5-00]Epoch 0:  18%|█▊        | 381/2063 [00:50<03:44,  7.49it/s, v_num=5-00]Epoch 0:  19%|█▊        | 382/2063 [00:50<03:43,  7.51it/s, v_num=5-00]Epoch 0:  19%|█▊        | 382/2063 [00:50<03:43,  7.51it/s, v_num=5-00]Epoch 0:  19%|█▊        | 383/2063 [00:50<03:43,  7.53it/s, v_num=5-00]Epoch 0:  19%|█▊        | 383/2063 [00:50<03:43,  7.53it/s, v_num=5-00]Epoch 0:  19%|█▊        | 384/2063 [00:50<03:42,  7.55it/s, v_num=5-00]Epoch 0:  19%|█▊        | 384/2063 [00:50<03:42,  7.55it/s, v_num=5-00]Epoch 0:  19%|█▊        | 385/2063 [00:50<03:41,  7.57it/s, v_num=5-00]Epoch 0:  19%|█▊        | 385/2063 [00:50<03:41,  7.57it/s, v_num=5-00]Epoch 0:  19%|█▊        | 386/2063 [00:50<03:41,  7.58it/s, v_num=5-00]Epoch 0:  19%|█▊        | 386/2063 [00:50<03:41,  7.58it/s, v_num=5-00]Epoch 0:  19%|█▉        | 387/2063 [00:50<03:40,  7.60it/s, v_num=5-00]Epoch 0:  19%|█▉        | 387/2063 [00:50<03:40,  7.60it/s, v_num=5-00]Epoch 0:  19%|█▉        | 388/2063 [00:50<03:39,  7.62it/s, v_num=5-00]Epoch 0:  19%|█▉        | 388/2063 [00:50<03:39,  7.62it/s, v_num=5-00]Epoch 0:  19%|█▉        | 389/2063 [00:50<03:39,  7.64it/s, v_num=5-00]Epoch 0:  19%|█▉        | 389/2063 [00:50<03:39,  7.64it/s, v_num=5-00]Epoch 0:  19%|█▉        | 390/2063 [00:50<03:38,  7.66it/s, v_num=5-00]Epoch 0:  19%|█▉        | 390/2063 [00:50<03:38,  7.66it/s, v_num=5-00]Epoch 0:  19%|█▉        | 391/2063 [00:52<03:43,  7.47it/s, v_num=5-00]Epoch 0:  19%|█▉        | 391/2063 [00:52<03:43,  7.47it/s, v_num=5-00]Epoch 0:  19%|█▉        | 392/2063 [00:52<03:43,  7.49it/s, v_num=5-00]Epoch 0:  19%|█▉        | 392/2063 [00:52<03:43,  7.49it/s, v_num=5-00]Epoch 0:  19%|█▉        | 393/2063 [00:52<03:42,  7.50it/s, v_num=5-00]Epoch 0:  19%|█▉        | 393/2063 [00:52<03:42,  7.50it/s, v_num=5-00]Epoch 0:  19%|█▉        | 394/2063 [00:52<03:41,  7.52it/s, v_num=5-00]Epoch 0:  19%|█▉        | 394/2063 [00:52<03:41,  7.52it/s, v_num=5-00]Epoch 0:  19%|█▉        | 395/2063 [00:52<03:41,  7.54it/s, v_num=5-00]Epoch 0:  19%|█▉        | 395/2063 [00:52<03:41,  7.54it/s, v_num=5-00]Epoch 0:  19%|█▉        | 396/2063 [00:52<03:40,  7.56it/s, v_num=5-00]Epoch 0:  19%|█▉        | 396/2063 [00:52<03:40,  7.56it/s, v_num=5-00]Epoch 0:  19%|█▉        | 397/2063 [00:52<03:39,  7.58it/s, v_num=5-00]Epoch 0:  19%|█▉        | 397/2063 [00:52<03:39,  7.58it/s, v_num=5-00]Epoch 0:  19%|█▉        | 398/2063 [00:52<03:39,  7.60it/s, v_num=5-00]Epoch 0:  19%|█▉        | 398/2063 [00:52<03:39,  7.60it/s, v_num=5-00]Epoch 0:  19%|█▉        | 399/2063 [00:52<03:38,  7.61it/s, v_num=5-00]Epoch 0:  19%|█▉        | 399/2063 [00:52<03:38,  7.61it/s, v_num=5-00]Epoch 0:  19%|█▉        | 400/2063 [00:52<03:37,  7.63it/s, v_num=5-00]Epoch 0:  19%|█▉        | 400/2063 [00:52<03:37,  7.63it/s, v_num=5-00]Epoch 0:  19%|█▉        | 401/2063 [00:52<03:37,  7.63it/s, v_num=5-00]Epoch 0:  19%|█▉        | 401/2063 [00:52<03:37,  7.63it/s, v_num=5-00]Epoch 0:  19%|█▉        | 402/2063 [00:52<03:37,  7.65it/s, v_num=5-00]Epoch 0:  19%|█▉        | 402/2063 [00:52<03:37,  7.65it/s, v_num=5-00]Epoch 0:  20%|█▉        | 403/2063 [00:52<03:36,  7.67it/s, v_num=5-00]Epoch 0:  20%|█▉        | 403/2063 [00:52<03:36,  7.67it/s, v_num=5-00]Epoch 0:  20%|█▉        | 404/2063 [00:52<03:35,  7.69it/s, v_num=5-00]Epoch 0:  20%|█▉        | 404/2063 [00:52<03:35,  7.69it/s, v_num=5-00]Epoch 0:  20%|█▉        | 405/2063 [00:52<03:35,  7.70it/s, v_num=5-00]Epoch 0:  20%|█▉        | 405/2063 [00:52<03:35,  7.70it/s, v_num=5-00]Epoch 0:  20%|█▉        | 406/2063 [00:52<03:34,  7.72it/s, v_num=5-00]Epoch 0:  20%|█▉        | 406/2063 [00:52<03:34,  7.72it/s, v_num=5-00]Epoch 0:  20%|█▉        | 407/2063 [00:52<03:33,  7.74it/s, v_num=5-00]Epoch 0:  20%|█▉        | 407/2063 [00:52<03:33,  7.74it/s, v_num=5-00]Epoch 0:  20%|█▉        | 408/2063 [00:52<03:33,  7.76it/s, v_num=5-00]Epoch 0:  20%|█▉        | 408/2063 [00:52<03:33,  7.76it/s, v_num=5-00]Epoch 0:  20%|█▉        | 409/2063 [00:52<03:32,  7.78it/s, v_num=5-00]Epoch 0:  20%|█▉        | 409/2063 [00:52<03:32,  7.78it/s, v_num=5-00]Epoch 0:  20%|█▉        | 410/2063 [00:52<03:32,  7.79it/s, v_num=5-00]Epoch 0:  20%|█▉        | 410/2063 [00:52<03:32,  7.79it/s, v_num=5-00]Epoch 0:  20%|█▉        | 411/2063 [00:54<03:37,  7.60it/s, v_num=5-00]Epoch 0:  20%|█▉        | 411/2063 [00:54<03:37,  7.60it/s, v_num=5-00]Epoch 0:  20%|█▉        | 412/2063 [00:54<03:36,  7.61it/s, v_num=5-00]Epoch 0:  20%|█▉        | 412/2063 [00:54<03:36,  7.61it/s, v_num=5-00]Epoch 0:  20%|██        | 413/2063 [00:54<03:36,  7.63it/s, v_num=5-00]Epoch 0:  20%|██        | 413/2063 [00:54<03:36,  7.63it/s, v_num=5-00]Epoch 0:  20%|██        | 414/2063 [00:54<03:35,  7.65it/s, v_num=5-00]Epoch 0:  20%|██        | 414/2063 [00:54<03:35,  7.65it/s, v_num=5-00]Epoch 0:  20%|██        | 415/2063 [00:54<03:34,  7.67it/s, v_num=5-00]Epoch 0:  20%|██        | 415/2063 [00:54<03:34,  7.67it/s, v_num=5-00]Epoch 0:  20%|██        | 416/2063 [00:54<03:34,  7.68it/s, v_num=5-00]Epoch 0:  20%|██        | 416/2063 [00:54<03:34,  7.68it/s, v_num=5-00]Epoch 0:  20%|██        | 417/2063 [00:54<03:33,  7.70it/s, v_num=5-00]Epoch 0:  20%|██        | 417/2063 [00:54<03:33,  7.70it/s, v_num=5-00]Epoch 0:  20%|██        | 418/2063 [00:54<03:33,  7.72it/s, v_num=5-00]Epoch 0:  20%|██        | 418/2063 [00:54<03:33,  7.72it/s, v_num=5-00]Epoch 0:  20%|██        | 419/2063 [00:54<03:32,  7.74it/s, v_num=5-00]Epoch 0:  20%|██        | 419/2063 [00:54<03:32,  7.74it/s, v_num=5-00]Epoch 0:  20%|██        | 420/2063 [00:54<03:31,  7.76it/s, v_num=5-00]Epoch 0:  20%|██        | 420/2063 [00:54<03:31,  7.76it/s, v_num=5-00]Epoch 0:  20%|██        | 421/2063 [00:56<03:41,  7.42it/s, v_num=5-00]Epoch 0:  20%|██        | 421/2063 [00:56<03:41,  7.42it/s, v_num=5-00]Epoch 0:  20%|██        | 422/2063 [00:56<03:40,  7.43it/s, v_num=5-00]Epoch 0:  20%|██        | 422/2063 [00:56<03:40,  7.43it/s, v_num=5-00]Epoch 0:  21%|██        | 423/2063 [00:56<03:40,  7.45it/s, v_num=5-00]Epoch 0:  21%|██        | 423/2063 [00:56<03:40,  7.45it/s, v_num=5-00]Epoch 0:  21%|██        | 424/2063 [00:56<03:39,  7.47it/s, v_num=5-00]Epoch 0:  21%|██        | 424/2063 [00:56<03:39,  7.47it/s, v_num=5-00]Epoch 0:  21%|██        | 425/2063 [00:56<03:38,  7.48it/s, v_num=5-00]Epoch 0:  21%|██        | 425/2063 [00:56<03:38,  7.48it/s, v_num=5-00]Epoch 0:  21%|██        | 426/2063 [00:56<03:38,  7.50it/s, v_num=5-00]Epoch 0:  21%|██        | 426/2063 [00:56<03:38,  7.50it/s, v_num=5-00]Epoch 0:  21%|██        | 427/2063 [00:56<03:37,  7.52it/s, v_num=5-00]Epoch 0:  21%|██        | 427/2063 [00:56<03:37,  7.52it/s, v_num=5-00]Epoch 0:  21%|██        | 428/2063 [00:56<03:36,  7.54it/s, v_num=5-00]Epoch 0:  21%|██        | 428/2063 [00:56<03:36,  7.53it/s, v_num=5-00]Epoch 0:  21%|██        | 429/2063 [00:56<03:36,  7.55it/s, v_num=5-00]Epoch 0:  21%|██        | 429/2063 [00:56<03:36,  7.55it/s, v_num=5-00]Epoch 0:  21%|██        | 430/2063 [00:56<03:35,  7.57it/s, v_num=5-00]Epoch 0:  21%|██        | 430/2063 [00:56<03:35,  7.57it/s, v_num=5-00]Epoch 0:  21%|██        | 431/2063 [00:58<03:40,  7.39it/s, v_num=5-00]Epoch 0:  21%|██        | 431/2063 [00:58<03:40,  7.39it/s, v_num=5-00]Epoch 0:  21%|██        | 432/2063 [00:58<03:40,  7.41it/s, v_num=5-00]Epoch 0:  21%|██        | 432/2063 [00:58<03:40,  7.41it/s, v_num=5-00]Epoch 0:  21%|██        | 433/2063 [00:58<03:39,  7.43it/s, v_num=5-00]Epoch 0:  21%|██        | 433/2063 [00:58<03:39,  7.43it/s, v_num=5-00]Epoch 0:  21%|██        | 434/2063 [00:58<03:38,  7.44it/s, v_num=5-00]Epoch 0:  21%|██        | 434/2063 [00:58<03:38,  7.44it/s, v_num=5-00]Epoch 0:  21%|██        | 435/2063 [00:58<03:38,  7.46it/s, v_num=5-00]Epoch 0:  21%|██        | 435/2063 [00:58<03:38,  7.46it/s, v_num=5-00]Epoch 0:  21%|██        | 436/2063 [00:58<03:37,  7.48it/s, v_num=5-00]Epoch 0:  21%|██        | 436/2063 [00:58<03:37,  7.48it/s, v_num=5-00]Epoch 0:  21%|██        | 437/2063 [00:58<03:37,  7.49it/s, v_num=5-00]Epoch 0:  21%|██        | 437/2063 [00:58<03:37,  7.49it/s, v_num=5-00]Epoch 0:  21%|██        | 438/2063 [00:58<03:36,  7.51it/s, v_num=5-00]Epoch 0:  21%|██        | 438/2063 [00:58<03:36,  7.51it/s, v_num=5-00]Epoch 0:  21%|██▏       | 439/2063 [00:58<03:35,  7.52it/s, v_num=5-00]Epoch 0:  21%|██▏       | 439/2063 [00:58<03:35,  7.52it/s, v_num=5-00]Epoch 0:  21%|██▏       | 440/2063 [00:58<03:35,  7.54it/s, v_num=5-00]Epoch 0:  21%|██▏       | 440/2063 [00:58<03:35,  7.54it/s, v_num=5-00]Epoch 0:  21%|██▏       | 441/2063 [00:58<03:35,  7.54it/s, v_num=5-00]Epoch 0:  21%|██▏       | 441/2063 [00:58<03:35,  7.54it/s, v_num=5-00]Epoch 0:  21%|██▏       | 442/2063 [00:58<03:34,  7.56it/s, v_num=5-00]Epoch 0:  21%|██▏       | 442/2063 [00:58<03:34,  7.56it/s, v_num=5-00]Epoch 0:  21%|██▏       | 443/2063 [00:58<03:33,  7.58it/s, v_num=5-00]Epoch 0:  21%|██▏       | 443/2063 [00:58<03:33,  7.58it/s, v_num=5-00]Epoch 0:  22%|██▏       | 444/2063 [00:58<03:33,  7.59it/s, v_num=5-00]Epoch 0:  22%|██▏       | 444/2063 [00:58<03:33,  7.59it/s, v_num=5-00]Epoch 0:  22%|██▏       | 445/2063 [00:58<03:32,  7.61it/s, v_num=5-00]Epoch 0:  22%|██▏       | 445/2063 [00:58<03:32,  7.61it/s, v_num=5-00]Epoch 0:  22%|██▏       | 446/2063 [00:58<03:32,  7.62it/s, v_num=5-00]Epoch 0:  22%|██▏       | 446/2063 [00:58<03:32,  7.62it/s, v_num=5-00]Epoch 0:  22%|██▏       | 447/2063 [00:58<03:31,  7.64it/s, v_num=5-00]Epoch 0:  22%|██▏       | 447/2063 [00:58<03:31,  7.64it/s, v_num=5-00]Epoch 0:  22%|██▏       | 448/2063 [00:58<03:30,  7.66it/s, v_num=5-00]Epoch 0:  22%|██▏       | 448/2063 [00:58<03:30,  7.66it/s, v_num=5-00]Epoch 0:  22%|██▏       | 449/2063 [00:58<03:30,  7.67it/s, v_num=5-00]Epoch 0:  22%|██▏       | 449/2063 [00:58<03:30,  7.67it/s, v_num=5-00]Epoch 0:  22%|██▏       | 450/2063 [00:58<03:29,  7.69it/s, v_num=5-00]Epoch 0:  22%|██▏       | 450/2063 [00:58<03:29,  7.69it/s, v_num=5-00]Epoch 0:  22%|██▏       | 451/2063 [00:58<03:29,  7.69it/s, v_num=5-00]Epoch 0:  22%|██▏       | 451/2063 [00:58<03:29,  7.69it/s, v_num=5-00]Epoch 0:  22%|██▏       | 452/2063 [00:58<03:29,  7.71it/s, v_num=5-00]Epoch 0:  22%|██▏       | 452/2063 [00:58<03:29,  7.71it/s, v_num=5-00]Epoch 0:  22%|██▏       | 453/2063 [00:58<03:28,  7.72it/s, v_num=5-00]Epoch 0:  22%|██▏       | 453/2063 [00:58<03:28,  7.72it/s, v_num=5-00]Epoch 0:  22%|██▏       | 454/2063 [00:58<03:27,  7.74it/s, v_num=5-00]Epoch 0:  22%|██▏       | 454/2063 [00:58<03:27,  7.74it/s, v_num=5-00]Epoch 0:  22%|██▏       | 455/2063 [00:58<03:27,  7.75it/s, v_num=5-00]Epoch 0:  22%|██▏       | 455/2063 [00:58<03:27,  7.75it/s, v_num=5-00]Epoch 0:  22%|██▏       | 456/2063 [00:58<03:26,  7.77it/s, v_num=5-00]Epoch 0:  22%|██▏       | 456/2063 [00:58<03:26,  7.77it/s, v_num=5-00]Epoch 0:  22%|██▏       | 457/2063 [00:58<03:26,  7.79it/s, v_num=5-00]Epoch 0:  22%|██▏       | 457/2063 [00:58<03:26,  7.79it/s, v_num=5-00]Epoch 0:  22%|██▏       | 458/2063 [00:58<03:25,  7.80it/s, v_num=5-00]Epoch 0:  22%|██▏       | 458/2063 [00:58<03:25,  7.80it/s, v_num=5-00]Epoch 0:  22%|██▏       | 459/2063 [00:58<03:25,  7.82it/s, v_num=5-00]Epoch 0:  22%|██▏       | 459/2063 [00:58<03:25,  7.82it/s, v_num=5-00]Epoch 0:  22%|██▏       | 460/2063 [00:58<03:24,  7.84it/s, v_num=5-00]Epoch 0:  22%|██▏       | 460/2063 [00:58<03:24,  7.84it/s, v_num=5-00]Epoch 0:  22%|██▏       | 461/2063 [00:58<03:24,  7.84it/s, v_num=5-00]Epoch 0:  22%|██▏       | 461/2063 [00:58<03:24,  7.84it/s, v_num=5-00]Epoch 0:  22%|██▏       | 462/2063 [00:58<03:23,  7.85it/s, v_num=5-00]Epoch 0:  22%|██▏       | 462/2063 [00:58<03:23,  7.85it/s, v_num=5-00]Epoch 0:  22%|██▏       | 463/2063 [00:58<03:23,  7.87it/s, v_num=5-00]Epoch 0:  22%|██▏       | 463/2063 [00:58<03:23,  7.87it/s, v_num=5-00]Epoch 0:  22%|██▏       | 464/2063 [00:58<03:22,  7.89it/s, v_num=5-00]Epoch 0:  22%|██▏       | 464/2063 [00:58<03:22,  7.89it/s, v_num=5-00]Epoch 0:  23%|██▎       | 465/2063 [00:58<03:22,  7.90it/s, v_num=5-00]Epoch 0:  23%|██▎       | 465/2063 [00:58<03:22,  7.90it/s, v_num=5-00]Epoch 0:  23%|██▎       | 466/2063 [00:58<03:21,  7.92it/s, v_num=5-00]Epoch 0:  23%|██▎       | 466/2063 [00:58<03:21,  7.92it/s, v_num=5-00]Epoch 0:  23%|██▎       | 467/2063 [00:58<03:21,  7.93it/s, v_num=5-00]Epoch 0:  23%|██▎       | 467/2063 [00:58<03:21,  7.93it/s, v_num=5-00]Epoch 0:  23%|██▎       | 468/2063 [00:58<03:20,  7.95it/s, v_num=5-00]Epoch 0:  23%|██▎       | 468/2063 [00:58<03:20,  7.95it/s, v_num=5-00]Epoch 0:  23%|██▎       | 469/2063 [00:58<03:20,  7.97it/s, v_num=5-00]Epoch 0:  23%|██▎       | 469/2063 [00:58<03:20,  7.97it/s, v_num=5-00]Epoch 0:  23%|██▎       | 470/2063 [00:58<03:19,  7.98it/s, v_num=5-00]Epoch 0:  23%|██▎       | 470/2063 [00:58<03:19,  7.98it/s, v_num=5-00]Epoch 0:  23%|██▎       | 471/2063 [01:00<03:25,  7.76it/s, v_num=5-00]Epoch 0:  23%|██▎       | 471/2063 [01:00<03:25,  7.76it/s, v_num=5-00]Epoch 0:  23%|██▎       | 472/2063 [01:00<03:24,  7.77it/s, v_num=5-00]Epoch 0:  23%|██▎       | 472/2063 [01:00<03:24,  7.77it/s, v_num=5-00]Epoch 0:  23%|██▎       | 473/2063 [01:00<03:24,  7.79it/s, v_num=5-00]Epoch 0:  23%|██▎       | 473/2063 [01:00<03:24,  7.79it/s, v_num=5-00]Epoch 0:  23%|██▎       | 474/2063 [01:00<03:23,  7.80it/s, v_num=5-00]Epoch 0:  23%|██▎       | 474/2063 [01:00<03:23,  7.80it/s, v_num=5-00]Epoch 0:  23%|██▎       | 475/2063 [01:00<03:23,  7.82it/s, v_num=5-00]Epoch 0:  23%|██▎       | 475/2063 [01:00<03:23,  7.82it/s, v_num=5-00]Epoch 0:  23%|██▎       | 476/2063 [01:00<03:22,  7.84it/s, v_num=5-00]Epoch 0:  23%|██▎       | 476/2063 [01:00<03:22,  7.84it/s, v_num=5-00]Epoch 0:  23%|██▎       | 477/2063 [01:00<03:22,  7.85it/s, v_num=5-00]Epoch 0:  23%|██▎       | 477/2063 [01:00<03:22,  7.85it/s, v_num=5-00]Epoch 0:  23%|██▎       | 478/2063 [01:00<03:21,  7.87it/s, v_num=5-00]Epoch 0:  23%|██▎       | 478/2063 [01:00<03:21,  7.87it/s, v_num=5-00]Epoch 0:  23%|██▎       | 479/2063 [01:00<03:20,  7.88it/s, v_num=5-00]Epoch 0:  23%|██▎       | 479/2063 [01:00<03:20,  7.88it/s, v_num=5-00]Epoch 0:  23%|██▎       | 480/2063 [01:00<03:20,  7.90it/s, v_num=5-00]Epoch 0:  23%|██▎       | 480/2063 [01:00<03:20,  7.90it/s, v_num=5-00]Epoch 0:  23%|██▎       | 481/2063 [01:02<03:25,  7.71it/s, v_num=5-00]Epoch 0:  23%|██▎       | 481/2063 [01:02<03:25,  7.71it/s, v_num=5-00]Epoch 0:  23%|██▎       | 482/2063 [01:02<03:24,  7.73it/s, v_num=5-00]Epoch 0:  23%|██▎       | 482/2063 [01:02<03:24,  7.73it/s, v_num=5-00]Epoch 0:  23%|██▎       | 483/2063 [01:02<03:24,  7.74it/s, v_num=5-00]Epoch 0:  23%|██▎       | 483/2063 [01:02<03:24,  7.74it/s, v_num=5-00]Epoch 0:  23%|██▎       | 484/2063 [01:02<03:23,  7.76it/s, v_num=5-00]Epoch 0:  23%|██▎       | 484/2063 [01:02<03:23,  7.76it/s, v_num=5-00]Epoch 0:  24%|██▎       | 485/2063 [01:02<03:22,  7.78it/s, v_num=5-00]Epoch 0:  24%|██▎       | 485/2063 [01:02<03:22,  7.78it/s, v_num=5-00]Epoch 0:  24%|██▎       | 486/2063 [01:02<03:22,  7.79it/s, v_num=5-00]Epoch 0:  24%|██▎       | 486/2063 [01:02<03:22,  7.79it/s, v_num=5-00]Epoch 0:  24%|██▎       | 487/2063 [01:02<03:21,  7.81it/s, v_num=5-00]Epoch 0:  24%|██▎       | 487/2063 [01:02<03:21,  7.81it/s, v_num=5-00]Epoch 0:  24%|██▎       | 488/2063 [01:02<03:21,  7.82it/s, v_num=5-00]Epoch 0:  24%|██▎       | 488/2063 [01:02<03:21,  7.82it/s, v_num=5-00]Epoch 0:  24%|██▎       | 489/2063 [01:02<03:20,  7.84it/s, v_num=5-00]Epoch 0:  24%|██▎       | 489/2063 [01:02<03:20,  7.84it/s, v_num=5-00]Epoch 0:  24%|██▍       | 490/2063 [01:02<03:20,  7.85it/s, v_num=5-00]Epoch 0:  24%|██▍       | 490/2063 [01:02<03:20,  7.85it/s, v_num=5-00]Epoch 0:  24%|██▍       | 491/2063 [01:02<03:20,  7.85it/s, v_num=5-00]Epoch 0:  24%|██▍       | 491/2063 [01:02<03:20,  7.85it/s, v_num=5-00]Epoch 0:  24%|██▍       | 492/2063 [01:02<03:19,  7.86it/s, v_num=5-00]Epoch 0:  24%|██▍       | 492/2063 [01:02<03:19,  7.86it/s, v_num=5-00]Epoch 0:  24%|██▍       | 493/2063 [01:02<03:19,  7.88it/s, v_num=5-00]Epoch 0:  24%|██▍       | 493/2063 [01:02<03:19,  7.88it/s, v_num=5-00]Epoch 0:  24%|██▍       | 494/2063 [01:02<03:18,  7.89it/s, v_num=5-00]Epoch 0:  24%|██▍       | 494/2063 [01:02<03:18,  7.89it/s, v_num=5-00]Epoch 0:  24%|██▍       | 495/2063 [01:02<03:18,  7.91it/s, v_num=5-00]Epoch 0:  24%|██▍       | 495/2063 [01:02<03:18,  7.91it/s, v_num=5-00]Epoch 0:  24%|██▍       | 496/2063 [01:02<03:17,  7.92it/s, v_num=5-00]Epoch 0:  24%|██▍       | 496/2063 [01:02<03:17,  7.92it/s, v_num=5-00]Epoch 0:  24%|██▍       | 497/2063 [01:02<03:17,  7.94it/s, v_num=5-00]Epoch 0:  24%|██▍       | 497/2063 [01:02<03:17,  7.94it/s, v_num=5-00]Epoch 0:  24%|██▍       | 498/2063 [01:02<03:16,  7.96it/s, v_num=5-00]Epoch 0:  24%|██▍       | 498/2063 [01:02<03:16,  7.95it/s, v_num=5-00]Epoch 0:  24%|██▍       | 499/2063 [01:02<03:16,  7.97it/s, v_num=5-00]Epoch 0:  24%|██▍       | 499/2063 [01:02<03:16,  7.97it/s, v_num=5-00]Epoch 0:  24%|██▍       | 500/2063 [01:02<03:15,  7.99it/s, v_num=5-00]Epoch 0:  24%|██▍       | 500/2063 [01:02<03:15,  7.99it/s, v_num=5-00]Epoch 0:  24%|██▍       | 501/2063 [01:02<03:15,  7.98it/s, v_num=5-00]Epoch 0:  24%|██▍       | 501/2063 [01:02<03:15,  7.98it/s, v_num=5-00]Epoch 0:  24%|██▍       | 502/2063 [01:02<03:15,  8.00it/s, v_num=5-00]Epoch 0:  24%|██▍       | 502/2063 [01:02<03:15,  8.00it/s, v_num=5-00]Epoch 0:  24%|██▍       | 503/2063 [01:02<03:14,  8.01it/s, v_num=5-00]Epoch 0:  24%|██▍       | 503/2063 [01:02<03:14,  8.01it/s, v_num=5-00]Epoch 0:  24%|██▍       | 504/2063 [01:02<03:14,  8.03it/s, v_num=5-00]Epoch 0:  24%|██▍       | 504/2063 [01:02<03:14,  8.03it/s, v_num=5-00]Epoch 0:  24%|██▍       | 505/2063 [01:02<03:13,  8.04it/s, v_num=5-00]Epoch 0:  24%|██▍       | 505/2063 [01:02<03:13,  8.04it/s, v_num=5-00]Epoch 0:  25%|██▍       | 506/2063 [01:02<03:13,  8.06it/s, v_num=5-00]Epoch 0:  25%|██▍       | 506/2063 [01:02<03:13,  8.06it/s, v_num=5-00]Epoch 0:  25%|██▍       | 507/2063 [01:02<03:12,  8.08it/s, v_num=5-00]Epoch 0:  25%|██▍       | 507/2063 [01:02<03:12,  8.08it/s, v_num=5-00]Epoch 0:  25%|██▍       | 508/2063 [01:02<03:12,  8.09it/s, v_num=5-00]Epoch 0:  25%|██▍       | 508/2063 [01:02<03:12,  8.09it/s, v_num=5-00]Epoch 0:  25%|██▍       | 509/2063 [01:02<03:11,  8.11it/s, v_num=5-00]Epoch 0:  25%|██▍       | 509/2063 [01:02<03:11,  8.11it/s, v_num=5-00]Epoch 0:  25%|██▍       | 510/2063 [01:02<03:11,  8.12it/s, v_num=5-00]Epoch 0:  25%|██▍       | 510/2063 [01:02<03:11,  8.12it/s, v_num=5-00]Epoch 0:  25%|██▍       | 511/2063 [01:04<03:15,  7.94it/s, v_num=5-00]Epoch 0:  25%|██▍       | 511/2063 [01:04<03:15,  7.94it/s, v_num=5-00]Epoch 0:  25%|██▍       | 512/2063 [01:04<03:15,  7.95it/s, v_num=5-00]Epoch 0:  25%|██▍       | 512/2063 [01:04<03:15,  7.95it/s, v_num=5-00]Epoch 0:  25%|██▍       | 513/2063 [01:04<03:14,  7.97it/s, v_num=5-00]Epoch 0:  25%|██▍       | 513/2063 [01:04<03:14,  7.97it/s, v_num=5-00]Epoch 0:  25%|██▍       | 514/2063 [01:04<03:14,  7.98it/s, v_num=5-00]Epoch 0:  25%|██▍       | 514/2063 [01:04<03:14,  7.98it/s, v_num=5-00]Epoch 0:  25%|██▍       | 515/2063 [01:04<03:13,  8.00it/s, v_num=5-00]Epoch 0:  25%|██▍       | 515/2063 [01:04<03:13,  8.00it/s, v_num=5-00]Epoch 0:  25%|██▌       | 516/2063 [01:04<03:13,  8.01it/s, v_num=5-00]Epoch 0:  25%|██▌       | 516/2063 [01:04<03:13,  8.01it/s, v_num=5-00]Epoch 0:  25%|██▌       | 517/2063 [01:04<03:12,  8.03it/s, v_num=5-00]Epoch 0:  25%|██▌       | 517/2063 [01:04<03:12,  8.03it/s, v_num=5-00]Epoch 0:  25%|██▌       | 518/2063 [01:04<03:12,  8.04it/s, v_num=5-00]Epoch 0:  25%|██▌       | 518/2063 [01:04<03:12,  8.04it/s, v_num=5-00]Epoch 0:  25%|██▌       | 519/2063 [01:04<03:11,  8.06it/s, v_num=5-00]Epoch 0:  25%|██▌       | 519/2063 [01:04<03:11,  8.06it/s, v_num=5-00]Epoch 0:  25%|██▌       | 520/2063 [01:04<03:11,  8.07it/s, v_num=5-00]Epoch 0:  25%|██▌       | 520/2063 [01:04<03:11,  8.07it/s, v_num=5-00]Epoch 0:  25%|██▌       | 521/2063 [01:07<03:18,  7.75it/s, v_num=5-00]Epoch 0:  25%|██▌       | 521/2063 [01:07<03:18,  7.75it/s, v_num=5-00]Epoch 0:  25%|██▌       | 522/2063 [01:07<03:18,  7.77it/s, v_num=5-00]Epoch 0:  25%|██▌       | 522/2063 [01:07<03:18,  7.77it/s, v_num=5-00]Epoch 0:  25%|██▌       | 523/2063 [01:07<03:17,  7.78it/s, v_num=5-00]Epoch 0:  25%|██▌       | 523/2063 [01:07<03:17,  7.78it/s, v_num=5-00]Epoch 0:  25%|██▌       | 524/2063 [01:07<03:17,  7.79it/s, v_num=5-00]Epoch 0:  25%|██▌       | 524/2063 [01:07<03:17,  7.79it/s, v_num=5-00]Epoch 0:  25%|██▌       | 525/2063 [01:07<03:16,  7.81it/s, v_num=5-00]Epoch 0:  25%|██▌       | 525/2063 [01:07<03:16,  7.81it/s, v_num=5-00]Epoch 0:  25%|██▌       | 526/2063 [01:07<03:16,  7.82it/s, v_num=5-00]Epoch 0:  25%|██▌       | 526/2063 [01:07<03:16,  7.82it/s, v_num=5-00]Epoch 0:  26%|██▌       | 527/2063 [01:07<03:15,  7.84it/s, v_num=5-00]Epoch 0:  26%|██▌       | 527/2063 [01:07<03:15,  7.84it/s, v_num=5-00]Epoch 0:  26%|██▌       | 528/2063 [01:07<03:15,  7.85it/s, v_num=5-00]Epoch 0:  26%|██▌       | 528/2063 [01:07<03:15,  7.85it/s, v_num=5-00]Epoch 0:  26%|██▌       | 529/2063 [01:07<03:15,  7.87it/s, v_num=5-00]Epoch 0:  26%|██▌       | 529/2063 [01:07<03:15,  7.87it/s, v_num=5-00]Epoch 0:  26%|██▌       | 530/2063 [01:07<03:14,  7.88it/s, v_num=5-00]Epoch 0:  26%|██▌       | 530/2063 [01:07<03:14,  7.88it/s, v_num=5-00]Epoch 0:  26%|██▌       | 531/2063 [01:07<03:14,  7.88it/s, v_num=5-00]Epoch 0:  26%|██▌       | 531/2063 [01:07<03:14,  7.88it/s, v_num=5-00]Epoch 0:  26%|██▌       | 532/2063 [01:07<03:13,  7.89it/s, v_num=5-00]Epoch 0:  26%|██▌       | 532/2063 [01:07<03:13,  7.89it/s, v_num=5-00]Epoch 0:  26%|██▌       | 533/2063 [01:07<03:13,  7.91it/s, v_num=5-00]Epoch 0:  26%|██▌       | 533/2063 [01:07<03:13,  7.91it/s, v_num=5-00]Epoch 0:  26%|██▌       | 534/2063 [01:07<03:13,  7.92it/s, v_num=5-00]Epoch 0:  26%|██▌       | 534/2063 [01:07<03:13,  7.92it/s, v_num=5-00]Epoch 0:  26%|██▌       | 535/2063 [01:07<03:12,  7.94it/s, v_num=5-00]Epoch 0:  26%|██▌       | 535/2063 [01:07<03:12,  7.94it/s, v_num=5-00]Epoch 0:  26%|██▌       | 536/2063 [01:07<03:12,  7.95it/s, v_num=5-00]Epoch 0:  26%|██▌       | 536/2063 [01:07<03:12,  7.95it/s, v_num=5-00]Epoch 0:  26%|██▌       | 537/2063 [01:07<03:11,  7.96it/s, v_num=5-00]Epoch 0:  26%|██▌       | 537/2063 [01:07<03:11,  7.96it/s, v_num=5-00]Epoch 0:  26%|██▌       | 538/2063 [01:07<03:11,  7.98it/s, v_num=5-00]Epoch 0:  26%|██▌       | 538/2063 [01:07<03:11,  7.98it/s, v_num=5-00]Epoch 0:  26%|██▌       | 539/2063 [01:07<03:10,  7.99it/s, v_num=5-00]Epoch 0:  26%|██▌       | 539/2063 [01:07<03:10,  7.99it/s, v_num=5-00]Epoch 0:  26%|██▌       | 540/2063 [01:07<03:10,  8.01it/s, v_num=5-00]Epoch 0:  26%|██▌       | 540/2063 [01:07<03:10,  8.01it/s, v_num=5-00]Epoch 0:  26%|██▌       | 541/2063 [01:07<03:10,  8.01it/s, v_num=5-00]Epoch 0:  26%|██▌       | 541/2063 [01:07<03:10,  8.01it/s, v_num=5-00]Epoch 0:  26%|██▋       | 542/2063 [01:07<03:09,  8.02it/s, v_num=5-00]Epoch 0:  26%|██▋       | 542/2063 [01:07<03:09,  8.02it/s, v_num=5-00]Epoch 0:  26%|██▋       | 543/2063 [01:07<03:09,  8.03it/s, v_num=5-00]Epoch 0:  26%|██▋       | 543/2063 [01:07<03:09,  8.03it/s, v_num=5-00]Epoch 0:  26%|██▋       | 544/2063 [01:07<03:08,  8.05it/s, v_num=5-00]Epoch 0:  26%|██▋       | 544/2063 [01:07<03:08,  8.05it/s, v_num=5-00]Epoch 0:  26%|██▋       | 545/2063 [01:07<03:08,  8.06it/s, v_num=5-00]Epoch 0:  26%|██▋       | 545/2063 [01:07<03:08,  8.06it/s, v_num=5-00]Epoch 0:  26%|██▋       | 546/2063 [01:07<03:07,  8.08it/s, v_num=5-00]Epoch 0:  26%|██▋       | 546/2063 [01:07<03:07,  8.08it/s, v_num=5-00]Epoch 0:  27%|██▋       | 547/2063 [01:07<03:07,  8.09it/s, v_num=5-00]Epoch 0:  27%|██▋       | 547/2063 [01:07<03:07,  8.09it/s, v_num=5-00]Epoch 0:  27%|██▋       | 548/2063 [01:07<03:06,  8.10it/s, v_num=5-00]Epoch 0:  27%|██▋       | 548/2063 [01:07<03:06,  8.10it/s, v_num=5-00]Epoch 0:  27%|██▋       | 549/2063 [01:07<03:06,  8.12it/s, v_num=5-00]Epoch 0:  27%|██▋       | 549/2063 [01:07<03:06,  8.12it/s, v_num=5-00]Epoch 0:  27%|██▋       | 550/2063 [01:07<03:06,  8.13it/s, v_num=5-00]Epoch 0:  27%|██▋       | 550/2063 [01:07<03:06,  8.13it/s, v_num=5-00]Epoch 0:  27%|██▋       | 551/2063 [01:07<03:05,  8.13it/s, v_num=5-00]Epoch 0:  27%|██▋       | 551/2063 [01:07<03:05,  8.13it/s, v_num=5-00]Epoch 0:  27%|██▋       | 552/2063 [01:07<03:05,  8.15it/s, v_num=5-00]Epoch 0:  27%|██▋       | 552/2063 [01:07<03:05,  8.15it/s, v_num=5-00]Epoch 0:  27%|██▋       | 553/2063 [01:07<03:05,  8.16it/s, v_num=5-00]Epoch 0:  27%|██▋       | 553/2063 [01:07<03:05,  8.16it/s, v_num=5-00]Epoch 0:  27%|██▋       | 554/2063 [01:07<03:04,  8.17it/s, v_num=5-00]Epoch 0:  27%|██▋       | 554/2063 [01:07<03:04,  8.17it/s, v_num=5-00]Epoch 0:  27%|██▋       | 555/2063 [01:07<03:04,  8.19it/s, v_num=5-00]Epoch 0:  27%|██▋       | 555/2063 [01:07<03:04,  8.19it/s, v_num=5-00]Epoch 0:  27%|██▋       | 556/2063 [01:07<03:03,  8.20it/s, v_num=5-00]Epoch 0:  27%|██▋       | 556/2063 [01:07<03:03,  8.20it/s, v_num=5-00]Epoch 0:  27%|██▋       | 557/2063 [01:07<03:03,  8.22it/s, v_num=5-00]Epoch 0:  27%|██▋       | 557/2063 [01:07<03:03,  8.22it/s, v_num=5-00]Epoch 0:  27%|██▋       | 558/2063 [01:07<03:02,  8.23it/s, v_num=5-00]Epoch 0:  27%|██▋       | 558/2063 [01:07<03:02,  8.23it/s, v_num=5-00]Epoch 0:  27%|██▋       | 559/2063 [01:07<03:02,  8.24it/s, v_num=5-00]Epoch 0:  27%|██▋       | 559/2063 [01:07<03:02,  8.24it/s, v_num=5-00]Epoch 0:  27%|██▋       | 560/2063 [01:07<03:02,  8.26it/s, v_num=5-00]Epoch 0:  27%|██▋       | 560/2063 [01:07<03:02,  8.26it/s, v_num=5-00]Epoch 0:  27%|██▋       | 561/2063 [01:17<03:28,  7.21it/s, v_num=5-00]Epoch 0:  27%|██▋       | 561/2063 [01:17<03:28,  7.21it/s, v_num=5-00]Epoch 0:  27%|██▋       | 562/2063 [01:17<03:27,  7.22it/s, v_num=5-00]Epoch 0:  27%|██▋       | 562/2063 [01:17<03:27,  7.22it/s, v_num=5-00]Epoch 0:  27%|██▋       | 563/2063 [01:17<03:27,  7.24it/s, v_num=5-00]Epoch 0:  27%|██▋       | 563/2063 [01:17<03:27,  7.24it/s, v_num=5-00]Epoch 0:  27%|██▋       | 564/2063 [01:17<03:26,  7.25it/s, v_num=5-00]Epoch 0:  27%|██▋       | 564/2063 [01:17<03:26,  7.25it/s, v_num=5-00]Epoch 0:  27%|██▋       | 565/2063 [01:17<03:26,  7.26it/s, v_num=5-00]Epoch 0:  27%|██▋       | 565/2063 [01:17<03:26,  7.26it/s, v_num=5-00]Epoch 0:  27%|██▋       | 566/2063 [01:17<03:25,  7.27it/s, v_num=5-00]Epoch 0:  27%|██▋       | 566/2063 [01:17<03:25,  7.27it/s, v_num=5-00]Epoch 0:  27%|██▋       | 567/2063 [01:17<03:25,  7.29it/s, v_num=5-00]Epoch 0:  27%|██▋       | 567/2063 [01:17<03:25,  7.29it/s, v_num=5-00]Epoch 0:  28%|██▊       | 568/2063 [01:17<03:24,  7.30it/s, v_num=5-00]Epoch 0:  28%|██▊       | 568/2063 [01:17<03:24,  7.30it/s, v_num=5-00]Epoch 0:  28%|██▊       | 569/2063 [01:17<03:24,  7.31it/s, v_num=5-00]Epoch 0:  28%|██▊       | 569/2063 [01:17<03:24,  7.31it/s, v_num=5-00]Epoch 0:  28%|██▊       | 570/2063 [01:17<03:23,  7.32it/s, v_num=5-00]Epoch 0:  28%|██▊       | 570/2063 [01:17<03:23,  7.32it/s, v_num=5-00]Epoch 0:  28%|██▊       | 571/2063 [01:23<03:37,  6.87it/s, v_num=5-00]Epoch 0:  28%|██▊       | 571/2063 [01:23<03:37,  6.87it/s, v_num=5-00]Epoch 0:  28%|██▊       | 572/2063 [01:23<03:36,  6.88it/s, v_num=5-00]Epoch 0:  28%|██▊       | 572/2063 [01:23<03:36,  6.88it/s, v_num=5-00]Epoch 0:  28%|██▊       | 573/2063 [01:23<03:36,  6.90it/s, v_num=5-00]Epoch 0:  28%|██▊       | 573/2063 [01:23<03:36,  6.90it/s, v_num=5-00]Epoch 0:  28%|██▊       | 574/2063 [01:23<03:35,  6.91it/s, v_num=5-00]Epoch 0:  28%|██▊       | 574/2063 [01:23<03:35,  6.91it/s, v_num=5-00]Epoch 0:  28%|██▊       | 575/2063 [01:23<03:35,  6.92it/s, v_num=5-00]Epoch 0:  28%|██▊       | 575/2063 [01:23<03:35,  6.92it/s, v_num=5-00]Epoch 0:  28%|██▊       | 576/2063 [01:23<03:34,  6.93it/s, v_num=5-00]Epoch 0:  28%|██▊       | 576/2063 [01:23<03:34,  6.93it/s, v_num=5-00]Epoch 0:  28%|██▊       | 577/2063 [01:23<03:34,  6.94it/s, v_num=5-00]Epoch 0:  28%|██▊       | 577/2063 [01:23<03:34,  6.94it/s, v_num=5-00]Epoch 0:  28%|██▊       | 578/2063 [01:23<03:33,  6.95it/s, v_num=5-00]Epoch 0:  28%|██▊       | 578/2063 [01:23<03:33,  6.95it/s, v_num=5-00]Epoch 0:  28%|██▊       | 579/2063 [01:23<03:33,  6.97it/s, v_num=5-00]Epoch 0:  28%|██▊       | 579/2063 [01:23<03:33,  6.97it/s, v_num=5-00]Epoch 0:  28%|██▊       | 580/2063 [01:23<03:32,  6.98it/s, v_num=5-00]Epoch 0:  28%|██▊       | 580/2063 [01:23<03:32,  6.98it/s, v_num=5-00]Epoch 0:  28%|██▊       | 581/2063 [01:23<03:32,  6.98it/s, v_num=5-00]Epoch 0:  28%|██▊       | 581/2063 [01:23<03:32,  6.98it/s, v_num=5-00]Epoch 0:  28%|██▊       | 582/2063 [01:23<03:31,  6.99it/s, v_num=5-00]Epoch 0:  28%|██▊       | 582/2063 [01:23<03:31,  6.99it/s, v_num=5-00]Epoch 0:  28%|██▊       | 583/2063 [01:23<03:31,  7.00it/s, v_num=5-00]Epoch 0:  28%|██▊       | 583/2063 [01:23<03:31,  7.00it/s, v_num=5-00]Epoch 0:  28%|██▊       | 584/2063 [01:23<03:30,  7.01it/s, v_num=5-00]Epoch 0:  28%|██▊       | 584/2063 [01:23<03:30,  7.01it/s, v_num=5-00]Epoch 0:  28%|██▊       | 585/2063 [01:23<03:30,  7.02it/s, v_num=5-00]Epoch 0:  28%|██▊       | 585/2063 [01:23<03:30,  7.02it/s, v_num=5-00]Epoch 0:  28%|██▊       | 586/2063 [01:23<03:29,  7.04it/s, v_num=5-00]Epoch 0:  28%|██▊       | 586/2063 [01:23<03:29,  7.04it/s, v_num=5-00]Epoch 0:  28%|██▊       | 587/2063 [01:23<03:29,  7.05it/s, v_num=5-00]Epoch 0:  28%|██▊       | 587/2063 [01:23<03:29,  7.05it/s, v_num=5-00]Epoch 0:  29%|██▊       | 588/2063 [01:23<03:28,  7.06it/s, v_num=5-00]Epoch 0:  29%|██▊       | 588/2063 [01:23<03:28,  7.06it/s, v_num=5-00]Epoch 0:  29%|██▊       | 589/2063 [01:23<03:28,  7.07it/s, v_num=5-00]Epoch 0:  29%|██▊       | 589/2063 [01:23<03:28,  7.07it/s, v_num=5-00]Epoch 0:  29%|██▊       | 590/2063 [01:23<03:27,  7.08it/s, v_num=5-00]Epoch 0:  29%|██▊       | 590/2063 [01:23<03:27,  7.08it/s, v_num=5-00]Epoch 0:  29%|██▊       | 591/2063 [01:23<03:27,  7.08it/s, v_num=5-00]Epoch 0:  29%|██▊       | 591/2063 [01:23<03:27,  7.08it/s, v_num=5-00]Epoch 0:  29%|██▊       | 592/2063 [01:23<03:27,  7.09it/s, v_num=5-00]Epoch 0:  29%|██▊       | 592/2063 [01:23<03:27,  7.09it/s, v_num=5-00]Epoch 0:  29%|██▊       | 593/2063 [01:23<03:26,  7.11it/s, v_num=5-00]Epoch 0:  29%|██▊       | 593/2063 [01:23<03:26,  7.11it/s, v_num=5-00]Epoch 0:  29%|██▉       | 594/2063 [01:23<03:26,  7.12it/s, v_num=5-00]Epoch 0:  29%|██▉       | 594/2063 [01:23<03:26,  7.12it/s, v_num=5-00]Epoch 0:  29%|██▉       | 595/2063 [01:23<03:25,  7.13it/s, v_num=5-00]Epoch 0:  29%|██▉       | 595/2063 [01:23<03:25,  7.13it/s, v_num=5-00]Epoch 0:  29%|██▉       | 596/2063 [01:23<03:25,  7.14it/s, v_num=5-00]Epoch 0:  29%|██▉       | 596/2063 [01:23<03:25,  7.14it/s, v_num=5-00]Epoch 0:  29%|██▉       | 597/2063 [01:23<03:25,  7.15it/s, v_num=5-00]Epoch 0:  29%|██▉       | 597/2063 [01:23<03:25,  7.15it/s, v_num=5-00]Epoch 0:  29%|██▉       | 598/2063 [01:23<03:24,  7.16it/s, v_num=5-00]Epoch 0:  29%|██▉       | 598/2063 [01:23<03:24,  7.16it/s, v_num=5-00]Epoch 0:  29%|██▉       | 599/2063 [01:23<03:24,  7.17it/s, v_num=5-00]Epoch 0:  29%|██▉       | 599/2063 [01:23<03:24,  7.17it/s, v_num=5-00]Epoch 0:  29%|██▉       | 600/2063 [01:23<03:23,  7.19it/s, v_num=5-00]Epoch 0:  29%|██▉       | 600/2063 [01:23<03:23,  7.19it/s, v_num=5-00]Epoch 0:  29%|██▉       | 601/2063 [01:23<03:23,  7.19it/s, v_num=5-00]Epoch 0:  29%|██▉       | 601/2063 [01:23<03:23,  7.19it/s, v_num=5-00]Epoch 0:  29%|██▉       | 602/2063 [01:23<03:23,  7.20it/s, v_num=5-00]Epoch 0:  29%|██▉       | 602/2063 [01:23<03:23,  7.20it/s, v_num=5-00]Epoch 0:  29%|██▉       | 603/2063 [01:23<03:22,  7.21it/s, v_num=5-00]Epoch 0:  29%|██▉       | 603/2063 [01:23<03:22,  7.21it/s, v_num=5-00]Epoch 0:  29%|██▉       | 604/2063 [01:23<03:22,  7.22it/s, v_num=5-00]Epoch 0:  29%|██▉       | 604/2063 [01:23<03:22,  7.22it/s, v_num=5-00]Epoch 0:  29%|██▉       | 605/2063 [01:23<03:21,  7.23it/s, v_num=5-00]Epoch 0:  29%|██▉       | 605/2063 [01:23<03:21,  7.23it/s, v_num=5-00]Epoch 0:  29%|██▉       | 606/2063 [01:23<03:21,  7.24it/s, v_num=5-00]Epoch 0:  29%|██▉       | 606/2063 [01:23<03:21,  7.24it/s, v_num=5-00]Epoch 0:  29%|██▉       | 607/2063 [01:23<03:20,  7.25it/s, v_num=5-00]Epoch 0:  29%|██▉       | 607/2063 [01:23<03:20,  7.25it/s, v_num=5-00]Epoch 0:  29%|██▉       | 608/2063 [01:23<03:20,  7.27it/s, v_num=5-00]Epoch 0:  29%|██▉       | 608/2063 [01:23<03:20,  7.27it/s, v_num=5-00]Epoch 0:  30%|██▉       | 609/2063 [01:23<03:19,  7.28it/s, v_num=5-00]Epoch 0:  30%|██▉       | 609/2063 [01:23<03:19,  7.28it/s, v_num=5-00]Epoch 0:  30%|██▉       | 610/2063 [01:23<03:19,  7.29it/s, v_num=5-00]Epoch 0:  30%|██▉       | 610/2063 [01:23<03:19,  7.29it/s, v_num=5-00]Epoch 0:  30%|██▉       | 611/2063 [01:23<03:19,  7.29it/s, v_num=5-00]Epoch 0:  30%|██▉       | 611/2063 [01:23<03:19,  7.29it/s, v_num=5-00]Epoch 0:  30%|██▉       | 612/2063 [01:23<03:18,  7.30it/s, v_num=5-00]Epoch 0:  30%|██▉       | 612/2063 [01:23<03:18,  7.30it/s, v_num=5-00]Epoch 0:  30%|██▉       | 613/2063 [01:23<03:18,  7.31it/s, v_num=5-00]Epoch 0:  30%|██▉       | 613/2063 [01:23<03:18,  7.31it/s, v_num=5-00]Epoch 0:  30%|██▉       | 614/2063 [01:23<03:17,  7.32it/s, v_num=5-00]Epoch 0:  30%|██▉       | 614/2063 [01:23<03:17,  7.32it/s, v_num=5-00]Epoch 0:  30%|██▉       | 615/2063 [01:23<03:17,  7.33it/s, v_num=5-00]Epoch 0:  30%|██▉       | 615/2063 [01:23<03:17,  7.33it/s, v_num=5-00]Epoch 0:  30%|██▉       | 616/2063 [01:23<03:16,  7.35it/s, v_num=5-00]Epoch 0:  30%|██▉       | 616/2063 [01:23<03:16,  7.35it/s, v_num=5-00]Epoch 0:  30%|██▉       | 617/2063 [01:23<03:16,  7.36it/s, v_num=5-00]Epoch 0:  30%|██▉       | 617/2063 [01:23<03:16,  7.36it/s, v_num=5-00]Epoch 0:  30%|██▉       | 618/2063 [01:23<03:16,  7.37it/s, v_num=5-00]Epoch 0:  30%|██▉       | 618/2063 [01:23<03:16,  7.37it/s, v_num=5-00]Epoch 0:  30%|███       | 619/2063 [01:23<03:15,  7.38it/s, v_num=5-00]Epoch 0:  30%|███       | 619/2063 [01:23<03:15,  7.38it/s, v_num=5-00]Epoch 0:  30%|███       | 620/2063 [01:23<03:15,  7.39it/s, v_num=5-00]Epoch 0:  30%|███       | 620/2063 [01:23<03:15,  7.39it/s, v_num=5-00]Epoch 0:  30%|███       | 621/2063 [01:25<03:19,  7.23it/s, v_num=5-00]Epoch 0:  30%|███       | 621/2063 [01:25<03:19,  7.23it/s, v_num=5-00]Epoch 0:  30%|███       | 622/2063 [01:25<03:19,  7.24it/s, v_num=5-00]Epoch 0:  30%|███       | 622/2063 [01:25<03:19,  7.24it/s, v_num=5-00]Epoch 0:  30%|███       | 623/2063 [01:25<03:18,  7.25it/s, v_num=5-00]Epoch 0:  30%|███       | 623/2063 [01:25<03:18,  7.25it/s, v_num=5-00]Epoch 0:  30%|███       | 624/2063 [01:25<03:18,  7.26it/s, v_num=5-00]Epoch 0:  30%|███       | 624/2063 [01:25<03:18,  7.26it/s, v_num=5-00]Epoch 0:  30%|███       | 625/2063 [01:25<03:17,  7.27it/s, v_num=5-00]Epoch 0:  30%|███       | 625/2063 [01:25<03:17,  7.27it/s, v_num=5-00]Epoch 0:  30%|███       | 626/2063 [01:25<03:17,  7.28it/s, v_num=5-00]Epoch 0:  30%|███       | 626/2063 [01:25<03:17,  7.28it/s, v_num=5-00]Epoch 0:  30%|███       | 627/2063 [01:25<03:16,  7.29it/s, v_num=5-00]Epoch 0:  30%|███       | 627/2063 [01:25<03:16,  7.29it/s, v_num=5-00]Epoch 0:  30%|███       | 628/2063 [01:25<03:16,  7.30it/s, v_num=5-00]Epoch 0:  30%|███       | 628/2063 [01:25<03:16,  7.30it/s, v_num=5-00]Epoch 0:  30%|███       | 629/2063 [01:25<03:16,  7.32it/s, v_num=5-00]Epoch 0:  30%|███       | 629/2063 [01:25<03:16,  7.32it/s, v_num=5-00]Epoch 0:  31%|███       | 630/2063 [01:25<03:15,  7.33it/s, v_num=5-00]Epoch 0:  31%|███       | 630/2063 [01:25<03:15,  7.33it/s, v_num=5-00]Epoch 0:  31%|███       | 631/2063 [01:29<03:22,  7.07it/s, v_num=5-00]Epoch 0:  31%|███       | 631/2063 [01:29<03:22,  7.07it/s, v_num=5-00]Epoch 0:  31%|███       | 632/2063 [01:29<03:22,  7.08it/s, v_num=5-00]Epoch 0:  31%|███       | 632/2063 [01:29<03:22,  7.08it/s, v_num=5-00]Epoch 0:  31%|███       | 633/2063 [01:29<03:21,  7.09it/s, v_num=5-00]Epoch 0:  31%|███       | 633/2063 [01:29<03:21,  7.09it/s, v_num=5-00]Epoch 0:  31%|███       | 634/2063 [01:29<03:21,  7.10it/s, v_num=5-00]Epoch 0:  31%|███       | 634/2063 [01:29<03:21,  7.10it/s, v_num=5-00]Epoch 0:  31%|███       | 635/2063 [01:29<03:20,  7.11it/s, v_num=5-00]Epoch 0:  31%|███       | 635/2063 [01:29<03:20,  7.11it/s, v_num=5-00]Epoch 0:  31%|███       | 636/2063 [01:29<03:20,  7.12it/s, v_num=5-00]Epoch 0:  31%|███       | 636/2063 [01:29<03:20,  7.12it/s, v_num=5-00]Epoch 0:  31%|███       | 637/2063 [01:29<03:19,  7.13it/s, v_num=5-00]Epoch 0:  31%|███       | 637/2063 [01:29<03:19,  7.13it/s, v_num=5-00]Epoch 0:  31%|███       | 638/2063 [01:29<03:19,  7.14it/s, v_num=5-00]Epoch 0:  31%|███       | 638/2063 [01:29<03:19,  7.14it/s, v_num=5-00]Epoch 0:  31%|███       | 639/2063 [01:29<03:19,  7.15it/s, v_num=5-00]Epoch 0:  31%|███       | 639/2063 [01:29<03:19,  7.15it/s, v_num=5-00]Epoch 0:  31%|███       | 640/2063 [01:29<03:18,  7.16it/s, v_num=5-00]Epoch 0:  31%|███       | 640/2063 [01:29<03:18,  7.16it/s, v_num=5-00]Epoch 0:  31%|███       | 641/2063 [01:33<03:27,  6.87it/s, v_num=5-00]Epoch 0:  31%|███       | 641/2063 [01:33<03:27,  6.87it/s, v_num=5-00]Epoch 0:  31%|███       | 642/2063 [01:33<03:26,  6.88it/s, v_num=5-00]Epoch 0:  31%|███       | 642/2063 [01:33<03:26,  6.88it/s, v_num=5-00]Epoch 0:  31%|███       | 643/2063 [01:33<03:26,  6.89it/s, v_num=5-00]Epoch 0:  31%|███       | 643/2063 [01:33<03:26,  6.89it/s, v_num=5-00]Epoch 0:  31%|███       | 644/2063 [01:33<03:25,  6.90it/s, v_num=5-00]Epoch 0:  31%|███       | 644/2063 [01:33<03:25,  6.90it/s, v_num=5-00]Epoch 0:  31%|███▏      | 645/2063 [01:33<03:25,  6.91it/s, v_num=5-00]Epoch 0:  31%|███▏      | 645/2063 [01:33<03:25,  6.91it/s, v_num=5-00]Epoch 0:  31%|███▏      | 646/2063 [01:33<03:24,  6.92it/s, v_num=5-00]Epoch 0:  31%|███▏      | 646/2063 [01:33<03:24,  6.92it/s, v_num=5-00]Epoch 0:  31%|███▏      | 647/2063 [01:33<03:24,  6.93it/s, v_num=5-00]Epoch 0:  31%|███▏      | 647/2063 [01:33<03:24,  6.93it/s, v_num=5-00]Epoch 0:  31%|███▏      | 648/2063 [01:33<03:23,  6.94it/s, v_num=5-00]Epoch 0:  31%|███▏      | 648/2063 [01:33<03:23,  6.94it/s, v_num=5-00]Epoch 0:  31%|███▏      | 649/2063 [01:33<03:23,  6.95it/s, v_num=5-00]Epoch 0:  31%|███▏      | 649/2063 [01:33<03:23,  6.95it/s, v_num=5-00]Epoch 0:  32%|███▏      | 650/2063 [01:33<03:22,  6.96it/s, v_num=5-00]Epoch 0:  32%|███▏      | 650/2063 [01:33<03:22,  6.96it/s, v_num=5-00]Epoch 0:  32%|███▏      | 651/2063 [01:33<03:22,  6.96it/s, v_num=5-00]Epoch 0:  32%|███▏      | 651/2063 [01:33<03:22,  6.96it/s, v_num=5-00]Epoch 0:  32%|███▏      | 652/2063 [01:33<03:22,  6.97it/s, v_num=5-00]Epoch 0:  32%|███▏      | 652/2063 [01:33<03:22,  6.97it/s, v_num=5-00]Epoch 0:  32%|███▏      | 653/2063 [01:33<03:21,  6.98it/s, v_num=5-00]Epoch 0:  32%|███▏      | 653/2063 [01:33<03:21,  6.98it/s, v_num=5-00]Epoch 0:  32%|███▏      | 654/2063 [01:33<03:21,  6.99it/s, v_num=5-00]Epoch 0:  32%|███▏      | 654/2063 [01:33<03:21,  6.99it/s, v_num=5-00]Epoch 0:  32%|███▏      | 655/2063 [01:33<03:21,  7.00it/s, v_num=5-00]Epoch 0:  32%|███▏      | 655/2063 [01:33<03:21,  7.00it/s, v_num=5-00]Epoch 0:  32%|███▏      | 656/2063 [01:33<03:20,  7.01it/s, v_num=5-00]Epoch 0:  32%|███▏      | 656/2063 [01:33<03:20,  7.01it/s, v_num=5-00]Epoch 0:  32%|███▏      | 657/2063 [01:33<03:20,  7.02it/s, v_num=5-00]Epoch 0:  32%|███▏      | 657/2063 [01:33<03:20,  7.02it/s, v_num=5-00]Epoch 0:  32%|███▏      | 658/2063 [01:33<03:19,  7.03it/s, v_num=5-00]Epoch 0:  32%|███▏      | 658/2063 [01:33<03:19,  7.03it/s, v_num=5-00]Epoch 0:  32%|███▏      | 659/2063 [01:33<03:19,  7.04it/s, v_num=5-00]Epoch 0:  32%|███▏      | 659/2063 [01:33<03:19,  7.04it/s, v_num=5-00]Epoch 0:  32%|███▏      | 660/2063 [01:33<03:18,  7.05it/s, v_num=5-00]Epoch 0:  32%|███▏      | 660/2063 [01:33<03:18,  7.05it/s, v_num=5-00]Epoch 0:  32%|███▏      | 661/2063 [01:33<03:18,  7.05it/s, v_num=5-00]Epoch 0:  32%|███▏      | 661/2063 [01:33<03:18,  7.05it/s, v_num=5-00]Epoch 0:  32%|███▏      | 662/2063 [01:33<03:18,  7.06it/s, v_num=5-00]Epoch 0:  32%|███▏      | 662/2063 [01:33<03:18,  7.06it/s, v_num=5-00]Epoch 0:  32%|███▏      | 663/2063 [01:33<03:17,  7.07it/s, v_num=5-00]Epoch 0:  32%|███▏      | 663/2063 [01:33<03:17,  7.07it/s, v_num=5-00]Epoch 0:  32%|███▏      | 664/2063 [01:33<03:17,  7.08it/s, v_num=5-00]Epoch 0:  32%|███▏      | 664/2063 [01:33<03:17,  7.08it/s, v_num=5-00]Epoch 0:  32%|███▏      | 665/2063 [01:33<03:17,  7.10it/s, v_num=5-00]Epoch 0:  32%|███▏      | 665/2063 [01:33<03:17,  7.10it/s, v_num=5-00]Epoch 0:  32%|███▏      | 666/2063 [01:33<03:16,  7.11it/s, v_num=5-00]Epoch 0:  32%|███▏      | 666/2063 [01:33<03:16,  7.11it/s, v_num=5-00]Epoch 0:  32%|███▏      | 667/2063 [01:33<03:16,  7.12it/s, v_num=5-00]Epoch 0:  32%|███▏      | 667/2063 [01:33<03:16,  7.12it/s, v_num=5-00]Epoch 0:  32%|███▏      | 668/2063 [01:33<03:15,  7.13it/s, v_num=5-00]Epoch 0:  32%|███▏      | 668/2063 [01:33<03:15,  7.13it/s, v_num=5-00]Epoch 0:  32%|███▏      | 669/2063 [01:33<03:15,  7.14it/s, v_num=5-00]Epoch 0:  32%|███▏      | 669/2063 [01:33<03:15,  7.14it/s, v_num=5-00]Epoch 0:  32%|███▏      | 670/2063 [01:33<03:14,  7.15it/s, v_num=5-00]Epoch 0:  32%|███▏      | 670/2063 [01:33<03:14,  7.15it/s, v_num=5-00]Epoch 0:  33%|███▎      | 671/2063 [01:33<03:14,  7.15it/s, v_num=5-00]Epoch 0:  33%|███▎      | 671/2063 [01:33<03:14,  7.15it/s, v_num=5-00]Epoch 0:  33%|███▎      | 672/2063 [01:33<03:14,  7.16it/s, v_num=5-00]Epoch 0:  33%|███▎      | 672/2063 [01:33<03:14,  7.16it/s, v_num=5-00]Epoch 0:  33%|███▎      | 673/2063 [01:33<03:13,  7.17it/s, v_num=5-00]Epoch 0:  33%|███▎      | 673/2063 [01:33<03:13,  7.17it/s, v_num=5-00]Epoch 0:  33%|███▎      | 674/2063 [01:33<03:13,  7.18it/s, v_num=5-00]Epoch 0:  33%|███▎      | 674/2063 [01:33<03:13,  7.18it/s, v_num=5-00]Epoch 0:  33%|███▎      | 675/2063 [01:33<03:13,  7.19it/s, v_num=5-00]Epoch 0:  33%|███▎      | 675/2063 [01:33<03:13,  7.19it/s, v_num=5-00]Epoch 0:  33%|███▎      | 676/2063 [01:33<03:12,  7.20it/s, v_num=5-00]Epoch 0:  33%|███▎      | 676/2063 [01:33<03:12,  7.20it/s, v_num=5-00]Epoch 0:  33%|███▎      | 677/2063 [01:33<03:12,  7.21it/s, v_num=5-00]Epoch 0:  33%|███▎      | 677/2063 [01:33<03:12,  7.21it/s, v_num=5-00]Epoch 0:  33%|███▎      | 678/2063 [01:33<03:11,  7.22it/s, v_num=5-00]Epoch 0:  33%|███▎      | 678/2063 [01:33<03:11,  7.22it/s, v_num=5-00]Epoch 0:  33%|███▎      | 679/2063 [01:33<03:11,  7.23it/s, v_num=5-00]Epoch 0:  33%|███▎      | 679/2063 [01:33<03:11,  7.23it/s, v_num=5-00]Epoch 0:  33%|███▎      | 680/2063 [01:33<03:11,  7.24it/s, v_num=5-00]Epoch 0:  33%|███▎      | 680/2063 [01:33<03:11,  7.24it/s, v_num=5-00]Epoch 0:  33%|███▎      | 681/2063 [01:39<03:21,  6.85it/s, v_num=5-00]Epoch 0:  33%|███▎      | 681/2063 [01:39<03:21,  6.85it/s, v_num=5-00]Epoch 0:  33%|███▎      | 682/2063 [01:39<03:21,  6.86it/s, v_num=5-00]Epoch 0:  33%|███▎      | 682/2063 [01:39<03:21,  6.86it/s, v_num=5-00]Epoch 0:  33%|███▎      | 683/2063 [01:39<03:20,  6.87it/s, v_num=5-00]Epoch 0:  33%|███▎      | 683/2063 [01:39<03:20,  6.87it/s, v_num=5-00]Epoch 0:  33%|███▎      | 684/2063 [01:39<03:20,  6.88it/s, v_num=5-00]Epoch 0:  33%|███▎      | 684/2063 [01:39<03:20,  6.88it/s, v_num=5-00]Epoch 0:  33%|███▎      | 685/2063 [01:39<03:20,  6.89it/s, v_num=5-00]Epoch 0:  33%|███▎      | 685/2063 [01:39<03:20,  6.89it/s, v_num=5-00]Epoch 0:  33%|███▎      | 686/2063 [01:39<03:19,  6.90it/s, v_num=5-00]Epoch 0:  33%|███▎      | 686/2063 [01:39<03:19,  6.90it/s, v_num=5-00]Epoch 0:  33%|███▎      | 687/2063 [01:39<03:19,  6.91it/s, v_num=5-00]Epoch 0:  33%|███▎      | 687/2063 [01:39<03:19,  6.91it/s, v_num=5-00]Epoch 0:  33%|███▎      | 688/2063 [01:39<03:18,  6.92it/s, v_num=5-00]Epoch 0:  33%|███▎      | 688/2063 [01:39<03:18,  6.92it/s, v_num=5-00]Epoch 0:  33%|███▎      | 689/2063 [01:39<03:18,  6.93it/s, v_num=5-00]Epoch 0:  33%|███▎      | 689/2063 [01:39<03:18,  6.93it/s, v_num=5-00]Epoch 0:  33%|███▎      | 690/2063 [01:39<03:17,  6.93it/s, v_num=5-00]Epoch 0:  33%|███▎      | 690/2063 [01:39<03:17,  6.93it/s, v_num=5-00]Epoch 0:  33%|███▎      | 691/2063 [01:39<03:17,  6.94it/s, v_num=5-00]Epoch 0:  33%|███▎      | 691/2063 [01:39<03:17,  6.94it/s, v_num=5-00]Epoch 0:  34%|███▎      | 692/2063 [01:39<03:17,  6.95it/s, v_num=5-00]Epoch 0:  34%|███▎      | 692/2063 [01:39<03:17,  6.95it/s, v_num=5-00]Epoch 0:  34%|███▎      | 693/2063 [01:39<03:16,  6.96it/s, v_num=5-00]Epoch 0:  34%|███▎      | 693/2063 [01:39<03:16,  6.96it/s, v_num=5-00]Epoch 0:  34%|███▎      | 694/2063 [01:39<03:16,  6.97it/s, v_num=5-00]Epoch 0:  34%|███▎      | 694/2063 [01:39<03:16,  6.97it/s, v_num=5-00]Epoch 0:  34%|███▎      | 695/2063 [01:39<03:16,  6.97it/s, v_num=5-00]Epoch 0:  34%|███▎      | 695/2063 [01:39<03:16,  6.97it/s, v_num=5-00]Epoch 0:  34%|███▎      | 696/2063 [01:39<03:15,  6.98it/s, v_num=5-00]Epoch 0:  34%|███▎      | 696/2063 [01:39<03:15,  6.98it/s, v_num=5-00]Epoch 0:  34%|███▍      | 697/2063 [01:39<03:15,  6.99it/s, v_num=5-00]Epoch 0:  34%|███▍      | 697/2063 [01:39<03:15,  6.99it/s, v_num=5-00]Epoch 0:  34%|███▍      | 698/2063 [01:39<03:14,  7.00it/s, v_num=5-00]Epoch 0:  34%|███▍      | 698/2063 [01:39<03:14,  7.00it/s, v_num=5-00]Epoch 0:  34%|███▍      | 699/2063 [01:39<03:14,  7.01it/s, v_num=5-00]Epoch 0:  34%|███▍      | 699/2063 [01:39<03:14,  7.01it/s, v_num=5-00]Epoch 0:  34%|███▍      | 700/2063 [01:39<03:14,  7.02it/s, v_num=5-00]Epoch 0:  34%|███▍      | 700/2063 [01:39<03:14,  7.02it/s, v_num=5-00]Epoch 0:  34%|███▍      | 701/2063 [01:39<03:13,  7.02it/s, v_num=5-00]Epoch 0:  34%|███▍      | 701/2063 [01:39<03:13,  7.02it/s, v_num=5-00]Epoch 0:  34%|███▍      | 702/2063 [01:39<03:13,  7.03it/s, v_num=5-00]Epoch 0:  34%|███▍      | 702/2063 [01:39<03:13,  7.03it/s, v_num=5-00]Epoch 0:  34%|███▍      | 703/2063 [01:39<03:13,  7.04it/s, v_num=5-00]Epoch 0:  34%|███▍      | 703/2063 [01:39<03:13,  7.04it/s, v_num=5-00]Epoch 0:  34%|███▍      | 704/2063 [01:39<03:12,  7.05it/s, v_num=5-00]Epoch 0:  34%|███▍      | 704/2063 [01:39<03:12,  7.05it/s, v_num=5-00]Epoch 0:  34%|███▍      | 705/2063 [01:39<03:12,  7.06it/s, v_num=5-00]Epoch 0:  34%|███▍      | 705/2063 [01:39<03:12,  7.06it/s, v_num=5-00]Epoch 0:  34%|███▍      | 706/2063 [01:39<03:11,  7.07it/s, v_num=5-00]Epoch 0:  34%|███▍      | 706/2063 [01:39<03:11,  7.07it/s, v_num=5-00]Epoch 0:  34%|███▍      | 707/2063 [01:39<03:11,  7.08it/s, v_num=5-00]Epoch 0:  34%|███▍      | 707/2063 [01:39<03:11,  7.08it/s, v_num=5-00]Epoch 0:  34%|███▍      | 708/2063 [01:39<03:11,  7.09it/s, v_num=5-00]Epoch 0:  34%|███▍      | 708/2063 [01:39<03:11,  7.09it/s, v_num=5-00]Epoch 0:  34%|███▍      | 709/2063 [01:39<03:10,  7.10it/s, v_num=5-00]Epoch 0:  34%|███▍      | 709/2063 [01:39<03:10,  7.10it/s, v_num=5-00]Epoch 0:  34%|███▍      | 710/2063 [01:39<03:10,  7.11it/s, v_num=5-00]Epoch 0:  34%|███▍      | 710/2063 [01:39<03:10,  7.11it/s, v_num=5-00]Epoch 0:  34%|███▍      | 711/2063 [01:41<03:13,  6.99it/s, v_num=5-00]Epoch 0:  34%|███▍      | 711/2063 [01:41<03:13,  6.99it/s, v_num=5-00]Epoch 0:  35%|███▍      | 712/2063 [01:41<03:13,  7.00it/s, v_num=5-00]Epoch 0:  35%|███▍      | 712/2063 [01:41<03:13,  7.00it/s, v_num=5-00]Epoch 0:  35%|███▍      | 713/2063 [01:41<03:12,  7.01it/s, v_num=5-00]Epoch 0:  35%|███▍      | 713/2063 [01:41<03:12,  7.01it/s, v_num=5-00]Epoch 0:  35%|███▍      | 714/2063 [01:41<03:12,  7.02it/s, v_num=5-00]Epoch 0:  35%|███▍      | 714/2063 [01:41<03:12,  7.02it/s, v_num=5-00]Epoch 0:  35%|███▍      | 715/2063 [01:41<03:11,  7.03it/s, v_num=5-00]Epoch 0:  35%|███▍      | 715/2063 [01:41<03:11,  7.03it/s, v_num=5-00]Epoch 0:  35%|███▍      | 716/2063 [01:41<03:11,  7.04it/s, v_num=5-00]Epoch 0:  35%|███▍      | 716/2063 [01:41<03:11,  7.04it/s, v_num=5-00]Epoch 0:  35%|███▍      | 717/2063 [01:41<03:11,  7.05it/s, v_num=5-00]Epoch 0:  35%|███▍      | 717/2063 [01:41<03:11,  7.05it/s, v_num=5-00]Epoch 0:  35%|███▍      | 718/2063 [01:41<03:10,  7.06it/s, v_num=5-00]Epoch 0:  35%|███▍      | 718/2063 [01:41<03:10,  7.06it/s, v_num=5-00]Epoch 0:  35%|███▍      | 719/2063 [01:41<03:10,  7.07it/s, v_num=5-00]Epoch 0:  35%|███▍      | 719/2063 [01:41<03:10,  7.07it/s, v_num=5-00]Epoch 0:  35%|███▍      | 720/2063 [01:41<03:09,  7.07it/s, v_num=5-00]Epoch 0:  35%|███▍      | 720/2063 [01:41<03:09,  7.07it/s, v_num=5-00]Epoch 0:  35%|███▍      | 721/2063 [01:41<03:09,  7.07it/s, v_num=5-00]Epoch 0:  35%|███▍      | 721/2063 [01:41<03:09,  7.07it/s, v_num=5-00]Epoch 0:  35%|███▍      | 722/2063 [01:41<03:09,  7.08it/s, v_num=5-00]Epoch 0:  35%|███▍      | 722/2063 [01:41<03:09,  7.08it/s, v_num=5-00]Epoch 0:  35%|███▌      | 723/2063 [01:41<03:08,  7.09it/s, v_num=5-00]Epoch 0:  35%|███▌      | 723/2063 [01:41<03:08,  7.09it/s, v_num=5-00]Epoch 0:  35%|███▌      | 724/2063 [01:41<03:08,  7.10it/s, v_num=5-00]Epoch 0:  35%|███▌      | 724/2063 [01:41<03:08,  7.10it/s, v_num=5-00]Epoch 0:  35%|███▌      | 725/2063 [01:41<03:08,  7.11it/s, v_num=5-00]Epoch 0:  35%|███▌      | 725/2063 [01:41<03:08,  7.11it/s, v_num=5-00]Epoch 0:  35%|███▌      | 726/2063 [01:41<03:07,  7.12it/s, v_num=5-00]Epoch 0:  35%|███▌      | 726/2063 [01:41<03:07,  7.12it/s, v_num=5-00]Epoch 0:  35%|███▌      | 727/2063 [01:41<03:07,  7.13it/s, v_num=5-00]Epoch 0:  35%|███▌      | 727/2063 [01:41<03:07,  7.13it/s, v_num=5-00]Epoch 0:  35%|███▌      | 728/2063 [01:41<03:06,  7.14it/s, v_num=5-00]Epoch 0:  35%|███▌      | 728/2063 [01:41<03:06,  7.14it/s, v_num=5-00]Epoch 0:  35%|███▌      | 729/2063 [01:41<03:06,  7.15it/s, v_num=5-00]Epoch 0:  35%|███▌      | 729/2063 [01:41<03:06,  7.15it/s, v_num=5-00]Epoch 0:  35%|███▌      | 730/2063 [01:41<03:06,  7.16it/s, v_num=5-00]Epoch 0:  35%|███▌      | 730/2063 [01:41<03:06,  7.16it/s, v_num=5-00]Epoch 0:  35%|███▌      | 731/2063 [01:43<03:08,  7.06it/s, v_num=5-00]Epoch 0:  35%|███▌      | 731/2063 [01:43<03:08,  7.06it/s, v_num=5-00]Epoch 0:  35%|███▌      | 732/2063 [01:43<03:08,  7.07it/s, v_num=5-00]Epoch 0:  35%|███▌      | 732/2063 [01:43<03:08,  7.07it/s, v_num=5-00]Epoch 0:  36%|███▌      | 733/2063 [01:43<03:07,  7.08it/s, v_num=5-00]Epoch 0:  36%|███▌      | 733/2063 [01:43<03:07,  7.08it/s, v_num=5-00]Epoch 0:  36%|███▌      | 734/2063 [01:43<03:07,  7.09it/s, v_num=5-00]Epoch 0:  36%|███▌      | 734/2063 [01:43<03:07,  7.09it/s, v_num=5-00]Epoch 0:  36%|███▌      | 735/2063 [01:43<03:07,  7.09it/s, v_num=5-00]Epoch 0:  36%|███▌      | 735/2063 [01:43<03:07,  7.09it/s, v_num=5-00]Epoch 0:  36%|███▌      | 736/2063 [01:43<03:06,  7.10it/s, v_num=5-00]Epoch 0:  36%|███▌      | 736/2063 [01:43<03:06,  7.10it/s, v_num=5-00]Epoch 0:  36%|███▌      | 737/2063 [01:43<03:06,  7.11it/s, v_num=5-00]Epoch 0:  36%|███▌      | 737/2063 [01:43<03:06,  7.11it/s, v_num=5-00]Epoch 0:  36%|███▌      | 738/2063 [01:43<03:06,  7.12it/s, v_num=5-00]Epoch 0:  36%|███▌      | 738/2063 [01:43<03:06,  7.12it/s, v_num=5-00]Epoch 0:  36%|███▌      | 739/2063 [01:43<03:05,  7.13it/s, v_num=5-00]Epoch 0:  36%|███▌      | 739/2063 [01:43<03:05,  7.13it/s, v_num=5-00]Epoch 0:  36%|███▌      | 740/2063 [01:43<03:05,  7.14it/s, v_num=5-00]Epoch 0:  36%|███▌      | 740/2063 [01:43<03:05,  7.14it/s, v_num=5-00]Epoch 0:  36%|███▌      | 741/2063 [01:43<03:05,  7.14it/s, v_num=5-00]Epoch 0:  36%|███▌      | 741/2063 [01:43<03:05,  7.14it/s, v_num=5-00]Epoch 0:  36%|███▌      | 742/2063 [01:43<03:04,  7.15it/s, v_num=5-00]Epoch 0:  36%|███▌      | 742/2063 [01:43<03:04,  7.15it/s, v_num=5-00]Epoch 0:  36%|███▌      | 743/2063 [01:43<03:04,  7.16it/s, v_num=5-00]Epoch 0:  36%|███▌      | 743/2063 [01:43<03:04,  7.16it/s, v_num=5-00]Epoch 0:  36%|███▌      | 744/2063 [01:43<03:03,  7.17it/s, v_num=5-00]Epoch 0:  36%|███▌      | 744/2063 [01:43<03:03,  7.17it/s, v_num=5-00]Epoch 0:  36%|███▌      | 745/2063 [01:43<03:03,  7.18it/s, v_num=5-00]Epoch 0:  36%|███▌      | 745/2063 [01:43<03:03,  7.18it/s, v_num=5-00]Epoch 0:  36%|███▌      | 746/2063 [01:43<03:03,  7.19it/s, v_num=5-00]Epoch 0:  36%|███▌      | 746/2063 [01:43<03:03,  7.19it/s, v_num=5-00]Epoch 0:  36%|███▌      | 747/2063 [01:43<03:02,  7.20it/s, v_num=5-00]Epoch 0:  36%|███▌      | 747/2063 [01:43<03:02,  7.20it/s, v_num=5-00]Epoch 0:  36%|███▋      | 748/2063 [01:43<03:02,  7.21it/s, v_num=5-00]Epoch 0:  36%|███▋      | 748/2063 [01:43<03:02,  7.21it/s, v_num=5-00]Epoch 0:  36%|███▋      | 749/2063 [01:43<03:02,  7.22it/s, v_num=5-00]Epoch 0:  36%|███▋      | 749/2063 [01:43<03:02,  7.22it/s, v_num=5-00]Epoch 0:  36%|███▋      | 750/2063 [01:43<03:01,  7.23it/s, v_num=5-00]Epoch 0:  36%|███▋      | 750/2063 [01:43<03:01,  7.23it/s, v_num=5-00]Epoch 0:  36%|███▋      | 751/2063 [01:48<03:10,  6.90it/s, v_num=5-00]Epoch 0:  36%|███▋      | 751/2063 [01:48<03:10,  6.90it/s, v_num=5-00]Epoch 0:  36%|███▋      | 752/2063 [01:48<03:09,  6.91it/s, v_num=5-00]Epoch 0:  36%|███▋      | 752/2063 [01:48<03:09,  6.91it/s, v_num=5-00]Epoch 0:  37%|███▋      | 753/2063 [01:48<03:09,  6.92it/s, v_num=5-00]Epoch 0:  37%|███▋      | 753/2063 [01:48<03:09,  6.92it/s, v_num=5-00]Epoch 0:  37%|███▋      | 754/2063 [01:48<03:08,  6.93it/s, v_num=5-00]Epoch 0:  37%|███▋      | 754/2063 [01:48<03:08,  6.93it/s, v_num=5-00]Epoch 0:  37%|███▋      | 755/2063 [01:48<03:08,  6.94it/s, v_num=5-00]Epoch 0:  37%|███▋      | 755/2063 [01:48<03:08,  6.94it/s, v_num=5-00]Epoch 0:  37%|███▋      | 756/2063 [01:48<03:08,  6.95it/s, v_num=5-00]Epoch 0:  37%|███▋      | 756/2063 [01:48<03:08,  6.95it/s, v_num=5-00]Epoch 0:  37%|███▋      | 757/2063 [01:48<03:07,  6.95it/s, v_num=5-00]Epoch 0:  37%|███▋      | 757/2063 [01:48<03:07,  6.95it/s, v_num=5-00]Epoch 0:  37%|███▋      | 758/2063 [01:48<03:07,  6.96it/s, v_num=5-00]Epoch 0:  37%|███▋      | 758/2063 [01:48<03:07,  6.96it/s, v_num=5-00]Epoch 0:  37%|███▋      | 759/2063 [01:48<03:07,  6.97it/s, v_num=5-00]Epoch 0:  37%|███▋      | 759/2063 [01:48<03:07,  6.97it/s, v_num=5-00]Epoch 0:  37%|███▋      | 760/2063 [01:48<03:06,  6.98it/s, v_num=5-00]Epoch 0:  37%|███▋      | 760/2063 [01:48<03:06,  6.98it/s, v_num=5-00]Epoch 0:  37%|███▋      | 761/2063 [01:49<03:06,  6.98it/s, v_num=5-00]Epoch 0:  37%|███▋      | 761/2063 [01:49<03:06,  6.98it/s, v_num=5-00]Epoch 0:  37%|███▋      | 762/2063 [01:49<03:06,  6.99it/s, v_num=5-00]Epoch 0:  37%|███▋      | 762/2063 [01:49<03:06,  6.99it/s, v_num=5-00]Epoch 0:  37%|███▋      | 763/2063 [01:49<03:05,  7.00it/s, v_num=5-00]Epoch 0:  37%|███▋      | 763/2063 [01:49<03:05,  7.00it/s, v_num=5-00]Epoch 0:  37%|███▋      | 764/2063 [01:49<03:05,  7.01it/s, v_num=5-00]Epoch 0:  37%|███▋      | 764/2063 [01:49<03:05,  7.01it/s, v_num=5-00]Epoch 0:  37%|███▋      | 765/2063 [01:49<03:04,  7.02it/s, v_num=5-00]Epoch 0:  37%|███▋      | 765/2063 [01:49<03:04,  7.02it/s, v_num=5-00]Epoch 0:  37%|███▋      | 766/2063 [01:49<03:04,  7.03it/s, v_num=5-00]Epoch 0:  37%|███▋      | 766/2063 [01:49<03:04,  7.03it/s, v_num=5-00]Epoch 0:  37%|███▋      | 767/2063 [01:49<03:04,  7.03it/s, v_num=5-00]Epoch 0:  37%|███▋      | 767/2063 [01:49<03:04,  7.03it/s, v_num=5-00]Epoch 0:  37%|███▋      | 768/2063 [01:49<03:03,  7.04it/s, v_num=5-00]Epoch 0:  37%|███▋      | 768/2063 [01:49<03:03,  7.04it/s, v_num=5-00]Epoch 0:  37%|███▋      | 769/2063 [01:49<03:03,  7.05it/s, v_num=5-00]Epoch 0:  37%|███▋      | 769/2063 [01:49<03:03,  7.05it/s, v_num=5-00]Epoch 0:  37%|███▋      | 770/2063 [01:49<03:03,  7.06it/s, v_num=5-00]Epoch 0:  37%|███▋      | 770/2063 [01:49<03:03,  7.06it/s, v_num=5-00]Epoch 0:  37%|███▋      | 771/2063 [01:50<03:05,  6.98it/s, v_num=5-00]Epoch 0:  37%|███▋      | 771/2063 [01:50<03:05,  6.98it/s, v_num=5-00]Epoch 0:  37%|███▋      | 772/2063 [01:50<03:04,  6.99it/s, v_num=5-00]Epoch 0:  37%|███▋      | 772/2063 [01:50<03:04,  6.99it/s, v_num=5-00]Epoch 0:  37%|███▋      | 773/2063 [01:50<03:04,  6.99it/s, v_num=5-00]Epoch 0:  37%|███▋      | 773/2063 [01:50<03:04,  6.99it/s, v_num=5-00]Epoch 0:  38%|███▊      | 774/2063 [01:50<03:04,  7.00it/s, v_num=5-00]Epoch 0:  38%|███▊      | 774/2063 [01:50<03:04,  7.00it/s, v_num=5-00]Epoch 0:  38%|███▊      | 775/2063 [01:50<03:03,  7.01it/s, v_num=5-00]Epoch 0:  38%|███▊      | 775/2063 [01:50<03:03,  7.01it/s, v_num=5-00]Epoch 0:  38%|███▊      | 776/2063 [01:50<03:03,  7.02it/s, v_num=5-00]Epoch 0:  38%|███▊      | 776/2063 [01:50<03:03,  7.02it/s, v_num=5-00]Epoch 0:  38%|███▊      | 777/2063 [01:50<03:02,  7.03it/s, v_num=5-00]Epoch 0:  38%|███▊      | 777/2063 [01:50<03:02,  7.03it/s, v_num=5-00]Epoch 0:  38%|███▊      | 778/2063 [01:50<03:02,  7.04it/s, v_num=5-00]Epoch 0:  38%|███▊      | 778/2063 [01:50<03:02,  7.04it/s, v_num=5-00]Epoch 0:  38%|███▊      | 779/2063 [01:50<03:02,  7.05it/s, v_num=5-00]Epoch 0:  38%|███▊      | 779/2063 [01:50<03:02,  7.05it/s, v_num=5-00]Epoch 0:  38%|███▊      | 780/2063 [01:50<03:01,  7.06it/s, v_num=5-00]Epoch 0:  38%|███▊      | 780/2063 [01:50<03:01,  7.06it/s, v_num=5-00]Epoch 0:  38%|███▊      | 781/2063 [01:50<03:01,  7.06it/s, v_num=5-00]Epoch 0:  38%|███▊      | 781/2063 [01:50<03:01,  7.06it/s, v_num=5-00]Epoch 0:  38%|███▊      | 782/2063 [01:50<03:01,  7.06it/s, v_num=5-00]Epoch 0:  38%|███▊      | 782/2063 [01:50<03:01,  7.06it/s, v_num=5-00]Epoch 0:  38%|███▊      | 783/2063 [01:50<03:00,  7.07it/s, v_num=5-00]Epoch 0:  38%|███▊      | 783/2063 [01:50<03:00,  7.07it/s, v_num=5-00]Epoch 0:  38%|███▊      | 784/2063 [01:50<03:00,  7.08it/s, v_num=5-00]Epoch 0:  38%|███▊      | 784/2063 [01:50<03:00,  7.08it/s, v_num=5-00]Epoch 0:  38%|███▊      | 785/2063 [01:50<03:00,  7.09it/s, v_num=5-00]Epoch 0:  38%|███▊      | 785/2063 [01:50<03:00,  7.09it/s, v_num=5-00]Epoch 0:  38%|███▊      | 786/2063 [01:50<02:59,  7.10it/s, v_num=5-00]Epoch 0:  38%|███▊      | 786/2063 [01:50<02:59,  7.10it/s, v_num=5-00]Epoch 0:  38%|███▊      | 787/2063 [01:50<02:59,  7.11it/s, v_num=5-00]Epoch 0:  38%|███▊      | 787/2063 [01:50<02:59,  7.11it/s, v_num=5-00]Epoch 0:  38%|███▊      | 788/2063 [01:50<02:59,  7.12it/s, v_num=5-00]Epoch 0:  38%|███▊      | 788/2063 [01:50<02:59,  7.12it/s, v_num=5-00]Epoch 0:  38%|███▊      | 789/2063 [01:50<02:58,  7.12it/s, v_num=5-00]Epoch 0:  38%|███▊      | 789/2063 [01:50<02:58,  7.12it/s, v_num=5-00]Epoch 0:  38%|███▊      | 790/2063 [01:50<02:58,  7.13it/s, v_num=5-00]Epoch 0:  38%|███▊      | 790/2063 [01:50<02:58,  7.13it/s, v_num=5-00]Epoch 0:  38%|███▊      | 791/2063 [01:55<03:05,  6.84it/s, v_num=5-00]Epoch 0:  38%|███▊      | 791/2063 [01:55<03:05,  6.84it/s, v_num=5-00]Epoch 0:  38%|███▊      | 792/2063 [01:55<03:05,  6.85it/s, v_num=5-00]Epoch 0:  38%|███▊      | 792/2063 [01:55<03:05,  6.85it/s, v_num=5-00]Epoch 0:  38%|███▊      | 793/2063 [01:55<03:05,  6.86it/s, v_num=5-00]Epoch 0:  38%|███▊      | 793/2063 [01:55<03:05,  6.86it/s, v_num=5-00]Epoch 0:  38%|███▊      | 794/2063 [01:55<03:04,  6.87it/s, v_num=5-00]Epoch 0:  38%|███▊      | 794/2063 [01:55<03:04,  6.87it/s, v_num=5-00]Epoch 0:  39%|███▊      | 795/2063 [01:55<03:04,  6.88it/s, v_num=5-00]Epoch 0:  39%|███▊      | 795/2063 [01:55<03:04,  6.88it/s, v_num=5-00]Epoch 0:  39%|███▊      | 796/2063 [01:55<03:03,  6.89it/s, v_num=5-00]Epoch 0:  39%|███▊      | 796/2063 [01:55<03:03,  6.89it/s, v_num=5-00]Epoch 0:  39%|███▊      | 797/2063 [01:55<03:03,  6.89it/s, v_num=5-00]Epoch 0:  39%|███▊      | 797/2063 [01:55<03:03,  6.89it/s, v_num=5-00]Epoch 0:  39%|███▊      | 798/2063 [01:55<03:03,  6.90it/s, v_num=5-00]Epoch 0:  39%|███▊      | 798/2063 [01:55<03:03,  6.90it/s, v_num=5-00]Epoch 0:  39%|███▊      | 799/2063 [01:55<03:02,  6.91it/s, v_num=5-00]Epoch 0:  39%|███▊      | 799/2063 [01:55<03:02,  6.91it/s, v_num=5-00]Epoch 0:  39%|███▉      | 800/2063 [01:55<03:02,  6.92it/s, v_num=5-00]Epoch 0:  39%|███▉      | 800/2063 [01:55<03:02,  6.92it/s, v_num=5-00]Epoch 0:  39%|███▉      | 801/2063 [02:02<03:13,  6.54it/s, v_num=5-00]Epoch 0:  39%|███▉      | 801/2063 [02:02<03:13,  6.54it/s, v_num=5-00]Epoch 0:  39%|███▉      | 802/2063 [02:02<03:12,  6.54it/s, v_num=5-00]Epoch 0:  39%|███▉      | 802/2063 [02:02<03:12,  6.54it/s, v_num=5-00]Epoch 0:  39%|███▉      | 803/2063 [02:02<03:12,  6.55it/s, v_num=5-00]Epoch 0:  39%|███▉      | 803/2063 [02:02<03:12,  6.55it/s, v_num=5-00]Epoch 0:  39%|███▉      | 804/2063 [02:02<03:11,  6.56it/s, v_num=5-00]Epoch 0:  39%|███▉      | 804/2063 [02:02<03:11,  6.56it/s, v_num=5-00]Epoch 0:  39%|███▉      | 805/2063 [02:02<03:11,  6.57it/s, v_num=5-00]Epoch 0:  39%|███▉      | 805/2063 [02:02<03:11,  6.57it/s, v_num=5-00]Epoch 0:  39%|███▉      | 806/2063 [02:02<03:11,  6.57it/s, v_num=5-00]Epoch 0:  39%|███▉      | 806/2063 [02:02<03:11,  6.57it/s, v_num=5-00]Epoch 0:  39%|███▉      | 807/2063 [02:02<03:10,  6.58it/s, v_num=5-00]Epoch 0:  39%|███▉      | 807/2063 [02:02<03:10,  6.58it/s, v_num=5-00]Epoch 0:  39%|███▉      | 808/2063 [02:02<03:10,  6.59it/s, v_num=5-00]Epoch 0:  39%|███▉      | 808/2063 [02:02<03:10,  6.59it/s, v_num=5-00]Epoch 0:  39%|███▉      | 809/2063 [02:02<03:10,  6.60it/s, v_num=5-00]Epoch 0:  39%|███▉      | 809/2063 [02:02<03:10,  6.60it/s, v_num=5-00]Epoch 0:  39%|███▉      | 810/2063 [02:02<03:09,  6.61it/s, v_num=5-00]Epoch 0:  39%|███▉      | 810/2063 [02:02<03:09,  6.61it/s, v_num=5-00]Epoch 0:  39%|███▉      | 811/2063 [02:02<03:09,  6.61it/s, v_num=5-00]Epoch 0:  39%|███▉      | 811/2063 [02:02<03:09,  6.61it/s, v_num=5-00]Epoch 0:  39%|███▉      | 812/2063 [02:02<03:09,  6.61it/s, v_num=5-00]Epoch 0:  39%|███▉      | 812/2063 [02:02<03:09,  6.61it/s, v_num=5-00]Epoch 0:  39%|███▉      | 813/2063 [02:02<03:08,  6.62it/s, v_num=5-00]Epoch 0:  39%|███▉      | 813/2063 [02:02<03:08,  6.62it/s, v_num=5-00]Epoch 0:  39%|███▉      | 814/2063 [02:02<03:08,  6.63it/s, v_num=5-00]Epoch 0:  39%|███▉      | 814/2063 [02:02<03:08,  6.63it/s, v_num=5-00]Epoch 0:  40%|███▉      | 815/2063 [02:02<03:07,  6.64it/s, v_num=5-00]Epoch 0:  40%|███▉      | 815/2063 [02:02<03:07,  6.64it/s, v_num=5-00]Epoch 0:  40%|███▉      | 816/2063 [02:02<03:07,  6.65it/s, v_num=5-00]Epoch 0:  40%|███▉      | 816/2063 [02:02<03:07,  6.65it/s, v_num=5-00]Epoch 0:  40%|███▉      | 817/2063 [02:02<03:07,  6.65it/s, v_num=5-00]Epoch 0:  40%|███▉      | 817/2063 [02:02<03:07,  6.65it/s, v_num=5-00]Epoch 0:  40%|███▉      | 818/2063 [02:02<03:06,  6.66it/s, v_num=5-00]Epoch 0:  40%|███▉      | 818/2063 [02:02<03:06,  6.66it/s, v_num=5-00]Epoch 0:  40%|███▉      | 819/2063 [02:02<03:06,  6.67it/s, v_num=5-00]Epoch 0:  40%|███▉      | 819/2063 [02:02<03:06,  6.67it/s, v_num=5-00]Epoch 0:  40%|███▉      | 820/2063 [02:02<03:06,  6.68it/s, v_num=5-00]Epoch 0:  40%|███▉      | 820/2063 [02:02<03:06,  6.68it/s, v_num=5-00]Epoch 0:  40%|███▉      | 821/2063 [02:04<03:08,  6.59it/s, v_num=5-00]Epoch 0:  40%|███▉      | 821/2063 [02:04<03:08,  6.59it/s, v_num=5-00]Epoch 0:  40%|███▉      | 822/2063 [02:04<03:08,  6.60it/s, v_num=5-00]Epoch 0:  40%|███▉      | 822/2063 [02:04<03:08,  6.60it/s, v_num=5-00]Epoch 0:  40%|███▉      | 823/2063 [02:04<03:07,  6.61it/s, v_num=5-00]Epoch 0:  40%|███▉      | 823/2063 [02:04<03:07,  6.61it/s, v_num=5-00]Epoch 0:  40%|███▉      | 824/2063 [02:04<03:07,  6.61it/s, v_num=5-00]Epoch 0:  40%|███▉      | 824/2063 [02:04<03:07,  6.61it/s, v_num=5-00]Epoch 0:  40%|███▉      | 825/2063 [02:04<03:06,  6.62it/s, v_num=5-00]Epoch 0:  40%|███▉      | 825/2063 [02:04<03:06,  6.62it/s, v_num=5-00]Epoch 0:  40%|████      | 826/2063 [02:04<03:06,  6.63it/s, v_num=5-00]Epoch 0:  40%|████      | 826/2063 [02:04<03:06,  6.63it/s, v_num=5-00]Epoch 0:  40%|████      | 827/2063 [02:04<03:06,  6.64it/s, v_num=5-00]Epoch 0:  40%|████      | 827/2063 [02:04<03:06,  6.64it/s, v_num=5-00]Epoch 0:  40%|████      | 828/2063 [02:04<03:05,  6.64it/s, v_num=5-00]Epoch 0:  40%|████      | 828/2063 [02:04<03:05,  6.64it/s, v_num=5-00]Epoch 0:  40%|████      | 829/2063 [02:04<03:05,  6.65it/s, v_num=5-00]Epoch 0:  40%|████      | 829/2063 [02:04<03:05,  6.65it/s, v_num=5-00]Epoch 0:  40%|████      | 830/2063 [02:04<03:05,  6.66it/s, v_num=5-00]Epoch 0:  40%|████      | 830/2063 [02:04<03:05,  6.66it/s, v_num=5-00]Epoch 0:  40%|████      | 831/2063 [02:08<03:10,  6.45it/s, v_num=5-00]Epoch 0:  40%|████      | 831/2063 [02:08<03:10,  6.45it/s, v_num=5-00]Epoch 0:  40%|████      | 832/2063 [02:08<03:10,  6.46it/s, v_num=5-00]Epoch 0:  40%|████      | 832/2063 [02:08<03:10,  6.46it/s, v_num=5-00]Epoch 0:  40%|████      | 833/2063 [02:08<03:10,  6.47it/s, v_num=5-00]Epoch 0:  40%|████      | 833/2063 [02:08<03:10,  6.47it/s, v_num=5-00]Epoch 0:  40%|████      | 834/2063 [02:08<03:09,  6.48it/s, v_num=5-00]Epoch 0:  40%|████      | 834/2063 [02:08<03:09,  6.48it/s, v_num=5-00]Epoch 0:  40%|████      | 835/2063 [02:08<03:09,  6.48it/s, v_num=5-00]Epoch 0:  40%|████      | 835/2063 [02:08<03:09,  6.48it/s, v_num=5-00]Epoch 0:  41%|████      | 836/2063 [02:08<03:09,  6.49it/s, v_num=5-00]Epoch 0:  41%|████      | 836/2063 [02:08<03:09,  6.49it/s, v_num=5-00]Epoch 0:  41%|████      | 837/2063 [02:08<03:08,  6.50it/s, v_num=5-00]Epoch 0:  41%|████      | 837/2063 [02:08<03:08,  6.50it/s, v_num=5-00]Epoch 0:  41%|████      | 838/2063 [02:08<03:08,  6.51it/s, v_num=5-00]Epoch 0:  41%|████      | 838/2063 [02:08<03:08,  6.51it/s, v_num=5-00]Epoch 0:  41%|████      | 839/2063 [02:08<03:07,  6.51it/s, v_num=5-00]Epoch 0:  41%|████      | 839/2063 [02:08<03:07,  6.51it/s, v_num=5-00]Epoch 0:  41%|████      | 840/2063 [02:08<03:07,  6.52it/s, v_num=5-00]Epoch 0:  41%|████      | 840/2063 [02:08<03:07,  6.52it/s, v_num=5-00]Epoch 0:  41%|████      | 841/2063 [02:13<03:13,  6.30it/s, v_num=5-00]Epoch 0:  41%|████      | 841/2063 [02:13<03:13,  6.30it/s, v_num=5-00]Epoch 0:  41%|████      | 842/2063 [02:13<03:13,  6.31it/s, v_num=5-00]Epoch 0:  41%|████      | 842/2063 [02:13<03:13,  6.31it/s, v_num=5-00]Epoch 0:  41%|████      | 843/2063 [02:13<03:13,  6.32it/s, v_num=5-00]Epoch 0:  41%|████      | 843/2063 [02:13<03:13,  6.32it/s, v_num=5-00]Epoch 0:  41%|████      | 844/2063 [02:13<03:12,  6.32it/s, v_num=5-00]Epoch 0:  41%|████      | 844/2063 [02:13<03:12,  6.32it/s, v_num=5-00]Epoch 0:  41%|████      | 845/2063 [02:13<03:12,  6.33it/s, v_num=5-00]Epoch 0:  41%|████      | 845/2063 [02:13<03:12,  6.33it/s, v_num=5-00]Epoch 0:  41%|████      | 846/2063 [02:13<03:12,  6.34it/s, v_num=5-00]Epoch 0:  41%|████      | 846/2063 [02:13<03:12,  6.34it/s, v_num=5-00]Epoch 0:  41%|████      | 847/2063 [02:13<03:11,  6.34it/s, v_num=5-00]Epoch 0:  41%|████      | 847/2063 [02:13<03:11,  6.34it/s, v_num=5-00]Epoch 0:  41%|████      | 848/2063 [02:13<03:11,  6.35it/s, v_num=5-00]Epoch 0:  41%|████      | 848/2063 [02:13<03:11,  6.35it/s, v_num=5-00]Epoch 0:  41%|████      | 849/2063 [02:13<03:10,  6.36it/s, v_num=5-00]Epoch 0:  41%|████      | 849/2063 [02:13<03:10,  6.36it/s, v_num=5-00]Epoch 0:  41%|████      | 850/2063 [02:13<03:10,  6.37it/s, v_num=5-00]Epoch 0:  41%|████      | 850/2063 [02:13<03:10,  6.37it/s, v_num=5-00]Epoch 0:  41%|████▏     | 851/2063 [02:15<03:12,  6.30it/s, v_num=5-00]Epoch 0:  41%|████▏     | 851/2063 [02:15<03:12,  6.30it/s, v_num=5-00]Epoch 0:  41%|████▏     | 852/2063 [02:15<03:12,  6.31it/s, v_num=5-00]Epoch 0:  41%|████▏     | 852/2063 [02:15<03:12,  6.31it/s, v_num=5-00]Epoch 0:  41%|████▏     | 853/2063 [02:15<03:11,  6.31it/s, v_num=5-00]Epoch 0:  41%|████▏     | 853/2063 [02:15<03:11,  6.31it/s, v_num=5-00]Epoch 0:  41%|████▏     | 854/2063 [02:15<03:11,  6.32it/s, v_num=5-00]Epoch 0:  41%|████▏     | 854/2063 [02:15<03:11,  6.32it/s, v_num=5-00]Epoch 0:  41%|████▏     | 855/2063 [02:15<03:10,  6.33it/s, v_num=5-00]Epoch 0:  41%|████▏     | 855/2063 [02:15<03:10,  6.33it/s, v_num=5-00]Epoch 0:  41%|████▏     | 856/2063 [02:15<03:10,  6.33it/s, v_num=5-00]Epoch 0:  41%|████▏     | 856/2063 [02:15<03:10,  6.33it/s, v_num=5-00]Epoch 0:  42%|████▏     | 857/2063 [02:15<03:10,  6.34it/s, v_num=5-00]Epoch 0:  42%|████▏     | 857/2063 [02:15<03:10,  6.34it/s, v_num=5-00]Epoch 0:  42%|████▏     | 858/2063 [02:15<03:09,  6.35it/s, v_num=5-00]Epoch 0:  42%|████▏     | 858/2063 [02:15<03:09,  6.35it/s, v_num=5-00]Epoch 0:  42%|████▏     | 859/2063 [02:15<03:09,  6.35it/s, v_num=5-00]Epoch 0:  42%|████▏     | 859/2063 [02:15<03:09,  6.35it/s, v_num=5-00]Epoch 0:  42%|████▏     | 860/2063 [02:15<03:09,  6.36it/s, v_num=5-00]Epoch 0:  42%|████▏     | 860/2063 [02:15<03:09,  6.36it/s, v_num=5-00]Epoch 0:  42%|████▏     | 861/2063 [02:17<03:11,  6.27it/s, v_num=5-00]Epoch 0:  42%|████▏     | 861/2063 [02:17<03:11,  6.27it/s, v_num=5-00]Epoch 0:  42%|████▏     | 862/2063 [02:17<03:11,  6.27it/s, v_num=5-00]Epoch 0:  42%|████▏     | 862/2063 [02:17<03:11,  6.27it/s, v_num=5-00]Epoch 0:  42%|████▏     | 863/2063 [02:17<03:11,  6.28it/s, v_num=5-00]Epoch 0:  42%|████▏     | 863/2063 [02:17<03:11,  6.28it/s, v_num=5-00]Epoch 0:  42%|████▏     | 864/2063 [02:17<03:10,  6.29it/s, v_num=5-00]Epoch 0:  42%|████▏     | 864/2063 [02:17<03:10,  6.29it/s, v_num=5-00]Epoch 0:  42%|████▏     | 865/2063 [02:17<03:10,  6.30it/s, v_num=5-00]Epoch 0:  42%|████▏     | 865/2063 [02:17<03:10,  6.30it/s, v_num=5-00]Epoch 0:  42%|████▏     | 866/2063 [02:17<03:09,  6.30it/s, v_num=5-00]Epoch 0:  42%|████▏     | 866/2063 [02:17<03:09,  6.30it/s, v_num=5-00]Epoch 0:  42%|████▏     | 867/2063 [02:17<03:09,  6.31it/s, v_num=5-00]Epoch 0:  42%|████▏     | 867/2063 [02:17<03:09,  6.31it/s, v_num=5-00]Epoch 0:  42%|████▏     | 868/2063 [02:17<03:09,  6.32it/s, v_num=5-00]Epoch 0:  42%|████▏     | 868/2063 [02:17<03:09,  6.32it/s, v_num=5-00]Epoch 0:  42%|████▏     | 869/2063 [02:17<03:08,  6.32it/s, v_num=5-00]Epoch 0:  42%|████▏     | 869/2063 [02:17<03:08,  6.32it/s, v_num=5-00]Epoch 0:  42%|████▏     | 870/2063 [02:17<03:08,  6.33it/s, v_num=5-00]Epoch 0:  42%|████▏     | 870/2063 [02:17<03:08,  6.33it/s, v_num=5-00]Epoch 0:  42%|████▏     | 871/2063 [02:17<03:08,  6.33it/s, v_num=5-00]Epoch 0:  42%|████▏     | 871/2063 [02:17<03:08,  6.33it/s, v_num=5-00]Epoch 0:  42%|████▏     | 872/2063 [02:17<03:07,  6.34it/s, v_num=5-00]Epoch 0:  42%|████▏     | 872/2063 [02:17<03:07,  6.34it/s, v_num=5-00]Epoch 0:  42%|████▏     | 873/2063 [02:17<03:07,  6.35it/s, v_num=5-00]Epoch 0:  42%|████▏     | 873/2063 [02:17<03:07,  6.35it/s, v_num=5-00]Epoch 0:  42%|████▏     | 874/2063 [02:17<03:07,  6.35it/s, v_num=5-00]Epoch 0:  42%|████▏     | 874/2063 [02:17<03:07,  6.35it/s, v_num=5-00]Epoch 0:  42%|████▏     | 875/2063 [02:17<03:06,  6.36it/s, v_num=5-00]Epoch 0:  42%|████▏     | 875/2063 [02:17<03:06,  6.36it/s, v_num=5-00]Epoch 0:  42%|████▏     | 876/2063 [02:17<03:06,  6.37it/s, v_num=5-00]Epoch 0:  42%|████▏     | 876/2063 [02:17<03:06,  6.37it/s, v_num=5-00]Epoch 0:  43%|████▎     | 877/2063 [02:17<03:06,  6.37it/s, v_num=5-00]Epoch 0:  43%|████▎     | 877/2063 [02:17<03:06,  6.37it/s, v_num=5-00]Epoch 0:  43%|████▎     | 878/2063 [02:17<03:05,  6.38it/s, v_num=5-00]Epoch 0:  43%|████▎     | 878/2063 [02:17<03:05,  6.38it/s, v_num=5-00]Epoch 0:  43%|████▎     | 879/2063 [02:17<03:05,  6.39it/s, v_num=5-00]Epoch 0:  43%|████▎     | 879/2063 [02:17<03:05,  6.39it/s, v_num=5-00]Epoch 0:  43%|████▎     | 880/2063 [02:17<03:04,  6.40it/s, v_num=5-00]Epoch 0:  43%|████▎     | 880/2063 [02:17<03:04,  6.40it/s, v_num=5-00]Epoch 0:  43%|████▎     | 881/2063 [02:19<03:06,  6.32it/s, v_num=5-00]Epoch 0:  43%|████▎     | 881/2063 [02:19<03:06,  6.32it/s, v_num=5-00]Epoch 0:  43%|████▎     | 882/2063 [02:19<03:06,  6.33it/s, v_num=5-00]Epoch 0:  43%|████▎     | 882/2063 [02:19<03:06,  6.33it/s, v_num=5-00]Epoch 0:  43%|████▎     | 883/2063 [02:19<03:06,  6.34it/s, v_num=5-00]Epoch 0:  43%|████▎     | 883/2063 [02:19<03:06,  6.34it/s, v_num=5-00]Epoch 0:  43%|████▎     | 884/2063 [02:19<03:05,  6.34it/s, v_num=5-00]Epoch 0:  43%|████▎     | 884/2063 [02:19<03:05,  6.34it/s, v_num=5-00]Epoch 0:  43%|████▎     | 885/2063 [02:19<03:05,  6.35it/s, v_num=5-00]Epoch 0:  43%|████▎     | 885/2063 [02:19<03:05,  6.35it/s, v_num=5-00]Epoch 0:  43%|████▎     | 886/2063 [02:19<03:05,  6.36it/s, v_num=5-00]Epoch 0:  43%|████▎     | 886/2063 [02:19<03:05,  6.36it/s, v_num=5-00]Epoch 0:  43%|████▎     | 887/2063 [02:19<03:04,  6.36it/s, v_num=5-00]Epoch 0:  43%|████▎     | 887/2063 [02:19<03:04,  6.36it/s, v_num=5-00]Epoch 0:  43%|████▎     | 888/2063 [02:19<03:04,  6.37it/s, v_num=5-00]Epoch 0:  43%|████▎     | 888/2063 [02:19<03:04,  6.37it/s, v_num=5-00]Epoch 0:  43%|████▎     | 889/2063 [02:19<03:04,  6.38it/s, v_num=5-00]Epoch 0:  43%|████▎     | 889/2063 [02:19<03:04,  6.38it/s, v_num=5-00]Epoch 0:  43%|████▎     | 890/2063 [02:19<03:03,  6.38it/s, v_num=5-00]Epoch 0:  43%|████▎     | 890/2063 [02:19<03:03,  6.38it/s, v_num=5-00]Epoch 0:  43%|████▎     | 891/2063 [02:21<03:06,  6.29it/s, v_num=5-00]Epoch 0:  43%|████▎     | 891/2063 [02:21<03:06,  6.29it/s, v_num=5-00]Epoch 0:  43%|████▎     | 892/2063 [02:21<03:05,  6.30it/s, v_num=5-00]Epoch 0:  43%|████▎     | 892/2063 [02:21<03:05,  6.30it/s, v_num=5-00]Epoch 0:  43%|████▎     | 893/2063 [02:21<03:05,  6.30it/s, v_num=5-00]Epoch 0:  43%|████▎     | 893/2063 [02:21<03:05,  6.30it/s, v_num=5-00]Epoch 0:  43%|████▎     | 894/2063 [02:21<03:05,  6.31it/s, v_num=5-00]Epoch 0:  43%|████▎     | 894/2063 [02:21<03:05,  6.31it/s, v_num=5-00]Epoch 0:  43%|████▎     | 895/2063 [02:21<03:04,  6.32it/s, v_num=5-00]Epoch 0:  43%|████▎     | 895/2063 [02:21<03:04,  6.32it/s, v_num=5-00]Epoch 0:  43%|████▎     | 896/2063 [02:21<03:04,  6.32it/s, v_num=5-00]Epoch 0:  43%|████▎     | 896/2063 [02:21<03:04,  6.32it/s, v_num=5-00]Epoch 0:  43%|████▎     | 897/2063 [02:21<03:04,  6.33it/s, v_num=5-00]Epoch 0:  43%|████▎     | 897/2063 [02:21<03:04,  6.33it/s, v_num=5-00]Epoch 0:  44%|████▎     | 898/2063 [02:21<03:03,  6.34it/s, v_num=5-00]Epoch 0:  44%|████▎     | 898/2063 [02:21<03:03,  6.34it/s, v_num=5-00]Epoch 0:  44%|████▎     | 899/2063 [02:21<03:03,  6.35it/s, v_num=5-00]Epoch 0:  44%|████▎     | 899/2063 [02:21<03:03,  6.35it/s, v_num=5-00]Epoch 0:  44%|████▎     | 900/2063 [02:21<03:03,  6.35it/s, v_num=5-00]Epoch 0:  44%|████▎     | 900/2063 [02:21<03:03,  6.35it/s, v_num=5-00]Epoch 0:  44%|████▎     | 901/2063 [02:21<03:02,  6.35it/s, v_num=5-00]Epoch 0:  44%|████▎     | 901/2063 [02:21<03:02,  6.35it/s, v_num=5-00]Epoch 0:  44%|████▎     | 902/2063 [02:21<03:02,  6.36it/s, v_num=5-00]Epoch 0:  44%|████▎     | 902/2063 [02:21<03:02,  6.36it/s, v_num=5-00]Epoch 0:  44%|████▍     | 903/2063 [02:21<03:02,  6.37it/s, v_num=5-00]Epoch 0:  44%|████▍     | 903/2063 [02:21<03:02,  6.37it/s, v_num=5-00]Epoch 0:  44%|████▍     | 904/2063 [02:21<03:01,  6.37it/s, v_num=5-00]Epoch 0:  44%|████▍     | 904/2063 [02:21<03:01,  6.37it/s, v_num=5-00]Epoch 0:  44%|████▍     | 905/2063 [02:21<03:01,  6.38it/s, v_num=5-00]Epoch 0:  44%|████▍     | 905/2063 [02:21<03:01,  6.38it/s, v_num=5-00]Epoch 0:  44%|████▍     | 906/2063 [02:21<03:01,  6.39it/s, v_num=5-00]Epoch 0:  44%|████▍     | 906/2063 [02:21<03:01,  6.39it/s, v_num=5-00]Epoch 0:  44%|████▍     | 907/2063 [02:21<03:00,  6.39it/s, v_num=5-00]Epoch 0:  44%|████▍     | 907/2063 [02:21<03:00,  6.39it/s, v_num=5-00]Epoch 0:  44%|████▍     | 908/2063 [02:21<03:00,  6.40it/s, v_num=5-00]Epoch 0:  44%|████▍     | 908/2063 [02:21<03:00,  6.40it/s, v_num=5-00]Epoch 0:  44%|████▍     | 909/2063 [02:21<03:00,  6.41it/s, v_num=5-00]Epoch 0:  44%|████▍     | 909/2063 [02:21<03:00,  6.41it/s, v_num=5-00]Epoch 0:  44%|████▍     | 910/2063 [02:21<02:59,  6.41it/s, v_num=5-00]Epoch 0:  44%|████▍     | 910/2063 [02:21<02:59,  6.41it/s, v_num=5-00]Epoch 0:  44%|████▍     | 911/2063 [02:23<03:02,  6.33it/s, v_num=5-00]Epoch 0:  44%|████▍     | 911/2063 [02:23<03:02,  6.33it/s, v_num=5-00]Epoch 0:  44%|████▍     | 912/2063 [02:23<03:01,  6.34it/s, v_num=5-00]Epoch 0:  44%|████▍     | 912/2063 [02:23<03:01,  6.34it/s, v_num=5-00]Epoch 0:  44%|████▍     | 913/2063 [02:23<03:01,  6.34it/s, v_num=5-00]Epoch 0:  44%|████▍     | 913/2063 [02:23<03:01,  6.34it/s, v_num=5-00]Epoch 0:  44%|████▍     | 914/2063 [02:23<03:00,  6.35it/s, v_num=5-00]Epoch 0:  44%|████▍     | 914/2063 [02:23<03:00,  6.35it/s, v_num=5-00]Epoch 0:  44%|████▍     | 915/2063 [02:23<03:00,  6.36it/s, v_num=5-00]Epoch 0:  44%|████▍     | 915/2063 [02:23<03:00,  6.36it/s, v_num=5-00]Epoch 0:  44%|████▍     | 916/2063 [02:23<03:00,  6.36it/s, v_num=5-00]Epoch 0:  44%|████▍     | 916/2063 [02:23<03:00,  6.36it/s, v_num=5-00]Epoch 0:  44%|████▍     | 917/2063 [02:23<02:59,  6.37it/s, v_num=5-00]Epoch 0:  44%|████▍     | 917/2063 [02:23<02:59,  6.37it/s, v_num=5-00]Epoch 0:  44%|████▍     | 918/2063 [02:23<02:59,  6.38it/s, v_num=5-00]Epoch 0:  44%|████▍     | 918/2063 [02:23<02:59,  6.38it/s, v_num=5-00]Epoch 0:  45%|████▍     | 919/2063 [02:23<02:59,  6.38it/s, v_num=5-00]Epoch 0:  45%|████▍     | 919/2063 [02:23<02:59,  6.38it/s, v_num=5-00]Epoch 0:  45%|████▍     | 920/2063 [02:24<02:58,  6.39it/s, v_num=5-00]Epoch 0:  45%|████▍     | 920/2063 [02:24<02:58,  6.39it/s, v_num=5-00]Epoch 0:  45%|████▍     | 921/2063 [02:25<03:00,  6.34it/s, v_num=5-00]Epoch 0:  45%|████▍     | 921/2063 [02:25<03:00,  6.34it/s, v_num=5-00]Epoch 0:  45%|████▍     | 922/2063 [02:25<02:59,  6.35it/s, v_num=5-00]Epoch 0:  45%|████▍     | 922/2063 [02:25<02:59,  6.35it/s, v_num=5-00]Epoch 0:  45%|████▍     | 923/2063 [02:25<02:59,  6.36it/s, v_num=5-00]Epoch 0:  45%|████▍     | 923/2063 [02:25<02:59,  6.36it/s, v_num=5-00]Epoch 0:  45%|████▍     | 924/2063 [02:25<02:59,  6.36it/s, v_num=5-00]Epoch 0:  45%|████▍     | 924/2063 [02:25<02:59,  6.36it/s, v_num=5-00]Epoch 0:  45%|████▍     | 925/2063 [02:25<02:58,  6.37it/s, v_num=5-00]Epoch 0:  45%|████▍     | 925/2063 [02:25<02:58,  6.37it/s, v_num=5-00]Epoch 0:  45%|████▍     | 926/2063 [02:25<02:58,  6.38it/s, v_num=5-00]Epoch 0:  45%|████▍     | 926/2063 [02:25<02:58,  6.38it/s, v_num=5-00]Epoch 0:  45%|████▍     | 927/2063 [02:25<02:58,  6.38it/s, v_num=5-00]Epoch 0:  45%|████▍     | 927/2063 [02:25<02:58,  6.38it/s, v_num=5-00]Epoch 0:  45%|████▍     | 928/2063 [02:25<02:57,  6.39it/s, v_num=5-00]Epoch 0:  45%|████▍     | 928/2063 [02:25<02:57,  6.39it/s, v_num=5-00]Epoch 0:  45%|████▌     | 929/2063 [02:25<02:57,  6.40it/s, v_num=5-00]Epoch 0:  45%|████▌     | 929/2063 [02:25<02:57,  6.40it/s, v_num=5-00]Epoch 0:  45%|████▌     | 930/2063 [02:25<02:56,  6.40it/s, v_num=5-00]Epoch 0:  45%|████▌     | 930/2063 [02:25<02:56,  6.40it/s, v_num=5-00]Epoch 0:  45%|████▌     | 931/2063 [02:25<02:56,  6.40it/s, v_num=5-00]Epoch 0:  45%|████▌     | 931/2063 [02:25<02:56,  6.40it/s, v_num=5-00]Epoch 0:  45%|████▌     | 932/2063 [02:25<02:56,  6.41it/s, v_num=5-00]Epoch 0:  45%|████▌     | 932/2063 [02:25<02:56,  6.41it/s, v_num=5-00]Epoch 0:  45%|████▌     | 933/2063 [02:25<02:56,  6.42it/s, v_num=5-00]Epoch 0:  45%|████▌     | 933/2063 [02:25<02:56,  6.42it/s, v_num=5-00]Epoch 0:  45%|████▌     | 934/2063 [02:25<02:55,  6.42it/s, v_num=5-00]Epoch 0:  45%|████▌     | 934/2063 [02:25<02:55,  6.42it/s, v_num=5-00]Epoch 0:  45%|████▌     | 935/2063 [02:25<02:55,  6.43it/s, v_num=5-00]Epoch 0:  45%|████▌     | 935/2063 [02:25<02:55,  6.43it/s, v_num=5-00]Epoch 0:  45%|████▌     | 936/2063 [02:25<02:55,  6.44it/s, v_num=5-00]Epoch 0:  45%|████▌     | 936/2063 [02:25<02:55,  6.44it/s, v_num=5-00]Epoch 0:  45%|████▌     | 937/2063 [02:25<02:54,  6.44it/s, v_num=5-00]Epoch 0:  45%|████▌     | 937/2063 [02:25<02:54,  6.44it/s, v_num=5-00]Epoch 0:  45%|████▌     | 938/2063 [02:25<02:54,  6.45it/s, v_num=5-00]Epoch 0:  45%|████▌     | 938/2063 [02:25<02:54,  6.45it/s, v_num=5-00]Epoch 0:  46%|████▌     | 939/2063 [02:25<02:54,  6.46it/s, v_num=5-00]Epoch 0:  46%|████▌     | 939/2063 [02:25<02:54,  6.46it/s, v_num=5-00]Epoch 0:  46%|████▌     | 940/2063 [02:25<02:53,  6.46it/s, v_num=5-00]Epoch 0:  46%|████▌     | 940/2063 [02:25<02:53,  6.46it/s, v_num=5-00]Epoch 0:  46%|████▌     | 941/2063 [02:25<02:53,  6.46it/s, v_num=5-00]Epoch 0:  46%|████▌     | 941/2063 [02:25<02:53,  6.46it/s, v_num=5-00]Epoch 0:  46%|████▌     | 942/2063 [02:25<02:53,  6.47it/s, v_num=5-00]Epoch 0:  46%|████▌     | 942/2063 [02:25<02:53,  6.47it/s, v_num=5-00]Epoch 0:  46%|████▌     | 943/2063 [02:25<02:52,  6.48it/s, v_num=5-00]Epoch 0:  46%|████▌     | 943/2063 [02:25<02:52,  6.48it/s, v_num=5-00]Epoch 0:  46%|████▌     | 944/2063 [02:25<02:52,  6.48it/s, v_num=5-00]Epoch 0:  46%|████▌     | 944/2063 [02:25<02:52,  6.48it/s, v_num=5-00]Epoch 0:  46%|████▌     | 945/2063 [02:25<02:52,  6.49it/s, v_num=5-00]Epoch 0:  46%|████▌     | 945/2063 [02:25<02:52,  6.49it/s, v_num=5-00]Epoch 0:  46%|████▌     | 946/2063 [02:25<02:51,  6.50it/s, v_num=5-00]Epoch 0:  46%|████▌     | 946/2063 [02:25<02:51,  6.50it/s, v_num=5-00]Epoch 0:  46%|████▌     | 947/2063 [02:25<02:51,  6.50it/s, v_num=5-00]Epoch 0:  46%|████▌     | 947/2063 [02:25<02:51,  6.50it/s, v_num=5-00]Epoch 0:  46%|████▌     | 948/2063 [02:25<02:51,  6.51it/s, v_num=5-00]Epoch 0:  46%|████▌     | 948/2063 [02:25<02:51,  6.51it/s, v_num=5-00]Epoch 0:  46%|████▌     | 949/2063 [02:25<02:50,  6.52it/s, v_num=5-00]Epoch 0:  46%|████▌     | 949/2063 [02:25<02:50,  6.52it/s, v_num=5-00]Epoch 0:  46%|████▌     | 950/2063 [02:25<02:50,  6.52it/s, v_num=5-00]Epoch 0:  46%|████▌     | 950/2063 [02:25<02:50,  6.52it/s, v_num=5-00]Epoch 0:  46%|████▌     | 951/2063 [02:27<02:52,  6.45it/s, v_num=5-00]Epoch 0:  46%|████▌     | 951/2063 [02:27<02:52,  6.45it/s, v_num=5-00]Epoch 0:  46%|████▌     | 952/2063 [02:27<02:52,  6.45it/s, v_num=5-00]Epoch 0:  46%|████▌     | 952/2063 [02:27<02:52,  6.45it/s, v_num=5-00]Epoch 0:  46%|████▌     | 953/2063 [02:27<02:51,  6.46it/s, v_num=5-00]Epoch 0:  46%|████▌     | 953/2063 [02:27<02:51,  6.46it/s, v_num=5-00]Epoch 0:  46%|████▌     | 954/2063 [02:27<02:51,  6.46it/s, v_num=5-00]Epoch 0:  46%|████▌     | 954/2063 [02:27<02:51,  6.46it/s, v_num=5-00]Epoch 0:  46%|████▋     | 955/2063 [02:27<02:51,  6.47it/s, v_num=5-00]Epoch 0:  46%|████▋     | 955/2063 [02:27<02:51,  6.47it/s, v_num=5-00]Epoch 0:  46%|████▋     | 956/2063 [02:27<02:50,  6.48it/s, v_num=5-00]Epoch 0:  46%|████▋     | 956/2063 [02:27<02:50,  6.48it/s, v_num=5-00]Epoch 0:  46%|████▋     | 957/2063 [02:27<02:50,  6.48it/s, v_num=5-00]Epoch 0:  46%|████▋     | 957/2063 [02:27<02:50,  6.48it/s, v_num=5-00]Epoch 0:  46%|████▋     | 958/2063 [02:27<02:50,  6.49it/s, v_num=5-00]Epoch 0:  46%|████▋     | 958/2063 [02:27<02:50,  6.49it/s, v_num=5-00]Epoch 0:  46%|████▋     | 959/2063 [02:27<02:49,  6.50it/s, v_num=5-00]Epoch 0:  46%|████▋     | 959/2063 [02:27<02:49,  6.50it/s, v_num=5-00]Epoch 0:  47%|████▋     | 960/2063 [02:27<02:49,  6.50it/s, v_num=5-00]Epoch 0:  47%|████▋     | 960/2063 [02:27<02:49,  6.50it/s, v_num=5-00]Epoch 0:  47%|████▋     | 961/2063 [02:27<02:49,  6.51it/s, v_num=5-00]Epoch 0:  47%|████▋     | 961/2063 [02:27<02:49,  6.51it/s, v_num=5-00]Epoch 0:  47%|████▋     | 962/2063 [02:27<02:49,  6.51it/s, v_num=5-00]Epoch 0:  47%|████▋     | 962/2063 [02:27<02:49,  6.51it/s, v_num=5-00]Epoch 0:  47%|████▋     | 963/2063 [02:27<02:48,  6.52it/s, v_num=5-00]Epoch 0:  47%|████▋     | 963/2063 [02:27<02:48,  6.52it/s, v_num=5-00]Epoch 0:  47%|████▋     | 964/2063 [02:27<02:48,  6.52it/s, v_num=5-00]Epoch 0:  47%|████▋     | 964/2063 [02:27<02:48,  6.52it/s, v_num=5-00]Epoch 0:  47%|████▋     | 965/2063 [02:27<02:48,  6.53it/s, v_num=5-00]Epoch 0:  47%|████▋     | 965/2063 [02:27<02:48,  6.53it/s, v_num=5-00]Epoch 0:  47%|████▋     | 966/2063 [02:27<02:47,  6.54it/s, v_num=5-00]Epoch 0:  47%|████▋     | 966/2063 [02:27<02:47,  6.54it/s, v_num=5-00]Epoch 0:  47%|████▋     | 967/2063 [02:27<02:47,  6.54it/s, v_num=5-00]Epoch 0:  47%|████▋     | 967/2063 [02:27<02:47,  6.54it/s, v_num=5-00]Epoch 0:  47%|████▋     | 968/2063 [02:27<02:47,  6.55it/s, v_num=5-00]Epoch 0:  47%|████▋     | 968/2063 [02:27<02:47,  6.55it/s, v_num=5-00]Epoch 0:  47%|████▋     | 969/2063 [02:27<02:46,  6.56it/s, v_num=5-00]Epoch 0:  47%|████▋     | 969/2063 [02:27<02:46,  6.56it/s, v_num=5-00]Epoch 0:  47%|████▋     | 970/2063 [02:27<02:46,  6.56it/s, v_num=5-00]Epoch 0:  47%|████▋     | 970/2063 [02:27<02:46,  6.56it/s, v_num=5-00]Epoch 0:  47%|████▋     | 971/2063 [02:29<02:48,  6.49it/s, v_num=5-00]Epoch 0:  47%|████▋     | 971/2063 [02:29<02:48,  6.49it/s, v_num=5-00]Epoch 0:  47%|████▋     | 972/2063 [02:29<02:47,  6.50it/s, v_num=5-00]Epoch 0:  47%|████▋     | 972/2063 [02:29<02:47,  6.50it/s, v_num=5-00]Epoch 0:  47%|████▋     | 973/2063 [02:29<02:47,  6.51it/s, v_num=5-00]Epoch 0:  47%|████▋     | 973/2063 [02:29<02:47,  6.51it/s, v_num=5-00]Epoch 0:  47%|████▋     | 974/2063 [02:29<02:47,  6.51it/s, v_num=5-00]Epoch 0:  47%|████▋     | 974/2063 [02:29<02:47,  6.51it/s, v_num=5-00]Epoch 0:  47%|████▋     | 975/2063 [02:29<02:46,  6.52it/s, v_num=5-00]Epoch 0:  47%|████▋     | 975/2063 [02:29<02:46,  6.52it/s, v_num=5-00]Epoch 0:  47%|████▋     | 976/2063 [02:29<02:46,  6.52it/s, v_num=5-00]Epoch 0:  47%|████▋     | 976/2063 [02:29<02:46,  6.52it/s, v_num=5-00]Epoch 0:  47%|████▋     | 977/2063 [02:29<02:46,  6.53it/s, v_num=5-00]Epoch 0:  47%|████▋     | 977/2063 [02:29<02:46,  6.53it/s, v_num=5-00]Epoch 0:  47%|████▋     | 978/2063 [02:29<02:45,  6.54it/s, v_num=5-00]Epoch 0:  47%|████▋     | 978/2063 [02:29<02:45,  6.54it/s, v_num=5-00]Epoch 0:  47%|████▋     | 979/2063 [02:29<02:45,  6.54it/s, v_num=5-00]Epoch 0:  47%|████▋     | 979/2063 [02:29<02:45,  6.54it/s, v_num=5-00]Epoch 0:  48%|████▊     | 980/2063 [02:29<02:45,  6.55it/s, v_num=5-00]Epoch 0:  48%|████▊     | 980/2063 [02:29<02:45,  6.55it/s, v_num=5-00]Epoch 0:  48%|████▊     | 981/2063 [02:32<02:48,  6.42it/s, v_num=5-00]Epoch 0:  48%|████▊     | 981/2063 [02:32<02:48,  6.42it/s, v_num=5-00]Epoch 0:  48%|████▊     | 982/2063 [02:32<02:48,  6.43it/s, v_num=5-00]Epoch 0:  48%|████▊     | 982/2063 [02:32<02:48,  6.43it/s, v_num=5-00]Epoch 0:  48%|████▊     | 983/2063 [02:32<02:47,  6.43it/s, v_num=5-00]Epoch 0:  48%|████▊     | 983/2063 [02:32<02:47,  6.43it/s, v_num=5-00]Epoch 0:  48%|████▊     | 984/2063 [02:32<02:47,  6.44it/s, v_num=5-00]Epoch 0:  48%|████▊     | 984/2063 [02:32<02:47,  6.44it/s, v_num=5-00]Epoch 0:  48%|████▊     | 985/2063 [02:32<02:47,  6.45it/s, v_num=5-00]Epoch 0:  48%|████▊     | 985/2063 [02:32<02:47,  6.45it/s, v_num=5-00]Epoch 0:  48%|████▊     | 986/2063 [02:32<02:46,  6.45it/s, v_num=5-00]Epoch 0:  48%|████▊     | 986/2063 [02:32<02:46,  6.45it/s, v_num=5-00]Epoch 0:  48%|████▊     | 987/2063 [02:32<02:46,  6.46it/s, v_num=5-00]Epoch 0:  48%|████▊     | 987/2063 [02:32<02:46,  6.46it/s, v_num=5-00]Epoch 0:  48%|████▊     | 988/2063 [02:32<02:46,  6.46it/s, v_num=5-00]Epoch 0:  48%|████▊     | 988/2063 [02:32<02:46,  6.46it/s, v_num=5-00]Epoch 0:  48%|████▊     | 989/2063 [02:32<02:45,  6.47it/s, v_num=5-00]Epoch 0:  48%|████▊     | 989/2063 [02:32<02:45,  6.47it/s, v_num=5-00]Epoch 0:  48%|████▊     | 990/2063 [02:32<02:45,  6.48it/s, v_num=5-00]Epoch 0:  48%|████▊     | 990/2063 [02:32<02:45,  6.48it/s, v_num=5-00]Epoch 0:  48%|████▊     | 991/2063 [02:33<02:45,  6.48it/s, v_num=5-00]Epoch 0:  48%|████▊     | 991/2063 [02:33<02:45,  6.48it/s, v_num=5-00]Epoch 0:  48%|████▊     | 992/2063 [02:33<02:45,  6.48it/s, v_num=5-00]Epoch 0:  48%|████▊     | 992/2063 [02:33<02:45,  6.48it/s, v_num=5-00]Epoch 0:  48%|████▊     | 993/2063 [02:33<02:44,  6.49it/s, v_num=5-00]Epoch 0:  48%|████▊     | 993/2063 [02:33<02:44,  6.49it/s, v_num=5-00]Epoch 0:  48%|████▊     | 994/2063 [02:33<02:44,  6.50it/s, v_num=5-00]Epoch 0:  48%|████▊     | 994/2063 [02:33<02:44,  6.50it/s, v_num=5-00]Epoch 0:  48%|████▊     | 995/2063 [02:33<02:44,  6.50it/s, v_num=5-00]Epoch 0:  48%|████▊     | 995/2063 [02:33<02:44,  6.50it/s, v_num=5-00]Epoch 0:  48%|████▊     | 996/2063 [02:33<02:43,  6.51it/s, v_num=5-00]Epoch 0:  48%|████▊     | 996/2063 [02:33<02:43,  6.51it/s, v_num=5-00]Epoch 0:  48%|████▊     | 997/2063 [02:33<02:43,  6.51it/s, v_num=5-00]Epoch 0:  48%|████▊     | 997/2063 [02:33<02:43,  6.51it/s, v_num=5-00]Epoch 0:  48%|████▊     | 998/2063 [02:33<02:43,  6.52it/s, v_num=5-00]Epoch 0:  48%|████▊     | 998/2063 [02:33<02:43,  6.52it/s, v_num=5-00]Epoch 0:  48%|████▊     | 999/2063 [02:33<02:43,  6.53it/s, v_num=5-00]Epoch 0:  48%|████▊     | 999/2063 [02:33<02:43,  6.53it/s, v_num=5-00]Epoch 0:  48%|████▊     | 1000/2063 [02:33<02:42,  6.53it/s, v_num=5-00]Epoch 0:  48%|████▊     | 1000/2063 [02:33<02:42,  6.53it/s, v_num=5-00]Epoch 0:  49%|████▊     | 1001/2063 [02:37<02:47,  6.36it/s, v_num=5-00]Epoch 0:  49%|████▊     | 1001/2063 [02:37<02:47,  6.36it/s, v_num=5-00]Epoch 0:  49%|████▊     | 1002/2063 [02:37<02:46,  6.36it/s, v_num=5-00]Epoch 0:  49%|████▊     | 1002/2063 [02:37<02:46,  6.36it/s, v_num=5-00]Epoch 0:  49%|████▊     | 1003/2063 [02:37<02:46,  6.37it/s, v_num=5-00]Epoch 0:  49%|████▊     | 1003/2063 [02:37<02:46,  6.37it/s, v_num=5-00]Epoch 0:  49%|████▊     | 1004/2063 [02:37<02:46,  6.38it/s, v_num=5-00]Epoch 0:  49%|████▊     | 1004/2063 [02:37<02:46,  6.38it/s, v_num=5-00]Epoch 0:  49%|████▊     | 1005/2063 [02:37<02:45,  6.38it/s, v_num=5-00]Epoch 0:  49%|████▊     | 1005/2063 [02:37<02:45,  6.38it/s, v_num=5-00]Epoch 0:  49%|████▉     | 1006/2063 [02:37<02:45,  6.39it/s, v_num=5-00]Epoch 0:  49%|████▉     | 1006/2063 [02:37<02:45,  6.39it/s, v_num=5-00]Epoch 0:  49%|████▉     | 1007/2063 [02:37<02:45,  6.40it/s, v_num=5-00]Epoch 0:  49%|████▉     | 1007/2063 [02:37<02:45,  6.40it/s, v_num=5-00]Epoch 0:  49%|████▉     | 1008/2063 [02:37<02:44,  6.40it/s, v_num=5-00]Epoch 0:  49%|████▉     | 1008/2063 [02:37<02:44,  6.40it/s, v_num=5-00]Epoch 0:  49%|████▉     | 1009/2063 [02:37<02:44,  6.41it/s, v_num=5-00]Epoch 0:  49%|████▉     | 1009/2063 [02:37<02:44,  6.41it/s, v_num=5-00]Epoch 0:  49%|████▉     | 1010/2063 [02:37<02:44,  6.41it/s, v_num=5-00]Epoch 0:  49%|████▉     | 1010/2063 [02:37<02:44,  6.41it/s, v_num=5-00]Epoch 0:  49%|████▉     | 1011/2063 [02:39<02:46,  6.33it/s, v_num=5-00]Epoch 0:  49%|████▉     | 1011/2063 [02:39<02:46,  6.33it/s, v_num=5-00]Epoch 0:  49%|████▉     | 1012/2063 [02:39<02:45,  6.34it/s, v_num=5-00]Epoch 0:  49%|████▉     | 1012/2063 [02:39<02:45,  6.34it/s, v_num=5-00]Epoch 0:  49%|████▉     | 1013/2063 [02:39<02:45,  6.34it/s, v_num=5-00]Epoch 0:  49%|████▉     | 1013/2063 [02:39<02:45,  6.34it/s, v_num=5-00]Epoch 0:  49%|████▉     | 1014/2063 [02:39<02:45,  6.35it/s, v_num=5-00]Epoch 0:  49%|████▉     | 1014/2063 [02:39<02:45,  6.35it/s, v_num=5-00]Epoch 0:  49%|████▉     | 1015/2063 [02:39<02:44,  6.36it/s, v_num=5-00]Epoch 0:  49%|████▉     | 1015/2063 [02:39<02:44,  6.36it/s, v_num=5-00]Epoch 0:  49%|████▉     | 1016/2063 [02:39<02:44,  6.36it/s, v_num=5-00]Epoch 0:  49%|████▉     | 1016/2063 [02:39<02:44,  6.36it/s, v_num=5-00]Epoch 0:  49%|████▉     | 1017/2063 [02:39<02:44,  6.37it/s, v_num=5-00]Epoch 0:  49%|████▉     | 1017/2063 [02:39<02:44,  6.37it/s, v_num=5-00]Epoch 0:  49%|████▉     | 1018/2063 [02:39<02:43,  6.37it/s, v_num=5-00]Epoch 0:  49%|████▉     | 1018/2063 [02:39<02:43,  6.37it/s, v_num=5-00]Epoch 0:  49%|████▉     | 1019/2063 [02:39<02:43,  6.38it/s, v_num=5-00]Epoch 0:  49%|████▉     | 1019/2063 [02:39<02:43,  6.38it/s, v_num=5-00]Epoch 0:  49%|████▉     | 1020/2063 [02:39<02:43,  6.39it/s, v_num=5-00]Epoch 0:  49%|████▉     | 1020/2063 [02:39<02:43,  6.39it/s, v_num=5-00]Epoch 0:  49%|████▉     | 1021/2063 [02:43<02:46,  6.25it/s, v_num=5-00]Epoch 0:  49%|████▉     | 1021/2063 [02:43<02:46,  6.25it/s, v_num=5-00]Epoch 0:  50%|████▉     | 1022/2063 [02:43<02:46,  6.25it/s, v_num=5-00]Epoch 0:  50%|████▉     | 1022/2063 [02:43<02:46,  6.25it/s, v_num=5-00]Epoch 0:  50%|████▉     | 1023/2063 [02:43<02:46,  6.26it/s, v_num=5-00]Epoch 0:  50%|████▉     | 1023/2063 [02:43<02:46,  6.26it/s, v_num=5-00]Epoch 0:  50%|████▉     | 1024/2063 [02:43<02:45,  6.27it/s, v_num=5-00]Epoch 0:  50%|████▉     | 1024/2063 [02:43<02:45,  6.27it/s, v_num=5-00]Epoch 0:  50%|████▉     | 1025/2063 [02:43<02:45,  6.27it/s, v_num=5-00]Epoch 0:  50%|████▉     | 1025/2063 [02:43<02:45,  6.27it/s, v_num=5-00]Epoch 0:  50%|████▉     | 1026/2063 [02:43<02:45,  6.28it/s, v_num=5-00]Epoch 0:  50%|████▉     | 1026/2063 [02:43<02:45,  6.28it/s, v_num=5-00]Epoch 0:  50%|████▉     | 1027/2063 [02:43<02:44,  6.28it/s, v_num=5-00]Epoch 0:  50%|████▉     | 1027/2063 [02:43<02:44,  6.28it/s, v_num=5-00]Epoch 0:  50%|████▉     | 1028/2063 [02:43<02:44,  6.29it/s, v_num=5-00]Epoch 0:  50%|████▉     | 1028/2063 [02:43<02:44,  6.29it/s, v_num=5-00]Epoch 0:  50%|████▉     | 1029/2063 [02:43<02:44,  6.30it/s, v_num=5-00]Epoch 0:  50%|████▉     | 1029/2063 [02:43<02:44,  6.30it/s, v_num=5-00]Epoch 0:  50%|████▉     | 1030/2063 [02:43<02:43,  6.30it/s, v_num=5-00]Epoch 0:  50%|████▉     | 1030/2063 [02:43<02:43,  6.30it/s, v_num=5-00]Epoch 0:  50%|████▉     | 1031/2063 [02:43<02:43,  6.30it/s, v_num=5-00]Epoch 0:  50%|████▉     | 1031/2063 [02:43<02:43,  6.30it/s, v_num=5-00]Epoch 0:  50%|█████     | 1032/2063 [02:43<02:43,  6.31it/s, v_num=5-00]Epoch 0:  50%|█████     | 1032/2063 [02:43<02:43,  6.31it/s, v_num=5-00]Epoch 0:  50%|█████     | 1033/2063 [02:43<02:43,  6.31it/s, v_num=5-00]Epoch 0:  50%|█████     | 1033/2063 [02:43<02:43,  6.31it/s, v_num=5-00]Epoch 0:  50%|█████     | 1034/2063 [02:43<02:42,  6.32it/s, v_num=5-00]Epoch 0:  50%|█████     | 1034/2063 [02:43<02:42,  6.32it/s, v_num=5-00]Epoch 0:  50%|█████     | 1035/2063 [02:43<02:42,  6.33it/s, v_num=5-00]Epoch 0:  50%|█████     | 1035/2063 [02:43<02:42,  6.33it/s, v_num=5-00]Epoch 0:  50%|█████     | 1036/2063 [02:43<02:42,  6.33it/s, v_num=5-00]Epoch 0:  50%|█████     | 1036/2063 [02:43<02:42,  6.33it/s, v_num=5-00]Epoch 0:  50%|█████     | 1037/2063 [02:43<02:41,  6.34it/s, v_num=5-00]Epoch 0:  50%|█████     | 1037/2063 [02:43<02:41,  6.34it/s, v_num=5-00]Epoch 0:  50%|█████     | 1038/2063 [02:43<02:41,  6.34it/s, v_num=5-00]Epoch 0:  50%|█████     | 1038/2063 [02:43<02:41,  6.34it/s, v_num=5-00]Epoch 0:  50%|█████     | 1039/2063 [02:43<02:41,  6.35it/s, v_num=5-00]Epoch 0:  50%|█████     | 1039/2063 [02:43<02:41,  6.35it/s, v_num=5-00]Epoch 0:  50%|█████     | 1040/2063 [02:43<02:40,  6.36it/s, v_num=5-00]Epoch 0:  50%|█████     | 1040/2063 [02:43<02:40,  6.36it/s, v_num=5-00]Epoch 0:  50%|█████     | 1041/2063 [02:45<02:42,  6.30it/s, v_num=5-00]Epoch 0:  50%|█████     | 1041/2063 [02:45<02:42,  6.30it/s, v_num=5-00]Epoch 0:  51%|█████     | 1042/2063 [02:45<02:41,  6.31it/s, v_num=5-00]Epoch 0:  51%|█████     | 1042/2063 [02:45<02:41,  6.31it/s, v_num=5-00]Epoch 0:  51%|█████     | 1043/2063 [02:45<02:41,  6.31it/s, v_num=5-00]Epoch 0:  51%|█████     | 1043/2063 [02:45<02:41,  6.31it/s, v_num=5-00]Epoch 0:  51%|█████     | 1044/2063 [02:45<02:41,  6.32it/s, v_num=5-00]Epoch 0:  51%|█████     | 1044/2063 [02:45<02:41,  6.32it/s, v_num=5-00]Epoch 0:  51%|█████     | 1045/2063 [02:45<02:40,  6.33it/s, v_num=5-00]Epoch 0:  51%|█████     | 1045/2063 [02:45<02:40,  6.33it/s, v_num=5-00]Epoch 0:  51%|█████     | 1046/2063 [02:45<02:40,  6.33it/s, v_num=5-00]Epoch 0:  51%|█████     | 1046/2063 [02:45<02:40,  6.33it/s, v_num=5-00]Epoch 0:  51%|█████     | 1047/2063 [02:45<02:40,  6.34it/s, v_num=5-00]Epoch 0:  51%|█████     | 1047/2063 [02:45<02:40,  6.34it/s, v_num=5-00]Epoch 0:  51%|█████     | 1048/2063 [02:45<02:40,  6.34it/s, v_num=5-00]Epoch 0:  51%|█████     | 1048/2063 [02:45<02:40,  6.34it/s, v_num=5-00]Epoch 0:  51%|█████     | 1049/2063 [02:45<02:39,  6.35it/s, v_num=5-00]Epoch 0:  51%|█████     | 1049/2063 [02:45<02:39,  6.35it/s, v_num=5-00]Epoch 0:  51%|█████     | 1050/2063 [02:45<02:39,  6.35it/s, v_num=5-00]Epoch 0:  51%|█████     | 1050/2063 [02:45<02:39,  6.35it/s, v_num=5-00]Epoch 0:  51%|█████     | 1051/2063 [02:50<02:43,  6.18it/s, v_num=5-00]Epoch 0:  51%|█████     | 1051/2063 [02:50<02:43,  6.18it/s, v_num=5-00]Epoch 0:  51%|█████     | 1052/2063 [02:50<02:43,  6.18it/s, v_num=5-00]Epoch 0:  51%|█████     | 1052/2063 [02:50<02:43,  6.18it/s, v_num=5-00]Epoch 0:  51%|█████     | 1053/2063 [02:50<02:43,  6.19it/s, v_num=5-00]Epoch 0:  51%|█████     | 1053/2063 [02:50<02:43,  6.19it/s, v_num=5-00]Epoch 0:  51%|█████     | 1054/2063 [02:50<02:42,  6.19it/s, v_num=5-00]Epoch 0:  51%|█████     | 1054/2063 [02:50<02:42,  6.19it/s, v_num=5-00]Epoch 0:  51%|█████     | 1055/2063 [02:50<02:42,  6.20it/s, v_num=5-00]Epoch 0:  51%|█████     | 1055/2063 [02:50<02:42,  6.20it/s, v_num=5-00]Epoch 0:  51%|█████     | 1056/2063 [02:50<02:42,  6.21it/s, v_num=5-00]Epoch 0:  51%|█████     | 1056/2063 [02:50<02:42,  6.21it/s, v_num=5-00]Epoch 0:  51%|█████     | 1057/2063 [02:50<02:41,  6.21it/s, v_num=5-00]Epoch 0:  51%|█████     | 1057/2063 [02:50<02:41,  6.21it/s, v_num=5-00]Epoch 0:  51%|█████▏    | 1058/2063 [02:50<02:41,  6.22it/s, v_num=5-00]Epoch 0:  51%|█████▏    | 1058/2063 [02:50<02:41,  6.22it/s, v_num=5-00]Epoch 0:  51%|█████▏    | 1059/2063 [02:50<02:41,  6.22it/s, v_num=5-00]Epoch 0:  51%|█████▏    | 1059/2063 [02:50<02:41,  6.22it/s, v_num=5-00]Epoch 0:  51%|█████▏    | 1060/2063 [02:50<02:41,  6.23it/s, v_num=5-00]Epoch 0:  51%|█████▏    | 1060/2063 [02:50<02:41,  6.23it/s, v_num=5-00]Epoch 0:  51%|█████▏    | 1061/2063 [02:53<02:44,  6.11it/s, v_num=5-00]Epoch 0:  51%|█████▏    | 1061/2063 [02:53<02:44,  6.11it/s, v_num=5-00]Epoch 0:  51%|█████▏    | 1062/2063 [02:53<02:43,  6.11it/s, v_num=5-00]Epoch 0:  51%|█████▏    | 1062/2063 [02:53<02:43,  6.11it/s, v_num=5-00]Epoch 0:  52%|█████▏    | 1063/2063 [02:53<02:43,  6.12it/s, v_num=5-00]Epoch 0:  52%|█████▏    | 1063/2063 [02:53<02:43,  6.12it/s, v_num=5-00]Epoch 0:  52%|█████▏    | 1064/2063 [02:53<02:43,  6.12it/s, v_num=5-00]Epoch 0:  52%|█████▏    | 1064/2063 [02:53<02:43,  6.12it/s, v_num=5-00]Epoch 0:  52%|█████▏    | 1065/2063 [02:53<02:42,  6.13it/s, v_num=5-00]Epoch 0:  52%|█████▏    | 1065/2063 [02:53<02:42,  6.13it/s, v_num=5-00]Epoch 0:  52%|█████▏    | 1066/2063 [02:53<02:42,  6.13it/s, v_num=5-00]Epoch 0:  52%|█████▏    | 1066/2063 [02:53<02:42,  6.13it/s, v_num=5-00]Epoch 0:  52%|█████▏    | 1067/2063 [02:53<02:42,  6.14it/s, v_num=5-00]Epoch 0:  52%|█████▏    | 1067/2063 [02:53<02:42,  6.14it/s, v_num=5-00]Epoch 0:  52%|█████▏    | 1068/2063 [02:53<02:41,  6.14it/s, v_num=5-00]Epoch 0:  52%|█████▏    | 1068/2063 [02:53<02:41,  6.14it/s, v_num=5-00]Epoch 0:  52%|█████▏    | 1069/2063 [02:53<02:41,  6.15it/s, v_num=5-00]Epoch 0:  52%|█████▏    | 1069/2063 [02:53<02:41,  6.15it/s, v_num=5-00]Epoch 0:  52%|█████▏    | 1070/2063 [02:53<02:41,  6.16it/s, v_num=5-00]Epoch 0:  52%|█████▏    | 1070/2063 [02:53<02:41,  6.16it/s, v_num=5-00]Epoch 0:  52%|█████▏    | 1071/2063 [02:55<02:42,  6.10it/s, v_num=5-00]Epoch 0:  52%|█████▏    | 1071/2063 [02:55<02:42,  6.10it/s, v_num=5-00]Epoch 0:  52%|█████▏    | 1072/2063 [02:55<02:42,  6.11it/s, v_num=5-00]Epoch 0:  52%|█████▏    | 1072/2063 [02:55<02:42,  6.11it/s, v_num=5-00]Epoch 0:  52%|█████▏    | 1073/2063 [02:55<02:42,  6.11it/s, v_num=5-00]Epoch 0:  52%|█████▏    | 1073/2063 [02:55<02:42,  6.11it/s, v_num=5-00]Epoch 0:  52%|█████▏    | 1074/2063 [02:55<02:41,  6.12it/s, v_num=5-00]Epoch 0:  52%|█████▏    | 1074/2063 [02:55<02:41,  6.12it/s, v_num=5-00]Epoch 0:  52%|█████▏    | 1075/2063 [02:55<02:41,  6.12it/s, v_num=5-00]Epoch 0:  52%|█████▏    | 1075/2063 [02:55<02:41,  6.12it/s, v_num=5-00]Epoch 0:  52%|█████▏    | 1076/2063 [02:55<02:41,  6.13it/s, v_num=5-00]Epoch 0:  52%|█████▏    | 1076/2063 [02:55<02:41,  6.13it/s, v_num=5-00]Epoch 0:  52%|█████▏    | 1077/2063 [02:55<02:40,  6.13it/s, v_num=5-00]Epoch 0:  52%|█████▏    | 1077/2063 [02:55<02:40,  6.13it/s, v_num=5-00]Epoch 0:  52%|█████▏    | 1078/2063 [02:55<02:40,  6.14it/s, v_num=5-00]Epoch 0:  52%|█████▏    | 1078/2063 [02:55<02:40,  6.14it/s, v_num=5-00]Epoch 0:  52%|█████▏    | 1079/2063 [02:55<02:40,  6.14it/s, v_num=5-00]Epoch 0:  52%|█████▏    | 1079/2063 [02:55<02:40,  6.14it/s, v_num=5-00]Epoch 0:  52%|█████▏    | 1080/2063 [02:55<02:39,  6.15it/s, v_num=5-00]Epoch 0:  52%|█████▏    | 1080/2063 [02:55<02:39,  6.15it/s, v_num=5-00]Epoch 0:  52%|█████▏    | 1081/2063 [02:59<02:42,  6.03it/s, v_num=5-00]Epoch 0:  52%|█████▏    | 1081/2063 [02:59<02:42,  6.03it/s, v_num=5-00]Epoch 0:  52%|█████▏    | 1082/2063 [02:59<02:42,  6.03it/s, v_num=5-00]Epoch 0:  52%|█████▏    | 1082/2063 [02:59<02:42,  6.03it/s, v_num=5-00]Epoch 0:  52%|█████▏    | 1083/2063 [02:59<02:42,  6.04it/s, v_num=5-00]Epoch 0:  52%|█████▏    | 1083/2063 [02:59<02:42,  6.04it/s, v_num=5-00]Epoch 0:  53%|█████▎    | 1084/2063 [02:59<02:41,  6.04it/s, v_num=5-00]Epoch 0:  53%|█████▎    | 1084/2063 [02:59<02:41,  6.04it/s, v_num=5-00]Epoch 0:  53%|█████▎    | 1085/2063 [02:59<02:41,  6.05it/s, v_num=5-00]Epoch 0:  53%|█████▎    | 1085/2063 [02:59<02:41,  6.05it/s, v_num=5-00]Epoch 0:  53%|█████▎    | 1086/2063 [02:59<02:41,  6.05it/s, v_num=5-00]Epoch 0:  53%|█████▎    | 1086/2063 [02:59<02:41,  6.05it/s, v_num=5-00]Epoch 0:  53%|█████▎    | 1087/2063 [02:59<02:41,  6.06it/s, v_num=5-00]Epoch 0:  53%|█████▎    | 1087/2063 [02:59<02:41,  6.06it/s, v_num=5-00]Epoch 0:  53%|█████▎    | 1088/2063 [02:59<02:40,  6.07it/s, v_num=5-00]Epoch 0:  53%|█████▎    | 1088/2063 [02:59<02:40,  6.07it/s, v_num=5-00]Epoch 0:  53%|█████▎    | 1089/2063 [02:59<02:40,  6.07it/s, v_num=5-00]Epoch 0:  53%|█████▎    | 1089/2063 [02:59<02:40,  6.07it/s, v_num=5-00]Epoch 0:  53%|█████▎    | 1090/2063 [02:59<02:40,  6.08it/s, v_num=5-00]Epoch 0:  53%|█████▎    | 1090/2063 [02:59<02:40,  6.08it/s, v_num=5-00]Epoch 0:  53%|█████▎    | 1091/2063 [03:01<02:41,  6.01it/s, v_num=5-00]Epoch 0:  53%|█████▎    | 1091/2063 [03:01<02:41,  6.01it/s, v_num=5-00]Epoch 0:  53%|█████▎    | 1092/2063 [03:01<02:41,  6.01it/s, v_num=5-00]Epoch 0:  53%|█████▎    | 1092/2063 [03:01<02:41,  6.01it/s, v_num=5-00]Epoch 0:  53%|█████▎    | 1093/2063 [03:01<02:41,  6.02it/s, v_num=5-00]Epoch 0:  53%|█████▎    | 1093/2063 [03:01<02:41,  6.02it/s, v_num=5-00]Epoch 0:  53%|█████▎    | 1094/2063 [03:01<02:40,  6.03it/s, v_num=5-00]Epoch 0:  53%|█████▎    | 1094/2063 [03:01<02:40,  6.03it/s, v_num=5-00]Epoch 0:  53%|█████▎    | 1095/2063 [03:01<02:40,  6.03it/s, v_num=5-00]Epoch 0:  53%|█████▎    | 1095/2063 [03:01<02:40,  6.03it/s, v_num=5-00]Epoch 0:  53%|█████▎    | 1096/2063 [03:01<02:40,  6.04it/s, v_num=5-00]Epoch 0:  53%|█████▎    | 1096/2063 [03:01<02:40,  6.04it/s, v_num=5-00]Epoch 0:  53%|█████▎    | 1097/2063 [03:01<02:39,  6.04it/s, v_num=5-00]Epoch 0:  53%|█████▎    | 1097/2063 [03:01<02:39,  6.04it/s, v_num=5-00]Epoch 0:  53%|█████▎    | 1098/2063 [03:01<02:39,  6.05it/s, v_num=5-00]Epoch 0:  53%|█████▎    | 1098/2063 [03:01<02:39,  6.05it/s, v_num=5-00]Epoch 0:  53%|█████▎    | 1099/2063 [03:01<02:39,  6.05it/s, v_num=5-00]Epoch 0:  53%|█████▎    | 1099/2063 [03:01<02:39,  6.05it/s, v_num=5-00]Epoch 0:  53%|█████▎    | 1100/2063 [03:01<02:38,  6.06it/s, v_num=5-00]Epoch 0:  53%|█████▎    | 1100/2063 [03:01<02:38,  6.06it/s, v_num=5-00]Epoch 0:  53%|█████▎    | 1101/2063 [03:01<02:38,  6.06it/s, v_num=5-00]Epoch 0:  53%|█████▎    | 1101/2063 [03:01<02:38,  6.06it/s, v_num=5-00]Epoch 0:  53%|█████▎    | 1102/2063 [03:01<02:38,  6.06it/s, v_num=5-00]Epoch 0:  53%|█████▎    | 1102/2063 [03:01<02:38,  6.06it/s, v_num=5-00]Epoch 0:  53%|█████▎    | 1103/2063 [03:01<02:38,  6.07it/s, v_num=5-00]Epoch 0:  53%|█████▎    | 1103/2063 [03:01<02:38,  6.07it/s, v_num=5-00]Epoch 0:  54%|█████▎    | 1104/2063 [03:01<02:37,  6.07it/s, v_num=5-00]Epoch 0:  54%|█████▎    | 1104/2063 [03:01<02:37,  6.07it/s, v_num=5-00]Epoch 0:  54%|█████▎    | 1105/2063 [03:01<02:37,  6.08it/s, v_num=5-00]Epoch 0:  54%|█████▎    | 1105/2063 [03:01<02:37,  6.08it/s, v_num=5-00]Epoch 0:  54%|█████▎    | 1106/2063 [03:01<02:37,  6.08it/s, v_num=5-00]Epoch 0:  54%|█████▎    | 1106/2063 [03:01<02:37,  6.08it/s, v_num=5-00]Epoch 0:  54%|█████▎    | 1107/2063 [03:01<02:36,  6.09it/s, v_num=5-00]Epoch 0:  54%|█████▎    | 1107/2063 [03:01<02:36,  6.09it/s, v_num=5-00]Epoch 0:  54%|█████▎    | 1108/2063 [03:01<02:36,  6.09it/s, v_num=5-00]Epoch 0:  54%|█████▎    | 1108/2063 [03:01<02:36,  6.09it/s, v_num=5-00]Epoch 0:  54%|█████▍    | 1109/2063 [03:01<02:36,  6.10it/s, v_num=5-00]Epoch 0:  54%|█████▍    | 1109/2063 [03:01<02:36,  6.10it/s, v_num=5-00]Epoch 0:  54%|█████▍    | 1110/2063 [03:01<02:36,  6.11it/s, v_num=5-00]Epoch 0:  54%|█████▍    | 1110/2063 [03:01<02:36,  6.11it/s, v_num=5-00]Epoch 0:  54%|█████▍    | 1111/2063 [03:05<02:39,  5.98it/s, v_num=5-00]Epoch 0:  54%|█████▍    | 1111/2063 [03:05<02:39,  5.98it/s, v_num=5-00]Epoch 0:  54%|█████▍    | 1112/2063 [03:05<02:38,  5.98it/s, v_num=5-00]Epoch 0:  54%|█████▍    | 1112/2063 [03:05<02:38,  5.98it/s, v_num=5-00]Epoch 0:  54%|█████▍    | 1113/2063 [03:05<02:38,  5.99it/s, v_num=5-00]Epoch 0:  54%|█████▍    | 1113/2063 [03:05<02:38,  5.99it/s, v_num=5-00]Epoch 0:  54%|█████▍    | 1114/2063 [03:05<02:38,  5.99it/s, v_num=5-00]Epoch 0:  54%|█████▍    | 1114/2063 [03:05<02:38,  5.99it/s, v_num=5-00]Epoch 0:  54%|█████▍    | 1115/2063 [03:05<02:38,  6.00it/s, v_num=5-00]Epoch 0:  54%|█████▍    | 1115/2063 [03:05<02:38,  6.00it/s, v_num=5-00]Epoch 0:  54%|█████▍    | 1116/2063 [03:05<02:37,  6.01it/s, v_num=5-00]Epoch 0:  54%|█████▍    | 1116/2063 [03:05<02:37,  6.01it/s, v_num=5-00]Epoch 0:  54%|█████▍    | 1117/2063 [03:05<02:37,  6.01it/s, v_num=5-00]Epoch 0:  54%|█████▍    | 1117/2063 [03:05<02:37,  6.01it/s, v_num=5-00]Epoch 0:  54%|█████▍    | 1118/2063 [03:05<02:37,  6.02it/s, v_num=5-00]Epoch 0:  54%|█████▍    | 1118/2063 [03:05<02:37,  6.02it/s, v_num=5-00]Epoch 0:  54%|█████▍    | 1119/2063 [03:05<02:36,  6.02it/s, v_num=5-00]Epoch 0:  54%|█████▍    | 1119/2063 [03:05<02:36,  6.02it/s, v_num=5-00]Epoch 0:  54%|█████▍    | 1120/2063 [03:05<02:36,  6.03it/s, v_num=5-00]Epoch 0:  54%|█████▍    | 1120/2063 [03:05<02:36,  6.03it/s, v_num=5-00]Epoch 0:  54%|█████▍    | 1121/2063 [03:07<02:37,  5.98it/s, v_num=5-00]Epoch 0:  54%|█████▍    | 1121/2063 [03:07<02:37,  5.98it/s, v_num=5-00]Epoch 0:  54%|█████▍    | 1122/2063 [03:07<02:37,  5.99it/s, v_num=5-00]Epoch 0:  54%|█████▍    | 1122/2063 [03:07<02:37,  5.99it/s, v_num=5-00]Epoch 0:  54%|█████▍    | 1123/2063 [03:07<02:36,  5.99it/s, v_num=5-00]Epoch 0:  54%|█████▍    | 1123/2063 [03:07<02:36,  5.99it/s, v_num=5-00]Epoch 0:  54%|█████▍    | 1124/2063 [03:07<02:36,  6.00it/s, v_num=5-00]Epoch 0:  54%|█████▍    | 1124/2063 [03:07<02:36,  6.00it/s, v_num=5-00]Epoch 0:  55%|█████▍    | 1125/2063 [03:07<02:36,  6.00it/s, v_num=5-00]Epoch 0:  55%|█████▍    | 1125/2063 [03:07<02:36,  6.00it/s, v_num=5-00]Epoch 0:  55%|█████▍    | 1126/2063 [03:07<02:35,  6.01it/s, v_num=5-00]Epoch 0:  55%|█████▍    | 1126/2063 [03:07<02:35,  6.01it/s, v_num=5-00]Epoch 0:  55%|█████▍    | 1127/2063 [03:07<02:35,  6.01it/s, v_num=5-00]Epoch 0:  55%|█████▍    | 1127/2063 [03:07<02:35,  6.01it/s, v_num=5-00]Epoch 0:  55%|█████▍    | 1128/2063 [03:07<02:35,  6.02it/s, v_num=5-00]Epoch 0:  55%|█████▍    | 1128/2063 [03:07<02:35,  6.02it/s, v_num=5-00]Epoch 0:  55%|█████▍    | 1129/2063 [03:07<02:35,  6.02it/s, v_num=5-00]Epoch 0:  55%|█████▍    | 1129/2063 [03:07<02:35,  6.02it/s, v_num=5-00]Epoch 0:  55%|█████▍    | 1130/2063 [03:07<02:34,  6.03it/s, v_num=5-00]Epoch 0:  55%|█████▍    | 1130/2063 [03:07<02:34,  6.03it/s, v_num=5-00]Epoch 0:  55%|█████▍    | 1131/2063 [03:07<02:34,  6.03it/s, v_num=5-00]Epoch 0:  55%|█████▍    | 1131/2063 [03:07<02:34,  6.03it/s, v_num=5-00]Epoch 0:  55%|█████▍    | 1132/2063 [03:07<02:34,  6.03it/s, v_num=5-00]Epoch 0:  55%|█████▍    | 1132/2063 [03:07<02:34,  6.03it/s, v_num=5-00]Epoch 0:  55%|█████▍    | 1133/2063 [03:07<02:33,  6.04it/s, v_num=5-00]Epoch 0:  55%|█████▍    | 1133/2063 [03:07<02:33,  6.04it/s, v_num=5-00]Epoch 0:  55%|█████▍    | 1134/2063 [03:07<02:33,  6.05it/s, v_num=5-00]Epoch 0:  55%|█████▍    | 1134/2063 [03:07<02:33,  6.05it/s, v_num=5-00]Epoch 0:  55%|█████▌    | 1135/2063 [03:07<02:33,  6.05it/s, v_num=5-00]Epoch 0:  55%|█████▌    | 1135/2063 [03:07<02:33,  6.05it/s, v_num=5-00]Epoch 0:  55%|█████▌    | 1136/2063 [03:07<02:33,  6.06it/s, v_num=5-00]Epoch 0:  55%|█████▌    | 1136/2063 [03:07<02:33,  6.06it/s, v_num=5-00]Epoch 0:  55%|█████▌    | 1137/2063 [03:07<02:32,  6.06it/s, v_num=5-00]Epoch 0:  55%|█████▌    | 1137/2063 [03:07<02:32,  6.06it/s, v_num=5-00]Epoch 0:  55%|█████▌    | 1138/2063 [03:07<02:32,  6.07it/s, v_num=5-00]Epoch 0:  55%|█████▌    | 1138/2063 [03:07<02:32,  6.07it/s, v_num=5-00]Epoch 0:  55%|█████▌    | 1139/2063 [03:07<02:32,  6.07it/s, v_num=5-00]Epoch 0:  55%|█████▌    | 1139/2063 [03:07<02:32,  6.07it/s, v_num=5-00]Epoch 0:  55%|█████▌    | 1140/2063 [03:07<02:31,  6.08it/s, v_num=5-00]Epoch 0:  55%|█████▌    | 1140/2063 [03:07<02:31,  6.08it/s, v_num=5-00]Epoch 0:  55%|█████▌    | 1141/2063 [03:10<02:34,  5.98it/s, v_num=5-00]Epoch 0:  55%|█████▌    | 1141/2063 [03:10<02:34,  5.98it/s, v_num=5-00]Epoch 0:  55%|█████▌    | 1142/2063 [03:10<02:33,  5.98it/s, v_num=5-00]Epoch 0:  55%|█████▌    | 1142/2063 [03:10<02:33,  5.98it/s, v_num=5-00]Epoch 0:  55%|█████▌    | 1143/2063 [03:10<02:33,  5.99it/s, v_num=5-00]Epoch 0:  55%|█████▌    | 1143/2063 [03:10<02:33,  5.99it/s, v_num=5-00]Epoch 0:  55%|█████▌    | 1144/2063 [03:10<02:33,  5.99it/s, v_num=5-00]Epoch 0:  55%|█████▌    | 1144/2063 [03:10<02:33,  5.99it/s, v_num=5-00]Epoch 0:  56%|█████▌    | 1145/2063 [03:10<02:33,  6.00it/s, v_num=5-00]Epoch 0:  56%|█████▌    | 1145/2063 [03:10<02:33,  6.00it/s, v_num=5-00]Epoch 0:  56%|█████▌    | 1146/2063 [03:10<02:32,  6.00it/s, v_num=5-00]Epoch 0:  56%|█████▌    | 1146/2063 [03:10<02:32,  6.00it/s, v_num=5-00]Epoch 0:  56%|█████▌    | 1147/2063 [03:10<02:32,  6.01it/s, v_num=5-00]Epoch 0:  56%|█████▌    | 1147/2063 [03:10<02:32,  6.01it/s, v_num=5-00]Epoch 0:  56%|█████▌    | 1148/2063 [03:10<02:32,  6.01it/s, v_num=5-00]Epoch 0:  56%|█████▌    | 1148/2063 [03:10<02:32,  6.01it/s, v_num=5-00]Epoch 0:  56%|█████▌    | 1149/2063 [03:10<02:31,  6.02it/s, v_num=5-00]Epoch 0:  56%|█████▌    | 1149/2063 [03:10<02:31,  6.02it/s, v_num=5-00]Epoch 0:  56%|█████▌    | 1150/2063 [03:10<02:31,  6.02it/s, v_num=5-00]Epoch 0:  56%|█████▌    | 1150/2063 [03:10<02:31,  6.02it/s, v_num=5-00]Epoch 0:  56%|█████▌    | 1151/2063 [03:13<02:32,  5.96it/s, v_num=5-00]Epoch 0:  56%|█████▌    | 1151/2063 [03:13<02:32,  5.96it/s, v_num=5-00]Epoch 0:  56%|█████▌    | 1152/2063 [03:13<02:32,  5.97it/s, v_num=5-00]Epoch 0:  56%|█████▌    | 1152/2063 [03:13<02:32,  5.97it/s, v_num=5-00]Epoch 0:  56%|█████▌    | 1153/2063 [03:13<02:32,  5.97it/s, v_num=5-00]Epoch 0:  56%|█████▌    | 1153/2063 [03:13<02:32,  5.97it/s, v_num=5-00]Epoch 0:  56%|█████▌    | 1154/2063 [03:13<02:32,  5.98it/s, v_num=5-00]Epoch 0:  56%|█████▌    | 1154/2063 [03:13<02:32,  5.98it/s, v_num=5-00]Epoch 0:  56%|█████▌    | 1155/2063 [03:13<02:31,  5.98it/s, v_num=5-00]Epoch 0:  56%|█████▌    | 1155/2063 [03:13<02:31,  5.98it/s, v_num=5-00]Epoch 0:  56%|█████▌    | 1156/2063 [03:13<02:31,  5.99it/s, v_num=5-00]Epoch 0:  56%|█████▌    | 1156/2063 [03:13<02:31,  5.99it/s, v_num=5-00]Epoch 0:  56%|█████▌    | 1157/2063 [03:13<02:31,  5.99it/s, v_num=5-00]Epoch 0:  56%|█████▌    | 1157/2063 [03:13<02:31,  5.99it/s, v_num=5-00]Epoch 0:  56%|█████▌    | 1158/2063 [03:13<02:30,  6.00it/s, v_num=5-00]Epoch 0:  56%|█████▌    | 1158/2063 [03:13<02:30,  6.00it/s, v_num=5-00]Epoch 0:  56%|█████▌    | 1159/2063 [03:13<02:30,  6.00it/s, v_num=5-00]Epoch 0:  56%|█████▌    | 1159/2063 [03:13<02:30,  6.00it/s, v_num=5-00]Epoch 0:  56%|█████▌    | 1160/2063 [03:13<02:30,  6.01it/s, v_num=5-00]Epoch 0:  56%|█████▌    | 1160/2063 [03:13<02:30,  6.01it/s, v_num=5-00]Epoch 0:  56%|█████▋    | 1161/2063 [03:17<02:33,  5.89it/s, v_num=5-00]Epoch 0:  56%|█████▋    | 1161/2063 [03:17<02:33,  5.89it/s, v_num=5-00]Epoch 0:  56%|█████▋    | 1162/2063 [03:17<02:32,  5.89it/s, v_num=5-00]Epoch 0:  56%|█████▋    | 1162/2063 [03:17<02:32,  5.89it/s, v_num=5-00]Epoch 0:  56%|█████▋    | 1163/2063 [03:17<02:32,  5.90it/s, v_num=5-00]Epoch 0:  56%|█████▋    | 1163/2063 [03:17<02:32,  5.90it/s, v_num=5-00]Epoch 0:  56%|█████▋    | 1164/2063 [03:17<02:32,  5.90it/s, v_num=5-00]Epoch 0:  56%|█████▋    | 1164/2063 [03:17<02:32,  5.90it/s, v_num=5-00]Epoch 0:  56%|█████▋    | 1165/2063 [03:17<02:31,  5.91it/s, v_num=5-00]Epoch 0:  56%|█████▋    | 1165/2063 [03:17<02:31,  5.91it/s, v_num=5-00]Epoch 0:  57%|█████▋    | 1166/2063 [03:17<02:31,  5.91it/s, v_num=5-00]Epoch 0:  57%|█████▋    | 1166/2063 [03:17<02:31,  5.91it/s, v_num=5-00]Epoch 0:  57%|█████▋    | 1167/2063 [03:17<02:31,  5.92it/s, v_num=5-00]Epoch 0:  57%|█████▋    | 1167/2063 [03:17<02:31,  5.92it/s, v_num=5-00]Epoch 0:  57%|█████▋    | 1168/2063 [03:17<02:31,  5.92it/s, v_num=5-00]Epoch 0:  57%|█████▋    | 1168/2063 [03:17<02:31,  5.92it/s, v_num=5-00]Epoch 0:  57%|█████▋    | 1169/2063 [03:17<02:30,  5.93it/s, v_num=5-00]Epoch 0:  57%|█████▋    | 1169/2063 [03:17<02:30,  5.93it/s, v_num=5-00]Epoch 0:  57%|█████▋    | 1170/2063 [03:17<02:30,  5.93it/s, v_num=5-00]Epoch 0:  57%|█████▋    | 1170/2063 [03:17<02:30,  5.93it/s, v_num=5-00]Epoch 0:  57%|█████▋    | 1171/2063 [03:19<02:31,  5.88it/s, v_num=5-00]Epoch 0:  57%|█████▋    | 1171/2063 [03:19<02:31,  5.88it/s, v_num=5-00]Epoch 0:  57%|█████▋    | 1172/2063 [03:19<02:31,  5.88it/s, v_num=5-00]Epoch 0:  57%|█████▋    | 1172/2063 [03:19<02:31,  5.88it/s, v_num=5-00]Epoch 0:  57%|█████▋    | 1173/2063 [03:19<02:31,  5.89it/s, v_num=5-00]Epoch 0:  57%|█████▋    | 1173/2063 [03:19<02:31,  5.89it/s, v_num=5-00]Epoch 0:  57%|█████▋    | 1174/2063 [03:19<02:30,  5.89it/s, v_num=5-00]Epoch 0:  57%|█████▋    | 1174/2063 [03:19<02:30,  5.89it/s, v_num=5-00]Epoch 0:  57%|█████▋    | 1175/2063 [03:19<02:30,  5.90it/s, v_num=5-00]Epoch 0:  57%|█████▋    | 1175/2063 [03:19<02:30,  5.90it/s, v_num=5-00]Epoch 0:  57%|█████▋    | 1176/2063 [03:19<02:30,  5.90it/s, v_num=5-00]Epoch 0:  57%|█████▋    | 1176/2063 [03:19<02:30,  5.90it/s, v_num=5-00]Epoch 0:  57%|█████▋    | 1177/2063 [03:19<02:29,  5.91it/s, v_num=5-00]Epoch 0:  57%|█████▋    | 1177/2063 [03:19<02:29,  5.91it/s, v_num=5-00]Epoch 0:  57%|█████▋    | 1178/2063 [03:19<02:29,  5.91it/s, v_num=5-00]Epoch 0:  57%|█████▋    | 1178/2063 [03:19<02:29,  5.91it/s, v_num=5-00]Epoch 0:  57%|█████▋    | 1179/2063 [03:19<02:29,  5.92it/s, v_num=5-00]Epoch 0:  57%|█████▋    | 1179/2063 [03:19<02:29,  5.92it/s, v_num=5-00]Epoch 0:  57%|█████▋    | 1180/2063 [03:19<02:29,  5.92it/s, v_num=5-00]Epoch 0:  57%|█████▋    | 1180/2063 [03:19<02:29,  5.92it/s, v_num=5-00]Epoch 0:  57%|█████▋    | 1181/2063 [03:19<02:28,  5.92it/s, v_num=5-00]Epoch 0:  57%|█████▋    | 1181/2063 [03:19<02:28,  5.92it/s, v_num=5-00]Epoch 0:  57%|█████▋    | 1182/2063 [03:19<02:28,  5.93it/s, v_num=5-00]Epoch 0:  57%|█████▋    | 1182/2063 [03:19<02:28,  5.93it/s, v_num=5-00]Epoch 0:  57%|█████▋    | 1183/2063 [03:19<02:28,  5.93it/s, v_num=5-00]Epoch 0:  57%|█████▋    | 1183/2063 [03:19<02:28,  5.93it/s, v_num=5-00]Epoch 0:  57%|█████▋    | 1184/2063 [03:19<02:28,  5.94it/s, v_num=5-00]Epoch 0:  57%|█████▋    | 1184/2063 [03:19<02:28,  5.94it/s, v_num=5-00]Epoch 0:  57%|█████▋    | 1185/2063 [03:19<02:27,  5.94it/s, v_num=5-00]Epoch 0:  57%|█████▋    | 1185/2063 [03:19<02:27,  5.94it/s, v_num=5-00]Epoch 0:  57%|█████▋    | 1186/2063 [03:19<02:27,  5.95it/s, v_num=5-00]Epoch 0:  57%|█████▋    | 1186/2063 [03:19<02:27,  5.95it/s, v_num=5-00]Epoch 0:  58%|█████▊    | 1187/2063 [03:19<02:27,  5.95it/s, v_num=5-00]Epoch 0:  58%|█████▊    | 1187/2063 [03:19<02:27,  5.95it/s, v_num=5-00]Epoch 0:  58%|█████▊    | 1188/2063 [03:19<02:26,  5.96it/s, v_num=5-00]Epoch 0:  58%|█████▊    | 1188/2063 [03:19<02:26,  5.96it/s, v_num=5-00]Epoch 0:  58%|█████▊    | 1189/2063 [03:19<02:26,  5.96it/s, v_num=5-00]Epoch 0:  58%|█████▊    | 1189/2063 [03:19<02:26,  5.96it/s, v_num=5-00]Epoch 0:  58%|█████▊    | 1190/2063 [03:19<02:26,  5.97it/s, v_num=5-00]Epoch 0:  58%|█████▊    | 1190/2063 [03:19<02:26,  5.97it/s, v_num=5-00]Epoch 0:  58%|█████▊    | 1191/2063 [03:21<02:27,  5.91it/s, v_num=5-00]Epoch 0:  58%|█████▊    | 1191/2063 [03:21<02:27,  5.91it/s, v_num=5-00]Epoch 0:  58%|█████▊    | 1192/2063 [03:21<02:27,  5.92it/s, v_num=5-00]Epoch 0:  58%|█████▊    | 1192/2063 [03:21<02:27,  5.92it/s, v_num=5-00]Epoch 0:  58%|█████▊    | 1193/2063 [03:21<02:26,  5.92it/s, v_num=5-00]Epoch 0:  58%|█████▊    | 1193/2063 [03:21<02:26,  5.92it/s, v_num=5-00]Epoch 0:  58%|█████▊    | 1194/2063 [03:21<02:26,  5.93it/s, v_num=5-00]Epoch 0:  58%|█████▊    | 1194/2063 [03:21<02:26,  5.93it/s, v_num=5-00]Epoch 0:  58%|█████▊    | 1195/2063 [03:21<02:26,  5.93it/s, v_num=5-00]Epoch 0:  58%|█████▊    | 1195/2063 [03:21<02:26,  5.93it/s, v_num=5-00]Epoch 0:  58%|█████▊    | 1196/2063 [03:21<02:26,  5.94it/s, v_num=5-00]Epoch 0:  58%|█████▊    | 1196/2063 [03:21<02:26,  5.94it/s, v_num=5-00]Epoch 0:  58%|█████▊    | 1197/2063 [03:21<02:25,  5.94it/s, v_num=5-00]Epoch 0:  58%|█████▊    | 1197/2063 [03:21<02:25,  5.94it/s, v_num=5-00]Epoch 0:  58%|█████▊    | 1198/2063 [03:21<02:25,  5.95it/s, v_num=5-00]Epoch 0:  58%|█████▊    | 1198/2063 [03:21<02:25,  5.95it/s, v_num=5-00]Epoch 0:  58%|█████▊    | 1199/2063 [03:21<02:25,  5.95it/s, v_num=5-00]Epoch 0:  58%|█████▊    | 1199/2063 [03:21<02:25,  5.95it/s, v_num=5-00]Epoch 0:  58%|█████▊    | 1200/2063 [03:21<02:24,  5.96it/s, v_num=5-00]Epoch 0:  58%|█████▊    | 1200/2063 [03:21<02:24,  5.96it/s, v_num=5-00]Epoch 0:  58%|█████▊    | 1201/2063 [03:25<02:27,  5.83it/s, v_num=5-00]Epoch 0:  58%|█████▊    | 1201/2063 [03:25<02:27,  5.83it/s, v_num=5-00]Epoch 0:  58%|█████▊    | 1202/2063 [03:25<02:27,  5.84it/s, v_num=5-00]Epoch 0:  58%|█████▊    | 1202/2063 [03:25<02:27,  5.84it/s, v_num=5-00]Epoch 0:  58%|█████▊    | 1203/2063 [03:25<02:27,  5.84it/s, v_num=5-00]Epoch 0:  58%|█████▊    | 1203/2063 [03:25<02:27,  5.84it/s, v_num=5-00]Epoch 0:  58%|█████▊    | 1204/2063 [03:25<02:26,  5.85it/s, v_num=5-00]Epoch 0:  58%|█████▊    | 1204/2063 [03:25<02:26,  5.85it/s, v_num=5-00]Epoch 0:  58%|█████▊    | 1205/2063 [03:25<02:26,  5.85it/s, v_num=5-00]Epoch 0:  58%|█████▊    | 1205/2063 [03:25<02:26,  5.85it/s, v_num=5-00]Epoch 0:  58%|█████▊    | 1206/2063 [03:25<02:26,  5.85it/s, v_num=5-00]Epoch 0:  58%|█████▊    | 1206/2063 [03:25<02:26,  5.85it/s, v_num=5-00]Epoch 0:  59%|█████▊    | 1207/2063 [03:26<02:26,  5.86it/s, v_num=5-00]Epoch 0:  59%|█████▊    | 1207/2063 [03:26<02:26,  5.86it/s, v_num=5-00]Epoch 0:  59%|█████▊    | 1208/2063 [03:26<02:25,  5.86it/s, v_num=5-00]Epoch 0:  59%|█████▊    | 1208/2063 [03:26<02:25,  5.86it/s, v_num=5-00]Epoch 0:  59%|█████▊    | 1209/2063 [03:26<02:25,  5.87it/s, v_num=5-00]Epoch 0:  59%|█████▊    | 1209/2063 [03:26<02:25,  5.87it/s, v_num=5-00]Epoch 0:  59%|█████▊    | 1210/2063 [03:26<02:25,  5.87it/s, v_num=5-00]Epoch 0:  59%|█████▊    | 1210/2063 [03:26<02:25,  5.87it/s, v_num=5-00]Epoch 0:  59%|█████▊    | 1211/2063 [03:27<02:25,  5.84it/s, v_num=5-00]Epoch 0:  59%|█████▊    | 1211/2063 [03:27<02:25,  5.84it/s, v_num=5-00]Epoch 0:  59%|█████▊    | 1212/2063 [03:27<02:25,  5.84it/s, v_num=5-00]Epoch 0:  59%|█████▊    | 1212/2063 [03:27<02:25,  5.84it/s, v_num=5-00]Epoch 0:  59%|█████▉    | 1213/2063 [03:27<02:25,  5.85it/s, v_num=5-00]Epoch 0:  59%|█████▉    | 1213/2063 [03:27<02:25,  5.85it/s, v_num=5-00]Epoch 0:  59%|█████▉    | 1214/2063 [03:27<02:25,  5.85it/s, v_num=5-00]Epoch 0:  59%|█████▉    | 1214/2063 [03:27<02:25,  5.85it/s, v_num=5-00]Epoch 0:  59%|█████▉    | 1215/2063 [03:27<02:24,  5.85it/s, v_num=5-00]Epoch 0:  59%|█████▉    | 1215/2063 [03:27<02:24,  5.85it/s, v_num=5-00]Epoch 0:  59%|█████▉    | 1216/2063 [03:27<02:24,  5.86it/s, v_num=5-00]Epoch 0:  59%|█████▉    | 1216/2063 [03:27<02:24,  5.86it/s, v_num=5-00]Epoch 0:  59%|█████▉    | 1217/2063 [03:27<02:24,  5.86it/s, v_num=5-00]Epoch 0:  59%|█████▉    | 1217/2063 [03:27<02:24,  5.86it/s, v_num=5-00]Epoch 0:  59%|█████▉    | 1218/2063 [03:27<02:23,  5.87it/s, v_num=5-00]Epoch 0:  59%|█████▉    | 1218/2063 [03:27<02:23,  5.87it/s, v_num=5-00]Epoch 0:  59%|█████▉    | 1219/2063 [03:27<02:23,  5.87it/s, v_num=5-00]Epoch 0:  59%|█████▉    | 1219/2063 [03:27<02:23,  5.87it/s, v_num=5-00]Epoch 0:  59%|█████▉    | 1220/2063 [03:27<02:23,  5.88it/s, v_num=5-00]Epoch 0:  59%|█████▉    | 1220/2063 [03:27<02:23,  5.88it/s, v_num=5-00]Epoch 0:  59%|█████▉    | 1221/2063 [03:27<02:23,  5.88it/s, v_num=5-00]Epoch 0:  59%|█████▉    | 1221/2063 [03:27<02:23,  5.88it/s, v_num=5-00]Epoch 0:  59%|█████▉    | 1222/2063 [03:27<02:22,  5.88it/s, v_num=5-00]Epoch 0:  59%|█████▉    | 1222/2063 [03:27<02:22,  5.88it/s, v_num=5-00]Epoch 0:  59%|█████▉    | 1223/2063 [03:27<02:22,  5.89it/s, v_num=5-00]Epoch 0:  59%|█████▉    | 1223/2063 [03:27<02:22,  5.89it/s, v_num=5-00]Epoch 0:  59%|█████▉    | 1224/2063 [03:27<02:22,  5.89it/s, v_num=5-00]Epoch 0:  59%|█████▉    | 1224/2063 [03:27<02:22,  5.89it/s, v_num=5-00]Epoch 0:  59%|█████▉    | 1225/2063 [03:27<02:22,  5.90it/s, v_num=5-00]Epoch 0:  59%|█████▉    | 1225/2063 [03:27<02:22,  5.90it/s, v_num=5-00]Epoch 0:  59%|█████▉    | 1226/2063 [03:27<02:21,  5.90it/s, v_num=5-00]Epoch 0:  59%|█████▉    | 1226/2063 [03:27<02:21,  5.90it/s, v_num=5-00]Epoch 0:  59%|█████▉    | 1227/2063 [03:27<02:21,  5.91it/s, v_num=5-00]Epoch 0:  59%|█████▉    | 1227/2063 [03:27<02:21,  5.91it/s, v_num=5-00]Epoch 0:  60%|█████▉    | 1228/2063 [03:27<02:21,  5.91it/s, v_num=5-00]Epoch 0:  60%|█████▉    | 1228/2063 [03:27<02:21,  5.91it/s, v_num=5-00]Epoch 0:  60%|█████▉    | 1229/2063 [03:27<02:20,  5.92it/s, v_num=5-00]Epoch 0:  60%|█████▉    | 1229/2063 [03:27<02:20,  5.92it/s, v_num=5-00]Epoch 0:  60%|█████▉    | 1230/2063 [03:27<02:20,  5.92it/s, v_num=5-00]Epoch 0:  60%|█████▉    | 1230/2063 [03:27<02:20,  5.92it/s, v_num=5-00]Epoch 0:  60%|█████▉    | 1231/2063 [03:38<02:27,  5.63it/s, v_num=5-00]Epoch 0:  60%|█████▉    | 1231/2063 [03:38<02:27,  5.63it/s, v_num=5-00]Epoch 0:  60%|█████▉    | 1232/2063 [03:38<02:27,  5.63it/s, v_num=5-00]Epoch 0:  60%|█████▉    | 1232/2063 [03:38<02:27,  5.63it/s, v_num=5-00]Epoch 0:  60%|█████▉    | 1233/2063 [03:38<02:27,  5.64it/s, v_num=5-00]Epoch 0:  60%|█████▉    | 1233/2063 [03:38<02:27,  5.64it/s, v_num=5-00]Epoch 0:  60%|█████▉    | 1234/2063 [03:38<02:26,  5.64it/s, v_num=5-00]Epoch 0:  60%|█████▉    | 1234/2063 [03:38<02:26,  5.64it/s, v_num=5-00]Epoch 0:  60%|█████▉    | 1235/2063 [03:38<02:26,  5.65it/s, v_num=5-00]Epoch 0:  60%|█████▉    | 1235/2063 [03:38<02:26,  5.65it/s, v_num=5-00]Epoch 0:  60%|█████▉    | 1236/2063 [03:38<02:26,  5.65it/s, v_num=5-00]Epoch 0:  60%|█████▉    | 1236/2063 [03:38<02:26,  5.65it/s, v_num=5-00]Epoch 0:  60%|█████▉    | 1237/2063 [03:38<02:26,  5.65it/s, v_num=5-00]Epoch 0:  60%|█████▉    | 1237/2063 [03:38<02:26,  5.65it/s, v_num=5-00]Epoch 0:  60%|██████    | 1238/2063 [03:38<02:25,  5.66it/s, v_num=5-00]Epoch 0:  60%|██████    | 1238/2063 [03:38<02:25,  5.66it/s, v_num=5-00]Epoch 0:  60%|██████    | 1239/2063 [03:38<02:25,  5.66it/s, v_num=5-00]Epoch 0:  60%|██████    | 1239/2063 [03:38<02:25,  5.66it/s, v_num=5-00]Epoch 0:  60%|██████    | 1240/2063 [03:38<02:25,  5.67it/s, v_num=5-00]Epoch 0:  60%|██████    | 1240/2063 [03:38<02:25,  5.67it/s, v_num=5-00]Epoch 0:  60%|██████    | 1241/2063 [03:38<02:25,  5.67it/s, v_num=5-00]Epoch 0:  60%|██████    | 1241/2063 [03:38<02:25,  5.67it/s, v_num=5-00]Epoch 0:  60%|██████    | 1242/2063 [03:38<02:24,  5.67it/s, v_num=5-00]Epoch 0:  60%|██████    | 1242/2063 [03:38<02:24,  5.67it/s, v_num=5-00]Epoch 0:  60%|██████    | 1243/2063 [03:38<02:24,  5.68it/s, v_num=5-00]Epoch 0:  60%|██████    | 1243/2063 [03:38<02:24,  5.68it/s, v_num=5-00]Epoch 0:  60%|██████    | 1244/2063 [03:38<02:24,  5.68it/s, v_num=5-00]Epoch 0:  60%|██████    | 1244/2063 [03:38<02:24,  5.68it/s, v_num=5-00]Epoch 0:  60%|██████    | 1245/2063 [03:38<02:23,  5.69it/s, v_num=5-00]Epoch 0:  60%|██████    | 1245/2063 [03:38<02:23,  5.69it/s, v_num=5-00]Epoch 0:  60%|██████    | 1246/2063 [03:38<02:23,  5.69it/s, v_num=5-00]Epoch 0:  60%|██████    | 1246/2063 [03:38<02:23,  5.69it/s, v_num=5-00]Epoch 0:  60%|██████    | 1247/2063 [03:38<02:23,  5.69it/s, v_num=5-00]Epoch 0:  60%|██████    | 1247/2063 [03:38<02:23,  5.69it/s, v_num=5-00]Epoch 0:  60%|██████    | 1248/2063 [03:38<02:23,  5.70it/s, v_num=5-00]Epoch 0:  60%|██████    | 1248/2063 [03:38<02:23,  5.70it/s, v_num=5-00]Epoch 0:  61%|██████    | 1249/2063 [03:38<02:22,  5.70it/s, v_num=5-00]Epoch 0:  61%|██████    | 1249/2063 [03:38<02:22,  5.70it/s, v_num=5-00]Epoch 0:  61%|██████    | 1250/2063 [03:38<02:22,  5.71it/s, v_num=5-00]Epoch 0:  61%|██████    | 1250/2063 [03:38<02:22,  5.71it/s, v_num=5-00]Epoch 0:  61%|██████    | 1251/2063 [03:39<02:22,  5.71it/s, v_num=5-00]Epoch 0:  61%|██████    | 1251/2063 [03:39<02:22,  5.71it/s, v_num=5-00]Epoch 0:  61%|██████    | 1252/2063 [03:39<02:21,  5.71it/s, v_num=5-00]Epoch 0:  61%|██████    | 1252/2063 [03:39<02:21,  5.71it/s, v_num=5-00]Epoch 0:  61%|██████    | 1253/2063 [03:39<02:21,  5.72it/s, v_num=5-00]Epoch 0:  61%|██████    | 1253/2063 [03:39<02:21,  5.72it/s, v_num=5-00]Epoch 0:  61%|██████    | 1254/2063 [03:39<02:21,  5.72it/s, v_num=5-00]Epoch 0:  61%|██████    | 1254/2063 [03:39<02:21,  5.72it/s, v_num=5-00]Epoch 0:  61%|██████    | 1255/2063 [03:39<02:21,  5.73it/s, v_num=5-00]Epoch 0:  61%|██████    | 1255/2063 [03:39<02:21,  5.73it/s, v_num=5-00]Epoch 0:  61%|██████    | 1256/2063 [03:39<02:20,  5.73it/s, v_num=5-00]Epoch 0:  61%|██████    | 1256/2063 [03:39<02:20,  5.73it/s, v_num=5-00]Epoch 0:  61%|██████    | 1257/2063 [03:39<02:20,  5.74it/s, v_num=5-00]Epoch 0:  61%|██████    | 1257/2063 [03:39<02:20,  5.74it/s, v_num=5-00]Epoch 0:  61%|██████    | 1258/2063 [03:39<02:20,  5.74it/s, v_num=5-00]Epoch 0:  61%|██████    | 1258/2063 [03:39<02:20,  5.74it/s, v_num=5-00]Epoch 0:  61%|██████    | 1259/2063 [03:39<02:19,  5.74it/s, v_num=5-00]Epoch 0:  61%|██████    | 1259/2063 [03:39<02:19,  5.74it/s, v_num=5-00]Epoch 0:  61%|██████    | 1260/2063 [03:39<02:19,  5.75it/s, v_num=5-00]Epoch 0:  61%|██████    | 1260/2063 [03:39<02:19,  5.75it/s, v_num=5-00]Epoch 0:  61%|██████    | 1261/2063 [03:39<02:19,  5.75it/s, v_num=5-00]Epoch 0:  61%|██████    | 1261/2063 [03:39<02:19,  5.75it/s, v_num=5-00]Epoch 0:  61%|██████    | 1262/2063 [03:39<02:19,  5.75it/s, v_num=5-00]Epoch 0:  61%|██████    | 1262/2063 [03:39<02:19,  5.75it/s, v_num=5-00]Epoch 0:  61%|██████    | 1263/2063 [03:39<02:18,  5.76it/s, v_num=5-00]Epoch 0:  61%|██████    | 1263/2063 [03:39<02:18,  5.76it/s, v_num=5-00]Epoch 0:  61%|██████▏   | 1264/2063 [03:39<02:18,  5.76it/s, v_num=5-00]Epoch 0:  61%|██████▏   | 1264/2063 [03:39<02:18,  5.76it/s, v_num=5-00]Epoch 0:  61%|██████▏   | 1265/2063 [03:39<02:18,  5.77it/s, v_num=5-00]Epoch 0:  61%|██████▏   | 1265/2063 [03:39<02:18,  5.77it/s, v_num=5-00]Epoch 0:  61%|██████▏   | 1266/2063 [03:39<02:18,  5.77it/s, v_num=5-00]Epoch 0:  61%|██████▏   | 1266/2063 [03:39<02:18,  5.77it/s, v_num=5-00]Epoch 0:  61%|██████▏   | 1267/2063 [03:39<02:17,  5.78it/s, v_num=5-00]Epoch 0:  61%|██████▏   | 1267/2063 [03:39<02:17,  5.78it/s, v_num=5-00]Epoch 0:  61%|██████▏   | 1268/2063 [03:39<02:17,  5.78it/s, v_num=5-00]Epoch 0:  61%|██████▏   | 1268/2063 [03:39<02:17,  5.78it/s, v_num=5-00]Epoch 0:  62%|██████▏   | 1269/2063 [03:39<02:17,  5.79it/s, v_num=5-00]Epoch 0:  62%|██████▏   | 1269/2063 [03:39<02:17,  5.79it/s, v_num=5-00]Epoch 0:  62%|██████▏   | 1270/2063 [03:39<02:16,  5.79it/s, v_num=5-00]Epoch 0:  62%|██████▏   | 1270/2063 [03:39<02:16,  5.79it/s, v_num=5-00]Epoch 0:  62%|██████▏   | 1271/2063 [03:39<02:16,  5.79it/s, v_num=5-00]Epoch 0:  62%|██████▏   | 1271/2063 [03:39<02:16,  5.79it/s, v_num=5-00]Epoch 0:  62%|██████▏   | 1272/2063 [03:39<02:16,  5.80it/s, v_num=5-00]Epoch 0:  62%|██████▏   | 1272/2063 [03:39<02:16,  5.80it/s, v_num=5-00]Epoch 0:  62%|██████▏   | 1273/2063 [03:39<02:16,  5.80it/s, v_num=5-00]Epoch 0:  62%|██████▏   | 1273/2063 [03:39<02:16,  5.80it/s, v_num=5-00]Epoch 0:  62%|██████▏   | 1274/2063 [03:39<02:15,  5.80it/s, v_num=5-00]Epoch 0:  62%|██████▏   | 1274/2063 [03:39<02:15,  5.80it/s, v_num=5-00]Epoch 0:  62%|██████▏   | 1275/2063 [03:39<02:15,  5.81it/s, v_num=5-00]Epoch 0:  62%|██████▏   | 1275/2063 [03:39<02:15,  5.81it/s, v_num=5-00]Epoch 0:  62%|██████▏   | 1276/2063 [03:39<02:15,  5.81it/s, v_num=5-00]Epoch 0:  62%|██████▏   | 1276/2063 [03:39<02:15,  5.81it/s, v_num=5-00]Epoch 0:  62%|██████▏   | 1277/2063 [03:39<02:15,  5.82it/s, v_num=5-00]Epoch 0:  62%|██████▏   | 1277/2063 [03:39<02:15,  5.82it/s, v_num=5-00]Epoch 0:  62%|██████▏   | 1278/2063 [03:39<02:14,  5.82it/s, v_num=5-00]Epoch 0:  62%|██████▏   | 1278/2063 [03:39<02:14,  5.82it/s, v_num=5-00]Epoch 0:  62%|██████▏   | 1279/2063 [03:39<02:14,  5.83it/s, v_num=5-00]Epoch 0:  62%|██████▏   | 1279/2063 [03:39<02:14,  5.83it/s, v_num=5-00]Epoch 0:  62%|██████▏   | 1280/2063 [03:39<02:14,  5.83it/s, v_num=5-00]Epoch 0:  62%|██████▏   | 1280/2063 [03:39<02:14,  5.83it/s, v_num=5-00]Epoch 0:  62%|██████▏   | 1281/2063 [03:39<02:14,  5.83it/s, v_num=5-00]Epoch 0:  62%|██████▏   | 1281/2063 [03:39<02:14,  5.83it/s, v_num=5-00]Epoch 0:  62%|██████▏   | 1282/2063 [03:39<02:13,  5.84it/s, v_num=5-00]Epoch 0:  62%|██████▏   | 1282/2063 [03:39<02:13,  5.84it/s, v_num=5-00]Epoch 0:  62%|██████▏   | 1283/2063 [03:39<02:13,  5.84it/s, v_num=5-00]Epoch 0:  62%|██████▏   | 1283/2063 [03:39<02:13,  5.84it/s, v_num=5-00]Epoch 0:  62%|██████▏   | 1284/2063 [03:39<02:13,  5.84it/s, v_num=5-00]Epoch 0:  62%|██████▏   | 1284/2063 [03:39<02:13,  5.84it/s, v_num=5-00]Epoch 0:  62%|██████▏   | 1285/2063 [03:39<02:13,  5.85it/s, v_num=5-00]Epoch 0:  62%|██████▏   | 1285/2063 [03:39<02:13,  5.85it/s, v_num=5-00]Epoch 0:  62%|██████▏   | 1286/2063 [03:39<02:12,  5.85it/s, v_num=5-00]Epoch 0:  62%|██████▏   | 1286/2063 [03:39<02:12,  5.85it/s, v_num=5-00]Epoch 0:  62%|██████▏   | 1287/2063 [03:39<02:12,  5.86it/s, v_num=5-00]Epoch 0:  62%|██████▏   | 1287/2063 [03:39<02:12,  5.86it/s, v_num=5-00]Epoch 0:  62%|██████▏   | 1288/2063 [03:39<02:12,  5.86it/s, v_num=5-00]Epoch 0:  62%|██████▏   | 1288/2063 [03:39<02:12,  5.86it/s, v_num=5-00]Epoch 0:  62%|██████▏   | 1289/2063 [03:39<02:11,  5.87it/s, v_num=5-00]Epoch 0:  62%|██████▏   | 1289/2063 [03:39<02:11,  5.87it/s, v_num=5-00]Epoch 0:  63%|██████▎   | 1290/2063 [03:39<02:11,  5.87it/s, v_num=5-00]Epoch 0:  63%|██████▎   | 1290/2063 [03:39<02:11,  5.87it/s, v_num=5-00]Epoch 0:  63%|██████▎   | 1291/2063 [03:43<02:13,  5.77it/s, v_num=5-00]Epoch 0:  63%|██████▎   | 1291/2063 [03:43<02:13,  5.77it/s, v_num=5-00]Epoch 0:  63%|██████▎   | 1292/2063 [03:43<02:13,  5.78it/s, v_num=5-00]Epoch 0:  63%|██████▎   | 1292/2063 [03:43<02:13,  5.78it/s, v_num=5-00]Epoch 0:  63%|██████▎   | 1293/2063 [03:43<02:13,  5.78it/s, v_num=5-00]Epoch 0:  63%|██████▎   | 1293/2063 [03:43<02:13,  5.78it/s, v_num=5-00]Epoch 0:  63%|██████▎   | 1294/2063 [03:43<02:12,  5.79it/s, v_num=5-00]Epoch 0:  63%|██████▎   | 1294/2063 [03:43<02:12,  5.79it/s, v_num=5-00]Epoch 0:  63%|██████▎   | 1295/2063 [03:43<02:12,  5.79it/s, v_num=5-00]Epoch 0:  63%|██████▎   | 1295/2063 [03:43<02:12,  5.79it/s, v_num=5-00]Epoch 0:  63%|██████▎   | 1296/2063 [03:43<02:12,  5.79it/s, v_num=5-00]Epoch 0:  63%|██████▎   | 1296/2063 [03:43<02:12,  5.79it/s, v_num=5-00]Epoch 0:  63%|██████▎   | 1297/2063 [03:43<02:12,  5.80it/s, v_num=5-00]Epoch 0:  63%|██████▎   | 1297/2063 [03:43<02:12,  5.80it/s, v_num=5-00]Epoch 0:  63%|██████▎   | 1298/2063 [03:43<02:11,  5.80it/s, v_num=5-00]Epoch 0:  63%|██████▎   | 1298/2063 [03:43<02:11,  5.80it/s, v_num=5-00]Epoch 0:  63%|██████▎   | 1299/2063 [03:43<02:11,  5.81it/s, v_num=5-00]Epoch 0:  63%|██████▎   | 1299/2063 [03:43<02:11,  5.81it/s, v_num=5-00]Epoch 0:  63%|██████▎   | 1300/2063 [03:43<02:11,  5.81it/s, v_num=5-00]Epoch 0:  63%|██████▎   | 1300/2063 [03:43<02:11,  5.81it/s, v_num=5-00]Epoch 0:  63%|██████▎   | 1301/2063 [03:43<02:11,  5.81it/s, v_num=5-00]Epoch 0:  63%|██████▎   | 1301/2063 [03:43<02:11,  5.81it/s, v_num=5-00]Epoch 0:  63%|██████▎   | 1302/2063 [03:43<02:10,  5.82it/s, v_num=5-00]Epoch 0:  63%|██████▎   | 1302/2063 [03:43<02:10,  5.82it/s, v_num=5-00]Epoch 0:  63%|██████▎   | 1303/2063 [03:43<02:10,  5.82it/s, v_num=5-00]Epoch 0:  63%|██████▎   | 1303/2063 [03:43<02:10,  5.82it/s, v_num=5-00]Epoch 0:  63%|██████▎   | 1304/2063 [03:43<02:10,  5.83it/s, v_num=5-00]Epoch 0:  63%|██████▎   | 1304/2063 [03:43<02:10,  5.83it/s, v_num=5-00]Epoch 0:  63%|██████▎   | 1305/2063 [03:43<02:10,  5.83it/s, v_num=5-00]Epoch 0:  63%|██████▎   | 1305/2063 [03:43<02:10,  5.83it/s, v_num=5-00]Epoch 0:  63%|██████▎   | 1306/2063 [03:43<02:09,  5.83it/s, v_num=5-00]Epoch 0:  63%|██████▎   | 1306/2063 [03:43<02:09,  5.83it/s, v_num=5-00]Epoch 0:  63%|██████▎   | 1307/2063 [03:43<02:09,  5.84it/s, v_num=5-00]Epoch 0:  63%|██████▎   | 1307/2063 [03:43<02:09,  5.84it/s, v_num=5-00]Epoch 0:  63%|██████▎   | 1308/2063 [03:43<02:09,  5.84it/s, v_num=5-00]Epoch 0:  63%|██████▎   | 1308/2063 [03:43<02:09,  5.84it/s, v_num=5-00]Epoch 0:  63%|██████▎   | 1309/2063 [03:43<02:08,  5.85it/s, v_num=5-00]Epoch 0:  63%|██████▎   | 1309/2063 [03:43<02:08,  5.85it/s, v_num=5-00]Epoch 0:  63%|██████▎   | 1310/2063 [03:43<02:08,  5.85it/s, v_num=5-00]Epoch 0:  63%|██████▎   | 1310/2063 [03:43<02:08,  5.85it/s, v_num=5-00]Epoch 0:  64%|██████▎   | 1311/2063 [03:45<02:09,  5.81it/s, v_num=5-00]Epoch 0:  64%|██████▎   | 1311/2063 [03:45<02:09,  5.81it/s, v_num=5-00]Epoch 0:  64%|██████▎   | 1312/2063 [03:45<02:09,  5.82it/s, v_num=5-00]Epoch 0:  64%|██████▎   | 1312/2063 [03:45<02:09,  5.82it/s, v_num=5-00]Epoch 0:  64%|██████▎   | 1313/2063 [03:45<02:08,  5.82it/s, v_num=5-00]Epoch 0:  64%|██████▎   | 1313/2063 [03:45<02:08,  5.82it/s, v_num=5-00]Epoch 0:  64%|██████▎   | 1314/2063 [03:45<02:08,  5.83it/s, v_num=5-00]Epoch 0:  64%|██████▎   | 1314/2063 [03:45<02:08,  5.83it/s, v_num=5-00]Epoch 0:  64%|██████▎   | 1315/2063 [03:45<02:08,  5.83it/s, v_num=5-00]Epoch 0:  64%|██████▎   | 1315/2063 [03:45<02:08,  5.83it/s, v_num=5-00]Epoch 0:  64%|██████▍   | 1316/2063 [03:45<02:08,  5.83it/s, v_num=5-00]Epoch 0:  64%|██████▍   | 1316/2063 [03:45<02:08,  5.83it/s, v_num=5-00]Epoch 0:  64%|██████▍   | 1317/2063 [03:45<02:07,  5.84it/s, v_num=5-00]Epoch 0:  64%|██████▍   | 1317/2063 [03:45<02:07,  5.84it/s, v_num=5-00]Epoch 0:  64%|██████▍   | 1318/2063 [03:45<02:07,  5.84it/s, v_num=5-00]Epoch 0:  64%|██████▍   | 1318/2063 [03:45<02:07,  5.84it/s, v_num=5-00]Epoch 0:  64%|██████▍   | 1319/2063 [03:45<02:07,  5.85it/s, v_num=5-00]Epoch 0:  64%|██████▍   | 1319/2063 [03:45<02:07,  5.85it/s, v_num=5-00]Epoch 0:  64%|██████▍   | 1320/2063 [03:45<02:06,  5.85it/s, v_num=5-00]Epoch 0:  64%|██████▍   | 1320/2063 [03:45<02:06,  5.85it/s, v_num=5-00]Epoch 0:  64%|██████▍   | 1321/2063 [03:47<02:07,  5.80it/s, v_num=5-00]Epoch 0:  64%|██████▍   | 1321/2063 [03:47<02:07,  5.80it/s, v_num=5-00]Epoch 0:  64%|██████▍   | 1322/2063 [03:47<02:07,  5.81it/s, v_num=5-00]Epoch 0:  64%|██████▍   | 1322/2063 [03:47<02:07,  5.81it/s, v_num=5-00]Epoch 0:  64%|██████▍   | 1323/2063 [03:47<02:07,  5.81it/s, v_num=5-00]Epoch 0:  64%|██████▍   | 1323/2063 [03:47<02:07,  5.81it/s, v_num=5-00]Epoch 0:  64%|██████▍   | 1324/2063 [03:47<02:07,  5.82it/s, v_num=5-00]Epoch 0:  64%|██████▍   | 1324/2063 [03:47<02:07,  5.82it/s, v_num=5-00]Epoch 0:  64%|██████▍   | 1325/2063 [03:47<02:06,  5.82it/s, v_num=5-00]Epoch 0:  64%|██████▍   | 1325/2063 [03:47<02:06,  5.82it/s, v_num=5-00]Epoch 0:  64%|██████▍   | 1326/2063 [03:47<02:06,  5.83it/s, v_num=5-00]Epoch 0:  64%|██████▍   | 1326/2063 [03:47<02:06,  5.83it/s, v_num=5-00]Epoch 0:  64%|██████▍   | 1327/2063 [03:47<02:06,  5.83it/s, v_num=5-00]Epoch 0:  64%|██████▍   | 1327/2063 [03:47<02:06,  5.83it/s, v_num=5-00]Epoch 0:  64%|██████▍   | 1328/2063 [03:47<02:05,  5.83it/s, v_num=5-00]Epoch 0:  64%|██████▍   | 1328/2063 [03:47<02:05,  5.83it/s, v_num=5-00]Epoch 0:  64%|██████▍   | 1329/2063 [03:47<02:05,  5.84it/s, v_num=5-00]Epoch 0:  64%|██████▍   | 1329/2063 [03:47<02:05,  5.84it/s, v_num=5-00]Epoch 0:  64%|██████▍   | 1330/2063 [03:47<02:05,  5.84it/s, v_num=5-00]Epoch 0:  64%|██████▍   | 1330/2063 [03:47<02:05,  5.84it/s, v_num=5-00]Epoch 0:  65%|██████▍   | 1331/2063 [03:49<02:06,  5.80it/s, v_num=5-00]Epoch 0:  65%|██████▍   | 1331/2063 [03:49<02:06,  5.80it/s, v_num=5-00]Epoch 0:  65%|██████▍   | 1332/2063 [03:49<02:05,  5.81it/s, v_num=5-00]Epoch 0:  65%|██████▍   | 1332/2063 [03:49<02:05,  5.81it/s, v_num=5-00]Epoch 0:  65%|██████▍   | 1333/2063 [03:49<02:05,  5.81it/s, v_num=5-00]Epoch 0:  65%|██████▍   | 1333/2063 [03:49<02:05,  5.81it/s, v_num=5-00]Epoch 0:  65%|██████▍   | 1334/2063 [03:49<02:05,  5.82it/s, v_num=5-00]Epoch 0:  65%|██████▍   | 1334/2063 [03:49<02:05,  5.82it/s, v_num=5-00]Epoch 0:  65%|██████▍   | 1335/2063 [03:49<02:05,  5.82it/s, v_num=5-00]Epoch 0:  65%|██████▍   | 1335/2063 [03:49<02:05,  5.82it/s, v_num=5-00]Epoch 0:  65%|██████▍   | 1336/2063 [03:49<02:04,  5.83it/s, v_num=5-00]Epoch 0:  65%|██████▍   | 1336/2063 [03:49<02:04,  5.83it/s, v_num=5-00]Epoch 0:  65%|██████▍   | 1337/2063 [03:49<02:04,  5.83it/s, v_num=5-00]Epoch 0:  65%|██████▍   | 1337/2063 [03:49<02:04,  5.83it/s, v_num=5-00]Epoch 0:  65%|██████▍   | 1338/2063 [03:49<02:04,  5.83it/s, v_num=5-00]Epoch 0:  65%|██████▍   | 1338/2063 [03:49<02:04,  5.83it/s, v_num=5-00]Epoch 0:  65%|██████▍   | 1339/2063 [03:49<02:04,  5.84it/s, v_num=5-00]Epoch 0:  65%|██████▍   | 1339/2063 [03:49<02:04,  5.84it/s, v_num=5-00]Epoch 0:  65%|██████▍   | 1340/2063 [03:49<02:03,  5.84it/s, v_num=5-00]Epoch 0:  65%|██████▍   | 1340/2063 [03:49<02:03,  5.84it/s, v_num=5-00]Epoch 0:  65%|██████▌   | 1341/2063 [03:53<02:05,  5.74it/s, v_num=5-00]Epoch 0:  65%|██████▌   | 1341/2063 [03:53<02:05,  5.74it/s, v_num=5-00]Epoch 0:  65%|██████▌   | 1342/2063 [03:53<02:05,  5.75it/s, v_num=5-00]Epoch 0:  65%|██████▌   | 1342/2063 [03:53<02:05,  5.75it/s, v_num=5-00]Epoch 0:  65%|██████▌   | 1343/2063 [03:53<02:05,  5.75it/s, v_num=5-00]Epoch 0:  65%|██████▌   | 1343/2063 [03:53<02:05,  5.75it/s, v_num=5-00]Epoch 0:  65%|██████▌   | 1344/2063 [03:53<02:04,  5.76it/s, v_num=5-00]Epoch 0:  65%|██████▌   | 1344/2063 [03:53<02:04,  5.76it/s, v_num=5-00]Epoch 0:  65%|██████▌   | 1345/2063 [03:53<02:04,  5.76it/s, v_num=5-00]Epoch 0:  65%|██████▌   | 1345/2063 [03:53<02:04,  5.76it/s, v_num=5-00]Epoch 0:  65%|██████▌   | 1346/2063 [03:53<02:04,  5.76it/s, v_num=5-00]Epoch 0:  65%|██████▌   | 1346/2063 [03:53<02:04,  5.76it/s, v_num=5-00]Epoch 0:  65%|██████▌   | 1347/2063 [03:53<02:04,  5.77it/s, v_num=5-00]Epoch 0:  65%|██████▌   | 1347/2063 [03:53<02:04,  5.77it/s, v_num=5-00]Epoch 0:  65%|██████▌   | 1348/2063 [03:53<02:03,  5.77it/s, v_num=5-00]Epoch 0:  65%|██████▌   | 1348/2063 [03:53<02:03,  5.77it/s, v_num=5-00]Epoch 0:  65%|██████▌   | 1349/2063 [03:53<02:03,  5.78it/s, v_num=5-00]Epoch 0:  65%|██████▌   | 1349/2063 [03:53<02:03,  5.78it/s, v_num=5-00]Epoch 0:  65%|██████▌   | 1350/2063 [03:53<02:03,  5.78it/s, v_num=5-00]Epoch 0:  65%|██████▌   | 1350/2063 [03:53<02:03,  5.78it/s, v_num=5-00]Epoch 0:  65%|██████▌   | 1351/2063 [03:58<02:05,  5.66it/s, v_num=5-00]Epoch 0:  65%|██████▌   | 1351/2063 [03:58<02:05,  5.66it/s, v_num=5-00]Epoch 0:  66%|██████▌   | 1352/2063 [03:58<02:05,  5.66it/s, v_num=5-00]Epoch 0:  66%|██████▌   | 1352/2063 [03:58<02:05,  5.66it/s, v_num=5-00]Epoch 0:  66%|██████▌   | 1353/2063 [03:58<02:05,  5.67it/s, v_num=5-00]Epoch 0:  66%|██████▌   | 1353/2063 [03:58<02:05,  5.67it/s, v_num=5-00]Epoch 0:  66%|██████▌   | 1354/2063 [03:58<02:04,  5.67it/s, v_num=5-00]Epoch 0:  66%|██████▌   | 1354/2063 [03:58<02:04,  5.67it/s, v_num=5-00]Epoch 0:  66%|██████▌   | 1355/2063 [03:58<02:04,  5.68it/s, v_num=5-00]Epoch 0:  66%|██████▌   | 1355/2063 [03:58<02:04,  5.68it/s, v_num=5-00]Epoch 0:  66%|██████▌   | 1356/2063 [03:58<02:04,  5.68it/s, v_num=5-00]Epoch 0:  66%|██████▌   | 1356/2063 [03:58<02:04,  5.68it/s, v_num=5-00]Epoch 0:  66%|██████▌   | 1357/2063 [03:58<02:04,  5.68it/s, v_num=5-00]Epoch 0:  66%|██████▌   | 1357/2063 [03:58<02:04,  5.68it/s, v_num=5-00]Epoch 0:  66%|██████▌   | 1358/2063 [03:58<02:03,  5.69it/s, v_num=5-00]Epoch 0:  66%|██████▌   | 1358/2063 [03:58<02:03,  5.69it/s, v_num=5-00]Epoch 0:  66%|██████▌   | 1359/2063 [03:58<02:03,  5.69it/s, v_num=5-00]Epoch 0:  66%|██████▌   | 1359/2063 [03:58<02:03,  5.69it/s, v_num=5-00]Epoch 0:  66%|██████▌   | 1360/2063 [03:58<02:03,  5.70it/s, v_num=5-00]Epoch 0:  66%|██████▌   | 1360/2063 [03:58<02:03,  5.70it/s, v_num=5-00]Epoch 0:  66%|██████▌   | 1361/2063 [04:05<02:06,  5.56it/s, v_num=5-00]Epoch 0:  66%|██████▌   | 1361/2063 [04:05<02:06,  5.56it/s, v_num=5-00]Epoch 0:  66%|██████▌   | 1362/2063 [04:05<02:06,  5.56it/s, v_num=5-00]Epoch 0:  66%|██████▌   | 1362/2063 [04:05<02:06,  5.56it/s, v_num=5-00]Epoch 0:  66%|██████▌   | 1363/2063 [04:05<02:05,  5.56it/s, v_num=5-00]Epoch 0:  66%|██████▌   | 1363/2063 [04:05<02:05,  5.56it/s, v_num=5-00]Epoch 0:  66%|██████▌   | 1364/2063 [04:05<02:05,  5.57it/s, v_num=5-00]Epoch 0:  66%|██████▌   | 1364/2063 [04:05<02:05,  5.57it/s, v_num=5-00]Epoch 0:  66%|██████▌   | 1365/2063 [04:05<02:05,  5.57it/s, v_num=5-00]Epoch 0:  66%|██████▌   | 1365/2063 [04:05<02:05,  5.57it/s, v_num=5-00]Epoch 0:  66%|██████▌   | 1366/2063 [04:05<02:05,  5.57it/s, v_num=5-00]Epoch 0:  66%|██████▌   | 1366/2063 [04:05<02:05,  5.57it/s, v_num=5-00]Epoch 0:  66%|██████▋   | 1367/2063 [04:05<02:04,  5.58it/s, v_num=5-00]Epoch 0:  66%|██████▋   | 1367/2063 [04:05<02:04,  5.58it/s, v_num=5-00]Epoch 0:  66%|██████▋   | 1368/2063 [04:05<02:04,  5.58it/s, v_num=5-00]Epoch 0:  66%|██████▋   | 1368/2063 [04:05<02:04,  5.58it/s, v_num=5-00]Epoch 0:  66%|██████▋   | 1369/2063 [04:05<02:04,  5.59it/s, v_num=5-00]Epoch 0:  66%|██████▋   | 1369/2063 [04:05<02:04,  5.59it/s, v_num=5-00]Epoch 0:  66%|██████▋   | 1370/2063 [04:05<02:03,  5.59it/s, v_num=5-00]Epoch 0:  66%|██████▋   | 1370/2063 [04:05<02:03,  5.59it/s, v_num=5-00]Epoch 0:  66%|██████▋   | 1371/2063 [04:06<02:04,  5.56it/s, v_num=5-00]Epoch 0:  66%|██████▋   | 1371/2063 [04:06<02:04,  5.56it/s, v_num=5-00]Epoch 0:  67%|██████▋   | 1372/2063 [04:06<02:04,  5.57it/s, v_num=5-00]Epoch 0:  67%|██████▋   | 1372/2063 [04:06<02:04,  5.57it/s, v_num=5-00]Epoch 0:  67%|██████▋   | 1373/2063 [04:06<02:03,  5.57it/s, v_num=5-00]Epoch 0:  67%|██████▋   | 1373/2063 [04:06<02:03,  5.57it/s, v_num=5-00]Epoch 0:  67%|██████▋   | 1374/2063 [04:06<02:03,  5.57it/s, v_num=5-00]Epoch 0:  67%|██████▋   | 1374/2063 [04:06<02:03,  5.57it/s, v_num=5-00]Epoch 0:  67%|██████▋   | 1375/2063 [04:06<02:03,  5.58it/s, v_num=5-00]Epoch 0:  67%|██████▋   | 1375/2063 [04:06<02:03,  5.58it/s, v_num=5-00]Epoch 0:  67%|██████▋   | 1376/2063 [04:06<02:03,  5.58it/s, v_num=5-00]Epoch 0:  67%|██████▋   | 1376/2063 [04:06<02:03,  5.58it/s, v_num=5-00]Epoch 0:  67%|██████▋   | 1377/2063 [04:06<02:02,  5.59it/s, v_num=5-00]Epoch 0:  67%|██████▋   | 1377/2063 [04:06<02:02,  5.59it/s, v_num=5-00]Epoch 0:  67%|██████▋   | 1378/2063 [04:06<02:02,  5.59it/s, v_num=5-00]Epoch 0:  67%|██████▋   | 1378/2063 [04:06<02:02,  5.59it/s, v_num=5-00]Epoch 0:  67%|██████▋   | 1379/2063 [04:06<02:02,  5.59it/s, v_num=5-00]Epoch 0:  67%|██████▋   | 1379/2063 [04:06<02:02,  5.59it/s, v_num=5-00]Epoch 0:  67%|██████▋   | 1380/2063 [04:06<02:02,  5.60it/s, v_num=5-00]Epoch 0:  67%|██████▋   | 1380/2063 [04:06<02:02,  5.60it/s, v_num=5-00]Epoch 0:  67%|██████▋   | 1381/2063 [04:09<02:03,  5.53it/s, v_num=5-00]Epoch 0:  67%|██████▋   | 1381/2063 [04:09<02:03,  5.53it/s, v_num=5-00]Epoch 0:  67%|██████▋   | 1382/2063 [04:09<02:03,  5.53it/s, v_num=5-00]Epoch 0:  67%|██████▋   | 1382/2063 [04:09<02:03,  5.53it/s, v_num=5-00]Epoch 0:  67%|██████▋   | 1383/2063 [04:09<02:02,  5.53it/s, v_num=5-00]Epoch 0:  67%|██████▋   | 1383/2063 [04:09<02:02,  5.53it/s, v_num=5-00]Epoch 0:  67%|██████▋   | 1384/2063 [04:09<02:02,  5.54it/s, v_num=5-00]Epoch 0:  67%|██████▋   | 1384/2063 [04:09<02:02,  5.54it/s, v_num=5-00]Epoch 0:  67%|██████▋   | 1385/2063 [04:09<02:02,  5.54it/s, v_num=5-00]Epoch 0:  67%|██████▋   | 1385/2063 [04:09<02:02,  5.54it/s, v_num=5-00]Epoch 0:  67%|██████▋   | 1386/2063 [04:09<02:02,  5.55it/s, v_num=5-00]Epoch 0:  67%|██████▋   | 1386/2063 [04:09<02:02,  5.55it/s, v_num=5-00]Epoch 0:  67%|██████▋   | 1387/2063 [04:09<02:01,  5.55it/s, v_num=5-00]Epoch 0:  67%|██████▋   | 1387/2063 [04:09<02:01,  5.55it/s, v_num=5-00]Epoch 0:  67%|██████▋   | 1388/2063 [04:09<02:01,  5.55it/s, v_num=5-00]Epoch 0:  67%|██████▋   | 1388/2063 [04:09<02:01,  5.55it/s, v_num=5-00]Epoch 0:  67%|██████▋   | 1389/2063 [04:09<02:01,  5.56it/s, v_num=5-00]Epoch 0:  67%|██████▋   | 1389/2063 [04:09<02:01,  5.56it/s, v_num=5-00]Epoch 0:  67%|██████▋   | 1390/2063 [04:09<02:01,  5.56it/s, v_num=5-00]Epoch 0:  67%|██████▋   | 1390/2063 [04:09<02:01,  5.56it/s, v_num=5-00]Epoch 0:  67%|██████▋   | 1391/2063 [04:11<02:01,  5.53it/s, v_num=5-00]Epoch 0:  67%|██████▋   | 1391/2063 [04:11<02:01,  5.53it/s, v_num=5-00]Epoch 0:  67%|██████▋   | 1392/2063 [04:11<02:01,  5.53it/s, v_num=5-00]Epoch 0:  67%|██████▋   | 1392/2063 [04:11<02:01,  5.53it/s, v_num=5-00]Epoch 0:  68%|██████▊   | 1393/2063 [04:11<02:01,  5.53it/s, v_num=5-00]Epoch 0:  68%|██████▊   | 1393/2063 [04:11<02:01,  5.53it/s, v_num=5-00]Epoch 0:  68%|██████▊   | 1394/2063 [04:11<02:00,  5.54it/s, v_num=5-00]Epoch 0:  68%|██████▊   | 1394/2063 [04:11<02:00,  5.54it/s, v_num=5-00]Epoch 0:  68%|██████▊   | 1395/2063 [04:11<02:00,  5.54it/s, v_num=5-00]Epoch 0:  68%|██████▊   | 1395/2063 [04:11<02:00,  5.54it/s, v_num=5-00]Epoch 0:  68%|██████▊   | 1396/2063 [04:11<02:00,  5.54it/s, v_num=5-00]Epoch 0:  68%|██████▊   | 1396/2063 [04:11<02:00,  5.54it/s, v_num=5-00]Epoch 0:  68%|██████▊   | 1397/2063 [04:11<02:00,  5.55it/s, v_num=5-00]Epoch 0:  68%|██████▊   | 1397/2063 [04:11<02:00,  5.55it/s, v_num=5-00]Epoch 0:  68%|██████▊   | 1398/2063 [04:11<01:59,  5.55it/s, v_num=5-00]Epoch 0:  68%|██████▊   | 1398/2063 [04:11<01:59,  5.55it/s, v_num=5-00]Epoch 0:  68%|██████▊   | 1399/2063 [04:11<01:59,  5.56it/s, v_num=5-00]Epoch 0:  68%|██████▊   | 1399/2063 [04:11<01:59,  5.56it/s, v_num=5-00]Epoch 0:  68%|██████▊   | 1400/2063 [04:11<01:59,  5.56it/s, v_num=5-00]Epoch 0:  68%|██████▊   | 1400/2063 [04:11<01:59,  5.56it/s, v_num=5-00]Epoch 0:  68%|██████▊   | 1401/2063 [04:11<01:59,  5.56it/s, v_num=5-00]Epoch 0:  68%|██████▊   | 1401/2063 [04:11<01:59,  5.56it/s, v_num=5-00]Epoch 0:  68%|██████▊   | 1402/2063 [04:11<01:58,  5.56it/s, v_num=5-00]Epoch 0:  68%|██████▊   | 1402/2063 [04:11<01:58,  5.56it/s, v_num=5-00]Epoch 0:  68%|██████▊   | 1403/2063 [04:11<01:58,  5.57it/s, v_num=5-00]Epoch 0:  68%|██████▊   | 1403/2063 [04:11<01:58,  5.57it/s, v_num=5-00]Epoch 0:  68%|██████▊   | 1404/2063 [04:11<01:58,  5.57it/s, v_num=5-00]Epoch 0:  68%|██████▊   | 1404/2063 [04:11<01:58,  5.57it/s, v_num=5-00]Epoch 0:  68%|██████▊   | 1405/2063 [04:11<01:58,  5.58it/s, v_num=5-00]Epoch 0:  68%|██████▊   | 1405/2063 [04:11<01:58,  5.58it/s, v_num=5-00]Epoch 0:  68%|██████▊   | 1406/2063 [04:11<01:57,  5.58it/s, v_num=5-00]Epoch 0:  68%|██████▊   | 1406/2063 [04:11<01:57,  5.58it/s, v_num=5-00]Epoch 0:  68%|██████▊   | 1407/2063 [04:11<01:57,  5.58it/s, v_num=5-00]Epoch 0:  68%|██████▊   | 1407/2063 [04:11<01:57,  5.58it/s, v_num=5-00]Epoch 0:  68%|██████▊   | 1408/2063 [04:11<01:57,  5.59it/s, v_num=5-00]Epoch 0:  68%|██████▊   | 1408/2063 [04:11<01:57,  5.59it/s, v_num=5-00]Epoch 0:  68%|██████▊   | 1409/2063 [04:11<01:56,  5.59it/s, v_num=5-00]Epoch 0:  68%|██████▊   | 1409/2063 [04:11<01:56,  5.59it/s, v_num=5-00]Epoch 0:  68%|██████▊   | 1410/2063 [04:12<01:56,  5.60it/s, v_num=5-00]Epoch 0:  68%|██████▊   | 1410/2063 [04:12<01:56,  5.60it/s, v_num=5-00]Epoch 0:  68%|██████▊   | 1411/2063 [04:13<01:57,  5.56it/s, v_num=5-00]Epoch 0:  68%|██████▊   | 1411/2063 [04:13<01:57,  5.56it/s, v_num=5-00]Epoch 0:  68%|██████▊   | 1412/2063 [04:13<01:56,  5.57it/s, v_num=5-00]Epoch 0:  68%|██████▊   | 1412/2063 [04:13<01:56,  5.57it/s, v_num=5-00]Epoch 0:  68%|██████▊   | 1413/2063 [04:13<01:56,  5.57it/s, v_num=5-00]Epoch 0:  68%|██████▊   | 1413/2063 [04:13<01:56,  5.57it/s, v_num=5-00]Epoch 0:  69%|██████▊   | 1414/2063 [04:13<01:56,  5.57it/s, v_num=5-00]Epoch 0:  69%|██████▊   | 1414/2063 [04:13<01:56,  5.57it/s, v_num=5-00]Epoch 0:  69%|██████▊   | 1415/2063 [04:13<01:56,  5.58it/s, v_num=5-00]Epoch 0:  69%|██████▊   | 1415/2063 [04:13<01:56,  5.58it/s, v_num=5-00]Epoch 0:  69%|██████▊   | 1416/2063 [04:13<01:55,  5.58it/s, v_num=5-00]Epoch 0:  69%|██████▊   | 1416/2063 [04:13<01:55,  5.58it/s, v_num=5-00]Epoch 0:  69%|██████▊   | 1417/2063 [04:13<01:55,  5.58it/s, v_num=5-00]Epoch 0:  69%|██████▊   | 1417/2063 [04:13<01:55,  5.58it/s, v_num=5-00]Epoch 0:  69%|██████▊   | 1418/2063 [04:13<01:55,  5.59it/s, v_num=5-00]Epoch 0:  69%|██████▊   | 1418/2063 [04:13<01:55,  5.59it/s, v_num=5-00]Epoch 0:  69%|██████▉   | 1419/2063 [04:13<01:55,  5.59it/s, v_num=5-00]Epoch 0:  69%|██████▉   | 1419/2063 [04:13<01:55,  5.59it/s, v_num=5-00]Epoch 0:  69%|██████▉   | 1420/2063 [04:13<01:54,  5.60it/s, v_num=5-00]Epoch 0:  69%|██████▉   | 1420/2063 [04:13<01:54,  5.60it/s, v_num=5-00]Epoch 0:  69%|██████▉   | 1421/2063 [04:17<01:56,  5.52it/s, v_num=5-00]Epoch 0:  69%|██████▉   | 1421/2063 [04:17<01:56,  5.52it/s, v_num=5-00]Epoch 0:  69%|██████▉   | 1422/2063 [04:17<01:56,  5.52it/s, v_num=5-00]Epoch 0:  69%|██████▉   | 1422/2063 [04:17<01:56,  5.52it/s, v_num=5-00]Epoch 0:  69%|██████▉   | 1423/2063 [04:17<01:55,  5.52it/s, v_num=5-00]Epoch 0:  69%|██████▉   | 1423/2063 [04:17<01:55,  5.52it/s, v_num=5-00]Epoch 0:  69%|██████▉   | 1424/2063 [04:17<01:55,  5.53it/s, v_num=5-00]Epoch 0:  69%|██████▉   | 1424/2063 [04:17<01:55,  5.53it/s, v_num=5-00]Epoch 0:  69%|██████▉   | 1425/2063 [04:17<01:55,  5.53it/s, v_num=5-00]Epoch 0:  69%|██████▉   | 1425/2063 [04:17<01:55,  5.53it/s, v_num=5-00]Epoch 0:  69%|██████▉   | 1426/2063 [04:17<01:55,  5.53it/s, v_num=5-00]Epoch 0:  69%|██████▉   | 1426/2063 [04:17<01:55,  5.53it/s, v_num=5-00]Epoch 0:  69%|██████▉   | 1427/2063 [04:17<01:54,  5.54it/s, v_num=5-00]Epoch 0:  69%|██████▉   | 1427/2063 [04:17<01:54,  5.54it/s, v_num=5-00]Epoch 0:  69%|██████▉   | 1428/2063 [04:17<01:54,  5.54it/s, v_num=5-00]Epoch 0:  69%|██████▉   | 1428/2063 [04:17<01:54,  5.54it/s, v_num=5-00]Epoch 0:  69%|██████▉   | 1429/2063 [04:17<01:54,  5.55it/s, v_num=5-00]Epoch 0:  69%|██████▉   | 1429/2063 [04:17<01:54,  5.55it/s, v_num=5-00]Epoch 0:  69%|██████▉   | 1430/2063 [04:17<01:54,  5.55it/s, v_num=5-00]Epoch 0:  69%|██████▉   | 1430/2063 [04:17<01:54,  5.55it/s, v_num=5-00]Epoch 0:  69%|██████▉   | 1431/2063 [04:19<01:54,  5.52it/s, v_num=5-00]Epoch 0:  69%|██████▉   | 1431/2063 [04:19<01:54,  5.52it/s, v_num=5-00]Epoch 0:  69%|██████▉   | 1432/2063 [04:19<01:54,  5.53it/s, v_num=5-00]Epoch 0:  69%|██████▉   | 1432/2063 [04:19<01:54,  5.53it/s, v_num=5-00]Epoch 0:  69%|██████▉   | 1433/2063 [04:19<01:53,  5.53it/s, v_num=5-00]Epoch 0:  69%|██████▉   | 1433/2063 [04:19<01:53,  5.53it/s, v_num=5-00]Epoch 0:  70%|██████▉   | 1434/2063 [04:19<01:53,  5.53it/s, v_num=5-00]Epoch 0:  70%|██████▉   | 1434/2063 [04:19<01:53,  5.53it/s, v_num=5-00]Epoch 0:  70%|██████▉   | 1435/2063 [04:19<01:53,  5.54it/s, v_num=5-00]Epoch 0:  70%|██████▉   | 1435/2063 [04:19<01:53,  5.54it/s, v_num=5-00]Epoch 0:  70%|██████▉   | 1436/2063 [04:19<01:53,  5.54it/s, v_num=5-00]Epoch 0:  70%|██████▉   | 1436/2063 [04:19<01:53,  5.54it/s, v_num=5-00]Epoch 0:  70%|██████▉   | 1437/2063 [04:19<01:52,  5.55it/s, v_num=5-00]Epoch 0:  70%|██████▉   | 1437/2063 [04:19<01:52,  5.55it/s, v_num=5-00]Epoch 0:  70%|██████▉   | 1438/2063 [04:19<01:52,  5.55it/s, v_num=5-00]Epoch 0:  70%|██████▉   | 1438/2063 [04:19<01:52,  5.55it/s, v_num=5-00]Epoch 0:  70%|██████▉   | 1439/2063 [04:19<01:52,  5.55it/s, v_num=5-00]Epoch 0:  70%|██████▉   | 1439/2063 [04:19<01:52,  5.55it/s, v_num=5-00]Epoch 0:  70%|██████▉   | 1440/2063 [04:19<01:52,  5.56it/s, v_num=5-00]Epoch 0:  70%|██████▉   | 1440/2063 [04:19<01:52,  5.56it/s, v_num=5-00]Epoch 0:  70%|██████▉   | 1441/2063 [04:23<01:53,  5.47it/s, v_num=5-00]Epoch 0:  70%|██████▉   | 1441/2063 [04:23<01:53,  5.47it/s, v_num=5-00]Epoch 0:  70%|██████▉   | 1442/2063 [04:23<01:53,  5.47it/s, v_num=5-00]Epoch 0:  70%|██████▉   | 1442/2063 [04:23<01:53,  5.47it/s, v_num=5-00]Epoch 0:  70%|██████▉   | 1443/2063 [04:23<01:53,  5.48it/s, v_num=5-00]Epoch 0:  70%|██████▉   | 1443/2063 [04:23<01:53,  5.48it/s, v_num=5-00]Epoch 0:  70%|██████▉   | 1444/2063 [04:23<01:52,  5.48it/s, v_num=5-00]Epoch 0:  70%|██████▉   | 1444/2063 [04:23<01:52,  5.48it/s, v_num=5-00]Epoch 0:  70%|███████   | 1445/2063 [04:23<01:52,  5.48it/s, v_num=5-00]Epoch 0:  70%|███████   | 1445/2063 [04:23<01:52,  5.48it/s, v_num=5-00]Epoch 0:  70%|███████   | 1446/2063 [04:23<01:52,  5.49it/s, v_num=5-00]Epoch 0:  70%|███████   | 1446/2063 [04:23<01:52,  5.49it/s, v_num=5-00]Epoch 0:  70%|███████   | 1447/2063 [04:23<01:52,  5.49it/s, v_num=5-00]Epoch 0:  70%|███████   | 1447/2063 [04:23<01:52,  5.49it/s, v_num=5-00]Epoch 0:  70%|███████   | 1448/2063 [04:23<01:51,  5.50it/s, v_num=5-00]Epoch 0:  70%|███████   | 1448/2063 [04:23<01:51,  5.50it/s, v_num=5-00]Epoch 0:  70%|███████   | 1449/2063 [04:23<01:51,  5.50it/s, v_num=5-00]Epoch 0:  70%|███████   | 1449/2063 [04:23<01:51,  5.50it/s, v_num=5-00]Epoch 0:  70%|███████   | 1450/2063 [04:23<01:51,  5.50it/s, v_num=5-00]Epoch 0:  70%|███████   | 1450/2063 [04:23<01:51,  5.50it/s, v_num=5-00]Epoch 0:  70%|███████   | 1451/2063 [04:23<01:51,  5.50it/s, v_num=5-00]Epoch 0:  70%|███████   | 1451/2063 [04:23<01:51,  5.50it/s, v_num=5-00]Epoch 0:  70%|███████   | 1452/2063 [04:23<01:50,  5.51it/s, v_num=5-00]Epoch 0:  70%|███████   | 1452/2063 [04:23<01:50,  5.51it/s, v_num=5-00]Epoch 0:  70%|███████   | 1453/2063 [04:23<01:50,  5.51it/s, v_num=5-00]Epoch 0:  70%|███████   | 1453/2063 [04:23<01:50,  5.51it/s, v_num=5-00]Epoch 0:  70%|███████   | 1454/2063 [04:23<01:50,  5.51it/s, v_num=5-00]Epoch 0:  70%|███████   | 1454/2063 [04:23<01:50,  5.51it/s, v_num=5-00]Epoch 0:  71%|███████   | 1455/2063 [04:23<01:50,  5.52it/s, v_num=5-00]Epoch 0:  71%|███████   | 1455/2063 [04:23<01:50,  5.52it/s, v_num=5-00]Epoch 0:  71%|███████   | 1456/2063 [04:23<01:49,  5.52it/s, v_num=5-00]Epoch 0:  71%|███████   | 1456/2063 [04:23<01:49,  5.52it/s, v_num=5-00]Epoch 0:  71%|███████   | 1457/2063 [04:23<01:49,  5.53it/s, v_num=5-00]Epoch 0:  71%|███████   | 1457/2063 [04:23<01:49,  5.53it/s, v_num=5-00]Epoch 0:  71%|███████   | 1458/2063 [04:23<01:49,  5.53it/s, v_num=5-00]Epoch 0:  71%|███████   | 1458/2063 [04:23<01:49,  5.53it/s, v_num=5-00]Epoch 0:  71%|███████   | 1459/2063 [04:23<01:49,  5.53it/s, v_num=5-00]Epoch 0:  71%|███████   | 1459/2063 [04:23<01:49,  5.53it/s, v_num=5-00]Epoch 0:  71%|███████   | 1460/2063 [04:23<01:48,  5.54it/s, v_num=5-00]Epoch 0:  71%|███████   | 1460/2063 [04:23<01:48,  5.54it/s, v_num=5-00]Epoch 0:  71%|███████   | 1461/2063 [04:25<01:49,  5.51it/s, v_num=5-00]Epoch 0:  71%|███████   | 1461/2063 [04:25<01:49,  5.51it/s, v_num=5-00]Epoch 0:  71%|███████   | 1462/2063 [04:25<01:49,  5.51it/s, v_num=5-00]Epoch 0:  71%|███████   | 1462/2063 [04:25<01:49,  5.51it/s, v_num=5-00]Epoch 0:  71%|███████   | 1463/2063 [04:25<01:48,  5.51it/s, v_num=5-00]Epoch 0:  71%|███████   | 1463/2063 [04:25<01:48,  5.51it/s, v_num=5-00]Epoch 0:  71%|███████   | 1464/2063 [04:25<01:48,  5.52it/s, v_num=5-00]Epoch 0:  71%|███████   | 1464/2063 [04:25<01:48,  5.52it/s, v_num=5-00]Epoch 0:  71%|███████   | 1465/2063 [04:25<01:48,  5.52it/s, v_num=5-00]Epoch 0:  71%|███████   | 1465/2063 [04:25<01:48,  5.52it/s, v_num=5-00]Epoch 0:  71%|███████   | 1466/2063 [04:25<01:48,  5.52it/s, v_num=5-00]Epoch 0:  71%|███████   | 1466/2063 [04:25<01:48,  5.52it/s, v_num=5-00]Epoch 0:  71%|███████   | 1467/2063 [04:25<01:47,  5.53it/s, v_num=5-00]Epoch 0:  71%|███████   | 1467/2063 [04:25<01:47,  5.53it/s, v_num=5-00]Epoch 0:  71%|███████   | 1468/2063 [04:25<01:47,  5.53it/s, v_num=5-00]Epoch 0:  71%|███████   | 1468/2063 [04:25<01:47,  5.53it/s, v_num=5-00]Epoch 0:  71%|███████   | 1469/2063 [04:25<01:47,  5.53it/s, v_num=5-00]Epoch 0:  71%|███████   | 1469/2063 [04:25<01:47,  5.53it/s, v_num=5-00]Epoch 0:  71%|███████▏  | 1470/2063 [04:25<01:47,  5.54it/s, v_num=5-00]Epoch 0:  71%|███████▏  | 1470/2063 [04:25<01:47,  5.54it/s, v_num=5-00]Epoch 0:  71%|███████▏  | 1471/2063 [04:27<01:47,  5.50it/s, v_num=5-00]Epoch 0:  71%|███████▏  | 1471/2063 [04:27<01:47,  5.50it/s, v_num=5-00]Epoch 0:  71%|███████▏  | 1472/2063 [04:27<01:47,  5.50it/s, v_num=5-00]Epoch 0:  71%|███████▏  | 1472/2063 [04:27<01:47,  5.50it/s, v_num=5-00]Epoch 0:  71%|███████▏  | 1473/2063 [04:27<01:47,  5.51it/s, v_num=5-00]Epoch 0:  71%|███████▏  | 1473/2063 [04:27<01:47,  5.51it/s, v_num=5-00]Epoch 0:  71%|███████▏  | 1474/2063 [04:27<01:46,  5.51it/s, v_num=5-00]Epoch 0:  71%|███████▏  | 1474/2063 [04:27<01:46,  5.51it/s, v_num=5-00]Epoch 0:  71%|███████▏  | 1475/2063 [04:27<01:46,  5.52it/s, v_num=5-00]Epoch 0:  71%|███████▏  | 1475/2063 [04:27<01:46,  5.52it/s, v_num=5-00]Epoch 0:  72%|███████▏  | 1476/2063 [04:27<01:46,  5.52it/s, v_num=5-00]Epoch 0:  72%|███████▏  | 1476/2063 [04:27<01:46,  5.52it/s, v_num=5-00]Epoch 0:  72%|███████▏  | 1477/2063 [04:27<01:46,  5.52it/s, v_num=5-00]Epoch 0:  72%|███████▏  | 1477/2063 [04:27<01:46,  5.52it/s, v_num=5-00]Epoch 0:  72%|███████▏  | 1478/2063 [04:27<01:45,  5.53it/s, v_num=5-00]Epoch 0:  72%|███████▏  | 1478/2063 [04:27<01:45,  5.53it/s, v_num=5-00]Epoch 0:  72%|███████▏  | 1479/2063 [04:27<01:45,  5.53it/s, v_num=5-00]Epoch 0:  72%|███████▏  | 1479/2063 [04:27<01:45,  5.53it/s, v_num=5-00]Epoch 0:  72%|███████▏  | 1480/2063 [04:27<01:45,  5.53it/s, v_num=5-00]Epoch 0:  72%|███████▏  | 1480/2063 [04:27<01:45,  5.53it/s, v_num=5-00]Epoch 0:  72%|███████▏  | 1481/2063 [04:27<01:45,  5.53it/s, v_num=5-00]Epoch 0:  72%|███████▏  | 1481/2063 [04:27<01:45,  5.53it/s, v_num=5-00]Epoch 0:  72%|███████▏  | 1482/2063 [04:27<01:44,  5.54it/s, v_num=5-00]Epoch 0:  72%|███████▏  | 1482/2063 [04:27<01:44,  5.54it/s, v_num=5-00]Epoch 0:  72%|███████▏  | 1483/2063 [04:27<01:44,  5.54it/s, v_num=5-00]Epoch 0:  72%|███████▏  | 1483/2063 [04:27<01:44,  5.54it/s, v_num=5-00]Epoch 0:  72%|███████▏  | 1484/2063 [04:27<01:44,  5.55it/s, v_num=5-00]Epoch 0:  72%|███████▏  | 1484/2063 [04:27<01:44,  5.55it/s, v_num=5-00]Epoch 0:  72%|███████▏  | 1485/2063 [04:27<01:44,  5.55it/s, v_num=5-00]Epoch 0:  72%|███████▏  | 1485/2063 [04:27<01:44,  5.55it/s, v_num=5-00]Epoch 0:  72%|███████▏  | 1486/2063 [04:27<01:43,  5.55it/s, v_num=5-00]Epoch 0:  72%|███████▏  | 1486/2063 [04:27<01:43,  5.55it/s, v_num=5-00]Epoch 0:  72%|███████▏  | 1487/2063 [04:27<01:43,  5.56it/s, v_num=5-00]Epoch 0:  72%|███████▏  | 1487/2063 [04:27<01:43,  5.56it/s, v_num=5-00]Epoch 0:  72%|███████▏  | 1488/2063 [04:27<01:43,  5.56it/s, v_num=5-00]Epoch 0:  72%|███████▏  | 1488/2063 [04:27<01:43,  5.56it/s, v_num=5-00]Epoch 0:  72%|███████▏  | 1489/2063 [04:27<01:43,  5.56it/s, v_num=5-00]Epoch 0:  72%|███████▏  | 1489/2063 [04:27<01:43,  5.56it/s, v_num=5-00]Epoch 0:  72%|███████▏  | 1490/2063 [04:27<01:42,  5.57it/s, v_num=5-00]Epoch 0:  72%|███████▏  | 1490/2063 [04:27<01:42,  5.57it/s, v_num=5-00]Epoch 0:  72%|███████▏  | 1491/2063 [04:27<01:42,  5.57it/s, v_num=5-00]Epoch 0:  72%|███████▏  | 1491/2063 [04:27<01:42,  5.57it/s, v_num=5-00]Epoch 0:  72%|███████▏  | 1492/2063 [04:27<01:42,  5.57it/s, v_num=5-00]Epoch 0:  72%|███████▏  | 1492/2063 [04:27<01:42,  5.57it/s, v_num=5-00]Epoch 0:  72%|███████▏  | 1493/2063 [04:27<01:42,  5.58it/s, v_num=5-00]Epoch 0:  72%|███████▏  | 1493/2063 [04:27<01:42,  5.58it/s, v_num=5-00]Epoch 0:  72%|███████▏  | 1494/2063 [04:27<01:41,  5.58it/s, v_num=5-00]Epoch 0:  72%|███████▏  | 1494/2063 [04:27<01:41,  5.58it/s, v_num=5-00]Epoch 0:  72%|███████▏  | 1495/2063 [04:27<01:41,  5.58it/s, v_num=5-00]Epoch 0:  72%|███████▏  | 1495/2063 [04:27<01:41,  5.58it/s, v_num=5-00]Epoch 0:  73%|███████▎  | 1496/2063 [04:27<01:41,  5.59it/s, v_num=5-00]Epoch 0:  73%|███████▎  | 1496/2063 [04:27<01:41,  5.59it/s, v_num=5-00]Epoch 0:  73%|███████▎  | 1497/2063 [04:27<01:41,  5.59it/s, v_num=5-00]Epoch 0:  73%|███████▎  | 1497/2063 [04:27<01:41,  5.59it/s, v_num=5-00]Epoch 0:  73%|███████▎  | 1498/2063 [04:27<01:41,  5.59it/s, v_num=5-00]Epoch 0:  73%|███████▎  | 1498/2063 [04:27<01:41,  5.59it/s, v_num=5-00]Epoch 0:  73%|███████▎  | 1499/2063 [04:27<01:40,  5.60it/s, v_num=5-00]Epoch 0:  73%|███████▎  | 1499/2063 [04:27<01:40,  5.60it/s, v_num=5-00]Epoch 0:  73%|███████▎  | 1500/2063 [04:27<01:40,  5.60it/s, v_num=5-00]Epoch 0:  73%|███████▎  | 1500/2063 [04:27<01:40,  5.60it/s, v_num=5-00]Epoch 0:  73%|███████▎  | 1501/2063 [04:29<01:40,  5.57it/s, v_num=5-00]Epoch 0:  73%|███████▎  | 1501/2063 [04:29<01:40,  5.57it/s, v_num=5-00]Epoch 0:  73%|███████▎  | 1502/2063 [04:29<01:40,  5.57it/s, v_num=5-00]Epoch 0:  73%|███████▎  | 1502/2063 [04:29<01:40,  5.57it/s, v_num=5-00]Epoch 0:  73%|███████▎  | 1503/2063 [04:29<01:40,  5.57it/s, v_num=5-00]Epoch 0:  73%|███████▎  | 1503/2063 [04:29<01:40,  5.57it/s, v_num=5-00]Epoch 0:  73%|███████▎  | 1504/2063 [04:29<01:40,  5.58it/s, v_num=5-00]Epoch 0:  73%|███████▎  | 1504/2063 [04:29<01:40,  5.58it/s, v_num=5-00]Epoch 0:  73%|███████▎  | 1505/2063 [04:29<01:40,  5.58it/s, v_num=5-00]Epoch 0:  73%|███████▎  | 1505/2063 [04:29<01:40,  5.58it/s, v_num=5-00]Epoch 0:  73%|███████▎  | 1506/2063 [04:29<01:39,  5.58it/s, v_num=5-00]Epoch 0:  73%|███████▎  | 1506/2063 [04:29<01:39,  5.58it/s, v_num=5-00]Epoch 0:  73%|███████▎  | 1507/2063 [04:29<01:39,  5.59it/s, v_num=5-00]Epoch 0:  73%|███████▎  | 1507/2063 [04:29<01:39,  5.59it/s, v_num=5-00]Epoch 0:  73%|███████▎  | 1508/2063 [04:29<01:39,  5.59it/s, v_num=5-00]Epoch 0:  73%|███████▎  | 1508/2063 [04:29<01:39,  5.59it/s, v_num=5-00]Epoch 0:  73%|███████▎  | 1509/2063 [04:29<01:39,  5.59it/s, v_num=5-00]Epoch 0:  73%|███████▎  | 1509/2063 [04:29<01:39,  5.59it/s, v_num=5-00]Epoch 0:  73%|███████▎  | 1510/2063 [04:29<01:38,  5.60it/s, v_num=5-00]Epoch 0:  73%|███████▎  | 1510/2063 [04:29<01:38,  5.60it/s, v_num=5-00]Epoch 0:  73%|███████▎  | 1511/2063 [04:31<01:39,  5.56it/s, v_num=5-00]Epoch 0:  73%|███████▎  | 1511/2063 [04:31<01:39,  5.56it/s, v_num=5-00]Epoch 0:  73%|███████▎  | 1512/2063 [04:31<01:39,  5.56it/s, v_num=5-00]Epoch 0:  73%|███████▎  | 1512/2063 [04:31<01:39,  5.56it/s, v_num=5-00]Epoch 0:  73%|███████▎  | 1513/2063 [04:31<01:38,  5.56it/s, v_num=5-00]Epoch 0:  73%|███████▎  | 1513/2063 [04:31<01:38,  5.56it/s, v_num=5-00]Epoch 0:  73%|███████▎  | 1514/2063 [04:31<01:38,  5.57it/s, v_num=5-00]Epoch 0:  73%|███████▎  | 1514/2063 [04:31<01:38,  5.57it/s, v_num=5-00]Epoch 0:  73%|███████▎  | 1515/2063 [04:31<01:38,  5.57it/s, v_num=5-00]Epoch 0:  73%|███████▎  | 1515/2063 [04:31<01:38,  5.57it/s, v_num=5-00]Epoch 0:  73%|███████▎  | 1516/2063 [04:31<01:38,  5.57it/s, v_num=5-00]Epoch 0:  73%|███████▎  | 1516/2063 [04:31<01:38,  5.57it/s, v_num=5-00]Epoch 0:  74%|███████▎  | 1517/2063 [04:32<01:37,  5.58it/s, v_num=5-00]Epoch 0:  74%|███████▎  | 1517/2063 [04:32<01:37,  5.58it/s, v_num=5-00]Epoch 0:  74%|███████▎  | 1518/2063 [04:32<01:37,  5.58it/s, v_num=5-00]Epoch 0:  74%|███████▎  | 1518/2063 [04:32<01:37,  5.58it/s, v_num=5-00]Epoch 0:  74%|███████▎  | 1519/2063 [04:32<01:37,  5.58it/s, v_num=5-00]Epoch 0:  74%|███████▎  | 1519/2063 [04:32<01:37,  5.58it/s, v_num=5-00]Epoch 0:  74%|███████▎  | 1520/2063 [04:32<01:37,  5.59it/s, v_num=5-00]Epoch 0:  74%|███████▎  | 1520/2063 [04:32<01:37,  5.59it/s, v_num=5-00]Epoch 0:  74%|███████▎  | 1521/2063 [04:33<01:37,  5.56it/s, v_num=5-00]Epoch 0:  74%|███████▎  | 1521/2063 [04:33<01:37,  5.56it/s, v_num=5-00]Epoch 0:  74%|███████▍  | 1522/2063 [04:33<01:37,  5.56it/s, v_num=5-00]Epoch 0:  74%|███████▍  | 1522/2063 [04:33<01:37,  5.56it/s, v_num=5-00]Epoch 0:  74%|███████▍  | 1523/2063 [04:33<01:37,  5.57it/s, v_num=5-00]Epoch 0:  74%|███████▍  | 1523/2063 [04:33<01:37,  5.57it/s, v_num=5-00]Epoch 0:  74%|███████▍  | 1524/2063 [04:33<01:36,  5.57it/s, v_num=5-00]Epoch 0:  74%|███████▍  | 1524/2063 [04:33<01:36,  5.57it/s, v_num=5-00]Epoch 0:  74%|███████▍  | 1525/2063 [04:33<01:36,  5.57it/s, v_num=5-00]Epoch 0:  74%|███████▍  | 1525/2063 [04:33<01:36,  5.57it/s, v_num=5-00]Epoch 0:  74%|███████▍  | 1526/2063 [04:33<01:36,  5.58it/s, v_num=5-00]Epoch 0:  74%|███████▍  | 1526/2063 [04:33<01:36,  5.58it/s, v_num=5-00]Epoch 0:  74%|███████▍  | 1527/2063 [04:33<01:36,  5.58it/s, v_num=5-00]Epoch 0:  74%|███████▍  | 1527/2063 [04:33<01:36,  5.58it/s, v_num=5-00]Epoch 0:  74%|███████▍  | 1528/2063 [04:33<01:35,  5.58it/s, v_num=5-00]Epoch 0:  74%|███████▍  | 1528/2063 [04:33<01:35,  5.58it/s, v_num=5-00]Epoch 0:  74%|███████▍  | 1529/2063 [04:33<01:35,  5.59it/s, v_num=5-00]Epoch 0:  74%|███████▍  | 1529/2063 [04:33<01:35,  5.59it/s, v_num=5-00]Epoch 0:  74%|███████▍  | 1530/2063 [04:33<01:35,  5.59it/s, v_num=5-00]Epoch 0:  74%|███████▍  | 1530/2063 [04:33<01:35,  5.59it/s, v_num=5-00]Epoch 0:  74%|███████▍  | 1531/2063 [04:33<01:35,  5.59it/s, v_num=5-00]Epoch 0:  74%|███████▍  | 1531/2063 [04:33<01:35,  5.59it/s, v_num=5-00]Epoch 0:  74%|███████▍  | 1532/2063 [04:33<01:34,  5.59it/s, v_num=5-00]Epoch 0:  74%|███████▍  | 1532/2063 [04:33<01:34,  5.59it/s, v_num=5-00]Epoch 0:  74%|███████▍  | 1533/2063 [04:33<01:34,  5.60it/s, v_num=5-00]Epoch 0:  74%|███████▍  | 1533/2063 [04:33<01:34,  5.60it/s, v_num=5-00]Epoch 0:  74%|███████▍  | 1534/2063 [04:33<01:34,  5.60it/s, v_num=5-00]Epoch 0:  74%|███████▍  | 1534/2063 [04:33<01:34,  5.60it/s, v_num=5-00]Epoch 0:  74%|███████▍  | 1535/2063 [04:33<01:34,  5.61it/s, v_num=5-00]Epoch 0:  74%|███████▍  | 1535/2063 [04:33<01:34,  5.61it/s, v_num=5-00]Epoch 0:  74%|███████▍  | 1536/2063 [04:33<01:33,  5.61it/s, v_num=5-00]Epoch 0:  74%|███████▍  | 1536/2063 [04:33<01:33,  5.61it/s, v_num=5-00]Epoch 0:  75%|███████▍  | 1537/2063 [04:33<01:33,  5.61it/s, v_num=5-00]Epoch 0:  75%|███████▍  | 1537/2063 [04:33<01:33,  5.61it/s, v_num=5-00]Epoch 0:  75%|███████▍  | 1538/2063 [04:33<01:33,  5.62it/s, v_num=5-00]Epoch 0:  75%|███████▍  | 1538/2063 [04:33<01:33,  5.62it/s, v_num=5-00]Epoch 0:  75%|███████▍  | 1539/2063 [04:33<01:33,  5.62it/s, v_num=5-00]Epoch 0:  75%|███████▍  | 1539/2063 [04:33<01:33,  5.62it/s, v_num=5-00]Epoch 0:  75%|███████▍  | 1540/2063 [04:33<01:33,  5.62it/s, v_num=5-00]Epoch 0:  75%|███████▍  | 1540/2063 [04:33<01:33,  5.62it/s, v_num=5-00]Epoch 0:  75%|███████▍  | 1541/2063 [04:37<01:33,  5.56it/s, v_num=5-00]Epoch 0:  75%|███████▍  | 1541/2063 [04:37<01:33,  5.56it/s, v_num=5-00]Epoch 0:  75%|███████▍  | 1542/2063 [04:37<01:33,  5.56it/s, v_num=5-00]Epoch 0:  75%|███████▍  | 1542/2063 [04:37<01:33,  5.56it/s, v_num=5-00]Epoch 0:  75%|███████▍  | 1543/2063 [04:37<01:33,  5.56it/s, v_num=5-00]Epoch 0:  75%|███████▍  | 1543/2063 [04:37<01:33,  5.56it/s, v_num=5-00]Epoch 0:  75%|███████▍  | 1544/2063 [04:37<01:33,  5.57it/s, v_num=5-00]Epoch 0:  75%|███████▍  | 1544/2063 [04:37<01:33,  5.57it/s, v_num=5-00]Epoch 0:  75%|███████▍  | 1545/2063 [04:37<01:33,  5.57it/s, v_num=5-00]Epoch 0:  75%|███████▍  | 1545/2063 [04:37<01:33,  5.57it/s, v_num=5-00]Epoch 0:  75%|███████▍  | 1546/2063 [04:37<01:32,  5.57it/s, v_num=5-00]Epoch 0:  75%|███████▍  | 1546/2063 [04:37<01:32,  5.57it/s, v_num=5-00]Epoch 0:  75%|███████▍  | 1547/2063 [04:37<01:32,  5.58it/s, v_num=5-00]Epoch 0:  75%|███████▍  | 1547/2063 [04:37<01:32,  5.58it/s, v_num=5-00]Epoch 0:  75%|███████▌  | 1548/2063 [04:37<01:32,  5.58it/s, v_num=5-00]Epoch 0:  75%|███████▌  | 1548/2063 [04:37<01:32,  5.58it/s, v_num=5-00]Epoch 0:  75%|███████▌  | 1549/2063 [04:37<01:32,  5.58it/s, v_num=5-00]Epoch 0:  75%|███████▌  | 1549/2063 [04:37<01:32,  5.58it/s, v_num=5-00]Epoch 0:  75%|███████▌  | 1550/2063 [04:37<01:31,  5.59it/s, v_num=5-00]Epoch 0:  75%|███████▌  | 1550/2063 [04:37<01:31,  5.59it/s, v_num=5-00]Epoch 0:  75%|███████▌  | 1551/2063 [04:37<01:31,  5.59it/s, v_num=5-00]Epoch 0:  75%|███████▌  | 1551/2063 [04:37<01:31,  5.59it/s, v_num=5-00]Epoch 0:  75%|███████▌  | 1552/2063 [04:37<01:31,  5.59it/s, v_num=5-00]Epoch 0:  75%|███████▌  | 1552/2063 [04:37<01:31,  5.59it/s, v_num=5-00]Epoch 0:  75%|███████▌  | 1553/2063 [04:37<01:31,  5.60it/s, v_num=5-00]Epoch 0:  75%|███████▌  | 1553/2063 [04:37<01:31,  5.60it/s, v_num=5-00]Epoch 0:  75%|███████▌  | 1554/2063 [04:37<01:30,  5.60it/s, v_num=5-00]Epoch 0:  75%|███████▌  | 1554/2063 [04:37<01:30,  5.60it/s, v_num=5-00]Epoch 0:  75%|███████▌  | 1555/2063 [04:37<01:30,  5.60it/s, v_num=5-00]Epoch 0:  75%|███████▌  | 1555/2063 [04:37<01:30,  5.60it/s, v_num=5-00]Epoch 0:  75%|███████▌  | 1556/2063 [04:37<01:30,  5.61it/s, v_num=5-00]Epoch 0:  75%|███████▌  | 1556/2063 [04:37<01:30,  5.61it/s, v_num=5-00]Epoch 0:  75%|███████▌  | 1557/2063 [04:37<01:30,  5.61it/s, v_num=5-00]Epoch 0:  75%|███████▌  | 1557/2063 [04:37<01:30,  5.61it/s, v_num=5-00]Epoch 0:  76%|███████▌  | 1558/2063 [04:37<01:29,  5.61it/s, v_num=5-00]Epoch 0:  76%|███████▌  | 1558/2063 [04:37<01:29,  5.61it/s, v_num=5-00]Epoch 0:  76%|███████▌  | 1559/2063 [04:37<01:29,  5.62it/s, v_num=5-00]Epoch 0:  76%|███████▌  | 1559/2063 [04:37<01:29,  5.62it/s, v_num=5-00]Epoch 0:  76%|███████▌  | 1560/2063 [04:37<01:29,  5.62it/s, v_num=5-00]Epoch 0:  76%|███████▌  | 1560/2063 [04:37<01:29,  5.62it/s, v_num=5-00]Epoch 0:  76%|███████▌  | 1561/2063 [04:37<01:29,  5.62it/s, v_num=5-00]Epoch 0:  76%|███████▌  | 1561/2063 [04:37<01:29,  5.62it/s, v_num=5-00]Epoch 0:  76%|███████▌  | 1562/2063 [04:37<01:29,  5.62it/s, v_num=5-00]Epoch 0:  76%|███████▌  | 1562/2063 [04:37<01:29,  5.62it/s, v_num=5-00]Epoch 0:  76%|███████▌  | 1563/2063 [04:37<01:28,  5.63it/s, v_num=5-00]Epoch 0:  76%|███████▌  | 1563/2063 [04:37<01:28,  5.63it/s, v_num=5-00]Epoch 0:  76%|███████▌  | 1564/2063 [04:37<01:28,  5.63it/s, v_num=5-00]Epoch 0:  76%|███████▌  | 1564/2063 [04:37<01:28,  5.63it/s, v_num=5-00]Epoch 0:  76%|███████▌  | 1565/2063 [04:37<01:28,  5.63it/s, v_num=5-00]Epoch 0:  76%|███████▌  | 1565/2063 [04:37<01:28,  5.63it/s, v_num=5-00]Epoch 0:  76%|███████▌  | 1566/2063 [04:37<01:28,  5.64it/s, v_num=5-00]Epoch 0:  76%|███████▌  | 1566/2063 [04:37<01:28,  5.64it/s, v_num=5-00]Epoch 0:  76%|███████▌  | 1567/2063 [04:37<01:27,  5.64it/s, v_num=5-00]Epoch 0:  76%|███████▌  | 1567/2063 [04:37<01:27,  5.64it/s, v_num=5-00]Epoch 0:  76%|███████▌  | 1568/2063 [04:37<01:27,  5.64it/s, v_num=5-00]Epoch 0:  76%|███████▌  | 1568/2063 [04:37<01:27,  5.64it/s, v_num=5-00]Epoch 0:  76%|███████▌  | 1569/2063 [04:37<01:27,  5.65it/s, v_num=5-00]Epoch 0:  76%|███████▌  | 1569/2063 [04:37<01:27,  5.65it/s, v_num=5-00]Epoch 0:  76%|███████▌  | 1570/2063 [04:37<01:27,  5.65it/s, v_num=5-00]Epoch 0:  76%|███████▌  | 1570/2063 [04:37<01:27,  5.65it/s, v_num=5-00]Epoch 0:  76%|███████▌  | 1571/2063 [04:43<01:28,  5.54it/s, v_num=5-00]Epoch 0:  76%|███████▌  | 1571/2063 [04:43<01:28,  5.54it/s, v_num=5-00]Epoch 0:  76%|███████▌  | 1572/2063 [04:43<01:28,  5.54it/s, v_num=5-00]Epoch 0:  76%|███████▌  | 1572/2063 [04:43<01:28,  5.54it/s, v_num=5-00]Epoch 0:  76%|███████▌  | 1573/2063 [04:43<01:28,  5.55it/s, v_num=5-00]Epoch 0:  76%|███████▌  | 1573/2063 [04:43<01:28,  5.55it/s, v_num=5-00]Epoch 0:  76%|███████▋  | 1574/2063 [04:43<01:28,  5.55it/s, v_num=5-00]Epoch 0:  76%|███████▋  | 1574/2063 [04:43<01:28,  5.55it/s, v_num=5-00]Epoch 0:  76%|███████▋  | 1575/2063 [04:43<01:27,  5.55it/s, v_num=5-00]Epoch 0:  76%|███████▋  | 1575/2063 [04:43<01:27,  5.55it/s, v_num=5-00]Epoch 0:  76%|███████▋  | 1576/2063 [04:43<01:27,  5.56it/s, v_num=5-00]Epoch 0:  76%|███████▋  | 1576/2063 [04:43<01:27,  5.56it/s, v_num=5-00]Epoch 0:  76%|███████▋  | 1577/2063 [04:43<01:27,  5.56it/s, v_num=5-00]Epoch 0:  76%|███████▋  | 1577/2063 [04:43<01:27,  5.56it/s, v_num=5-00]Epoch 0:  76%|███████▋  | 1578/2063 [04:43<01:27,  5.56it/s, v_num=5-00]Epoch 0:  76%|███████▋  | 1578/2063 [04:43<01:27,  5.56it/s, v_num=5-00]Epoch 0:  77%|███████▋  | 1579/2063 [04:43<01:26,  5.57it/s, v_num=5-00]Epoch 0:  77%|███████▋  | 1579/2063 [04:43<01:26,  5.57it/s, v_num=5-00]Epoch 0:  77%|███████▋  | 1580/2063 [04:43<01:26,  5.57it/s, v_num=5-00]Epoch 0:  77%|███████▋  | 1580/2063 [04:43<01:26,  5.57it/s, v_num=5-00]Epoch 0:  77%|███████▋  | 1581/2063 [04:46<01:27,  5.52it/s, v_num=5-00]Epoch 0:  77%|███████▋  | 1581/2063 [04:46<01:27,  5.52it/s, v_num=5-00]Epoch 0:  77%|███████▋  | 1582/2063 [04:46<01:27,  5.52it/s, v_num=5-00]Epoch 0:  77%|███████▋  | 1582/2063 [04:46<01:27,  5.52it/s, v_num=5-00]Epoch 0:  77%|███████▋  | 1583/2063 [04:46<01:26,  5.53it/s, v_num=5-00]Epoch 0:  77%|███████▋  | 1583/2063 [04:46<01:26,  5.53it/s, v_num=5-00]Epoch 0:  77%|███████▋  | 1584/2063 [04:46<01:26,  5.53it/s, v_num=5-00]Epoch 0:  77%|███████▋  | 1584/2063 [04:46<01:26,  5.53it/s, v_num=5-00]Epoch 0:  77%|███████▋  | 1585/2063 [04:46<01:26,  5.53it/s, v_num=5-00]Epoch 0:  77%|███████▋  | 1585/2063 [04:46<01:26,  5.53it/s, v_num=5-00]Epoch 0:  77%|███████▋  | 1586/2063 [04:46<01:26,  5.54it/s, v_num=5-00]Epoch 0:  77%|███████▋  | 1586/2063 [04:46<01:26,  5.54it/s, v_num=5-00]Epoch 0:  77%|███████▋  | 1587/2063 [04:46<01:25,  5.54it/s, v_num=5-00]Epoch 0:  77%|███████▋  | 1587/2063 [04:46<01:25,  5.54it/s, v_num=5-00]Epoch 0:  77%|███████▋  | 1588/2063 [04:46<01:25,  5.54it/s, v_num=5-00]Epoch 0:  77%|███████▋  | 1588/2063 [04:46<01:25,  5.54it/s, v_num=5-00]Epoch 0:  77%|███████▋  | 1589/2063 [04:46<01:25,  5.55it/s, v_num=5-00]Epoch 0:  77%|███████▋  | 1589/2063 [04:46<01:25,  5.55it/s, v_num=5-00]Epoch 0:  77%|███████▋  | 1590/2063 [04:46<01:25,  5.55it/s, v_num=5-00]Epoch 0:  77%|███████▋  | 1590/2063 [04:46<01:25,  5.55it/s, v_num=5-00]Epoch 0:  77%|███████▋  | 1591/2063 [04:53<01:27,  5.42it/s, v_num=5-00]Epoch 0:  77%|███████▋  | 1591/2063 [04:53<01:27,  5.42it/s, v_num=5-00]Epoch 0:  77%|███████▋  | 1592/2063 [04:53<01:26,  5.42it/s, v_num=5-00]Epoch 0:  77%|███████▋  | 1592/2063 [04:53<01:26,  5.42it/s, v_num=5-00]Epoch 0:  77%|███████▋  | 1593/2063 [04:53<01:26,  5.42it/s, v_num=5-00]Epoch 0:  77%|███████▋  | 1593/2063 [04:53<01:26,  5.42it/s, v_num=5-00]Epoch 0:  77%|███████▋  | 1594/2063 [04:53<01:26,  5.43it/s, v_num=5-00]Epoch 0:  77%|███████▋  | 1594/2063 [04:53<01:26,  5.43it/s, v_num=5-00]Epoch 0:  77%|███████▋  | 1595/2063 [04:53<01:26,  5.43it/s, v_num=5-00]Epoch 0:  77%|███████▋  | 1595/2063 [04:53<01:26,  5.43it/s, v_num=5-00]Epoch 0:  77%|███████▋  | 1596/2063 [04:53<01:25,  5.43it/s, v_num=5-00]Epoch 0:  77%|███████▋  | 1596/2063 [04:53<01:25,  5.43it/s, v_num=5-00]Epoch 0:  77%|███████▋  | 1597/2063 [04:53<01:25,  5.44it/s, v_num=5-00]Epoch 0:  77%|███████▋  | 1597/2063 [04:53<01:25,  5.44it/s, v_num=5-00]Epoch 0:  77%|███████▋  | 1598/2063 [04:53<01:25,  5.44it/s, v_num=5-00]Epoch 0:  77%|███████▋  | 1598/2063 [04:53<01:25,  5.44it/s, v_num=5-00]Epoch 0:  78%|███████▊  | 1599/2063 [04:53<01:25,  5.44it/s, v_num=5-00]Epoch 0:  78%|███████▊  | 1599/2063 [04:53<01:25,  5.44it/s, v_num=5-00]Epoch 0:  78%|███████▊  | 1600/2063 [04:53<01:24,  5.45it/s, v_num=5-00]Epoch 0:  78%|███████▊  | 1600/2063 [04:53<01:24,  5.45it/s, v_num=5-00]Epoch 0:  78%|███████▊  | 1601/2063 [04:53<01:24,  5.45it/s, v_num=5-00]Epoch 0:  78%|███████▊  | 1601/2063 [04:53<01:24,  5.45it/s, v_num=5-00]Epoch 0:  78%|███████▊  | 1602/2063 [04:53<01:24,  5.45it/s, v_num=5-00]Epoch 0:  78%|███████▊  | 1602/2063 [04:53<01:24,  5.45it/s, v_num=5-00]Epoch 0:  78%|███████▊  | 1603/2063 [04:53<01:24,  5.45it/s, v_num=5-00]Epoch 0:  78%|███████▊  | 1603/2063 [04:53<01:24,  5.45it/s, v_num=5-00]Epoch 0:  78%|███████▊  | 1604/2063 [04:53<01:24,  5.46it/s, v_num=5-00]Epoch 0:  78%|███████▊  | 1604/2063 [04:53<01:24,  5.46it/s, v_num=5-00]Epoch 0:  78%|███████▊  | 1605/2063 [04:53<01:23,  5.46it/s, v_num=5-00]Epoch 0:  78%|███████▊  | 1605/2063 [04:53<01:23,  5.46it/s, v_num=5-00]Epoch 0:  78%|███████▊  | 1606/2063 [04:53<01:23,  5.46it/s, v_num=5-00]Epoch 0:  78%|███████▊  | 1606/2063 [04:53<01:23,  5.46it/s, v_num=5-00]Epoch 0:  78%|███████▊  | 1607/2063 [04:53<01:23,  5.47it/s, v_num=5-00]Epoch 0:  78%|███████▊  | 1607/2063 [04:53<01:23,  5.47it/s, v_num=5-00]Epoch 0:  78%|███████▊  | 1608/2063 [04:53<01:23,  5.47it/s, v_num=5-00]Epoch 0:  78%|███████▊  | 1608/2063 [04:53<01:23,  5.47it/s, v_num=5-00]Epoch 0:  78%|███████▊  | 1609/2063 [04:53<01:22,  5.47it/s, v_num=5-00]Epoch 0:  78%|███████▊  | 1609/2063 [04:53<01:22,  5.47it/s, v_num=5-00]Epoch 0:  78%|███████▊  | 1610/2063 [04:53<01:22,  5.48it/s, v_num=5-00]Epoch 0:  78%|███████▊  | 1610/2063 [04:53<01:22,  5.48it/s, v_num=5-00]Epoch 0:  78%|███████▊  | 1611/2063 [04:58<01:23,  5.40it/s, v_num=5-00]Epoch 0:  78%|███████▊  | 1611/2063 [04:58<01:23,  5.40it/s, v_num=5-00]Epoch 0:  78%|███████▊  | 1612/2063 [04:58<01:23,  5.41it/s, v_num=5-00]Epoch 0:  78%|███████▊  | 1612/2063 [04:58<01:23,  5.41it/s, v_num=5-00]Epoch 0:  78%|███████▊  | 1613/2063 [04:58<01:23,  5.41it/s, v_num=5-00]Epoch 0:  78%|███████▊  | 1613/2063 [04:58<01:23,  5.41it/s, v_num=5-00]Epoch 0:  78%|███████▊  | 1614/2063 [04:58<01:22,  5.41it/s, v_num=5-00]Epoch 0:  78%|███████▊  | 1614/2063 [04:58<01:22,  5.41it/s, v_num=5-00]Epoch 0:  78%|███████▊  | 1615/2063 [04:58<01:22,  5.42it/s, v_num=5-00]Epoch 0:  78%|███████▊  | 1615/2063 [04:58<01:22,  5.42it/s, v_num=5-00]Epoch 0:  78%|███████▊  | 1616/2063 [04:58<01:22,  5.42it/s, v_num=5-00]Epoch 0:  78%|███████▊  | 1616/2063 [04:58<01:22,  5.42it/s, v_num=5-00]Epoch 0:  78%|███████▊  | 1617/2063 [04:58<01:22,  5.42it/s, v_num=5-00]Epoch 0:  78%|███████▊  | 1617/2063 [04:58<01:22,  5.42it/s, v_num=5-00]Epoch 0:  78%|███████▊  | 1618/2063 [04:58<01:21,  5.43it/s, v_num=5-00]Epoch 0:  78%|███████▊  | 1618/2063 [04:58<01:21,  5.43it/s, v_num=5-00]Epoch 0:  78%|███████▊  | 1619/2063 [04:58<01:21,  5.43it/s, v_num=5-00]Epoch 0:  78%|███████▊  | 1619/2063 [04:58<01:21,  5.43it/s, v_num=5-00]Epoch 0:  79%|███████▊  | 1620/2063 [04:58<01:21,  5.43it/s, v_num=5-00]Epoch 0:  79%|███████▊  | 1620/2063 [04:58<01:21,  5.43it/s, v_num=5-00]Epoch 0:  79%|███████▊  | 1621/2063 [04:58<01:21,  5.43it/s, v_num=5-00]Epoch 0:  79%|███████▊  | 1621/2063 [04:58<01:21,  5.43it/s, v_num=5-00]Epoch 0:  79%|███████▊  | 1622/2063 [04:58<01:21,  5.44it/s, v_num=5-00]Epoch 0:  79%|███████▊  | 1622/2063 [04:58<01:21,  5.44it/s, v_num=5-00]Epoch 0:  79%|███████▊  | 1623/2063 [04:58<01:20,  5.44it/s, v_num=5-00]Epoch 0:  79%|███████▊  | 1623/2063 [04:58<01:20,  5.44it/s, v_num=5-00]Epoch 0:  79%|███████▊  | 1624/2063 [04:58<01:20,  5.44it/s, v_num=5-00]Epoch 0:  79%|███████▊  | 1624/2063 [04:58<01:20,  5.44it/s, v_num=5-00]Epoch 0:  79%|███████▉  | 1625/2063 [04:58<01:20,  5.45it/s, v_num=5-00]Epoch 0:  79%|███████▉  | 1625/2063 [04:58<01:20,  5.45it/s, v_num=5-00]Epoch 0:  79%|███████▉  | 1626/2063 [04:58<01:20,  5.45it/s, v_num=5-00]Epoch 0:  79%|███████▉  | 1626/2063 [04:58<01:20,  5.45it/s, v_num=5-00]Epoch 0:  79%|███████▉  | 1627/2063 [04:58<01:19,  5.45it/s, v_num=5-00]Epoch 0:  79%|███████▉  | 1627/2063 [04:58<01:19,  5.45it/s, v_num=5-00]Epoch 0:  79%|███████▉  | 1628/2063 [04:58<01:19,  5.46it/s, v_num=5-00]Epoch 0:  79%|███████▉  | 1628/2063 [04:58<01:19,  5.46it/s, v_num=5-00]Epoch 0:  79%|███████▉  | 1629/2063 [04:58<01:19,  5.46it/s, v_num=5-00]Epoch 0:  79%|███████▉  | 1629/2063 [04:58<01:19,  5.46it/s, v_num=5-00]Epoch 0:  79%|███████▉  | 1630/2063 [04:58<01:19,  5.46it/s, v_num=5-00]Epoch 0:  79%|███████▉  | 1630/2063 [04:58<01:19,  5.46it/s, v_num=5-00]Epoch 0:  79%|███████▉  | 1631/2063 [04:58<01:19,  5.47it/s, v_num=5-00]Epoch 0:  79%|███████▉  | 1631/2063 [04:58<01:19,  5.47it/s, v_num=5-00]Epoch 0:  79%|███████▉  | 1632/2063 [04:58<01:18,  5.47it/s, v_num=5-00]Epoch 0:  79%|███████▉  | 1632/2063 [04:58<01:18,  5.47it/s, v_num=5-00]Epoch 0:  79%|███████▉  | 1633/2063 [04:58<01:18,  5.47it/s, v_num=5-00]Epoch 0:  79%|███████▉  | 1633/2063 [04:58<01:18,  5.47it/s, v_num=5-00]Epoch 0:  79%|███████▉  | 1634/2063 [04:58<01:18,  5.47it/s, v_num=5-00]Epoch 0:  79%|███████▉  | 1634/2063 [04:58<01:18,  5.47it/s, v_num=5-00]Epoch 0:  79%|███████▉  | 1635/2063 [04:58<01:18,  5.48it/s, v_num=5-00]Epoch 0:  79%|███████▉  | 1635/2063 [04:58<01:18,  5.48it/s, v_num=5-00]Epoch 0:  79%|███████▉  | 1636/2063 [04:58<01:17,  5.48it/s, v_num=5-00]Epoch 0:  79%|███████▉  | 1636/2063 [04:58<01:17,  5.48it/s, v_num=5-00]Epoch 0:  79%|███████▉  | 1637/2063 [04:58<01:17,  5.48it/s, v_num=5-00]Epoch 0:  79%|███████▉  | 1637/2063 [04:58<01:17,  5.48it/s, v_num=5-00]Epoch 0:  79%|███████▉  | 1638/2063 [04:58<01:17,  5.49it/s, v_num=5-00]Epoch 0:  79%|███████▉  | 1638/2063 [04:58<01:17,  5.49it/s, v_num=5-00]Epoch 0:  79%|███████▉  | 1639/2063 [04:58<01:17,  5.49it/s, v_num=5-00]Epoch 0:  79%|███████▉  | 1639/2063 [04:58<01:17,  5.49it/s, v_num=5-00]Epoch 0:  79%|███████▉  | 1640/2063 [04:58<01:16,  5.49it/s, v_num=5-00]Epoch 0:  79%|███████▉  | 1640/2063 [04:58<01:16,  5.49it/s, v_num=5-00]Epoch 0:  80%|███████▉  | 1641/2063 [05:00<01:17,  5.46it/s, v_num=5-00]Epoch 0:  80%|███████▉  | 1641/2063 [05:00<01:17,  5.46it/s, v_num=5-00]Epoch 0:  80%|███████▉  | 1642/2063 [05:00<01:17,  5.46it/s, v_num=5-00]Epoch 0:  80%|███████▉  | 1642/2063 [05:00<01:17,  5.46it/s, v_num=5-00]Epoch 0:  80%|███████▉  | 1643/2063 [05:00<01:16,  5.46it/s, v_num=5-00]Epoch 0:  80%|███████▉  | 1643/2063 [05:00<01:16,  5.46it/s, v_num=5-00]Epoch 0:  80%|███████▉  | 1644/2063 [05:00<01:16,  5.47it/s, v_num=5-00]Epoch 0:  80%|███████▉  | 1644/2063 [05:00<01:16,  5.47it/s, v_num=5-00]Epoch 0:  80%|███████▉  | 1645/2063 [05:00<01:16,  5.47it/s, v_num=5-00]Epoch 0:  80%|███████▉  | 1645/2063 [05:00<01:16,  5.47it/s, v_num=5-00]Epoch 0:  80%|███████▉  | 1646/2063 [05:00<01:16,  5.47it/s, v_num=5-00]Epoch 0:  80%|███████▉  | 1646/2063 [05:00<01:16,  5.47it/s, v_num=5-00]Epoch 0:  80%|███████▉  | 1647/2063 [05:00<01:15,  5.48it/s, v_num=5-00]Epoch 0:  80%|███████▉  | 1647/2063 [05:00<01:15,  5.48it/s, v_num=5-00]Epoch 0:  80%|███████▉  | 1648/2063 [05:00<01:15,  5.48it/s, v_num=5-00]Epoch 0:  80%|███████▉  | 1648/2063 [05:00<01:15,  5.48it/s, v_num=5-00]Epoch 0:  80%|███████▉  | 1649/2063 [05:00<01:15,  5.48it/s, v_num=5-00]Epoch 0:  80%|███████▉  | 1649/2063 [05:00<01:15,  5.48it/s, v_num=5-00]Epoch 0:  80%|███████▉  | 1650/2063 [05:00<01:15,  5.49it/s, v_num=5-00]Epoch 0:  80%|███████▉  | 1650/2063 [05:00<01:15,  5.49it/s, v_num=5-00]Epoch 0:  80%|████████  | 1651/2063 [05:00<01:15,  5.49it/s, v_num=5-00]Epoch 0:  80%|████████  | 1651/2063 [05:00<01:15,  5.49it/s, v_num=5-00]Epoch 0:  80%|████████  | 1652/2063 [05:00<01:14,  5.49it/s, v_num=5-00]Epoch 0:  80%|████████  | 1652/2063 [05:00<01:14,  5.49it/s, v_num=5-00]Epoch 0:  80%|████████  | 1653/2063 [05:00<01:14,  5.49it/s, v_num=5-00]Epoch 0:  80%|████████  | 1653/2063 [05:00<01:14,  5.49it/s, v_num=5-00]Epoch 0:  80%|████████  | 1654/2063 [05:00<01:14,  5.50it/s, v_num=5-00]Epoch 0:  80%|████████  | 1654/2063 [05:00<01:14,  5.50it/s, v_num=5-00]Epoch 0:  80%|████████  | 1655/2063 [05:00<01:14,  5.50it/s, v_num=5-00]Epoch 0:  80%|████████  | 1655/2063 [05:00<01:14,  5.50it/s, v_num=5-00]Epoch 0:  80%|████████  | 1656/2063 [05:00<01:13,  5.50it/s, v_num=5-00]Epoch 0:  80%|████████  | 1656/2063 [05:00<01:13,  5.50it/s, v_num=5-00]Epoch 0:  80%|████████  | 1657/2063 [05:00<01:13,  5.51it/s, v_num=5-00]Epoch 0:  80%|████████  | 1657/2063 [05:00<01:13,  5.51it/s, v_num=5-00]Epoch 0:  80%|████████  | 1658/2063 [05:00<01:13,  5.51it/s, v_num=5-00]Epoch 0:  80%|████████  | 1658/2063 [05:00<01:13,  5.51it/s, v_num=5-00]Epoch 0:  80%|████████  | 1659/2063 [05:00<01:13,  5.51it/s, v_num=5-00]Epoch 0:  80%|████████  | 1659/2063 [05:00<01:13,  5.51it/s, v_num=5-00]Epoch 0:  80%|████████  | 1660/2063 [05:00<01:13,  5.52it/s, v_num=5-00]Epoch 0:  80%|████████  | 1660/2063 [05:00<01:13,  5.52it/s, v_num=5-00]Epoch 0:  81%|████████  | 1661/2063 [05:06<01:14,  5.42it/s, v_num=5-00]Epoch 0:  81%|████████  | 1661/2063 [05:06<01:14,  5.42it/s, v_num=5-00]Epoch 0:  81%|████████  | 1662/2063 [05:06<01:13,  5.42it/s, v_num=5-00]Epoch 0:  81%|████████  | 1662/2063 [05:06<01:13,  5.42it/s, v_num=5-00]Epoch 0:  81%|████████  | 1663/2063 [05:06<01:13,  5.42it/s, v_num=5-00]Epoch 0:  81%|████████  | 1663/2063 [05:06<01:13,  5.42it/s, v_num=5-00]Epoch 0:  81%|████████  | 1664/2063 [05:06<01:13,  5.43it/s, v_num=5-00]Epoch 0:  81%|████████  | 1664/2063 [05:06<01:13,  5.43it/s, v_num=5-00]Epoch 0:  81%|████████  | 1665/2063 [05:06<01:13,  5.43it/s, v_num=5-00]Epoch 0:  81%|████████  | 1665/2063 [05:06<01:13,  5.43it/s, v_num=5-00]Epoch 0:  81%|████████  | 1666/2063 [05:06<01:13,  5.43it/s, v_num=5-00]Epoch 0:  81%|████████  | 1666/2063 [05:06<01:13,  5.43it/s, v_num=5-00]Epoch 0:  81%|████████  | 1667/2063 [05:06<01:12,  5.44it/s, v_num=5-00]Epoch 0:  81%|████████  | 1667/2063 [05:06<01:12,  5.44it/s, v_num=5-00]Epoch 0:  81%|████████  | 1668/2063 [05:06<01:12,  5.44it/s, v_num=5-00]Epoch 0:  81%|████████  | 1668/2063 [05:06<01:12,  5.44it/s, v_num=5-00]Epoch 0:  81%|████████  | 1669/2063 [05:06<01:12,  5.44it/s, v_num=5-00]Epoch 0:  81%|████████  | 1669/2063 [05:06<01:12,  5.44it/s, v_num=5-00]Epoch 0:  81%|████████  | 1670/2063 [05:06<01:12,  5.45it/s, v_num=5-00]Epoch 0:  81%|████████  | 1670/2063 [05:06<01:12,  5.45it/s, v_num=5-00]Epoch 0:  81%|████████  | 1671/2063 [05:06<01:11,  5.45it/s, v_num=5-00]Epoch 0:  81%|████████  | 1671/2063 [05:06<01:11,  5.45it/s, v_num=5-00]Epoch 0:  81%|████████  | 1672/2063 [05:06<01:11,  5.45it/s, v_num=5-00]Epoch 0:  81%|████████  | 1672/2063 [05:06<01:11,  5.45it/s, v_num=5-00]Epoch 0:  81%|████████  | 1673/2063 [05:06<01:11,  5.45it/s, v_num=5-00]Epoch 0:  81%|████████  | 1673/2063 [05:06<01:11,  5.45it/s, v_num=5-00]Epoch 0:  81%|████████  | 1674/2063 [05:06<01:11,  5.46it/s, v_num=5-00]Epoch 0:  81%|████████  | 1674/2063 [05:06<01:11,  5.46it/s, v_num=5-00]Epoch 0:  81%|████████  | 1675/2063 [05:06<01:11,  5.46it/s, v_num=5-00]Epoch 0:  81%|████████  | 1675/2063 [05:06<01:11,  5.46it/s, v_num=5-00]Epoch 0:  81%|████████  | 1676/2063 [05:06<01:10,  5.46it/s, v_num=5-00]Epoch 0:  81%|████████  | 1676/2063 [05:06<01:10,  5.46it/s, v_num=5-00]Epoch 0:  81%|████████▏ | 1677/2063 [05:06<01:10,  5.47it/s, v_num=5-00]Epoch 0:  81%|████████▏ | 1677/2063 [05:06<01:10,  5.47it/s, v_num=5-00]Epoch 0:  81%|████████▏ | 1678/2063 [05:06<01:10,  5.47it/s, v_num=5-00]Epoch 0:  81%|████████▏ | 1678/2063 [05:06<01:10,  5.47it/s, v_num=5-00]Epoch 0:  81%|████████▏ | 1679/2063 [05:06<01:10,  5.47it/s, v_num=5-00]Epoch 0:  81%|████████▏ | 1679/2063 [05:06<01:10,  5.47it/s, v_num=5-00]Epoch 0:  81%|████████▏ | 1680/2063 [05:06<01:09,  5.48it/s, v_num=5-00]Epoch 0:  81%|████████▏ | 1680/2063 [05:06<01:09,  5.48it/s, v_num=5-00]Epoch 0:  81%|████████▏ | 1681/2063 [05:06<01:09,  5.48it/s, v_num=5-00]Epoch 0:  81%|████████▏ | 1681/2063 [05:06<01:09,  5.48it/s, v_num=5-00]Epoch 0:  82%|████████▏ | 1682/2063 [05:06<01:09,  5.48it/s, v_num=5-00]Epoch 0:  82%|████████▏ | 1682/2063 [05:06<01:09,  5.48it/s, v_num=5-00]Epoch 0:  82%|████████▏ | 1683/2063 [05:06<01:09,  5.48it/s, v_num=5-00]Epoch 0:  82%|████████▏ | 1683/2063 [05:06<01:09,  5.48it/s, v_num=5-00]Epoch 0:  82%|████████▏ | 1684/2063 [05:06<01:09,  5.49it/s, v_num=5-00]Epoch 0:  82%|████████▏ | 1684/2063 [05:06<01:09,  5.49it/s, v_num=5-00]Epoch 0:  82%|████████▏ | 1685/2063 [05:06<01:08,  5.49it/s, v_num=5-00]Epoch 0:  82%|████████▏ | 1685/2063 [05:06<01:08,  5.49it/s, v_num=5-00]Epoch 0:  82%|████████▏ | 1686/2063 [05:06<01:08,  5.49it/s, v_num=5-00]Epoch 0:  82%|████████▏ | 1686/2063 [05:06<01:08,  5.49it/s, v_num=5-00]Epoch 0:  82%|████████▏ | 1687/2063 [05:06<01:08,  5.50it/s, v_num=5-00]Epoch 0:  82%|████████▏ | 1687/2063 [05:06<01:08,  5.50it/s, v_num=5-00]Epoch 0:  82%|████████▏ | 1688/2063 [05:06<01:08,  5.50it/s, v_num=5-00]Epoch 0:  82%|████████▏ | 1688/2063 [05:06<01:08,  5.50it/s, v_num=5-00]Epoch 0:  82%|████████▏ | 1689/2063 [05:07<01:07,  5.50it/s, v_num=5-00]Epoch 0:  82%|████████▏ | 1689/2063 [05:07<01:07,  5.50it/s, v_num=5-00]Epoch 0:  82%|████████▏ | 1690/2063 [05:07<01:07,  5.50it/s, v_num=5-00]Epoch 0:  82%|████████▏ | 1690/2063 [05:07<01:07,  5.50it/s, v_num=5-00]Epoch 0:  82%|████████▏ | 1691/2063 [05:08<01:07,  5.48it/s, v_num=5-00]Epoch 0:  82%|████████▏ | 1691/2063 [05:08<01:07,  5.48it/s, v_num=5-00]Epoch 0:  82%|████████▏ | 1692/2063 [05:08<01:07,  5.49it/s, v_num=5-00]Epoch 0:  82%|████████▏ | 1692/2063 [05:08<01:07,  5.49it/s, v_num=5-00]Epoch 0:  82%|████████▏ | 1693/2063 [05:08<01:07,  5.49it/s, v_num=5-00]Epoch 0:  82%|████████▏ | 1693/2063 [05:08<01:07,  5.49it/s, v_num=5-00]Epoch 0:  82%|████████▏ | 1694/2063 [05:08<01:07,  5.49it/s, v_num=5-00]Epoch 0:  82%|████████▏ | 1694/2063 [05:08<01:07,  5.49it/s, v_num=5-00]Epoch 0:  82%|████████▏ | 1695/2063 [05:08<01:06,  5.50it/s, v_num=5-00]Epoch 0:  82%|████████▏ | 1695/2063 [05:08<01:06,  5.50it/s, v_num=5-00]Epoch 0:  82%|████████▏ | 1696/2063 [05:08<01:06,  5.50it/s, v_num=5-00]Epoch 0:  82%|████████▏ | 1696/2063 [05:08<01:06,  5.50it/s, v_num=5-00]Epoch 0:  82%|████████▏ | 1697/2063 [05:08<01:06,  5.50it/s, v_num=5-00]Epoch 0:  82%|████████▏ | 1697/2063 [05:08<01:06,  5.50it/s, v_num=5-00]Epoch 0:  82%|████████▏ | 1698/2063 [05:08<01:06,  5.50it/s, v_num=5-00]Epoch 0:  82%|████████▏ | 1698/2063 [05:08<01:06,  5.50it/s, v_num=5-00]Epoch 0:  82%|████████▏ | 1699/2063 [05:08<01:06,  5.51it/s, v_num=5-00]Epoch 0:  82%|████████▏ | 1699/2063 [05:08<01:06,  5.51it/s, v_num=5-00]Epoch 0:  82%|████████▏ | 1700/2063 [05:08<01:05,  5.51it/s, v_num=5-00]Epoch 0:  82%|████████▏ | 1700/2063 [05:08<01:05,  5.51it/s, v_num=5-00]Epoch 0:  82%|████████▏ | 1701/2063 [05:08<01:05,  5.51it/s, v_num=5-00]Epoch 0:  82%|████████▏ | 1701/2063 [05:08<01:05,  5.51it/s, v_num=5-00]Epoch 0:  83%|████████▎ | 1702/2063 [05:08<01:05,  5.51it/s, v_num=5-00]Epoch 0:  83%|████████▎ | 1702/2063 [05:08<01:05,  5.51it/s, v_num=5-00]Epoch 0:  83%|████████▎ | 1703/2063 [05:08<01:05,  5.52it/s, v_num=5-00]Epoch 0:  83%|████████▎ | 1703/2063 [05:08<01:05,  5.52it/s, v_num=5-00]Epoch 0:  83%|████████▎ | 1704/2063 [05:08<01:05,  5.52it/s, v_num=5-00]Epoch 0:  83%|████████▎ | 1704/2063 [05:08<01:05,  5.52it/s, v_num=5-00]Epoch 0:  83%|████████▎ | 1705/2063 [05:08<01:04,  5.52it/s, v_num=5-00]Epoch 0:  83%|████████▎ | 1705/2063 [05:08<01:04,  5.52it/s, v_num=5-00]Epoch 0:  83%|████████▎ | 1706/2063 [05:08<01:04,  5.53it/s, v_num=5-00]Epoch 0:  83%|████████▎ | 1706/2063 [05:08<01:04,  5.53it/s, v_num=5-00]Epoch 0:  83%|████████▎ | 1707/2063 [05:08<01:04,  5.53it/s, v_num=5-00]Epoch 0:  83%|████████▎ | 1707/2063 [05:08<01:04,  5.53it/s, v_num=5-00]Epoch 0:  83%|████████▎ | 1708/2063 [05:08<01:04,  5.53it/s, v_num=5-00]Epoch 0:  83%|████████▎ | 1708/2063 [05:08<01:04,  5.53it/s, v_num=5-00]Epoch 0:  83%|████████▎ | 1709/2063 [05:08<01:03,  5.54it/s, v_num=5-00]Epoch 0:  83%|████████▎ | 1709/2063 [05:08<01:03,  5.54it/s, v_num=5-00]Epoch 0:  83%|████████▎ | 1710/2063 [05:08<01:03,  5.54it/s, v_num=5-00]Epoch 0:  83%|████████▎ | 1710/2063 [05:08<01:03,  5.54it/s, v_num=5-00]Epoch 0:  83%|████████▎ | 1711/2063 [05:10<01:03,  5.51it/s, v_num=5-00]Epoch 0:  83%|████████▎ | 1711/2063 [05:10<01:03,  5.51it/s, v_num=5-00]Epoch 0:  83%|████████▎ | 1712/2063 [05:10<01:03,  5.52it/s, v_num=5-00]Epoch 0:  83%|████████▎ | 1712/2063 [05:10<01:03,  5.52it/s, v_num=5-00]Epoch 0:  83%|████████▎ | 1713/2063 [05:10<01:03,  5.52it/s, v_num=5-00]Epoch 0:  83%|████████▎ | 1713/2063 [05:10<01:03,  5.52it/s, v_num=5-00]Epoch 0:  83%|████████▎ | 1714/2063 [05:10<01:03,  5.52it/s, v_num=5-00]Epoch 0:  83%|████████▎ | 1714/2063 [05:10<01:03,  5.52it/s, v_num=5-00]Epoch 0:  83%|████████▎ | 1715/2063 [05:10<01:02,  5.53it/s, v_num=5-00]Epoch 0:  83%|████████▎ | 1715/2063 [05:10<01:02,  5.53it/s, v_num=5-00]Epoch 0:  83%|████████▎ | 1716/2063 [05:10<01:02,  5.53it/s, v_num=5-00]Epoch 0:  83%|████████▎ | 1716/2063 [05:10<01:02,  5.53it/s, v_num=5-00]Epoch 0:  83%|████████▎ | 1717/2063 [05:10<01:02,  5.53it/s, v_num=5-00]Epoch 0:  83%|████████▎ | 1717/2063 [05:10<01:02,  5.53it/s, v_num=5-00]Epoch 0:  83%|████████▎ | 1718/2063 [05:10<01:02,  5.54it/s, v_num=5-00]Epoch 0:  83%|████████▎ | 1718/2063 [05:10<01:02,  5.54it/s, v_num=5-00]Epoch 0:  83%|████████▎ | 1719/2063 [05:10<01:02,  5.54it/s, v_num=5-00]Epoch 0:  83%|████████▎ | 1719/2063 [05:10<01:02,  5.54it/s, v_num=5-00]Epoch 0:  83%|████████▎ | 1720/2063 [05:10<01:01,  5.54it/s, v_num=5-00]Epoch 0:  83%|████████▎ | 1720/2063 [05:10<01:01,  5.54it/s, v_num=5-00]Epoch 0:  83%|████████▎ | 1721/2063 [05:10<01:01,  5.54it/s, v_num=5-00]Epoch 0:  83%|████████▎ | 1721/2063 [05:10<01:01,  5.54it/s, v_num=5-00]Epoch 0:  83%|████████▎ | 1722/2063 [05:10<01:01,  5.55it/s, v_num=5-00]Epoch 0:  83%|████████▎ | 1722/2063 [05:10<01:01,  5.55it/s, v_num=5-00]Epoch 0:  84%|████████▎ | 1723/2063 [05:10<01:01,  5.55it/s, v_num=5-00]Epoch 0:  84%|████████▎ | 1723/2063 [05:10<01:01,  5.55it/s, v_num=5-00]Epoch 0:  84%|████████▎ | 1724/2063 [05:10<01:01,  5.55it/s, v_num=5-00]Epoch 0:  84%|████████▎ | 1724/2063 [05:10<01:01,  5.55it/s, v_num=5-00]Epoch 0:  84%|████████▎ | 1725/2063 [05:10<01:00,  5.56it/s, v_num=5-00]Epoch 0:  84%|████████▎ | 1725/2063 [05:10<01:00,  5.56it/s, v_num=5-00]Epoch 0:  84%|████████▎ | 1726/2063 [05:10<01:00,  5.56it/s, v_num=5-00]Epoch 0:  84%|████████▎ | 1726/2063 [05:10<01:00,  5.56it/s, v_num=5-00]Epoch 0:  84%|████████▎ | 1727/2063 [05:10<01:00,  5.56it/s, v_num=5-00]Epoch 0:  84%|████████▎ | 1727/2063 [05:10<01:00,  5.56it/s, v_num=5-00]Epoch 0:  84%|████████▍ | 1728/2063 [05:10<01:00,  5.57it/s, v_num=5-00]Epoch 0:  84%|████████▍ | 1728/2063 [05:10<01:00,  5.57it/s, v_num=5-00]Epoch 0:  84%|████████▍ | 1729/2063 [05:10<00:59,  5.57it/s, v_num=5-00]Epoch 0:  84%|████████▍ | 1729/2063 [05:10<00:59,  5.57it/s, v_num=5-00]Epoch 0:  84%|████████▍ | 1730/2063 [05:10<00:59,  5.57it/s, v_num=5-00]Epoch 0:  84%|████████▍ | 1730/2063 [05:10<00:59,  5.57it/s, v_num=5-00]Epoch 0:  84%|████████▍ | 1731/2063 [05:10<00:59,  5.57it/s, v_num=5-00]Epoch 0:  84%|████████▍ | 1731/2063 [05:10<00:59,  5.57it/s, v_num=5-00]Epoch 0:  84%|████████▍ | 1732/2063 [05:10<00:59,  5.58it/s, v_num=5-00]Epoch 0:  84%|████████▍ | 1732/2063 [05:10<00:59,  5.58it/s, v_num=5-00]Epoch 0:  84%|████████▍ | 1733/2063 [05:10<00:59,  5.58it/s, v_num=5-00]Epoch 0:  84%|████████▍ | 1733/2063 [05:10<00:59,  5.58it/s, v_num=5-00]Epoch 0:  84%|████████▍ | 1734/2063 [05:10<00:58,  5.58it/s, v_num=5-00]Epoch 0:  84%|████████▍ | 1734/2063 [05:10<00:58,  5.58it/s, v_num=5-00]Epoch 0:  84%|████████▍ | 1735/2063 [05:10<00:58,  5.58it/s, v_num=5-00]Epoch 0:  84%|████████▍ | 1735/2063 [05:10<00:58,  5.58it/s, v_num=5-00]Epoch 0:  84%|████████▍ | 1736/2063 [05:10<00:58,  5.59it/s, v_num=5-00]Epoch 0:  84%|████████▍ | 1736/2063 [05:10<00:58,  5.59it/s, v_num=5-00]Epoch 0:  84%|████████▍ | 1737/2063 [05:10<00:58,  5.59it/s, v_num=5-00]Epoch 0:  84%|████████▍ | 1737/2063 [05:10<00:58,  5.59it/s, v_num=5-00]Epoch 0:  84%|████████▍ | 1738/2063 [05:10<00:58,  5.59it/s, v_num=5-00]Epoch 0:  84%|████████▍ | 1738/2063 [05:10<00:58,  5.59it/s, v_num=5-00]Epoch 0:  84%|████████▍ | 1739/2063 [05:10<00:57,  5.60it/s, v_num=5-00]Epoch 0:  84%|████████▍ | 1739/2063 [05:10<00:57,  5.60it/s, v_num=5-00]Epoch 0:  84%|████████▍ | 1740/2063 [05:10<00:57,  5.60it/s, v_num=5-00]Epoch 0:  84%|████████▍ | 1740/2063 [05:10<00:57,  5.60it/s, v_num=5-00]Epoch 0:  84%|████████▍ | 1741/2063 [05:10<00:57,  5.60it/s, v_num=5-00]Epoch 0:  84%|████████▍ | 1741/2063 [05:10<00:57,  5.60it/s, v_num=5-00]Epoch 0:  84%|████████▍ | 1742/2063 [05:10<00:57,  5.60it/s, v_num=5-00]Epoch 0:  84%|████████▍ | 1742/2063 [05:10<00:57,  5.60it/s, v_num=5-00]Epoch 0:  84%|████████▍ | 1743/2063 [05:10<00:57,  5.61it/s, v_num=5-00]Epoch 0:  84%|████████▍ | 1743/2063 [05:10<00:57,  5.61it/s, v_num=5-00]Epoch 0:  85%|████████▍ | 1744/2063 [05:10<00:56,  5.61it/s, v_num=5-00]Epoch 0:  85%|████████▍ | 1744/2063 [05:10<00:56,  5.61it/s, v_num=5-00]Epoch 0:  85%|████████▍ | 1745/2063 [05:10<00:56,  5.61it/s, v_num=5-00]Epoch 0:  85%|████████▍ | 1745/2063 [05:10<00:56,  5.61it/s, v_num=5-00]Epoch 0:  85%|████████▍ | 1746/2063 [05:10<00:56,  5.62it/s, v_num=5-00]Epoch 0:  85%|████████▍ | 1746/2063 [05:10<00:56,  5.62it/s, v_num=5-00]Epoch 0:  85%|████████▍ | 1747/2063 [05:10<00:56,  5.62it/s, v_num=5-00]Epoch 0:  85%|████████▍ | 1747/2063 [05:10<00:56,  5.62it/s, v_num=5-00]Epoch 0:  85%|████████▍ | 1748/2063 [05:10<00:56,  5.62it/s, v_num=5-00]Epoch 0:  85%|████████▍ | 1748/2063 [05:10<00:56,  5.62it/s, v_num=5-00]Epoch 0:  85%|████████▍ | 1749/2063 [05:10<00:55,  5.63it/s, v_num=5-00]Epoch 0:  85%|████████▍ | 1749/2063 [05:10<00:55,  5.63it/s, v_num=5-00]Epoch 0:  85%|████████▍ | 1750/2063 [05:10<00:55,  5.63it/s, v_num=5-00]Epoch 0:  85%|████████▍ | 1750/2063 [05:10<00:55,  5.63it/s, v_num=5-00]Epoch 0:  85%|████████▍ | 1751/2063 [05:21<00:57,  5.44it/s, v_num=5-00]Epoch 0:  85%|████████▍ | 1751/2063 [05:21<00:57,  5.44it/s, v_num=5-00]Epoch 0:  85%|████████▍ | 1752/2063 [05:21<00:57,  5.44it/s, v_num=5-00]Epoch 0:  85%|████████▍ | 1752/2063 [05:21<00:57,  5.44it/s, v_num=5-00]Epoch 0:  85%|████████▍ | 1753/2063 [05:21<00:56,  5.44it/s, v_num=5-00]Epoch 0:  85%|████████▍ | 1753/2063 [05:21<00:56,  5.44it/s, v_num=5-00]Epoch 0:  85%|████████▌ | 1754/2063 [05:21<00:56,  5.45it/s, v_num=5-00]Epoch 0:  85%|████████▌ | 1754/2063 [05:21<00:56,  5.45it/s, v_num=5-00]Epoch 0:  85%|████████▌ | 1755/2063 [05:21<00:56,  5.45it/s, v_num=5-00]Epoch 0:  85%|████████▌ | 1755/2063 [05:21<00:56,  5.45it/s, v_num=5-00]Epoch 0:  85%|████████▌ | 1756/2063 [05:21<00:56,  5.45it/s, v_num=5-00]Epoch 0:  85%|████████▌ | 1756/2063 [05:21<00:56,  5.45it/s, v_num=5-00]Epoch 0:  85%|████████▌ | 1757/2063 [05:21<00:56,  5.46it/s, v_num=5-00]Epoch 0:  85%|████████▌ | 1757/2063 [05:21<00:56,  5.46it/s, v_num=5-00]Epoch 0:  85%|████████▌ | 1758/2063 [05:21<00:55,  5.46it/s, v_num=5-00]Epoch 0:  85%|████████▌ | 1758/2063 [05:21<00:55,  5.46it/s, v_num=5-00]Epoch 0:  85%|████████▌ | 1759/2063 [05:21<00:55,  5.46it/s, v_num=5-00]Epoch 0:  85%|████████▌ | 1759/2063 [05:21<00:55,  5.46it/s, v_num=5-00]Epoch 0:  85%|████████▌ | 1760/2063 [05:21<00:55,  5.47it/s, v_num=5-00]Epoch 0:  85%|████████▌ | 1760/2063 [05:21<00:55,  5.47it/s, v_num=5-00]Epoch 0:  85%|████████▌ | 1761/2063 [05:22<00:55,  5.47it/s, v_num=5-00]Epoch 0:  85%|████████▌ | 1761/2063 [05:22<00:55,  5.47it/s, v_num=5-00]Epoch 0:  85%|████████▌ | 1762/2063 [05:22<00:55,  5.47it/s, v_num=5-00]Epoch 0:  85%|████████▌ | 1762/2063 [05:22<00:55,  5.47it/s, v_num=5-00]Epoch 0:  85%|████████▌ | 1763/2063 [05:22<00:54,  5.47it/s, v_num=5-00]Epoch 0:  85%|████████▌ | 1763/2063 [05:22<00:54,  5.47it/s, v_num=5-00]Epoch 0:  86%|████████▌ | 1764/2063 [05:22<00:54,  5.48it/s, v_num=5-00]Epoch 0:  86%|████████▌ | 1764/2063 [05:22<00:54,  5.48it/s, v_num=5-00]Epoch 0:  86%|████████▌ | 1765/2063 [05:22<00:54,  5.48it/s, v_num=5-00]Epoch 0:  86%|████████▌ | 1765/2063 [05:22<00:54,  5.48it/s, v_num=5-00]Epoch 0:  86%|████████▌ | 1766/2063 [05:22<00:54,  5.48it/s, v_num=5-00]Epoch 0:  86%|████████▌ | 1766/2063 [05:22<00:54,  5.48it/s, v_num=5-00]Epoch 0:  86%|████████▌ | 1767/2063 [05:22<00:53,  5.48it/s, v_num=5-00]Epoch 0:  86%|████████▌ | 1767/2063 [05:22<00:53,  5.48it/s, v_num=5-00]Epoch 0:  86%|████████▌ | 1768/2063 [05:22<00:53,  5.49it/s, v_num=5-00]Epoch 0:  86%|████████▌ | 1768/2063 [05:22<00:53,  5.49it/s, v_num=5-00]Epoch 0:  86%|████████▌ | 1769/2063 [05:22<00:53,  5.49it/s, v_num=5-00]Epoch 0:  86%|████████▌ | 1769/2063 [05:22<00:53,  5.49it/s, v_num=5-00]Epoch 0:  86%|████████▌ | 1770/2063 [05:22<00:53,  5.49it/s, v_num=5-00]Epoch 0:  86%|████████▌ | 1770/2063 [05:22<00:53,  5.49it/s, v_num=5-00]Epoch 0:  86%|████████▌ | 1771/2063 [05:22<00:53,  5.49it/s, v_num=5-00]Epoch 0:  86%|████████▌ | 1771/2063 [05:22<00:53,  5.49it/s, v_num=5-00]Epoch 0:  86%|████████▌ | 1772/2063 [05:22<00:52,  5.50it/s, v_num=5-00]Epoch 0:  86%|████████▌ | 1772/2063 [05:22<00:52,  5.50it/s, v_num=5-00]Epoch 0:  86%|████████▌ | 1773/2063 [05:22<00:52,  5.50it/s, v_num=5-00]Epoch 0:  86%|████████▌ | 1773/2063 [05:22<00:52,  5.50it/s, v_num=5-00]Epoch 0:  86%|████████▌ | 1774/2063 [05:22<00:52,  5.50it/s, v_num=5-00]Epoch 0:  86%|████████▌ | 1774/2063 [05:22<00:52,  5.50it/s, v_num=5-00]Epoch 0:  86%|████████▌ | 1775/2063 [05:22<00:52,  5.51it/s, v_num=5-00]Epoch 0:  86%|████████▌ | 1775/2063 [05:22<00:52,  5.51it/s, v_num=5-00]Epoch 0:  86%|████████▌ | 1776/2063 [05:22<00:52,  5.51it/s, v_num=5-00]Epoch 0:  86%|████████▌ | 1776/2063 [05:22<00:52,  5.51it/s, v_num=5-00]Epoch 0:  86%|████████▌ | 1777/2063 [05:22<00:51,  5.51it/s, v_num=5-00]Epoch 0:  86%|████████▌ | 1777/2063 [05:22<00:51,  5.51it/s, v_num=5-00]Epoch 0:  86%|████████▌ | 1778/2063 [05:22<00:51,  5.52it/s, v_num=5-00]Epoch 0:  86%|████████▌ | 1778/2063 [05:22<00:51,  5.52it/s, v_num=5-00]Epoch 0:  86%|████████▌ | 1779/2063 [05:22<00:51,  5.52it/s, v_num=5-00]Epoch 0:  86%|████████▌ | 1779/2063 [05:22<00:51,  5.52it/s, v_num=5-00]Epoch 0:  86%|████████▋ | 1780/2063 [05:22<00:51,  5.52it/s, v_num=5-00]Epoch 0:  86%|████████▋ | 1780/2063 [05:22<00:51,  5.52it/s, v_num=5-00]Epoch 0:  86%|████████▋ | 1781/2063 [05:22<00:51,  5.52it/s, v_num=5-00]Epoch 0:  86%|████████▋ | 1781/2063 [05:22<00:51,  5.52it/s, v_num=5-00]Epoch 0:  86%|████████▋ | 1782/2063 [05:22<00:50,  5.53it/s, v_num=5-00]Epoch 0:  86%|████████▋ | 1782/2063 [05:22<00:50,  5.53it/s, v_num=5-00]Epoch 0:  86%|████████▋ | 1783/2063 [05:22<00:50,  5.53it/s, v_num=5-00]Epoch 0:  86%|████████▋ | 1783/2063 [05:22<00:50,  5.53it/s, v_num=5-00]Epoch 0:  86%|████████▋ | 1784/2063 [05:22<00:50,  5.53it/s, v_num=5-00]Epoch 0:  86%|████████▋ | 1784/2063 [05:22<00:50,  5.53it/s, v_num=5-00]Epoch 0:  87%|████████▋ | 1785/2063 [05:22<00:50,  5.53it/s, v_num=5-00]Epoch 0:  87%|████████▋ | 1785/2063 [05:22<00:50,  5.53it/s, v_num=5-00]Epoch 0:  87%|████████▋ | 1786/2063 [05:22<00:50,  5.54it/s, v_num=5-00]Epoch 0:  87%|████████▋ | 1786/2063 [05:22<00:50,  5.54it/s, v_num=5-00]Epoch 0:  87%|████████▋ | 1787/2063 [05:22<00:49,  5.54it/s, v_num=5-00]Epoch 0:  87%|████████▋ | 1787/2063 [05:22<00:49,  5.54it/s, v_num=5-00]Epoch 0:  87%|████████▋ | 1788/2063 [05:22<00:49,  5.54it/s, v_num=5-00]Epoch 0:  87%|████████▋ | 1788/2063 [05:22<00:49,  5.54it/s, v_num=5-00]Epoch 0:  87%|████████▋ | 1789/2063 [05:22<00:49,  5.55it/s, v_num=5-00]Epoch 0:  87%|████████▋ | 1789/2063 [05:22<00:49,  5.55it/s, v_num=5-00]Epoch 0:  87%|████████▋ | 1790/2063 [05:22<00:49,  5.55it/s, v_num=5-00]Epoch 0:  87%|████████▋ | 1790/2063 [05:22<00:49,  5.55it/s, v_num=5-00]Epoch 0:  87%|████████▋ | 1791/2063 [05:22<00:49,  5.55it/s, v_num=5-00]Epoch 0:  87%|████████▋ | 1791/2063 [05:22<00:49,  5.55it/s, v_num=5-00]Epoch 0:  87%|████████▋ | 1792/2063 [05:22<00:48,  5.55it/s, v_num=5-00]Epoch 0:  87%|████████▋ | 1792/2063 [05:22<00:48,  5.55it/s, v_num=5-00]Epoch 0:  87%|████████▋ | 1793/2063 [05:22<00:48,  5.56it/s, v_num=5-00]Epoch 0:  87%|████████▋ | 1793/2063 [05:22<00:48,  5.56it/s, v_num=5-00]Epoch 0:  87%|████████▋ | 1794/2063 [05:22<00:48,  5.56it/s, v_num=5-00]Epoch 0:  87%|████████▋ | 1794/2063 [05:22<00:48,  5.56it/s, v_num=5-00]Epoch 0:  87%|████████▋ | 1795/2063 [05:22<00:48,  5.56it/s, v_num=5-00]Epoch 0:  87%|████████▋ | 1795/2063 [05:22<00:48,  5.56it/s, v_num=5-00]Epoch 0:  87%|████████▋ | 1796/2063 [05:22<00:47,  5.57it/s, v_num=5-00]Epoch 0:  87%|████████▋ | 1796/2063 [05:22<00:47,  5.57it/s, v_num=5-00]Epoch 0:  87%|████████▋ | 1797/2063 [05:22<00:47,  5.57it/s, v_num=5-00]Epoch 0:  87%|████████▋ | 1797/2063 [05:22<00:47,  5.57it/s, v_num=5-00]Epoch 0:  87%|████████▋ | 1798/2063 [05:22<00:47,  5.57it/s, v_num=5-00]Epoch 0:  87%|████████▋ | 1798/2063 [05:22<00:47,  5.57it/s, v_num=5-00]Epoch 0:  87%|████████▋ | 1799/2063 [05:22<00:47,  5.57it/s, v_num=5-00]Epoch 0:  87%|████████▋ | 1799/2063 [05:22<00:47,  5.57it/s, v_num=5-00]Epoch 0:  87%|████████▋ | 1800/2063 [05:22<00:47,  5.58it/s, v_num=5-00]Epoch 0:  87%|████████▋ | 1800/2063 [05:22<00:47,  5.58it/s, v_num=5-00]Epoch 0:  87%|████████▋ | 1801/2063 [05:22<00:46,  5.58it/s, v_num=5-00]Epoch 0:  87%|████████▋ | 1801/2063 [05:22<00:46,  5.58it/s, v_num=5-00]Epoch 0:  87%|████████▋ | 1802/2063 [05:22<00:46,  5.58it/s, v_num=5-00]Epoch 0:  87%|████████▋ | 1802/2063 [05:22<00:46,  5.58it/s, v_num=5-00]Epoch 0:  87%|████████▋ | 1803/2063 [05:22<00:46,  5.58it/s, v_num=5-00]Epoch 0:  87%|████████▋ | 1803/2063 [05:22<00:46,  5.58it/s, v_num=5-00]Epoch 0:  87%|████████▋ | 1804/2063 [05:22<00:46,  5.59it/s, v_num=5-00]Epoch 0:  87%|████████▋ | 1804/2063 [05:22<00:46,  5.59it/s, v_num=5-00]Epoch 0:  87%|████████▋ | 1805/2063 [05:22<00:46,  5.59it/s, v_num=5-00]Epoch 0:  87%|████████▋ | 1805/2063 [05:22<00:46,  5.59it/s, v_num=5-00]Epoch 0:  88%|████████▊ | 1806/2063 [05:22<00:45,  5.59it/s, v_num=5-00]Epoch 0:  88%|████████▊ | 1806/2063 [05:22<00:45,  5.59it/s, v_num=5-00]Epoch 0:  88%|████████▊ | 1807/2063 [05:22<00:45,  5.60it/s, v_num=5-00]Epoch 0:  88%|████████▊ | 1807/2063 [05:22<00:45,  5.60it/s, v_num=5-00]Epoch 0:  88%|████████▊ | 1808/2063 [05:22<00:45,  5.60it/s, v_num=5-00]Epoch 0:  88%|████████▊ | 1808/2063 [05:22<00:45,  5.60it/s, v_num=5-00]Epoch 0:  88%|████████▊ | 1809/2063 [05:22<00:45,  5.60it/s, v_num=5-00]Epoch 0:  88%|████████▊ | 1809/2063 [05:22<00:45,  5.60it/s, v_num=5-00]Epoch 0:  88%|████████▊ | 1810/2063 [05:22<00:45,  5.61it/s, v_num=5-00]Epoch 0:  88%|████████▊ | 1810/2063 [05:22<00:45,  5.61it/s, v_num=5-00]Epoch 0:  88%|████████▊ | 1811/2063 [05:28<00:45,  5.51it/s, v_num=5-00]Epoch 0:  88%|████████▊ | 1811/2063 [05:28<00:45,  5.51it/s, v_num=5-00]Epoch 0:  88%|████████▊ | 1812/2063 [05:28<00:45,  5.51it/s, v_num=5-00]Epoch 0:  88%|████████▊ | 1812/2063 [05:28<00:45,  5.51it/s, v_num=5-00]Epoch 0:  88%|████████▊ | 1813/2063 [05:28<00:45,  5.51it/s, v_num=5-00]Epoch 0:  88%|████████▊ | 1813/2063 [05:28<00:45,  5.51it/s, v_num=5-00]Epoch 0:  88%|████████▊ | 1814/2063 [05:28<00:45,  5.52it/s, v_num=5-00]Epoch 0:  88%|████████▊ | 1814/2063 [05:28<00:45,  5.52it/s, v_num=5-00]Epoch 0:  88%|████████▊ | 1815/2063 [05:28<00:44,  5.52it/s, v_num=5-00]Epoch 0:  88%|████████▊ | 1815/2063 [05:28<00:44,  5.52it/s, v_num=5-00]Epoch 0:  88%|████████▊ | 1816/2063 [05:28<00:44,  5.52it/s, v_num=5-00]Epoch 0:  88%|████████▊ | 1816/2063 [05:28<00:44,  5.52it/s, v_num=5-00]Epoch 0:  88%|████████▊ | 1817/2063 [05:28<00:44,  5.53it/s, v_num=5-00]Epoch 0:  88%|████████▊ | 1817/2063 [05:28<00:44,  5.53it/s, v_num=5-00]Epoch 0:  88%|████████▊ | 1818/2063 [05:28<00:44,  5.53it/s, v_num=5-00]Epoch 0:  88%|████████▊ | 1818/2063 [05:28<00:44,  5.53it/s, v_num=5-00]Epoch 0:  88%|████████▊ | 1819/2063 [05:28<00:44,  5.53it/s, v_num=5-00]Epoch 0:  88%|████████▊ | 1819/2063 [05:28<00:44,  5.53it/s, v_num=5-00]Epoch 0:  88%|████████▊ | 1820/2063 [05:28<00:43,  5.53it/s, v_num=5-00]Epoch 0:  88%|████████▊ | 1820/2063 [05:28<00:43,  5.53it/s, v_num=5-00]Epoch 0:  88%|████████▊ | 1821/2063 [05:30<00:43,  5.50it/s, v_num=5-00]Epoch 0:  88%|████████▊ | 1821/2063 [05:30<00:43,  5.50it/s, v_num=5-00]Epoch 0:  88%|████████▊ | 1822/2063 [05:30<00:43,  5.51it/s, v_num=5-00]Epoch 0:  88%|████████▊ | 1822/2063 [05:30<00:43,  5.51it/s, v_num=5-00]Epoch 0:  88%|████████▊ | 1823/2063 [05:30<00:43,  5.51it/s, v_num=5-00]Epoch 0:  88%|████████▊ | 1823/2063 [05:30<00:43,  5.51it/s, v_num=5-00]Epoch 0:  88%|████████▊ | 1824/2063 [05:30<00:43,  5.51it/s, v_num=5-00]Epoch 0:  88%|████████▊ | 1824/2063 [05:30<00:43,  5.51it/s, v_num=5-00]Epoch 0:  88%|████████▊ | 1825/2063 [05:30<00:43,  5.52it/s, v_num=5-00]Epoch 0:  88%|████████▊ | 1825/2063 [05:30<00:43,  5.52it/s, v_num=5-00]Epoch 0:  89%|████████▊ | 1826/2063 [05:30<00:42,  5.52it/s, v_num=5-00]Epoch 0:  89%|████████▊ | 1826/2063 [05:30<00:42,  5.52it/s, v_num=5-00]Epoch 0:  89%|████████▊ | 1827/2063 [05:30<00:42,  5.52it/s, v_num=5-00]Epoch 0:  89%|████████▊ | 1827/2063 [05:30<00:42,  5.52it/s, v_num=5-00]Epoch 0:  89%|████████▊ | 1828/2063 [05:30<00:42,  5.52it/s, v_num=5-00]Epoch 0:  89%|████████▊ | 1828/2063 [05:30<00:42,  5.52it/s, v_num=5-00]Epoch 0:  89%|████████▊ | 1829/2063 [05:30<00:42,  5.53it/s, v_num=5-00]Epoch 0:  89%|████████▊ | 1829/2063 [05:30<00:42,  5.53it/s, v_num=5-00]Epoch 0:  89%|████████▊ | 1830/2063 [05:30<00:42,  5.53it/s, v_num=5-00]Epoch 0:  89%|████████▊ | 1830/2063 [05:30<00:42,  5.53it/s, v_num=5-00]Epoch 0:  89%|████████▉ | 1831/2063 [05:32<00:42,  5.51it/s, v_num=5-00]Epoch 0:  89%|████████▉ | 1831/2063 [05:32<00:42,  5.51it/s, v_num=5-00]Epoch 0:  89%|████████▉ | 1832/2063 [05:32<00:41,  5.51it/s, v_num=5-00]Epoch 0:  89%|████████▉ | 1832/2063 [05:32<00:41,  5.51it/s, v_num=5-00]Epoch 0:  89%|████████▉ | 1833/2063 [05:32<00:41,  5.52it/s, v_num=5-00]Epoch 0:  89%|████████▉ | 1833/2063 [05:32<00:41,  5.52it/s, v_num=5-00]Epoch 0:  89%|████████▉ | 1834/2063 [05:32<00:41,  5.52it/s, v_num=5-00]Epoch 0:  89%|████████▉ | 1834/2063 [05:32<00:41,  5.52it/s, v_num=5-00]Epoch 0:  89%|████████▉ | 1835/2063 [05:32<00:41,  5.52it/s, v_num=5-00]Epoch 0:  89%|████████▉ | 1835/2063 [05:32<00:41,  5.52it/s, v_num=5-00]Epoch 0:  89%|████████▉ | 1836/2063 [05:32<00:41,  5.53it/s, v_num=5-00]Epoch 0:  89%|████████▉ | 1836/2063 [05:32<00:41,  5.53it/s, v_num=5-00]Epoch 0:  89%|████████▉ | 1837/2063 [05:32<00:40,  5.53it/s, v_num=5-00]Epoch 0:  89%|████████▉ | 1837/2063 [05:32<00:40,  5.53it/s, v_num=5-00]Epoch 0:  89%|████████▉ | 1838/2063 [05:32<00:40,  5.53it/s, v_num=5-00]Epoch 0:  89%|████████▉ | 1838/2063 [05:32<00:40,  5.53it/s, v_num=5-00]Epoch 0:  89%|████████▉ | 1839/2063 [05:32<00:40,  5.53it/s, v_num=5-00]Epoch 0:  89%|████████▉ | 1839/2063 [05:32<00:40,  5.53it/s, v_num=5-00]Epoch 0:  89%|████████▉ | 1840/2063 [05:32<00:40,  5.54it/s, v_num=5-00]Epoch 0:  89%|████████▉ | 1840/2063 [05:32<00:40,  5.54it/s, v_num=5-00]Epoch 0:  89%|████████▉ | 1841/2063 [05:32<00:40,  5.54it/s, v_num=5-00]Epoch 0:  89%|████████▉ | 1841/2063 [05:32<00:40,  5.54it/s, v_num=5-00]Epoch 0:  89%|████████▉ | 1842/2063 [05:32<00:39,  5.54it/s, v_num=5-00]Epoch 0:  89%|████████▉ | 1842/2063 [05:32<00:39,  5.54it/s, v_num=5-00]Epoch 0:  89%|████████▉ | 1843/2063 [05:32<00:39,  5.54it/s, v_num=5-00]Epoch 0:  89%|████████▉ | 1843/2063 [05:32<00:39,  5.54it/s, v_num=5-00]Epoch 0:  89%|████████▉ | 1844/2063 [05:32<00:39,  5.55it/s, v_num=5-00]Epoch 0:  89%|████████▉ | 1844/2063 [05:32<00:39,  5.55it/s, v_num=5-00]Epoch 0:  89%|████████▉ | 1845/2063 [05:32<00:39,  5.55it/s, v_num=5-00]Epoch 0:  89%|████████▉ | 1845/2063 [05:32<00:39,  5.55it/s, v_num=5-00]Epoch 0:  89%|████████▉ | 1846/2063 [05:32<00:39,  5.55it/s, v_num=5-00]Epoch 0:  89%|████████▉ | 1846/2063 [05:32<00:39,  5.55it/s, v_num=5-00]Epoch 0:  90%|████████▉ | 1847/2063 [05:32<00:38,  5.55it/s, v_num=5-00]Epoch 0:  90%|████████▉ | 1847/2063 [05:32<00:38,  5.55it/s, v_num=5-00]Epoch 0:  90%|████████▉ | 1848/2063 [05:32<00:38,  5.56it/s, v_num=5-00]Epoch 0:  90%|████████▉ | 1848/2063 [05:32<00:38,  5.56it/s, v_num=5-00]Epoch 0:  90%|████████▉ | 1849/2063 [05:32<00:38,  5.56it/s, v_num=5-00]Epoch 0:  90%|████████▉ | 1849/2063 [05:32<00:38,  5.56it/s, v_num=5-00]Epoch 0:  90%|████████▉ | 1850/2063 [05:32<00:38,  5.56it/s, v_num=5-00]Epoch 0:  90%|████████▉ | 1850/2063 [05:32<00:38,  5.56it/s, v_num=5-00]Epoch 0:  90%|████████▉ | 1851/2063 [05:32<00:38,  5.56it/s, v_num=5-00]Epoch 0:  90%|████████▉ | 1851/2063 [05:32<00:38,  5.56it/s, v_num=5-00]Epoch 0:  90%|████████▉ | 1852/2063 [05:32<00:37,  5.57it/s, v_num=5-00]Epoch 0:  90%|████████▉ | 1852/2063 [05:32<00:37,  5.57it/s, v_num=5-00]Epoch 0:  90%|████████▉ | 1853/2063 [05:32<00:37,  5.57it/s, v_num=5-00]Epoch 0:  90%|████████▉ | 1853/2063 [05:32<00:37,  5.57it/s, v_num=5-00]Epoch 0:  90%|████████▉ | 1854/2063 [05:32<00:37,  5.57it/s, v_num=5-00]Epoch 0:  90%|████████▉ | 1854/2063 [05:32<00:37,  5.57it/s, v_num=5-00]Epoch 0:  90%|████████▉ | 1855/2063 [05:32<00:37,  5.58it/s, v_num=5-00]Epoch 0:  90%|████████▉ | 1855/2063 [05:32<00:37,  5.58it/s, v_num=5-00]Epoch 0:  90%|████████▉ | 1856/2063 [05:32<00:37,  5.58it/s, v_num=5-00]Epoch 0:  90%|████████▉ | 1856/2063 [05:32<00:37,  5.58it/s, v_num=5-00]Epoch 0:  90%|█████████ | 1857/2063 [05:32<00:36,  5.58it/s, v_num=5-00]Epoch 0:  90%|█████████ | 1857/2063 [05:32<00:36,  5.58it/s, v_num=5-00]Epoch 0:  90%|█████████ | 1858/2063 [05:32<00:36,  5.58it/s, v_num=5-00]Epoch 0:  90%|█████████ | 1858/2063 [05:32<00:36,  5.58it/s, v_num=5-00]Epoch 0:  90%|█████████ | 1859/2063 [05:32<00:36,  5.59it/s, v_num=5-00]Epoch 0:  90%|█████████ | 1859/2063 [05:32<00:36,  5.59it/s, v_num=5-00]Epoch 0:  90%|█████████ | 1860/2063 [05:32<00:36,  5.59it/s, v_num=5-00]Epoch 0:  90%|█████████ | 1860/2063 [05:32<00:36,  5.59it/s, v_num=5-00]Epoch 0:  90%|█████████ | 1861/2063 [05:34<00:36,  5.57it/s, v_num=5-00]Epoch 0:  90%|█████████ | 1861/2063 [05:34<00:36,  5.57it/s, v_num=5-00]Epoch 0:  90%|█████████ | 1862/2063 [05:34<00:36,  5.57it/s, v_num=5-00]Epoch 0:  90%|█████████ | 1862/2063 [05:34<00:36,  5.57it/s, v_num=5-00]Epoch 0:  90%|█████████ | 1863/2063 [05:34<00:35,  5.57it/s, v_num=5-00]Epoch 0:  90%|█████████ | 1863/2063 [05:34<00:35,  5.57it/s, v_num=5-00]Epoch 0:  90%|█████████ | 1864/2063 [05:34<00:35,  5.58it/s, v_num=5-00]Epoch 0:  90%|█████████ | 1864/2063 [05:34<00:35,  5.58it/s, v_num=5-00]Epoch 0:  90%|█████████ | 1865/2063 [05:34<00:35,  5.58it/s, v_num=5-00]Epoch 0:  90%|█████████ | 1865/2063 [05:34<00:35,  5.58it/s, v_num=5-00]Epoch 0:  90%|█████████ | 1866/2063 [05:34<00:35,  5.58it/s, v_num=5-00]Epoch 0:  90%|█████████ | 1866/2063 [05:34<00:35,  5.58it/s, v_num=5-00]Epoch 0:  90%|█████████ | 1867/2063 [05:34<00:35,  5.59it/s, v_num=5-00]Epoch 0:  90%|█████████ | 1867/2063 [05:34<00:35,  5.59it/s, v_num=5-00]Epoch 0:  91%|█████████ | 1868/2063 [05:34<00:34,  5.59it/s, v_num=5-00]Epoch 0:  91%|█████████ | 1868/2063 [05:34<00:34,  5.59it/s, v_num=5-00]Epoch 0:  91%|█████████ | 1869/2063 [05:34<00:34,  5.59it/s, v_num=5-00]Epoch 0:  91%|█████████ | 1869/2063 [05:34<00:34,  5.59it/s, v_num=5-00]Epoch 0:  91%|█████████ | 1870/2063 [05:34<00:34,  5.59it/s, v_num=5-00]Epoch 0:  91%|█████████ | 1870/2063 [05:34<00:34,  5.59it/s, v_num=5-00]Epoch 0:  91%|█████████ | 1871/2063 [05:34<00:34,  5.60it/s, v_num=5-00]Epoch 0:  91%|█████████ | 1871/2063 [05:34<00:34,  5.60it/s, v_num=5-00]Epoch 0:  91%|█████████ | 1872/2063 [05:34<00:34,  5.60it/s, v_num=5-00]Epoch 0:  91%|█████████ | 1872/2063 [05:34<00:34,  5.60it/s, v_num=5-00]Epoch 0:  91%|█████████ | 1873/2063 [05:34<00:33,  5.60it/s, v_num=5-00]Epoch 0:  91%|█████████ | 1873/2063 [05:34<00:33,  5.60it/s, v_num=5-00]Epoch 0:  91%|█████████ | 1874/2063 [05:34<00:33,  5.60it/s, v_num=5-00]Epoch 0:  91%|█████████ | 1874/2063 [05:34<00:33,  5.60it/s, v_num=5-00]Epoch 0:  91%|█████████ | 1875/2063 [05:34<00:33,  5.61it/s, v_num=5-00]Epoch 0:  91%|█████████ | 1875/2063 [05:34<00:33,  5.61it/s, v_num=5-00]Epoch 0:  91%|█████████ | 1876/2063 [05:34<00:33,  5.61it/s, v_num=5-00]Epoch 0:  91%|█████████ | 1876/2063 [05:34<00:33,  5.61it/s, v_num=5-00]Epoch 0:  91%|█████████ | 1877/2063 [05:34<00:33,  5.61it/s, v_num=5-00]Epoch 0:  91%|█████████ | 1877/2063 [05:34<00:33,  5.61it/s, v_num=5-00]Epoch 0:  91%|█████████ | 1878/2063 [05:34<00:32,  5.62it/s, v_num=5-00]Epoch 0:  91%|█████████ | 1878/2063 [05:34<00:32,  5.62it/s, v_num=5-00]Epoch 0:  91%|█████████ | 1879/2063 [05:34<00:32,  5.62it/s, v_num=5-00]Epoch 0:  91%|█████████ | 1879/2063 [05:34<00:32,  5.62it/s, v_num=5-00]Epoch 0:  91%|█████████ | 1880/2063 [05:34<00:32,  5.62it/s, v_num=5-00]Epoch 0:  91%|█████████ | 1880/2063 [05:34<00:32,  5.62it/s, v_num=5-00]Epoch 0:  91%|█████████ | 1881/2063 [05:34<00:32,  5.62it/s, v_num=5-00]Epoch 0:  91%|█████████ | 1881/2063 [05:34<00:32,  5.62it/s, v_num=5-00]Epoch 0:  91%|█████████ | 1882/2063 [05:34<00:32,  5.62it/s, v_num=5-00]Epoch 0:  91%|█████████ | 1882/2063 [05:34<00:32,  5.62it/s, v_num=5-00]Epoch 0:  91%|█████████▏| 1883/2063 [05:34<00:31,  5.63it/s, v_num=5-00]Epoch 0:  91%|█████████▏| 1883/2063 [05:34<00:31,  5.63it/s, v_num=5-00]Epoch 0:  91%|█████████▏| 1884/2063 [05:34<00:31,  5.63it/s, v_num=5-00]Epoch 0:  91%|█████████▏| 1884/2063 [05:34<00:31,  5.63it/s, v_num=5-00]Epoch 0:  91%|█████████▏| 1885/2063 [05:34<00:31,  5.63it/s, v_num=5-00]Epoch 0:  91%|█████████▏| 1885/2063 [05:34<00:31,  5.63it/s, v_num=5-00]Epoch 0:  91%|█████████▏| 1886/2063 [05:34<00:31,  5.64it/s, v_num=5-00]Epoch 0:  91%|█████████▏| 1886/2063 [05:34<00:31,  5.64it/s, v_num=5-00]Epoch 0:  91%|█████████▏| 1887/2063 [05:34<00:31,  5.64it/s, v_num=5-00]Epoch 0:  91%|█████████▏| 1887/2063 [05:34<00:31,  5.64it/s, v_num=5-00]Epoch 0:  92%|█████████▏| 1888/2063 [05:34<00:31,  5.64it/s, v_num=5-00]Epoch 0:  92%|█████████▏| 1888/2063 [05:34<00:31,  5.64it/s, v_num=5-00]Epoch 0:  92%|█████████▏| 1889/2063 [05:34<00:30,  5.64it/s, v_num=5-00]Epoch 0:  92%|█████████▏| 1889/2063 [05:34<00:30,  5.64it/s, v_num=5-00]Epoch 0:  92%|█████████▏| 1890/2063 [05:34<00:30,  5.65it/s, v_num=5-00]Epoch 0:  92%|█████████▏| 1890/2063 [05:34<00:30,  5.65it/s, v_num=5-00]Epoch 0:  92%|█████████▏| 1891/2063 [05:36<00:30,  5.61it/s, v_num=5-00]Epoch 0:  92%|█████████▏| 1891/2063 [05:36<00:30,  5.61it/s, v_num=5-00]Epoch 0:  92%|█████████▏| 1892/2063 [05:36<00:30,  5.62it/s, v_num=5-00]Epoch 0:  92%|█████████▏| 1892/2063 [05:36<00:30,  5.62it/s, v_num=5-00]Epoch 0:  92%|█████████▏| 1893/2063 [05:36<00:30,  5.62it/s, v_num=5-00]Epoch 0:  92%|█████████▏| 1893/2063 [05:36<00:30,  5.62it/s, v_num=5-00]Epoch 0:  92%|█████████▏| 1894/2063 [05:36<00:30,  5.62it/s, v_num=5-00]Epoch 0:  92%|█████████▏| 1894/2063 [05:36<00:30,  5.62it/s, v_num=5-00]Epoch 0:  92%|█████████▏| 1895/2063 [05:36<00:29,  5.63it/s, v_num=5-00]Epoch 0:  92%|█████████▏| 1895/2063 [05:36<00:29,  5.63it/s, v_num=5-00]Epoch 0:  92%|█████████▏| 1896/2063 [05:36<00:29,  5.63it/s, v_num=5-00]Epoch 0:  92%|█████████▏| 1896/2063 [05:36<00:29,  5.63it/s, v_num=5-00]Epoch 0:  92%|█████████▏| 1897/2063 [05:36<00:29,  5.63it/s, v_num=5-00]Epoch 0:  92%|█████████▏| 1897/2063 [05:36<00:29,  5.63it/s, v_num=5-00]Epoch 0:  92%|█████████▏| 1898/2063 [05:36<00:29,  5.63it/s, v_num=5-00]Epoch 0:  92%|█████████▏| 1898/2063 [05:36<00:29,  5.63it/s, v_num=5-00]Epoch 0:  92%|█████████▏| 1899/2063 [05:36<00:29,  5.64it/s, v_num=5-00]Epoch 0:  92%|█████████▏| 1899/2063 [05:36<00:29,  5.64it/s, v_num=5-00]Epoch 0:  92%|█████████▏| 1900/2063 [05:36<00:28,  5.64it/s, v_num=5-00]Epoch 0:  92%|█████████▏| 1900/2063 [05:36<00:28,  5.64it/s, v_num=5-00]Epoch 0:  92%|█████████▏| 1901/2063 [05:38<00:28,  5.61it/s, v_num=5-00]Epoch 0:  92%|█████████▏| 1901/2063 [05:38<00:28,  5.61it/s, v_num=5-00]Epoch 0:  92%|█████████▏| 1902/2063 [05:38<00:28,  5.62it/s, v_num=5-00]Epoch 0:  92%|█████████▏| 1902/2063 [05:38<00:28,  5.62it/s, v_num=5-00]Epoch 0:  92%|█████████▏| 1903/2063 [05:38<00:28,  5.62it/s, v_num=5-00]Epoch 0:  92%|█████████▏| 1903/2063 [05:38<00:28,  5.62it/s, v_num=5-00]Epoch 0:  92%|█████████▏| 1904/2063 [05:38<00:28,  5.62it/s, v_num=5-00]Epoch 0:  92%|█████████▏| 1904/2063 [05:38<00:28,  5.62it/s, v_num=5-00]Epoch 0:  92%|█████████▏| 1905/2063 [05:38<00:28,  5.63it/s, v_num=5-00]Epoch 0:  92%|█████████▏| 1905/2063 [05:38<00:28,  5.63it/s, v_num=5-00]Epoch 0:  92%|█████████▏| 1906/2063 [05:38<00:27,  5.63it/s, v_num=5-00]Epoch 0:  92%|█████████▏| 1906/2063 [05:38<00:27,  5.63it/s, v_num=5-00]Epoch 0:  92%|█████████▏| 1907/2063 [05:38<00:27,  5.63it/s, v_num=5-00]Epoch 0:  92%|█████████▏| 1907/2063 [05:38<00:27,  5.63it/s, v_num=5-00]Epoch 0:  92%|█████████▏| 1908/2063 [05:38<00:27,  5.63it/s, v_num=5-00]Epoch 0:  92%|█████████▏| 1908/2063 [05:38<00:27,  5.63it/s, v_num=5-00]Epoch 0:  93%|█████████▎| 1909/2063 [05:38<00:27,  5.64it/s, v_num=5-00]Epoch 0:  93%|█████████▎| 1909/2063 [05:38<00:27,  5.64it/s, v_num=5-00]Epoch 0:  93%|█████████▎| 1910/2063 [05:38<00:27,  5.64it/s, v_num=5-00]Epoch 0:  93%|█████████▎| 1910/2063 [05:38<00:27,  5.64it/s, v_num=5-00]Epoch 0:  93%|█████████▎| 1911/2063 [05:40<00:27,  5.61it/s, v_num=5-00]Epoch 0:  93%|█████████▎| 1911/2063 [05:40<00:27,  5.61it/s, v_num=5-00]Epoch 0:  93%|█████████▎| 1912/2063 [05:40<00:26,  5.61it/s, v_num=5-00]Epoch 0:  93%|█████████▎| 1912/2063 [05:40<00:26,  5.61it/s, v_num=5-00]Epoch 0:  93%|█████████▎| 1913/2063 [05:40<00:26,  5.62it/s, v_num=5-00]Epoch 0:  93%|█████████▎| 1913/2063 [05:40<00:26,  5.62it/s, v_num=5-00]Epoch 0:  93%|█████████▎| 1914/2063 [05:40<00:26,  5.62it/s, v_num=5-00]Epoch 0:  93%|█████████▎| 1914/2063 [05:40<00:26,  5.62it/s, v_num=5-00]Epoch 0:  93%|█████████▎| 1915/2063 [05:40<00:26,  5.62it/s, v_num=5-00]Epoch 0:  93%|█████████▎| 1915/2063 [05:40<00:26,  5.62it/s, v_num=5-00]Epoch 0:  93%|█████████▎| 1916/2063 [05:40<00:26,  5.62it/s, v_num=5-00]Epoch 0:  93%|█████████▎| 1916/2063 [05:40<00:26,  5.62it/s, v_num=5-00]Epoch 0:  93%|█████████▎| 1917/2063 [05:40<00:25,  5.63it/s, v_num=5-00]Epoch 0:  93%|█████████▎| 1917/2063 [05:40<00:25,  5.63it/s, v_num=5-00]Epoch 0:  93%|█████████▎| 1918/2063 [05:40<00:25,  5.63it/s, v_num=5-00]Epoch 0:  93%|█████████▎| 1918/2063 [05:40<00:25,  5.63it/s, v_num=5-00]Epoch 0:  93%|█████████▎| 1919/2063 [05:40<00:25,  5.63it/s, v_num=5-00]Epoch 0:  93%|█████████▎| 1919/2063 [05:40<00:25,  5.63it/s, v_num=5-00]Epoch 0:  93%|█████████▎| 1920/2063 [05:40<00:25,  5.64it/s, v_num=5-00]Epoch 0:  93%|█████████▎| 1920/2063 [05:40<00:25,  5.64it/s, v_num=5-00]Epoch 0:  93%|█████████▎| 1921/2063 [05:41<00:25,  5.62it/s, v_num=5-00]Epoch 0:  93%|█████████▎| 1921/2063 [05:41<00:25,  5.62it/s, v_num=5-00]Epoch 0:  93%|█████████▎| 1922/2063 [05:41<00:25,  5.62it/s, v_num=5-00]Epoch 0:  93%|█████████▎| 1922/2063 [05:41<00:25,  5.62it/s, v_num=5-00]Epoch 0:  93%|█████████▎| 1923/2063 [05:41<00:24,  5.62it/s, v_num=5-00]Epoch 0:  93%|█████████▎| 1923/2063 [05:41<00:24,  5.62it/s, v_num=5-00]Epoch 0:  93%|█████████▎| 1924/2063 [05:41<00:24,  5.63it/s, v_num=5-00]Epoch 0:  93%|█████████▎| 1924/2063 [05:41<00:24,  5.63it/s, v_num=5-00]Epoch 0:  93%|█████████▎| 1925/2063 [05:41<00:24,  5.63it/s, v_num=5-00]Epoch 0:  93%|█████████▎| 1925/2063 [05:41<00:24,  5.63it/s, v_num=5-00]Epoch 0:  93%|█████████▎| 1926/2063 [05:41<00:24,  5.63it/s, v_num=5-00]Epoch 0:  93%|█████████▎| 1926/2063 [05:41<00:24,  5.63it/s, v_num=5-00]Epoch 0:  93%|█████████▎| 1927/2063 [05:41<00:24,  5.63it/s, v_num=5-00]Epoch 0:  93%|█████████▎| 1927/2063 [05:41<00:24,  5.63it/s, v_num=5-00]Epoch 0:  93%|█████████▎| 1928/2063 [05:42<00:23,  5.64it/s, v_num=5-00]Epoch 0:  93%|█████████▎| 1928/2063 [05:42<00:23,  5.64it/s, v_num=5-00]Epoch 0:  94%|█████████▎| 1929/2063 [05:42<00:23,  5.64it/s, v_num=5-00]Epoch 0:  94%|█████████▎| 1929/2063 [05:42<00:23,  5.64it/s, v_num=5-00]Epoch 0:  94%|█████████▎| 1930/2063 [05:42<00:23,  5.64it/s, v_num=5-00]Epoch 0:  94%|█████████▎| 1930/2063 [05:42<00:23,  5.64it/s, v_num=5-00]Epoch 0:  94%|█████████▎| 1931/2063 [05:42<00:23,  5.64it/s, v_num=5-00]Epoch 0:  94%|█████████▎| 1931/2063 [05:42<00:23,  5.64it/s, v_num=5-00]Epoch 0:  94%|█████████▎| 1932/2063 [05:42<00:23,  5.65it/s, v_num=5-00]Epoch 0:  94%|█████████▎| 1932/2063 [05:42<00:23,  5.65it/s, v_num=5-00]Epoch 0:  94%|█████████▎| 1933/2063 [05:42<00:23,  5.65it/s, v_num=5-00]Epoch 0:  94%|█████████▎| 1933/2063 [05:42<00:23,  5.65it/s, v_num=5-00]Epoch 0:  94%|█████████▎| 1934/2063 [05:42<00:22,  5.65it/s, v_num=5-00]Epoch 0:  94%|█████████▎| 1934/2063 [05:42<00:22,  5.65it/s, v_num=5-00]Epoch 0:  94%|█████████▍| 1935/2063 [05:42<00:22,  5.66it/s, v_num=5-00]Epoch 0:  94%|█████████▍| 1935/2063 [05:42<00:22,  5.66it/s, v_num=5-00]Epoch 0:  94%|█████████▍| 1936/2063 [05:42<00:22,  5.66it/s, v_num=5-00]Epoch 0:  94%|█████████▍| 1936/2063 [05:42<00:22,  5.66it/s, v_num=5-00]Epoch 0:  94%|█████████▍| 1937/2063 [05:42<00:22,  5.66it/s, v_num=5-00]Epoch 0:  94%|█████████▍| 1937/2063 [05:42<00:22,  5.66it/s, v_num=5-00]Epoch 0:  94%|█████████▍| 1938/2063 [05:42<00:22,  5.66it/s, v_num=5-00]Epoch 0:  94%|█████████▍| 1938/2063 [05:42<00:22,  5.66it/s, v_num=5-00]Epoch 0:  94%|█████████▍| 1939/2063 [05:42<00:21,  5.67it/s, v_num=5-00]Epoch 0:  94%|█████████▍| 1939/2063 [05:42<00:21,  5.67it/s, v_num=5-00]Epoch 0:  94%|█████████▍| 1940/2063 [05:42<00:21,  5.67it/s, v_num=5-00]Epoch 0:  94%|█████████▍| 1940/2063 [05:42<00:21,  5.67it/s, v_num=5-00]Epoch 0:  94%|█████████▍| 1941/2063 [05:42<00:21,  5.67it/s, v_num=5-00]Epoch 0:  94%|█████████▍| 1941/2063 [05:42<00:21,  5.67it/s, v_num=5-00]Epoch 0:  94%|█████████▍| 1942/2063 [05:42<00:21,  5.67it/s, v_num=5-00]Epoch 0:  94%|█████████▍| 1942/2063 [05:42<00:21,  5.67it/s, v_num=5-00]Epoch 0:  94%|█████████▍| 1943/2063 [05:42<00:21,  5.68it/s, v_num=5-00]Epoch 0:  94%|█████████▍| 1943/2063 [05:42<00:21,  5.68it/s, v_num=5-00]Epoch 0:  94%|█████████▍| 1944/2063 [05:42<00:20,  5.68it/s, v_num=5-00]Epoch 0:  94%|█████████▍| 1944/2063 [05:42<00:20,  5.68it/s, v_num=5-00]Epoch 0:  94%|█████████▍| 1945/2063 [05:42<00:20,  5.68it/s, v_num=5-00]Epoch 0:  94%|█████████▍| 1945/2063 [05:42<00:20,  5.68it/s, v_num=5-00]Epoch 0:  94%|█████████▍| 1946/2063 [05:42<00:20,  5.68it/s, v_num=5-00]Epoch 0:  94%|█████████▍| 1946/2063 [05:42<00:20,  5.68it/s, v_num=5-00]Epoch 0:  94%|█████████▍| 1947/2063 [05:42<00:20,  5.69it/s, v_num=5-00]Epoch 0:  94%|█████████▍| 1947/2063 [05:42<00:20,  5.69it/s, v_num=5-00]Epoch 0:  94%|█████████▍| 1948/2063 [05:42<00:20,  5.69it/s, v_num=5-00]Epoch 0:  94%|█████████▍| 1948/2063 [05:42<00:20,  5.69it/s, v_num=5-00]Epoch 0:  94%|█████████▍| 1949/2063 [05:42<00:20,  5.69it/s, v_num=5-00]Epoch 0:  94%|█████████▍| 1949/2063 [05:42<00:20,  5.69it/s, v_num=5-00]Epoch 0:  95%|█████████▍| 1950/2063 [05:42<00:19,  5.70it/s, v_num=5-00]Epoch 0:  95%|█████████▍| 1950/2063 [05:42<00:19,  5.70it/s, v_num=5-00]Epoch 0:  95%|█████████▍| 1951/2063 [05:42<00:19,  5.70it/s, v_num=5-00]Epoch 0:  95%|█████████▍| 1951/2063 [05:42<00:19,  5.70it/s, v_num=5-00]Epoch 0:  95%|█████████▍| 1952/2063 [05:42<00:19,  5.70it/s, v_num=5-00]Epoch 0:  95%|█████████▍| 1952/2063 [05:42<00:19,  5.70it/s, v_num=5-00]Epoch 0:  95%|█████████▍| 1953/2063 [05:42<00:19,  5.70it/s, v_num=5-00]Epoch 0:  95%|█████████▍| 1953/2063 [05:42<00:19,  5.70it/s, v_num=5-00]Epoch 0:  95%|█████████▍| 1954/2063 [05:42<00:19,  5.70it/s, v_num=5-00]Epoch 0:  95%|█████████▍| 1954/2063 [05:42<00:19,  5.70it/s, v_num=5-00]Epoch 0:  95%|█████████▍| 1955/2063 [05:42<00:18,  5.71it/s, v_num=5-00]Epoch 0:  95%|█████████▍| 1955/2063 [05:42<00:18,  5.71it/s, v_num=5-00]Epoch 0:  95%|█████████▍| 1956/2063 [05:42<00:18,  5.71it/s, v_num=5-00]Epoch 0:  95%|█████████▍| 1956/2063 [05:42<00:18,  5.71it/s, v_num=5-00]Epoch 0:  95%|█████████▍| 1957/2063 [05:42<00:18,  5.71it/s, v_num=5-00]Epoch 0:  95%|█████████▍| 1957/2063 [05:42<00:18,  5.71it/s, v_num=5-00]Epoch 0:  95%|█████████▍| 1958/2063 [05:42<00:18,  5.72it/s, v_num=5-00]Epoch 0:  95%|█████████▍| 1958/2063 [05:42<00:18,  5.72it/s, v_num=5-00]Epoch 0:  95%|█████████▍| 1959/2063 [05:42<00:18,  5.72it/s, v_num=5-00]Epoch 0:  95%|█████████▍| 1959/2063 [05:42<00:18,  5.72it/s, v_num=5-00]Epoch 0:  95%|█████████▌| 1960/2063 [05:42<00:18,  5.72it/s, v_num=5-00]Epoch 0:  95%|█████████▌| 1960/2063 [05:42<00:18,  5.72it/s, v_num=5-00]Epoch 0:  95%|█████████▌| 1961/2063 [05:44<00:17,  5.69it/s, v_num=5-00]Epoch 0:  95%|█████████▌| 1961/2063 [05:44<00:17,  5.69it/s, v_num=5-00]Epoch 0:  95%|█████████▌| 1962/2063 [05:44<00:17,  5.70it/s, v_num=5-00]Epoch 0:  95%|█████████▌| 1962/2063 [05:44<00:17,  5.70it/s, v_num=5-00]Epoch 0:  95%|█████████▌| 1963/2063 [05:44<00:17,  5.70it/s, v_num=5-00]Epoch 0:  95%|█████████▌| 1963/2063 [05:44<00:17,  5.70it/s, v_num=5-00]Epoch 0:  95%|█████████▌| 1964/2063 [05:44<00:17,  5.70it/s, v_num=5-00]Epoch 0:  95%|█████████▌| 1964/2063 [05:44<00:17,  5.70it/s, v_num=5-00]Epoch 0:  95%|█████████▌| 1965/2063 [05:44<00:17,  5.71it/s, v_num=5-00]Epoch 0:  95%|█████████▌| 1965/2063 [05:44<00:17,  5.71it/s, v_num=5-00]Epoch 0:  95%|█████████▌| 1966/2063 [05:44<00:16,  5.71it/s, v_num=5-00]Epoch 0:  95%|█████████▌| 1966/2063 [05:44<00:16,  5.71it/s, v_num=5-00]Epoch 0:  95%|█████████▌| 1967/2063 [05:44<00:16,  5.71it/s, v_num=5-00]Epoch 0:  95%|█████████▌| 1967/2063 [05:44<00:16,  5.71it/s, v_num=5-00]Epoch 0:  95%|█████████▌| 1968/2063 [05:44<00:16,  5.71it/s, v_num=5-00]Epoch 0:  95%|█████████▌| 1968/2063 [05:44<00:16,  5.71it/s, v_num=5-00]Epoch 0:  95%|█████████▌| 1969/2063 [05:44<00:16,  5.72it/s, v_num=5-00]Epoch 0:  95%|█████████▌| 1969/2063 [05:44<00:16,  5.72it/s, v_num=5-00]Epoch 0:  95%|█████████▌| 1970/2063 [05:44<00:16,  5.72it/s, v_num=5-00]Epoch 0:  95%|█████████▌| 1970/2063 [05:44<00:16,  5.72it/s, v_num=5-00]Epoch 0:  96%|█████████▌| 1971/2063 [05:44<00:16,  5.72it/s, v_num=5-00]Epoch 0:  96%|█████████▌| 1971/2063 [05:44<00:16,  5.72it/s, v_num=5-00]Epoch 0:  96%|█████████▌| 1972/2063 [05:44<00:15,  5.72it/s, v_num=5-00]Epoch 0:  96%|█████████▌| 1972/2063 [05:44<00:15,  5.72it/s, v_num=5-00]Epoch 0:  96%|█████████▌| 1973/2063 [05:44<00:15,  5.73it/s, v_num=5-00]Epoch 0:  96%|█████████▌| 1973/2063 [05:44<00:15,  5.73it/s, v_num=5-00]Epoch 0:  96%|█████████▌| 1974/2063 [05:44<00:15,  5.73it/s, v_num=5-00]Epoch 0:  96%|█████████▌| 1974/2063 [05:44<00:15,  5.73it/s, v_num=5-00]Epoch 0:  96%|█████████▌| 1975/2063 [05:44<00:15,  5.73it/s, v_num=5-00]Epoch 0:  96%|█████████▌| 1975/2063 [05:44<00:15,  5.73it/s, v_num=5-00]Epoch 0:  96%|█████████▌| 1976/2063 [05:44<00:15,  5.73it/s, v_num=5-00]Epoch 0:  96%|█████████▌| 1976/2063 [05:44<00:15,  5.73it/s, v_num=5-00]Epoch 0:  96%|█████████▌| 1977/2063 [05:44<00:14,  5.74it/s, v_num=5-00]Epoch 0:  96%|█████████▌| 1977/2063 [05:44<00:14,  5.74it/s, v_num=5-00]Epoch 0:  96%|█████████▌| 1978/2063 [05:44<00:14,  5.74it/s, v_num=5-00]Epoch 0:  96%|█████████▌| 1978/2063 [05:44<00:14,  5.74it/s, v_num=5-00]Epoch 0:  96%|█████████▌| 1979/2063 [05:44<00:14,  5.74it/s, v_num=5-00]Epoch 0:  96%|█████████▌| 1979/2063 [05:44<00:14,  5.74it/s, v_num=5-00]Epoch 0:  96%|█████████▌| 1980/2063 [05:44<00:14,  5.75it/s, v_num=5-00]Epoch 0:  96%|█████████▌| 1980/2063 [05:44<00:14,  5.75it/s, v_num=5-00]Epoch 0:  96%|█████████▌| 1981/2063 [05:46<00:14,  5.72it/s, v_num=5-00]Epoch 0:  96%|█████████▌| 1981/2063 [05:46<00:14,  5.72it/s, v_num=5-00]Epoch 0:  96%|█████████▌| 1982/2063 [05:46<00:14,  5.72it/s, v_num=5-00]Epoch 0:  96%|█████████▌| 1982/2063 [05:46<00:14,  5.72it/s, v_num=5-00]Epoch 0:  96%|█████████▌| 1983/2063 [05:46<00:13,  5.73it/s, v_num=5-00]Epoch 0:  96%|█████████▌| 1983/2063 [05:46<00:13,  5.73it/s, v_num=5-00]Epoch 0:  96%|█████████▌| 1984/2063 [05:46<00:13,  5.73it/s, v_num=5-00]Epoch 0:  96%|█████████▌| 1984/2063 [05:46<00:13,  5.73it/s, v_num=5-00]Epoch 0:  96%|█████████▌| 1985/2063 [05:46<00:13,  5.73it/s, v_num=5-00]Epoch 0:  96%|█████████▌| 1985/2063 [05:46<00:13,  5.73it/s, v_num=5-00]Epoch 0:  96%|█████████▋| 1986/2063 [05:46<00:13,  5.73it/s, v_num=5-00]Epoch 0:  96%|█████████▋| 1986/2063 [05:46<00:13,  5.73it/s, v_num=5-00]Epoch 0:  96%|█████████▋| 1987/2063 [05:46<00:13,  5.74it/s, v_num=5-00]Epoch 0:  96%|█████████▋| 1987/2063 [05:46<00:13,  5.74it/s, v_num=5-00]Epoch 0:  96%|█████████▋| 1988/2063 [05:46<00:13,  5.74it/s, v_num=5-00]Epoch 0:  96%|█████████▋| 1988/2063 [05:46<00:13,  5.74it/s, v_num=5-00]Epoch 0:  96%|█████████▋| 1989/2063 [05:46<00:12,  5.74it/s, v_num=5-00]Epoch 0:  96%|█████████▋| 1989/2063 [05:46<00:12,  5.74it/s, v_num=5-00]Epoch 0:  96%|█████████▋| 1990/2063 [05:46<00:12,  5.75it/s, v_num=5-00]Epoch 0:  96%|█████████▋| 1990/2063 [05:46<00:12,  5.75it/s, v_num=5-00]Epoch 0:  97%|█████████▋| 1991/2063 [05:46<00:12,  5.75it/s, v_num=5-00]Epoch 0:  97%|█████████▋| 1991/2063 [05:46<00:12,  5.75it/s, v_num=5-00]Epoch 0:  97%|█████████▋| 1992/2063 [05:46<00:12,  5.75it/s, v_num=5-00]Epoch 0:  97%|█████████▋| 1992/2063 [05:46<00:12,  5.75it/s, v_num=5-00]Epoch 0:  97%|█████████▋| 1993/2063 [05:46<00:12,  5.75it/s, v_num=5-00]Epoch 0:  97%|█████████▋| 1993/2063 [05:46<00:12,  5.75it/s, v_num=5-00]Epoch 0:  97%|█████████▋| 1994/2063 [05:46<00:11,  5.75it/s, v_num=5-00]Epoch 0:  97%|█████████▋| 1994/2063 [05:46<00:11,  5.75it/s, v_num=5-00]Epoch 0:  97%|█████████▋| 1995/2063 [05:46<00:11,  5.76it/s, v_num=5-00]Epoch 0:  97%|█████████▋| 1995/2063 [05:46<00:11,  5.76it/s, v_num=5-00]Epoch 0:  97%|█████████▋| 1996/2063 [05:46<00:11,  5.76it/s, v_num=5-00]Epoch 0:  97%|█████████▋| 1996/2063 [05:46<00:11,  5.76it/s, v_num=5-00]Epoch 0:  97%|█████████▋| 1997/2063 [05:46<00:11,  5.76it/s, v_num=5-00]Epoch 0:  97%|█████████▋| 1997/2063 [05:46<00:11,  5.76it/s, v_num=5-00]Epoch 0:  97%|█████████▋| 1998/2063 [05:46<00:11,  5.77it/s, v_num=5-00]Epoch 0:  97%|█████████▋| 1998/2063 [05:46<00:11,  5.77it/s, v_num=5-00]Epoch 0:  97%|█████████▋| 1999/2063 [05:46<00:11,  5.77it/s, v_num=5-00]Epoch 0:  97%|█████████▋| 1999/2063 [05:46<00:11,  5.77it/s, v_num=5-00]Epoch 0:  97%|█████████▋| 2000/2063 [05:46<00:10,  5.77it/s, v_num=5-00]Epoch 0:  97%|█████████▋| 2000/2063 [05:46<00:10,  5.77it/s, v_num=5-00]Epoch 0:  97%|█████████▋| 2001/2063 [05:55<00:11,  5.62it/s, v_num=5-00]Epoch 0:  97%|█████████▋| 2001/2063 [05:55<00:11,  5.62it/s, v_num=5-00]Epoch 0:  97%|█████████▋| 2002/2063 [05:55<00:10,  5.62it/s, v_num=5-00]Epoch 0:  97%|█████████▋| 2002/2063 [05:55<00:10,  5.62it/s, v_num=5-00]Epoch 0:  97%|█████████▋| 2003/2063 [05:55<00:10,  5.63it/s, v_num=5-00]Epoch 0:  97%|█████████▋| 2003/2063 [05:55<00:10,  5.63it/s, v_num=5-00]Epoch 0:  97%|█████████▋| 2004/2063 [05:56<00:10,  5.63it/s, v_num=5-00]Epoch 0:  97%|█████████▋| 2004/2063 [05:56<00:10,  5.63it/s, v_num=5-00]Epoch 0:  97%|█████████▋| 2005/2063 [05:56<00:10,  5.63it/s, v_num=5-00]Epoch 0:  97%|█████████▋| 2005/2063 [05:56<00:10,  5.63it/s, v_num=5-00]Epoch 0:  97%|█████████▋| 2006/2063 [05:56<00:10,  5.63it/s, v_num=5-00]Epoch 0:  97%|█████████▋| 2006/2063 [05:56<00:10,  5.63it/s, v_num=5-00]Epoch 0:  97%|█████████▋| 2007/2063 [05:56<00:09,  5.64it/s, v_num=5-00]Epoch 0:  97%|█████████▋| 2007/2063 [05:56<00:09,  5.64it/s, v_num=5-00]Epoch 0:  97%|█████████▋| 2008/2063 [05:56<00:09,  5.64it/s, v_num=5-00]Epoch 0:  97%|█████████▋| 2008/2063 [05:56<00:09,  5.64it/s, v_num=5-00]Epoch 0:  97%|█████████▋| 2009/2063 [05:56<00:09,  5.64it/s, v_num=5-00]Epoch 0:  97%|█████████▋| 2009/2063 [05:56<00:09,  5.64it/s, v_num=5-00]Epoch 0:  97%|█████████▋| 2010/2063 [05:56<00:09,  5.65it/s, v_num=5-00]Epoch 0:  97%|█████████▋| 2010/2063 [05:56<00:09,  5.65it/s, v_num=5-00]Epoch 0:  97%|█████████▋| 2011/2063 [05:56<00:09,  5.65it/s, v_num=5-00]Epoch 0:  97%|█████████▋| 2011/2063 [05:56<00:09,  5.65it/s, v_num=5-00]Epoch 0:  98%|█████████▊| 2012/2063 [05:56<00:09,  5.65it/s, v_num=5-00]Epoch 0:  98%|█████████▊| 2012/2063 [05:56<00:09,  5.65it/s, v_num=5-00]Epoch 0:  98%|█████████▊| 2013/2063 [05:56<00:08,  5.65it/s, v_num=5-00]Epoch 0:  98%|█████████▊| 2013/2063 [05:56<00:08,  5.65it/s, v_num=5-00]Epoch 0:  98%|█████████▊| 2014/2063 [05:56<00:08,  5.65it/s, v_num=5-00]Epoch 0:  98%|█████████▊| 2014/2063 [05:56<00:08,  5.65it/s, v_num=5-00]Epoch 0:  98%|█████████▊| 2015/2063 [05:56<00:08,  5.66it/s, v_num=5-00]Epoch 0:  98%|█████████▊| 2015/2063 [05:56<00:08,  5.66it/s, v_num=5-00]Epoch 0:  98%|█████████▊| 2016/2063 [05:56<00:08,  5.66it/s, v_num=5-00]Epoch 0:  98%|█████████▊| 2016/2063 [05:56<00:08,  5.66it/s, v_num=5-00]Epoch 0:  98%|█████████▊| 2017/2063 [05:56<00:08,  5.66it/s, v_num=5-00]Epoch 0:  98%|█████████▊| 2017/2063 [05:56<00:08,  5.66it/s, v_num=5-00]Epoch 0:  98%|█████████▊| 2018/2063 [05:56<00:07,  5.67it/s, v_num=5-00]Epoch 0:  98%|█████████▊| 2018/2063 [05:56<00:07,  5.67it/s, v_num=5-00]Epoch 0:  98%|█████████▊| 2019/2063 [05:56<00:07,  5.67it/s, v_num=5-00]Epoch 0:  98%|█████████▊| 2019/2063 [05:56<00:07,  5.67it/s, v_num=5-00]Epoch 0:  98%|█████████▊| 2020/2063 [05:56<00:07,  5.67it/s, v_num=5-00]Epoch 0:  98%|█████████▊| 2020/2063 [05:56<00:07,  5.67it/s, v_num=5-00]Epoch 0:  98%|█████████▊| 2021/2063 [05:56<00:07,  5.67it/s, v_num=5-00]Epoch 0:  98%|█████████▊| 2021/2063 [05:56<00:07,  5.67it/s, v_num=5-00]Epoch 0:  98%|█████████▊| 2022/2063 [05:56<00:07,  5.67it/s, v_num=5-00]Epoch 0:  98%|█████████▊| 2022/2063 [05:56<00:07,  5.67it/s, v_num=5-00]Epoch 0:  98%|█████████▊| 2023/2063 [05:56<00:07,  5.68it/s, v_num=5-00]Epoch 0:  98%|█████████▊| 2023/2063 [05:56<00:07,  5.68it/s, v_num=5-00]Epoch 0:  98%|█████████▊| 2024/2063 [05:56<00:06,  5.68it/s, v_num=5-00]Epoch 0:  98%|█████████▊| 2024/2063 [05:56<00:06,  5.68it/s, v_num=5-00]Epoch 0:  98%|█████████▊| 2025/2063 [05:56<00:06,  5.68it/s, v_num=5-00]Epoch 0:  98%|█████████▊| 2025/2063 [05:56<00:06,  5.68it/s, v_num=5-00]Epoch 0:  98%|█████████▊| 2026/2063 [05:56<00:06,  5.69it/s, v_num=5-00]Epoch 0:  98%|█████████▊| 2026/2063 [05:56<00:06,  5.69it/s, v_num=5-00]Epoch 0:  98%|█████████▊| 2027/2063 [05:56<00:06,  5.69it/s, v_num=5-00]Epoch 0:  98%|█████████▊| 2027/2063 [05:56<00:06,  5.69it/s, v_num=5-00]Epoch 0:  98%|█████████▊| 2028/2063 [05:56<00:06,  5.69it/s, v_num=5-00]Epoch 0:  98%|█████████▊| 2028/2063 [05:56<00:06,  5.69it/s, v_num=5-00]Epoch 0:  98%|█████████▊| 2029/2063 [05:56<00:05,  5.69it/s, v_num=5-00]Epoch 0:  98%|█████████▊| 2029/2063 [05:56<00:05,  5.69it/s, v_num=5-00]Epoch 0:  98%|█████████▊| 2030/2063 [05:56<00:05,  5.70it/s, v_num=5-00]Epoch 0:  98%|█████████▊| 2030/2063 [05:56<00:05,  5.70it/s, v_num=5-00]Epoch 0:  98%|█████████▊| 2031/2063 [05:56<00:05,  5.70it/s, v_num=5-00]Epoch 0:  98%|█████████▊| 2031/2063 [05:56<00:05,  5.70it/s, v_num=5-00]Epoch 0:  98%|█████████▊| 2032/2063 [05:56<00:05,  5.70it/s, v_num=5-00]Epoch 0:  98%|█████████▊| 2032/2063 [05:56<00:05,  5.70it/s, v_num=5-00]Epoch 0:  99%|█████████▊| 2033/2063 [05:56<00:05,  5.70it/s, v_num=5-00]Epoch 0:  99%|█████████▊| 2033/2063 [05:56<00:05,  5.70it/s, v_num=5-00]Epoch 0:  99%|█████████▊| 2034/2063 [05:56<00:05,  5.70it/s, v_num=5-00]Epoch 0:  99%|█████████▊| 2034/2063 [05:56<00:05,  5.70it/s, v_num=5-00]Epoch 0:  99%|█████████▊| 2035/2063 [05:56<00:04,  5.71it/s, v_num=5-00]Epoch 0:  99%|█████████▊| 2035/2063 [05:56<00:04,  5.71it/s, v_num=5-00]Epoch 0:  99%|█████████▊| 2036/2063 [05:56<00:04,  5.71it/s, v_num=5-00]Epoch 0:  99%|█████████▊| 2036/2063 [05:56<00:04,  5.71it/s, v_num=5-00]Epoch 0:  99%|█████████▊| 2037/2063 [05:56<00:04,  5.71it/s, v_num=5-00]Epoch 0:  99%|█████████▊| 2037/2063 [05:56<00:04,  5.71it/s, v_num=5-00]Epoch 0:  99%|█████████▉| 2038/2063 [05:56<00:04,  5.72it/s, v_num=5-00]Epoch 0:  99%|█████████▉| 2038/2063 [05:56<00:04,  5.72it/s, v_num=5-00]Epoch 0:  99%|█████████▉| 2039/2063 [05:56<00:04,  5.72it/s, v_num=5-00]Epoch 0:  99%|█████████▉| 2039/2063 [05:56<00:04,  5.72it/s, v_num=5-00]Epoch 0:  99%|█████████▉| 2040/2063 [05:56<00:04,  5.72it/s, v_num=5-00]Epoch 0:  99%|█████████▉| 2040/2063 [05:56<00:04,  5.72it/s, v_num=5-00]Epoch 0:  99%|█████████▉| 2041/2063 [05:58<00:03,  5.69it/s, v_num=5-00]Epoch 0:  99%|█████████▉| 2041/2063 [05:58<00:03,  5.69it/s, v_num=5-00]Epoch 0:  99%|█████████▉| 2042/2063 [05:58<00:03,  5.70it/s, v_num=5-00]Epoch 0:  99%|█████████▉| 2042/2063 [05:58<00:03,  5.70it/s, v_num=5-00]Epoch 0:  99%|█████████▉| 2043/2063 [05:58<00:03,  5.70it/s, v_num=5-00]Epoch 0:  99%|█████████▉| 2043/2063 [05:58<00:03,  5.70it/s, v_num=5-00]Epoch 0:  99%|█████████▉| 2044/2063 [05:58<00:03,  5.70it/s, v_num=5-00]Epoch 0:  99%|█████████▉| 2044/2063 [05:58<00:03,  5.70it/s, v_num=5-00]Epoch 0:  99%|█████████▉| 2045/2063 [05:58<00:03,  5.70it/s, v_num=5-00]Epoch 0:  99%|█████████▉| 2045/2063 [05:58<00:03,  5.70it/s, v_num=5-00]Epoch 0:  99%|█████████▉| 2046/2063 [05:58<00:02,  5.71it/s, v_num=5-00]Epoch 0:  99%|█████████▉| 2046/2063 [05:58<00:02,  5.71it/s, v_num=5-00]Epoch 0:  99%|█████████▉| 2047/2063 [05:58<00:02,  5.71it/s, v_num=5-00]Epoch 0:  99%|█████████▉| 2047/2063 [05:58<00:02,  5.71it/s, v_num=5-00]Epoch 0:  99%|█████████▉| 2048/2063 [05:58<00:02,  5.71it/s, v_num=5-00]Epoch 0:  99%|█████████▉| 2048/2063 [05:58<00:02,  5.71it/s, v_num=5-00]Epoch 0:  99%|█████████▉| 2049/2063 [05:58<00:02,  5.71it/s, v_num=5-00]Epoch 0:  99%|█████████▉| 2049/2063 [05:58<00:02,  5.71it/s, v_num=5-00]Epoch 0:  99%|█████████▉| 2050/2063 [05:58<00:02,  5.72it/s, v_num=5-00]Epoch 0:  99%|█████████▉| 2050/2063 [05:58<00:02,  5.72it/s, v_num=5-00]Epoch 0:  99%|█████████▉| 2051/2063 [06:02<00:02,  5.67it/s, v_num=5-00]Epoch 0:  99%|█████████▉| 2051/2063 [06:02<00:02,  5.67it/s, v_num=5-00]Epoch 0:  99%|█████████▉| 2052/2063 [06:02<00:01,  5.67it/s, v_num=5-00]Epoch 0:  99%|█████████▉| 2052/2063 [06:02<00:01,  5.67it/s, v_num=5-00]Epoch 0: 100%|█████████▉| 2053/2063 [06:02<00:01,  5.67it/s, v_num=5-00]Epoch 0: 100%|█████████▉| 2053/2063 [06:02<00:01,  5.67it/s, v_num=5-00]Epoch 0: 100%|█████████▉| 2054/2063 [06:02<00:01,  5.67it/s, v_num=5-00]Epoch 0: 100%|█████████▉| 2054/2063 [06:02<00:01,  5.67it/s, v_num=5-00]Epoch 0: 100%|█████████▉| 2055/2063 [06:02<00:01,  5.68it/s, v_num=5-00]Epoch 0: 100%|█████████▉| 2055/2063 [06:02<00:01,  5.68it/s, v_num=5-00]Epoch 0: 100%|█████████▉| 2056/2063 [06:02<00:01,  5.68it/s, v_num=5-00]Epoch 0: 100%|█████████▉| 2056/2063 [06:02<00:01,  5.68it/s, v_num=5-00]Epoch 0: 100%|█████████▉| 2057/2063 [06:02<00:01,  5.68it/s, v_num=5-00]Epoch 0: 100%|█████████▉| 2057/2063 [06:02<00:01,  5.68it/s, v_num=5-00]Epoch 0: 100%|█████████▉| 2058/2063 [06:02<00:00,  5.68it/s, v_num=5-00]Epoch 0: 100%|█████████▉| 2058/2063 [06:02<00:00,  5.68it/s, v_num=5-00]Epoch 0: 100%|█████████▉| 2059/2063 [06:02<00:00,  5.69it/s, v_num=5-00]Epoch 0: 100%|█████████▉| 2059/2063 [06:02<00:00,  5.69it/s, v_num=5-00]Epoch 0: 100%|█████████▉| 2060/2063 [06:02<00:00,  5.69it/s, v_num=5-00]Epoch 0: 100%|█████████▉| 2060/2063 [06:02<00:00,  5.69it/s, v_num=5-00]Epoch 0: 100%|█████████▉| 2061/2063 [06:03<00:00,  5.67it/s, v_num=5-00]Epoch 0: 100%|█████████▉| 2061/2063 [06:03<00:00,  5.67it/s, v_num=5-00]Epoch 0: 100%|█████████▉| 2062/2063 [06:03<00:00,  5.67it/s, v_num=5-00]Epoch 0: 100%|█████████▉| 2062/2063 [06:03<00:00,  5.67it/s, v_num=5-00]Epoch 0: 100%|██████████| 2063/2063 [06:03<00:00,  5.67it/s, v_num=5-00]Epoch 0: 100%|██████████| 2063/2063 [06:03<00:00,  5.67it/s, v_num=5-00]
Validation: |          | 0/? [00:00<?, ?it/s][A
Validation: |          | 0/? [00:00<?, ?it/s][A
Validation DataLoader 0:   0%|          | 0/258 [00:00<?, ?it/s][A
Validation DataLoader 0:   0%|          | 1/258 [00:00<00:02, 118.18it/s][A
Validation DataLoader 0:   1%|          | 2/258 [00:00<00:02, 101.82it/s][A
Validation DataLoader 0:   1%|          | 3/258 [00:00<00:02, 99.26it/s] [A
Validation DataLoader 0:   2%|▏         | 4/258 [00:00<00:02, 97.16it/s][A
Validation DataLoader 0:   2%|▏         | 5/258 [00:00<00:02, 96.84it/s][A
Validation DataLoader 0:   2%|▏         | 6/258 [00:00<00:02, 95.75it/s][A
Validation DataLoader 0:   3%|▎         | 7/258 [00:00<00:02, 95.85it/s][A
Validation DataLoader 0:   3%|▎         | 8/258 [00:00<00:02, 95.47it/s][A
Validation DataLoader 0:   3%|▎         | 9/258 [00:00<00:02, 95.68it/s][A
Validation DataLoader 0:   4%|▍         | 10/258 [00:00<00:02, 95.47it/s][A
Validation DataLoader 0:   4%|▍         | 11/258 [00:00<00:02, 95.62it/s][A
Validation DataLoader 0:   5%|▍         | 12/258 [00:00<00:02, 95.46it/s][A
Validation DataLoader 0:   5%|▌         | 13/258 [00:00<00:02, 95.53it/s][A
Validation DataLoader 0:   5%|▌         | 14/258 [00:00<00:02, 95.37it/s][A
Validation DataLoader 0:   6%|▌         | 15/258 [00:00<00:02, 95.52it/s][A
Validation DataLoader 0:   6%|▌         | 16/258 [00:00<00:02, 95.46it/s][A
Validation DataLoader 0:   7%|▋         | 17/258 [00:00<00:02, 95.43it/s][A
Validation DataLoader 0:   7%|▋         | 18/258 [00:00<00:02, 94.48it/s][A
Validation DataLoader 0:   7%|▋         | 19/258 [00:00<00:02, 94.49it/s][A
Validation DataLoader 0:   8%|▊         | 20/258 [00:00<00:02, 94.58it/s][A
Validation DataLoader 0:   8%|▊         | 21/258 [00:00<00:02, 94.73it/s][A
Validation DataLoader 0:   9%|▊         | 22/258 [00:00<00:02, 94.79it/s][A
Validation DataLoader 0:   9%|▉         | 23/258 [00:00<00:02, 94.91it/s][A
Validation DataLoader 0:   9%|▉         | 24/258 [00:00<00:02, 95.01it/s][A
Validation DataLoader 0:  10%|▉         | 25/258 [00:00<00:02, 95.11it/s][A
Validation DataLoader 0:  10%|█         | 26/258 [00:00<00:02, 95.18it/s][A
Validation DataLoader 0:  10%|█         | 27/258 [00:00<00:02, 95.28it/s][A
Validation DataLoader 0:  11%|█         | 28/258 [00:00<00:02, 95.35it/s][A
Validation DataLoader 0:  11%|█         | 29/258 [00:00<00:02, 95.41it/s][A
Validation DataLoader 0:  12%|█▏        | 30/258 [00:00<00:02, 95.46it/s][A
Validation DataLoader 0:  12%|█▏        | 31/258 [00:00<00:02, 95.55it/s][A
Validation DataLoader 0:  12%|█▏        | 32/258 [00:00<00:02, 95.59it/s][A
Validation DataLoader 0:  13%|█▎        | 33/258 [00:00<00:02, 95.16it/s][A
Validation DataLoader 0:  13%|█▎        | 34/258 [00:00<00:02, 95.23it/s][A
Validation DataLoader 0:  14%|█▎        | 35/258 [00:00<00:02, 95.21it/s][A
Validation DataLoader 0:  14%|█▍        | 36/258 [00:00<00:02, 94.85it/s][A
Validation DataLoader 0:  14%|█▍        | 37/258 [00:00<00:02, 94.59it/s][A
Validation DataLoader 0:  15%|█▍        | 38/258 [00:00<00:02, 94.66it/s][A
Validation DataLoader 0:  15%|█▌        | 39/258 [00:00<00:02, 94.76it/s][A
Validation DataLoader 0:  16%|█▌        | 40/258 [00:00<00:02, 94.82it/s][A
Validation DataLoader 0:  16%|█▌        | 41/258 [00:00<00:02, 94.91it/s][A
Validation DataLoader 0:  16%|█▋        | 42/258 [00:00<00:02, 94.97it/s][A
Validation DataLoader 0:  17%|█▋        | 43/258 [00:00<00:02, 95.05it/s][A
Validation DataLoader 0:  17%|█▋        | 44/258 [00:00<00:02, 95.11it/s][A
Validation DataLoader 0:  17%|█▋        | 45/258 [00:00<00:02, 95.19it/s][A
Validation DataLoader 0:  18%|█▊        | 46/258 [00:00<00:02, 95.25it/s][A
Validation DataLoader 0:  18%|█▊        | 47/258 [00:00<00:02, 95.32it/s][A
Validation DataLoader 0:  19%|█▊        | 48/258 [00:00<00:02, 95.36it/s][A
Validation DataLoader 0:  19%|█▉        | 49/258 [00:00<00:02, 95.42it/s][A
Validation DataLoader 0:  19%|█▉        | 50/258 [00:00<00:02, 95.46it/s][A
Validation DataLoader 0:  20%|█▉        | 51/258 [00:00<00:02, 95.51it/s][A
Validation DataLoader 0:  20%|██        | 52/258 [00:00<00:02, 95.54it/s][A
Validation DataLoader 0:  21%|██        | 53/258 [00:00<00:02, 95.58it/s][A
Validation DataLoader 0:  21%|██        | 54/258 [00:00<00:02, 95.61it/s][A
Validation DataLoader 0:  21%|██▏       | 55/258 [00:00<00:02, 95.66it/s][A
Validation DataLoader 0:  22%|██▏       | 56/258 [00:00<00:02, 95.70it/s][A
Validation DataLoader 0:  22%|██▏       | 57/258 [00:00<00:02, 95.75it/s][A
Validation DataLoader 0:  22%|██▏       | 58/258 [00:00<00:02, 95.78it/s][A
Validation DataLoader 0:  23%|██▎       | 59/258 [00:00<00:02, 95.82it/s][A
Validation DataLoader 0:  23%|██▎       | 60/258 [00:00<00:02, 95.87it/s][A
Validation DataLoader 0:  24%|██▎       | 61/258 [00:00<00:02, 95.92it/s][A
Validation DataLoader 0:  24%|██▍       | 62/258 [00:00<00:02, 95.97it/s][A
Validation DataLoader 0:  24%|██▍       | 63/258 [00:00<00:02, 96.02it/s][A
Validation DataLoader 0:  25%|██▍       | 64/258 [00:00<00:02, 96.06it/s][A
Validation DataLoader 0:  25%|██▌       | 65/258 [00:00<00:02, 96.11it/s][A
Validation DataLoader 0:  26%|██▌       | 66/258 [00:00<00:01, 96.16it/s][A
Validation DataLoader 0:  26%|██▌       | 67/258 [00:00<00:01, 96.19it/s][A
Validation DataLoader 0:  26%|██▋       | 68/258 [00:00<00:01, 96.23it/s][A
Validation DataLoader 0:  27%|██▋       | 69/258 [00:00<00:01, 96.26it/s][A
Validation DataLoader 0:  27%|██▋       | 70/258 [00:00<00:01, 96.29it/s][A
Validation DataLoader 0:  28%|██▊       | 71/258 [00:00<00:01, 96.33it/s][A
Validation DataLoader 0:  28%|██▊       | 72/258 [00:00<00:01, 96.36it/s][A
Validation DataLoader 0:  28%|██▊       | 73/258 [00:00<00:01, 96.40it/s][A
Validation DataLoader 0:  29%|██▊       | 74/258 [00:00<00:01, 96.42it/s][A
Validation DataLoader 0:  29%|██▉       | 75/258 [00:00<00:01, 96.46it/s][A
Validation DataLoader 0:  29%|██▉       | 76/258 [00:00<00:01, 96.50it/s][A
Validation DataLoader 0:  30%|██▉       | 77/258 [00:00<00:01, 96.53it/s][A
Validation DataLoader 0:  30%|███       | 78/258 [00:00<00:01, 96.56it/s][A
Validation DataLoader 0:  31%|███       | 79/258 [00:00<00:01, 96.59it/s][A
Validation DataLoader 0:  31%|███       | 80/258 [00:00<00:01, 96.62it/s][A
Validation DataLoader 0:  31%|███▏      | 81/258 [00:00<00:01, 96.66it/s][A
Validation DataLoader 0:  32%|███▏      | 82/258 [00:00<00:01, 96.69it/s][A
Validation DataLoader 0:  32%|███▏      | 83/258 [00:00<00:01, 96.71it/s][A
Validation DataLoader 0:  33%|███▎      | 84/258 [00:00<00:01, 96.74it/s][A
Validation DataLoader 0:  33%|███▎      | 85/258 [00:00<00:01, 96.76it/s][A
Validation DataLoader 0:  33%|███▎      | 86/258 [00:00<00:01, 96.79it/s][A
Validation DataLoader 0:  34%|███▎      | 87/258 [00:00<00:01, 96.81it/s][A
Validation DataLoader 0:  34%|███▍      | 88/258 [00:00<00:01, 96.84it/s][A
Validation DataLoader 0:  34%|███▍      | 89/258 [00:00<00:01, 96.87it/s][A
Validation DataLoader 0:  35%|███▍      | 90/258 [00:00<00:01, 96.89it/s][A
Validation DataLoader 0:  35%|███▌      | 91/258 [00:00<00:01, 96.92it/s][A
Validation DataLoader 0:  36%|███▌      | 92/258 [00:00<00:01, 96.94it/s][A
Validation DataLoader 0:  36%|███▌      | 93/258 [00:00<00:01, 96.96it/s][A
Validation DataLoader 0:  36%|███▋      | 94/258 [00:00<00:01, 96.99it/s][A
Validation DataLoader 0:  37%|███▋      | 95/258 [00:00<00:01, 97.01it/s][A
Validation DataLoader 0:  37%|███▋      | 96/258 [00:00<00:01, 97.03it/s][A
Validation DataLoader 0:  38%|███▊      | 97/258 [00:00<00:01, 97.05it/s][A
Validation DataLoader 0:  38%|███▊      | 98/258 [00:01<00:01, 97.08it/s][A
Validation DataLoader 0:  38%|███▊      | 99/258 [00:01<00:01, 97.10it/s][A
Validation DataLoader 0:  39%|███▉      | 100/258 [00:01<00:01, 97.12it/s][A
Validation DataLoader 0:  39%|███▉      | 101/258 [00:01<00:01, 97.14it/s][A
Validation DataLoader 0:  40%|███▉      | 102/258 [00:01<00:01, 97.16it/s][A
Validation DataLoader 0:  40%|███▉      | 103/258 [00:01<00:01, 97.18it/s][A
Validation DataLoader 0:  40%|████      | 104/258 [00:01<00:01, 97.19it/s][A
Validation DataLoader 0:  41%|████      | 105/258 [00:01<00:01, 97.20it/s][A
Validation DataLoader 0:  41%|████      | 106/258 [00:01<00:01, 97.17it/s][A
Validation DataLoader 0:  41%|████▏     | 107/258 [00:01<00:01, 97.18it/s][A
Validation DataLoader 0:  42%|████▏     | 108/258 [00:01<00:01, 97.19it/s][A
Validation DataLoader 0:  42%|████▏     | 109/258 [00:01<00:01, 97.20it/s][A
Validation DataLoader 0:  43%|████▎     | 110/258 [00:01<00:01, 97.17it/s][A
Validation DataLoader 0:  43%|████▎     | 111/258 [00:01<00:01, 97.12it/s][A
Validation DataLoader 0:  43%|████▎     | 112/258 [00:01<00:01, 97.09it/s][A
Validation DataLoader 0:  44%|████▍     | 113/258 [00:01<00:01, 97.10it/s][A
Validation DataLoader 0:  44%|████▍     | 114/258 [00:01<00:01, 97.10it/s][A
Validation DataLoader 0:  45%|████▍     | 115/258 [00:01<00:01, 97.03it/s][A
Validation DataLoader 0:  45%|████▍     | 116/258 [00:01<00:01, 97.02it/s][A
Validation DataLoader 0:  45%|████▌     | 117/258 [00:01<00:01, 97.02it/s][A
Validation DataLoader 0:  46%|████▌     | 118/258 [00:01<00:01, 97.01it/s][A
Validation DataLoader 0:  46%|████▌     | 119/258 [00:01<00:01, 96.95it/s][A
Validation DataLoader 0:  47%|████▋     | 120/258 [00:01<00:01, 96.95it/s][A
Validation DataLoader 0:  47%|████▋     | 121/258 [00:01<00:01, 96.96it/s][A
Validation DataLoader 0:  47%|████▋     | 122/258 [00:01<00:01, 96.98it/s][A
Validation DataLoader 0:  48%|████▊     | 123/258 [00:01<00:01, 97.00it/s][A
Validation DataLoader 0:  48%|████▊     | 124/258 [00:01<00:01, 97.02it/s][A
Validation DataLoader 0:  48%|████▊     | 125/258 [00:01<00:01, 97.03it/s][A
Validation DataLoader 0:  49%|████▉     | 126/258 [00:01<00:01, 97.04it/s][A
Validation DataLoader 0:  49%|████▉     | 127/258 [00:01<00:01, 97.01it/s][A
Validation DataLoader 0:  50%|████▉     | 128/258 [00:01<00:01, 97.02it/s][A
Validation DataLoader 0:  50%|█████     | 129/258 [00:01<00:01, 97.04it/s][A
Validation DataLoader 0:  50%|█████     | 130/258 [00:01<00:01, 97.05it/s][A
Validation DataLoader 0:  51%|█████     | 131/258 [00:01<00:01, 97.07it/s][A
Validation DataLoader 0:  51%|█████     | 132/258 [00:01<00:01, 97.08it/s][A
Validation DataLoader 0:  52%|█████▏    | 133/258 [00:01<00:01, 97.10it/s][A
Validation DataLoader 0:  52%|█████▏    | 134/258 [00:01<00:01, 97.12it/s][A
Validation DataLoader 0:  52%|█████▏    | 135/258 [00:01<00:01, 97.14it/s][A
Validation DataLoader 0:  53%|█████▎    | 136/258 [00:01<00:01, 97.15it/s][A
Validation DataLoader 0:  53%|█████▎    | 137/258 [00:01<00:01, 97.16it/s][A
Validation DataLoader 0:  53%|█████▎    | 138/258 [00:01<00:01, 97.18it/s][A
Validation DataLoader 0:  54%|█████▍    | 139/258 [00:01<00:01, 97.20it/s][A
Validation DataLoader 0:  54%|█████▍    | 140/258 [00:01<00:01, 97.22it/s][A
Validation DataLoader 0:  55%|█████▍    | 141/258 [00:01<00:01, 97.23it/s][A
Validation DataLoader 0:  55%|█████▌    | 142/258 [00:01<00:01, 97.25it/s][A
Validation DataLoader 0:  55%|█████▌    | 143/258 [00:01<00:01, 97.27it/s][A
Validation DataLoader 0:  56%|█████▌    | 144/258 [00:01<00:01, 97.29it/s][A
Validation DataLoader 0:  56%|█████▌    | 145/258 [00:01<00:01, 97.30it/s][A
Validation DataLoader 0:  57%|█████▋    | 146/258 [00:01<00:01, 97.32it/s][A
Validation DataLoader 0:  57%|█████▋    | 147/258 [00:01<00:01, 97.33it/s][A
Validation DataLoader 0:  57%|█████▋    | 148/258 [00:01<00:01, 97.35it/s][A
Validation DataLoader 0:  58%|█████▊    | 149/258 [00:01<00:01, 97.36it/s][A
Validation DataLoader 0:  58%|█████▊    | 150/258 [00:01<00:01, 97.38it/s][A
Validation DataLoader 0:  59%|█████▊    | 151/258 [00:01<00:01, 97.40it/s][A
Validation DataLoader 0:  59%|█████▉    | 152/258 [00:01<00:01, 97.41it/s][A
Validation DataLoader 0:  59%|█████▉    | 153/258 [00:01<00:01, 97.43it/s][A
Validation DataLoader 0:  60%|█████▉    | 154/258 [00:01<00:01, 97.44it/s][A
Validation DataLoader 0:  60%|██████    | 155/258 [00:01<00:01, 97.46it/s][A
Validation DataLoader 0:  60%|██████    | 156/258 [00:01<00:01, 97.48it/s][A
Validation DataLoader 0:  61%|██████    | 157/258 [00:01<00:01, 97.50it/s][A
Validation DataLoader 0:  61%|██████    | 158/258 [00:01<00:01, 97.51it/s][A
Validation DataLoader 0:  62%|██████▏   | 159/258 [00:01<00:01, 97.53it/s][A
Validation DataLoader 0:  62%|██████▏   | 160/258 [00:01<00:01, 97.54it/s][A
Validation DataLoader 0:  62%|██████▏   | 161/258 [00:01<00:00, 97.55it/s][A
Validation DataLoader 0:  63%|██████▎   | 162/258 [00:01<00:00, 97.57it/s][A
Validation DataLoader 0:  63%|██████▎   | 163/258 [00:01<00:00, 97.58it/s][A
Validation DataLoader 0:  64%|██████▎   | 164/258 [00:01<00:00, 97.59it/s][A
Validation DataLoader 0:  64%|██████▍   | 165/258 [00:01<00:00, 97.61it/s][A
Validation DataLoader 0:  64%|██████▍   | 166/258 [00:01<00:00, 97.61it/s][A
Validation DataLoader 0:  65%|██████▍   | 167/258 [00:01<00:00, 97.63it/s][A
Validation DataLoader 0:  65%|██████▌   | 168/258 [00:01<00:00, 97.62it/s][A
Validation DataLoader 0:  66%|██████▌   | 169/258 [00:01<00:00, 97.56it/s][A
Validation DataLoader 0:  66%|██████▌   | 170/258 [00:01<00:00, 97.57it/s][A
Validation DataLoader 0:  66%|██████▋   | 171/258 [00:01<00:00, 97.58it/s][A
Validation DataLoader 0:  67%|██████▋   | 172/258 [00:01<00:00, 97.60it/s][A
Validation DataLoader 0:  67%|██████▋   | 173/258 [00:01<00:00, 97.61it/s][A
Validation DataLoader 0:  67%|██████▋   | 174/258 [00:01<00:00, 97.62it/s][A
Validation DataLoader 0:  68%|██████▊   | 175/258 [00:01<00:00, 97.64it/s][A
Validation DataLoader 0:  68%|██████▊   | 176/258 [00:01<00:00, 97.65it/s][A
Validation DataLoader 0:  69%|██████▊   | 177/258 [00:01<00:00, 97.66it/s][A
Validation DataLoader 0:  69%|██████▉   | 178/258 [00:01<00:00, 97.68it/s][A
Validation DataLoader 0:  69%|██████▉   | 179/258 [00:01<00:00, 97.69it/s][A
Validation DataLoader 0:  70%|██████▉   | 180/258 [00:01<00:00, 97.71it/s][A
Validation DataLoader 0:  70%|███████   | 181/258 [00:01<00:00, 97.72it/s][A
Validation DataLoader 0:  71%|███████   | 182/258 [00:01<00:00, 97.73it/s][A
Validation DataLoader 0:  71%|███████   | 183/258 [00:01<00:00, 97.74it/s][A
Validation DataLoader 0:  71%|███████▏  | 184/258 [00:01<00:00, 97.75it/s][A
Validation DataLoader 0:  72%|███████▏  | 185/258 [00:01<00:00, 97.77it/s][A
Validation DataLoader 0:  72%|███████▏  | 186/258 [00:01<00:00, 97.78it/s][A
Validation DataLoader 0:  72%|███████▏  | 187/258 [00:01<00:00, 97.79it/s][A
Validation DataLoader 0:  73%|███████▎  | 188/258 [00:01<00:00, 97.80it/s][A
Validation DataLoader 0:  73%|███████▎  | 189/258 [00:01<00:00, 97.81it/s][A
Validation DataLoader 0:  74%|███████▎  | 190/258 [00:01<00:00, 97.82it/s][A
Validation DataLoader 0:  74%|███████▍  | 191/258 [00:01<00:00, 97.83it/s][A
Validation DataLoader 0:  74%|███████▍  | 192/258 [00:01<00:00, 97.84it/s][A
Validation DataLoader 0:  75%|███████▍  | 193/258 [00:01<00:00, 97.85it/s][A
Validation DataLoader 0:  75%|███████▌  | 194/258 [00:01<00:00, 97.86it/s][A
Validation DataLoader 0:  76%|███████▌  | 195/258 [00:01<00:00, 97.87it/s][A
Validation DataLoader 0:  76%|███████▌  | 196/258 [00:02<00:00, 97.88it/s][A
Validation DataLoader 0:  76%|███████▋  | 197/258 [00:02<00:00, 97.89it/s][A
Validation DataLoader 0:  77%|███████▋  | 198/258 [00:02<00:00, 97.91it/s][A
Validation DataLoader 0:  77%|███████▋  | 199/258 [00:02<00:00, 97.92it/s][A
Validation DataLoader 0:  78%|███████▊  | 200/258 [00:02<00:00, 97.93it/s][A
Validation DataLoader 0:  78%|███████▊  | 201/258 [00:02<00:00, 97.94it/s][A
Validation DataLoader 0:  78%|███████▊  | 202/258 [00:02<00:00, 97.94it/s][A
Validation DataLoader 0:  79%|███████▊  | 203/258 [00:02<00:00, 97.95it/s][A
Validation DataLoader 0:  79%|███████▉  | 204/258 [00:02<00:00, 97.96it/s][A
Validation DataLoader 0:  79%|███████▉  | 205/258 [00:02<00:00, 97.97it/s][A
Validation DataLoader 0:  80%|███████▉  | 206/258 [00:02<00:00, 97.98it/s][A
Validation DataLoader 0:  80%|████████  | 207/258 [00:02<00:00, 97.99it/s][A
Validation DataLoader 0:  81%|████████  | 208/258 [00:02<00:00, 97.99it/s][A
Validation DataLoader 0:  81%|████████  | 209/258 [00:02<00:00, 98.00it/s][A
Validation DataLoader 0:  81%|████████▏ | 210/258 [00:02<00:00, 98.00it/s][A
Validation DataLoader 0:  82%|████████▏ | 211/258 [00:02<00:00, 98.01it/s][A
Validation DataLoader 0:  82%|████████▏ | 212/258 [00:02<00:00, 98.02it/s][A
Validation DataLoader 0:  83%|████████▎ | 213/258 [00:02<00:00, 98.03it/s][A
Validation DataLoader 0:  83%|████████▎ | 214/258 [00:02<00:00, 98.03it/s][A
Validation DataLoader 0:  83%|████████▎ | 215/258 [00:02<00:00, 98.04it/s][A
Validation DataLoader 0:  84%|████████▎ | 216/258 [00:02<00:00, 98.05it/s][A
Validation DataLoader 0:  84%|████████▍ | 217/258 [00:02<00:00, 98.06it/s][A
Validation DataLoader 0:  84%|████████▍ | 218/258 [00:02<00:00, 98.06it/s][A
Validation DataLoader 0:  85%|████████▍ | 219/258 [00:02<00:00, 98.05it/s][A
Validation DataLoader 0:  85%|████████▌ | 220/258 [00:02<00:00, 98.04it/s][A
Validation DataLoader 0:  86%|████████▌ | 221/258 [00:02<00:00, 98.05it/s][A
Validation DataLoader 0:  86%|████████▌ | 222/258 [00:02<00:00, 98.05it/s][A
Validation DataLoader 0:  86%|████████▋ | 223/258 [00:02<00:00, 98.05it/s][A
Validation DataLoader 0:  87%|████████▋ | 224/258 [00:02<00:00, 98.05it/s][A
Validation DataLoader 0:  87%|████████▋ | 225/258 [00:02<00:00, 98.06it/s][A
Validation DataLoader 0:  88%|████████▊ | 226/258 [00:02<00:00, 98.06it/s][A
Validation DataLoader 0:  88%|████████▊ | 227/258 [00:02<00:00, 98.06it/s][A
Validation DataLoader 0:  88%|████████▊ | 228/258 [00:02<00:00, 98.06it/s][A
Validation DataLoader 0:  89%|████████▉ | 229/258 [00:02<00:00, 98.07it/s][A
Validation DataLoader 0:  89%|████████▉ | 230/258 [00:02<00:00, 98.07it/s][A
Validation DataLoader 0:  90%|████████▉ | 231/258 [00:02<00:00, 98.07it/s][A
Validation DataLoader 0:  90%|████████▉ | 232/258 [00:02<00:00, 98.08it/s][A
Validation DataLoader 0:  90%|█████████ | 233/258 [00:02<00:00, 98.08it/s][A
Validation DataLoader 0:  91%|█████████ | 234/258 [00:02<00:00, 98.09it/s][A
Validation DataLoader 0:  91%|█████████ | 235/258 [00:02<00:00, 98.09it/s][A
Validation DataLoader 0:  91%|█████████▏| 236/258 [00:02<00:00, 98.09it/s][A
Validation DataLoader 0:  92%|█████████▏| 237/258 [00:02<00:00, 98.10it/s][A
Validation DataLoader 0:  92%|█████████▏| 238/258 [00:02<00:00, 98.10it/s][A
Validation DataLoader 0:  93%|█████████▎| 239/258 [00:02<00:00, 98.10it/s][A
Validation DataLoader 0:  93%|█████████▎| 240/258 [00:02<00:00, 98.10it/s][A
Validation DataLoader 0:  93%|█████████▎| 241/258 [00:02<00:00, 98.10it/s][A
Validation DataLoader 0:  94%|█████████▍| 242/258 [00:02<00:00, 98.10it/s][A
Validation DataLoader 0:  94%|█████████▍| 243/258 [00:02<00:00, 98.11it/s][A
Validation DataLoader 0:  95%|█████████▍| 244/258 [00:02<00:00, 98.11it/s][A
Validation DataLoader 0:  95%|█████████▍| 245/258 [00:02<00:00, 98.11it/s][A
Validation DataLoader 0:  95%|█████████▌| 246/258 [00:02<00:00, 98.11it/s][A
Validation DataLoader 0:  96%|█████████▌| 247/258 [00:02<00:00, 98.11it/s][A
Validation DataLoader 0:  96%|█████████▌| 248/258 [00:02<00:00, 98.12it/s][A
Validation DataLoader 0:  97%|█████████▋| 249/258 [00:02<00:00, 98.12it/s][A
Validation DataLoader 0:  97%|█████████▋| 250/258 [00:02<00:00, 98.12it/s][A
Validation DataLoader 0:  97%|█████████▋| 251/258 [00:02<00:00, 98.12it/s][A
Validation DataLoader 0:  98%|█████████▊| 252/258 [00:02<00:00, 98.12it/s][A
Validation DataLoader 0:  98%|█████████▊| 253/258 [00:02<00:00, 98.12it/s][A
Validation DataLoader 0:  98%|█████████▊| 254/258 [00:02<00:00, 98.12it/s][A
Validation DataLoader 0:  99%|█████████▉| 255/258 [00:02<00:00, 98.12it/s][A
Validation DataLoader 0:  99%|█████████▉| 256/258 [00:02<00:00, 98.13it/s][A
Validation DataLoader 0: 100%|█████████▉| 257/258 [00:02<00:00, 98.13it/s][A
Validation DataLoader 0: 100%|██████████| 258/258 [00:02<00:00, 98.13it/s][A
                                                                          [AEpoch 0: 100%|██████████| 2063/2063 [06:06<00:00,  5.63it/s, v_num=5-00]Epoch 0: 100%|██████████| 2063/2063 [06:06<00:00,  5.63it/s, v_num=5-00]Epoch 0:   0%|          | 0/2063 [00:00<?, ?it/s, v_num=5-00]           Epoch 1:   0%|          | 0/2063 [00:00<?, ?it/s, v_num=5-00]Epoch 1:   0%|          | 1/2063 [00:00<00:31, 64.44it/s, v_num=5-00]Epoch 1:   0%|          | 1/2063 [00:00<00:32, 63.67it/s, v_num=5-00]Epoch 1:   0%|          | 2/2063 [00:00<00:22, 92.17it/s, v_num=5-00]Epoch 1:   0%|          | 2/2063 [00:00<00:22, 91.48it/s, v_num=5-00]Epoch 1:   0%|          | 3/2063 [00:00<00:18, 109.49it/s, v_num=5-00]Epoch 1:   0%|          | 3/2063 [00:00<00:18, 108.89it/s, v_num=5-00]Epoch 1:   0%|          | 4/2063 [00:00<00:16, 121.46it/s, v_num=5-00]Epoch 1:   0%|          | 4/2063 [00:00<00:17, 120.93it/s, v_num=5-00]Epoch 1:   0%|          | 5/2063 [00:00<00:15, 130.19it/s, v_num=5-00]Epoch 1:   0%|          | 5/2063 [00:00<00:15, 129.71it/s, v_num=5-00]Epoch 1:   0%|          | 6/2063 [00:00<00:15, 136.64it/s, v_num=5-00]Epoch 1:   0%|          | 6/2063 [00:00<00:15, 136.20it/s, v_num=5-00]Epoch 1:   0%|          | 7/2063 [00:00<00:14, 141.78it/s, v_num=5-00]Epoch 1:   0%|          | 7/2063 [00:00<00:14, 141.38it/s, v_num=5-00]Epoch 1:   0%|          | 8/2063 [00:03<15:14,  2.25it/s, v_num=5-00] Epoch 1:   0%|          | 8/2063 [00:03<15:14,  2.25it/s, v_num=5-00]Epoch 1:   0%|          | 9/2063 [00:03<13:33,  2.52it/s, v_num=5-00]Epoch 1:   0%|          | 9/2063 [00:03<13:33,  2.52it/s, v_num=5-00]Epoch 1:   0%|          | 10/2063 [00:03<12:13,  2.80it/s, v_num=5-00]Epoch 1:   0%|          | 10/2063 [00:03<12:13,  2.80it/s, v_num=5-00]Epoch 1:   1%|          | 11/2063 [00:03<11:07,  3.07it/s, v_num=5-00]Epoch 1:   1%|          | 11/2063 [00:03<11:07,  3.07it/s, v_num=5-00]Epoch 1:   1%|          | 12/2063 [00:03<10:12,  3.35it/s, v_num=5-00]Epoch 1:   1%|          | 12/2063 [00:03<10:12,  3.35it/s, v_num=5-00]Epoch 1:   1%|          | 13/2063 [00:03<09:25,  3.62it/s, v_num=5-00]Epoch 1:   1%|          | 13/2063 [00:03<09:25,  3.62it/s, v_num=5-00]Epoch 1:   1%|          | 14/2063 [00:03<08:46,  3.90it/s, v_num=5-00]Epoch 1:   1%|          | 14/2063 [00:03<08:46,  3.89it/s, v_num=5-00]Epoch 1:   1%|          | 15/2063 [00:03<08:11,  4.17it/s, v_num=5-00]Epoch 1:   1%|          | 15/2063 [00:03<08:11,  4.17it/s, v_num=5-00]Epoch 1:   1%|          | 16/2063 [00:03<07:41,  4.44it/s, v_num=5-00]Epoch 1:   1%|          | 16/2063 [00:03<07:41,  4.44it/s, v_num=5-00]Epoch 1:   1%|          | 17/2063 [00:03<07:14,  4.71it/s, v_num=5-00]Epoch 1:   1%|          | 17/2063 [00:03<07:14,  4.71it/s, v_num=5-00]Epoch 1:   1%|          | 18/2063 [00:03<07:05,  4.81it/s, v_num=5-00]Epoch 1:   1%|          | 18/2063 [00:03<07:05,  4.81it/s, v_num=5-00]Epoch 1:   1%|          | 19/2063 [00:03<06:43,  5.06it/s, v_num=5-00]Epoch 1:   1%|          | 19/2063 [00:03<06:44,  5.06it/s, v_num=5-00]Epoch 1:   1%|          | 20/2063 [00:03<06:24,  5.32it/s, v_num=5-00]Epoch 1:   1%|          | 20/2063 [00:03<06:24,  5.32it/s, v_num=5-00]Epoch 1:   1%|          | 21/2063 [00:03<06:06,  5.58it/s, v_num=5-00]Epoch 1:   1%|          | 21/2063 [00:03<06:06,  5.58it/s, v_num=5-00]Epoch 1:   1%|          | 22/2063 [00:03<05:49,  5.83it/s, v_num=5-00]Epoch 1:   1%|          | 22/2063 [00:03<05:49,  5.83it/s, v_num=5-00]Epoch 1:   1%|          | 23/2063 [00:03<05:35,  6.09it/s, v_num=5-00]Epoch 1:   1%|          | 23/2063 [00:03<05:35,  6.09it/s, v_num=5-00]Epoch 1:   1%|          | 24/2063 [00:03<05:21,  6.34it/s, v_num=5-00]Epoch 1:   1%|          | 24/2063 [00:03<05:21,  6.34it/s, v_num=5-00]Epoch 1:   1%|          | 25/2063 [00:03<05:08,  6.60it/s, v_num=5-00]Epoch 1:   1%|          | 25/2063 [00:03<05:08,  6.60it/s, v_num=5-00]Epoch 1:   1%|▏         | 26/2063 [00:03<04:57,  6.85it/s, v_num=5-00]Epoch 1:   1%|▏         | 26/2063 [00:03<04:57,  6.85it/s, v_num=5-00]Epoch 1:   1%|▏         | 27/2063 [00:03<04:46,  7.11it/s, v_num=5-00]Epoch 1:   1%|▏         | 27/2063 [00:03<04:46,  7.11it/s, v_num=5-00]Epoch 1:   1%|▏         | 28/2063 [00:03<04:45,  7.13it/s, v_num=5-00]Epoch 1:   1%|▏         | 28/2063 [00:03<04:45,  7.13it/s, v_num=5-00]Epoch 1:   1%|▏         | 29/2063 [00:03<04:35,  7.37it/s, v_num=5-00]Epoch 1:   1%|▏         | 29/2063 [00:03<04:35,  7.37it/s, v_num=5-00]Epoch 1:   1%|▏         | 30/2063 [00:03<04:26,  7.62it/s, v_num=5-00]Epoch 1:   1%|▏         | 30/2063 [00:03<04:26,  7.62it/s, v_num=5-00]Epoch 1:   2%|▏         | 31/2063 [00:03<04:18,  7.86it/s, v_num=5-00]Epoch 1:   2%|▏         | 31/2063 [00:03<04:18,  7.86it/s, v_num=5-00]Epoch 1:   2%|▏         | 32/2063 [00:03<04:10,  8.10it/s, v_num=5-00]Epoch 1:   2%|▏         | 32/2063 [00:03<04:10,  8.10it/s, v_num=5-00]Epoch 1:   2%|▏         | 33/2063 [00:03<04:03,  8.34it/s, v_num=5-00]Epoch 1:   2%|▏         | 33/2063 [00:03<04:03,  8.34it/s, v_num=5-00]Epoch 1:   2%|▏         | 34/2063 [00:03<03:56,  8.58it/s, v_num=5-00]Epoch 1:   2%|▏         | 34/2063 [00:03<03:56,  8.58it/s, v_num=5-00]Epoch 1:   2%|▏         | 35/2063 [00:03<03:49,  8.82it/s, v_num=5-00]Epoch 1:   2%|▏         | 35/2063 [00:03<03:49,  8.82it/s, v_num=5-00]Epoch 1:   2%|▏         | 36/2063 [00:03<03:43,  9.06it/s, v_num=5-00]Epoch 1:   2%|▏         | 36/2063 [00:03<03:43,  9.06it/s, v_num=5-00]Epoch 1:   2%|▏         | 37/2063 [00:03<03:37,  9.30it/s, v_num=5-00]Epoch 1:   2%|▏         | 37/2063 [00:03<03:37,  9.30it/s, v_num=5-00]Epoch 1:   2%|▏         | 38/2063 [00:04<03:39,  9.24it/s, v_num=5-00]Epoch 1:   2%|▏         | 38/2063 [00:04<03:39,  9.24it/s, v_num=5-00]Epoch 1:   2%|▏         | 39/2063 [00:04<03:33,  9.47it/s, v_num=5-00]Epoch 1:   2%|▏         | 39/2063 [00:04<03:33,  9.47it/s, v_num=5-00]Epoch 1:   2%|▏         | 40/2063 [00:04<03:28,  9.70it/s, v_num=5-00]Epoch 1:   2%|▏         | 40/2063 [00:04<03:28,  9.70it/s, v_num=5-00]Epoch 1:   2%|▏         | 41/2063 [00:04<03:23,  9.93it/s, v_num=5-00]Epoch 1:   2%|▏         | 41/2063 [00:04<03:23,  9.93it/s, v_num=5-00]Epoch 1:   2%|▏         | 42/2063 [00:04<03:18, 10.16it/s, v_num=5-00]Epoch 1:   2%|▏         | 42/2063 [00:04<03:18, 10.16it/s, v_num=5-00]Epoch 1:   2%|▏         | 43/2063 [00:04<03:14, 10.39it/s, v_num=5-00]Epoch 1:   2%|▏         | 43/2063 [00:04<03:14, 10.39it/s, v_num=5-00]Epoch 1:   2%|▏         | 44/2063 [00:04<03:10, 10.61it/s, v_num=5-00]Epoch 1:   2%|▏         | 44/2063 [00:04<03:10, 10.61it/s, v_num=5-00]Epoch 1:   2%|▏         | 45/2063 [00:04<03:06, 10.84it/s, v_num=5-00]Epoch 1:   2%|▏         | 45/2063 [00:04<03:06, 10.84it/s, v_num=5-00]Epoch 1:   2%|▏         | 46/2063 [00:04<03:02, 11.07it/s, v_num=5-00]Epoch 1:   2%|▏         | 46/2063 [00:04<03:02, 11.06it/s, v_num=5-00]Epoch 1:   2%|▏         | 47/2063 [00:04<02:58, 11.29it/s, v_num=5-00]Epoch 1:   2%|▏         | 47/2063 [00:04<02:58, 11.29it/s, v_num=5-00]Epoch 1:   2%|▏         | 48/2063 [00:07<05:13,  6.44it/s, v_num=5-00]Epoch 1:   2%|▏         | 48/2063 [00:07<05:13,  6.44it/s, v_num=5-00]Epoch 1:   2%|▏         | 49/2063 [00:07<05:06,  6.56it/s, v_num=5-00]Epoch 1:   2%|▏         | 49/2063 [00:07<05:06,  6.56it/s, v_num=5-00]Epoch 1:   2%|▏         | 50/2063 [00:07<05:00,  6.69it/s, v_num=5-00]Epoch 1:   2%|▏         | 50/2063 [00:07<05:00,  6.69it/s, v_num=5-00]Epoch 1:   2%|▏         | 51/2063 [00:07<04:54,  6.82it/s, v_num=5-00]Epoch 1:   2%|▏         | 51/2063 [00:07<04:54,  6.82it/s, v_num=5-00]Epoch 1:   3%|▎         | 52/2063 [00:07<04:49,  6.95it/s, v_num=5-00]Epoch 1:   3%|▎         | 52/2063 [00:07<04:49,  6.95it/s, v_num=5-00]Epoch 1:   3%|▎         | 53/2063 [00:07<04:43,  7.08it/s, v_num=5-00]Epoch 1:   3%|▎         | 53/2063 [00:07<04:43,  7.08it/s, v_num=5-00]Epoch 1:   3%|▎         | 54/2063 [00:07<04:38,  7.21it/s, v_num=5-00]Epoch 1:   3%|▎         | 54/2063 [00:07<04:38,  7.21it/s, v_num=5-00]Epoch 1:   3%|▎         | 55/2063 [00:07<04:33,  7.33it/s, v_num=5-00]Epoch 1:   3%|▎         | 55/2063 [00:07<04:33,  7.33it/s, v_num=5-00]Epoch 1:   3%|▎         | 56/2063 [00:07<04:28,  7.46it/s, v_num=5-00]Epoch 1:   3%|▎         | 56/2063 [00:07<04:28,  7.46it/s, v_num=5-00]Epoch 1:   3%|▎         | 57/2063 [00:07<04:24,  7.59it/s, v_num=5-00]Epoch 1:   3%|▎         | 57/2063 [00:07<04:24,  7.59it/s, v_num=5-00]Epoch 1:   3%|▎         | 58/2063 [00:07<04:24,  7.59it/s, v_num=5-00]Epoch 1:   3%|▎         | 58/2063 [00:07<04:24,  7.59it/s, v_num=5-00]Epoch 1:   3%|▎         | 59/2063 [00:07<04:19,  7.72it/s, v_num=5-00]Epoch 1:   3%|▎         | 59/2063 [00:07<04:19,  7.72it/s, v_num=5-00]Epoch 1:   3%|▎         | 60/2063 [00:07<04:15,  7.84it/s, v_num=5-00]Epoch 1:   3%|▎         | 60/2063 [00:07<04:15,  7.84it/s, v_num=5-00]Epoch 1:   3%|▎         | 61/2063 [00:07<04:11,  7.97it/s, v_num=5-00]Epoch 1:   3%|▎         | 61/2063 [00:07<04:11,  7.97it/s, v_num=5-00]Epoch 1:   3%|▎         | 62/2063 [00:07<04:07,  8.09it/s, v_num=5-00]Epoch 1:   3%|▎         | 62/2063 [00:07<04:07,  8.09it/s, v_num=5-00]Epoch 1:   3%|▎         | 63/2063 [00:07<04:03,  8.22it/s, v_num=5-00]Epoch 1:   3%|▎         | 63/2063 [00:07<04:03,  8.22it/s, v_num=5-00]Epoch 1:   3%|▎         | 64/2063 [00:07<03:59,  8.34it/s, v_num=5-00]Epoch 1:   3%|▎         | 64/2063 [00:07<03:59,  8.34it/s, v_num=5-00]Epoch 1:   3%|▎         | 65/2063 [00:07<03:56,  8.46it/s, v_num=5-00]Epoch 1:   3%|▎         | 65/2063 [00:07<03:56,  8.46it/s, v_num=5-00]Epoch 1:   3%|▎         | 66/2063 [00:07<03:52,  8.59it/s, v_num=5-00]Epoch 1:   3%|▎         | 66/2063 [00:07<03:52,  8.59it/s, v_num=5-00]Epoch 1:   3%|▎         | 67/2063 [00:07<03:49,  8.71it/s, v_num=5-00]Epoch 1:   3%|▎         | 67/2063 [00:07<03:49,  8.71it/s, v_num=5-00]Epoch 1:   3%|▎         | 68/2063 [00:09<04:36,  7.21it/s, v_num=5-00]Epoch 1:   3%|▎         | 68/2063 [00:09<04:36,  7.21it/s, v_num=5-00]Epoch 1:   3%|▎         | 69/2063 [00:09<04:32,  7.31it/s, v_num=5-00]Epoch 1:   3%|▎         | 69/2063 [00:09<04:32,  7.31it/s, v_num=5-00]Epoch 1:   3%|▎         | 70/2063 [00:09<04:29,  7.41it/s, v_num=5-00]Epoch 1:   3%|▎         | 70/2063 [00:09<04:29,  7.41it/s, v_num=5-00]Epoch 1:   3%|▎         | 71/2063 [00:09<04:25,  7.51it/s, v_num=5-00]Epoch 1:   3%|▎         | 71/2063 [00:09<04:25,  7.51it/s, v_num=5-00]Epoch 1:   3%|▎         | 72/2063 [00:09<04:21,  7.61it/s, v_num=5-00]Epoch 1:   3%|▎         | 72/2063 [00:09<04:21,  7.61it/s, v_num=5-00]Epoch 1:   4%|▎         | 73/2063 [00:09<04:18,  7.71it/s, v_num=5-00]Epoch 1:   4%|▎         | 73/2063 [00:09<04:18,  7.71it/s, v_num=5-00]Epoch 1:   4%|▎         | 74/2063 [00:09<04:14,  7.81it/s, v_num=5-00]Epoch 1:   4%|▎         | 74/2063 [00:09<04:14,  7.81it/s, v_num=5-00]Epoch 1:   4%|▎         | 75/2063 [00:09<04:11,  7.91it/s, v_num=5-00]Epoch 1:   4%|▎         | 75/2063 [00:09<04:11,  7.91it/s, v_num=5-00]Epoch 1:   4%|▎         | 76/2063 [00:09<04:07,  8.01it/s, v_num=5-00]Epoch 1:   4%|▎         | 76/2063 [00:09<04:07,  8.01it/s, v_num=5-00]Epoch 1:   4%|▎         | 77/2063 [00:09<04:04,  8.12it/s, v_num=5-00]Epoch 1:   4%|▎         | 77/2063 [00:09<04:04,  8.12it/s, v_num=5-00]Epoch 1:   4%|▍         | 78/2063 [00:09<04:04,  8.11it/s, v_num=5-00]Epoch 1:   4%|▍         | 78/2063 [00:09<04:04,  8.11it/s, v_num=5-00]Epoch 1:   4%|▍         | 79/2063 [00:09<04:01,  8.21it/s, v_num=5-00]Epoch 1:   4%|▍         | 79/2063 [00:09<04:01,  8.21it/s, v_num=5-00]Epoch 1:   4%|▍         | 80/2063 [00:09<03:58,  8.31it/s, v_num=5-00]Epoch 1:   4%|▍         | 80/2063 [00:09<03:58,  8.31it/s, v_num=5-00]Epoch 1:   4%|▍         | 81/2063 [00:09<03:55,  8.40it/s, v_num=5-00]Epoch 1:   4%|▍         | 81/2063 [00:09<03:55,  8.40it/s, v_num=5-00]Epoch 1:   4%|▍         | 82/2063 [00:09<03:52,  8.50it/s, v_num=5-00]Epoch 1:   4%|▍         | 82/2063 [00:09<03:52,  8.50it/s, v_num=5-00]Epoch 1:   4%|▍         | 83/2063 [00:09<03:50,  8.60it/s, v_num=5-00]Epoch 1:   4%|▍         | 83/2063 [00:09<03:50,  8.60it/s, v_num=5-00]Epoch 1:   4%|▍         | 84/2063 [00:09<03:47,  8.70it/s, v_num=5-00]Epoch 1:   4%|▍         | 84/2063 [00:09<03:47,  8.70it/s, v_num=5-00]Epoch 1:   4%|▍         | 85/2063 [00:09<03:44,  8.80it/s, v_num=5-00]Epoch 1:   4%|▍         | 85/2063 [00:09<03:44,  8.80it/s, v_num=5-00]Epoch 1:   4%|▍         | 86/2063 [00:09<03:42,  8.90it/s, v_num=5-00]Epoch 1:   4%|▍         | 86/2063 [00:09<03:42,  8.90it/s, v_num=5-00]Epoch 1:   4%|▍         | 87/2063 [00:09<03:39,  9.00it/s, v_num=5-00]Epoch 1:   4%|▍         | 87/2063 [00:09<03:39,  9.00it/s, v_num=5-00]Epoch 1:   4%|▍         | 88/2063 [00:11<04:25,  7.44it/s, v_num=5-00]Epoch 1:   4%|▍         | 88/2063 [00:11<04:25,  7.44it/s, v_num=5-00]Epoch 1:   4%|▍         | 89/2063 [00:11<04:22,  7.52it/s, v_num=5-00]Epoch 1:   4%|▍         | 89/2063 [00:11<04:22,  7.52it/s, v_num=5-00]Epoch 1:   4%|▍         | 90/2063 [00:11<04:19,  7.61it/s, v_num=5-00]Epoch 1:   4%|▍         | 90/2063 [00:11<04:19,  7.61it/s, v_num=5-00]Epoch 1:   4%|▍         | 91/2063 [00:11<04:16,  7.69it/s, v_num=5-00]Epoch 1:   4%|▍         | 91/2063 [00:11<04:16,  7.69it/s, v_num=5-00]Epoch 1:   4%|▍         | 92/2063 [00:11<04:13,  7.77it/s, v_num=5-00]Epoch 1:   4%|▍         | 92/2063 [00:11<04:13,  7.77it/s, v_num=5-00]Epoch 1:   5%|▍         | 93/2063 [00:11<04:11,  7.85it/s, v_num=5-00]Epoch 1:   5%|▍         | 93/2063 [00:11<04:11,  7.85it/s, v_num=5-00]Epoch 1:   5%|▍         | 94/2063 [00:11<04:08,  7.93it/s, v_num=5-00]Epoch 1:   5%|▍         | 94/2063 [00:11<04:08,  7.93it/s, v_num=5-00]Epoch 1:   5%|▍         | 95/2063 [00:11<04:05,  8.01it/s, v_num=5-00]Epoch 1:   5%|▍         | 95/2063 [00:11<04:05,  8.01it/s, v_num=5-00]Epoch 1:   5%|▍         | 96/2063 [00:11<04:03,  8.09it/s, v_num=5-00]Epoch 1:   5%|▍         | 96/2063 [00:11<04:03,  8.09it/s, v_num=5-00]Epoch 1:   5%|▍         | 97/2063 [00:11<04:00,  8.17it/s, v_num=5-00]Epoch 1:   5%|▍         | 97/2063 [00:11<04:00,  8.17it/s, v_num=5-00]Epoch 1:   5%|▍         | 98/2063 [00:12<04:01,  8.14it/s, v_num=5-00]Epoch 1:   5%|▍         | 98/2063 [00:12<04:01,  8.14it/s, v_num=5-00]Epoch 1:   5%|▍         | 99/2063 [00:12<03:58,  8.22it/s, v_num=5-00]Epoch 1:   5%|▍         | 99/2063 [00:12<03:58,  8.22it/s, v_num=5-00]Epoch 1:   5%|▍         | 100/2063 [00:12<03:56,  8.30it/s, v_num=5-00]Epoch 1:   5%|▍         | 100/2063 [00:12<03:56,  8.30it/s, v_num=5-00]Epoch 1:   5%|▍         | 101/2063 [00:12<03:54,  8.38it/s, v_num=5-00]Epoch 1:   5%|▍         | 101/2063 [00:12<03:54,  8.38it/s, v_num=5-00]Epoch 1:   5%|▍         | 102/2063 [00:12<03:51,  8.46it/s, v_num=5-00]Epoch 1:   5%|▍         | 102/2063 [00:12<03:51,  8.46it/s, v_num=5-00]Epoch 1:   5%|▍         | 103/2063 [00:12<03:49,  8.53it/s, v_num=5-00]Epoch 1:   5%|▍         | 103/2063 [00:12<03:49,  8.53it/s, v_num=5-00]Epoch 1:   5%|▌         | 104/2063 [00:12<03:47,  8.61it/s, v_num=5-00]Epoch 1:   5%|▌         | 104/2063 [00:12<03:47,  8.61it/s, v_num=5-00]Epoch 1:   5%|▌         | 105/2063 [00:12<03:45,  8.69it/s, v_num=5-00]Epoch 1:   5%|▌         | 105/2063 [00:12<03:45,  8.69it/s, v_num=5-00]Epoch 1:   5%|▌         | 106/2063 [00:12<03:43,  8.77it/s, v_num=5-00]Epoch 1:   5%|▌         | 106/2063 [00:12<03:43,  8.77it/s, v_num=5-00]Epoch 1:   5%|▌         | 107/2063 [00:12<03:41,  8.85it/s, v_num=5-00]Epoch 1:   5%|▌         | 107/2063 [00:12<03:41,  8.85it/s, v_num=5-00]Epoch 1:   5%|▌         | 108/2063 [00:15<04:37,  7.04it/s, v_num=5-00]Epoch 1:   5%|▌         | 108/2063 [00:15<04:37,  7.04it/s, v_num=5-00]Epoch 1:   5%|▌         | 109/2063 [00:15<04:34,  7.11it/s, v_num=5-00]Epoch 1:   5%|▌         | 109/2063 [00:15<04:34,  7.11it/s, v_num=5-00]Epoch 1:   5%|▌         | 110/2063 [00:15<04:32,  7.17it/s, v_num=5-00]Epoch 1:   5%|▌         | 110/2063 [00:15<04:32,  7.17it/s, v_num=5-00]Epoch 1:   5%|▌         | 111/2063 [00:15<04:29,  7.23it/s, v_num=5-00]Epoch 1:   5%|▌         | 111/2063 [00:15<04:29,  7.23it/s, v_num=5-00]Epoch 1:   5%|▌         | 112/2063 [00:15<04:27,  7.29it/s, v_num=5-00]Epoch 1:   5%|▌         | 112/2063 [00:15<04:27,  7.29it/s, v_num=5-00]Epoch 1:   5%|▌         | 113/2063 [00:15<04:25,  7.36it/s, v_num=5-00]Epoch 1:   5%|▌         | 113/2063 [00:15<04:25,  7.36it/s, v_num=5-00]Epoch 1:   6%|▌         | 114/2063 [00:15<04:22,  7.42it/s, v_num=5-00]Epoch 1:   6%|▌         | 114/2063 [00:15<04:22,  7.42it/s, v_num=5-00]Epoch 1:   6%|▌         | 115/2063 [00:15<04:20,  7.48it/s, v_num=5-00]Epoch 1:   6%|▌         | 115/2063 [00:15<04:20,  7.48it/s, v_num=5-00]Epoch 1:   6%|▌         | 116/2063 [00:15<04:18,  7.54it/s, v_num=5-00]Epoch 1:   6%|▌         | 116/2063 [00:15<04:18,  7.54it/s, v_num=5-00]Epoch 1:   6%|▌         | 117/2063 [00:15<04:15,  7.61it/s, v_num=5-00]Epoch 1:   6%|▌         | 117/2063 [00:15<04:15,  7.61it/s, v_num=5-00]Epoch 1:   6%|▌         | 118/2063 [00:19<05:26,  5.96it/s, v_num=5-00]Epoch 1:   6%|▌         | 118/2063 [00:19<05:26,  5.96it/s, v_num=5-00]Epoch 1:   6%|▌         | 119/2063 [00:19<05:23,  6.01it/s, v_num=5-00]Epoch 1:   6%|▌         | 119/2063 [00:19<05:23,  6.01it/s, v_num=5-00]Epoch 1:   6%|▌         | 120/2063 [00:19<05:20,  6.06it/s, v_num=5-00]Epoch 1:   6%|▌         | 120/2063 [00:19<05:20,  6.06it/s, v_num=5-00]Epoch 1:   6%|▌         | 121/2063 [00:19<05:18,  6.11it/s, v_num=5-00]Epoch 1:   6%|▌         | 121/2063 [00:19<05:18,  6.11it/s, v_num=5-00]Epoch 1:   6%|▌         | 122/2063 [00:19<05:15,  6.16it/s, v_num=5-00]Epoch 1:   6%|▌         | 122/2063 [00:19<05:15,  6.16it/s, v_num=5-00]Epoch 1:   6%|▌         | 123/2063 [00:19<05:12,  6.20it/s, v_num=5-00]Epoch 1:   6%|▌         | 123/2063 [00:19<05:12,  6.20it/s, v_num=5-00]Epoch 1:   6%|▌         | 124/2063 [00:19<05:10,  6.25it/s, v_num=5-00]Epoch 1:   6%|▌         | 124/2063 [00:19<05:10,  6.25it/s, v_num=5-00]Epoch 1:   6%|▌         | 125/2063 [00:19<05:07,  6.30it/s, v_num=5-00]Epoch 1:   6%|▌         | 125/2063 [00:19<05:07,  6.30it/s, v_num=5-00]Epoch 1:   6%|▌         | 126/2063 [00:19<05:05,  6.35it/s, v_num=5-00]Epoch 1:   6%|▌         | 126/2063 [00:19<05:05,  6.35it/s, v_num=5-00]Epoch 1:   6%|▌         | 127/2063 [00:19<05:02,  6.40it/s, v_num=5-00]Epoch 1:   6%|▌         | 127/2063 [00:19<05:02,  6.40it/s, v_num=5-00]Epoch 1:   6%|▌         | 128/2063 [00:19<05:01,  6.41it/s, v_num=5-00]Epoch 1:   6%|▌         | 128/2063 [00:19<05:01,  6.41it/s, v_num=5-00]Epoch 1:   6%|▋         | 129/2063 [00:19<04:59,  6.46it/s, v_num=5-00]Epoch 1:   6%|▋         | 129/2063 [00:19<04:59,  6.46it/s, v_num=5-00]Epoch 1:   6%|▋         | 130/2063 [00:19<04:57,  6.51it/s, v_num=5-00]Epoch 1:   6%|▋         | 130/2063 [00:19<04:57,  6.51it/s, v_num=5-00]Epoch 1:   6%|▋         | 131/2063 [00:19<04:54,  6.55it/s, v_num=5-00]Epoch 1:   6%|▋         | 131/2063 [00:19<04:54,  6.55it/s, v_num=5-00]Epoch 1:   6%|▋         | 132/2063 [00:19<04:52,  6.60it/s, v_num=5-00]Epoch 1:   6%|▋         | 132/2063 [00:19<04:52,  6.60it/s, v_num=5-00]Epoch 1:   6%|▋         | 133/2063 [00:20<04:50,  6.65it/s, v_num=5-00]Epoch 1:   6%|▋         | 133/2063 [00:20<04:50,  6.65it/s, v_num=5-00]Epoch 1:   6%|▋         | 134/2063 [00:20<04:47,  6.70it/s, v_num=5-00]Epoch 1:   6%|▋         | 134/2063 [00:20<04:47,  6.70it/s, v_num=5-00]Epoch 1:   7%|▋         | 135/2063 [00:20<04:45,  6.75it/s, v_num=5-00]Epoch 1:   7%|▋         | 135/2063 [00:20<04:45,  6.75it/s, v_num=5-00]Epoch 1:   7%|▋         | 136/2063 [00:20<04:43,  6.79it/s, v_num=5-00]Epoch 1:   7%|▋         | 136/2063 [00:20<04:43,  6.79it/s, v_num=5-00]Epoch 1:   7%|▋         | 137/2063 [00:20<04:41,  6.84it/s, v_num=5-00]Epoch 1:   7%|▋         | 137/2063 [00:20<04:41,  6.84it/s, v_num=5-00]Epoch 1:   7%|▋         | 138/2063 [00:20<04:41,  6.85it/s, v_num=5-00]Epoch 1:   7%|▋         | 138/2063 [00:20<04:41,  6.85it/s, v_num=5-00]Epoch 1:   7%|▋         | 139/2063 [00:20<04:39,  6.90it/s, v_num=5-00]Epoch 1:   7%|▋         | 139/2063 [00:20<04:39,  6.90it/s, v_num=5-00]Epoch 1:   7%|▋         | 140/2063 [00:20<04:36,  6.94it/s, v_num=5-00]Epoch 1:   7%|▋         | 140/2063 [00:20<04:36,  6.94it/s, v_num=5-00]Epoch 1:   7%|▋         | 141/2063 [00:20<04:34,  6.99it/s, v_num=5-00]Epoch 1:   7%|▋         | 141/2063 [00:20<04:34,  6.99it/s, v_num=5-00]Epoch 1:   7%|▋         | 142/2063 [00:20<04:32,  7.04it/s, v_num=5-00]Epoch 1:   7%|▋         | 142/2063 [00:20<04:32,  7.04it/s, v_num=5-00]Epoch 1:   7%|▋         | 143/2063 [00:20<04:30,  7.09it/s, v_num=5-00]Epoch 1:   7%|▋         | 143/2063 [00:20<04:30,  7.09it/s, v_num=5-00]Epoch 1:   7%|▋         | 144/2063 [00:20<04:28,  7.13it/s, v_num=5-00]Epoch 1:   7%|▋         | 144/2063 [00:20<04:28,  7.13it/s, v_num=5-00]Epoch 1:   7%|▋         | 145/2063 [00:20<04:27,  7.18it/s, v_num=5-00]Epoch 1:   7%|▋         | 145/2063 [00:20<04:27,  7.18it/s, v_num=5-00]Epoch 1:   7%|▋         | 146/2063 [00:20<04:25,  7.23it/s, v_num=5-00]Epoch 1:   7%|▋         | 146/2063 [00:20<04:25,  7.23it/s, v_num=5-00]Epoch 1:   7%|▋         | 147/2063 [00:20<04:23,  7.28it/s, v_num=5-00]Epoch 1:   7%|▋         | 147/2063 [00:20<04:23,  7.28it/s, v_num=5-00]Epoch 1:   7%|▋         | 148/2063 [00:25<05:31,  5.77it/s, v_num=5-00]Epoch 1:   7%|▋         | 148/2063 [00:25<05:31,  5.77it/s, v_num=5-00]Epoch 1:   7%|▋         | 149/2063 [00:25<05:29,  5.81it/s, v_num=5-00]Epoch 1:   7%|▋         | 149/2063 [00:25<05:29,  5.81it/s, v_num=5-00]Epoch 1:   7%|▋         | 150/2063 [00:25<05:27,  5.85it/s, v_num=5-00]Epoch 1:   7%|▋         | 150/2063 [00:25<05:27,  5.85it/s, v_num=5-00]Epoch 1:   7%|▋         | 151/2063 [00:25<05:24,  5.88it/s, v_num=5-00]Epoch 1:   7%|▋         | 151/2063 [00:25<05:24,  5.88it/s, v_num=5-00]Epoch 1:   7%|▋         | 152/2063 [00:25<05:22,  5.92it/s, v_num=5-00]Epoch 1:   7%|▋         | 152/2063 [00:25<05:22,  5.92it/s, v_num=5-00]Epoch 1:   7%|▋         | 153/2063 [00:25<05:20,  5.96it/s, v_num=5-00]Epoch 1:   7%|▋         | 153/2063 [00:25<05:20,  5.96it/s, v_num=5-00]Epoch 1:   7%|▋         | 154/2063 [00:25<05:18,  6.00it/s, v_num=5-00]Epoch 1:   7%|▋         | 154/2063 [00:25<05:18,  6.00it/s, v_num=5-00]Epoch 1:   8%|▊         | 155/2063 [00:25<05:16,  6.03it/s, v_num=5-00]Epoch 1:   8%|▊         | 155/2063 [00:25<05:16,  6.03it/s, v_num=5-00]Epoch 1:   8%|▊         | 156/2063 [00:25<05:14,  6.07it/s, v_num=5-00]Epoch 1:   8%|▊         | 156/2063 [00:25<05:14,  6.07it/s, v_num=5-00]Epoch 1:   8%|▊         | 157/2063 [00:25<05:11,  6.11it/s, v_num=5-00]Epoch 1:   8%|▊         | 157/2063 [00:25<05:11,  6.11it/s, v_num=5-00]Epoch 1:   8%|▊         | 158/2063 [00:25<05:11,  6.12it/s, v_num=5-00]Epoch 1:   8%|▊         | 158/2063 [00:25<05:11,  6.12it/s, v_num=5-00]Epoch 1:   8%|▊         | 159/2063 [00:25<05:09,  6.15it/s, v_num=5-00]Epoch 1:   8%|▊         | 159/2063 [00:25<05:09,  6.15it/s, v_num=5-00]Epoch 1:   8%|▊         | 160/2063 [00:25<05:07,  6.19it/s, v_num=5-00]Epoch 1:   8%|▊         | 160/2063 [00:25<05:07,  6.19it/s, v_num=5-00]Epoch 1:   8%|▊         | 161/2063 [00:25<05:05,  6.23it/s, v_num=5-00]Epoch 1:   8%|▊         | 161/2063 [00:25<05:05,  6.23it/s, v_num=5-00]Epoch 1:   8%|▊         | 162/2063 [00:25<05:03,  6.27it/s, v_num=5-00]Epoch 1:   8%|▊         | 162/2063 [00:25<05:03,  6.27it/s, v_num=5-00]Epoch 1:   8%|▊         | 163/2063 [00:25<05:01,  6.30it/s, v_num=5-00]Epoch 1:   8%|▊         | 163/2063 [00:25<05:01,  6.30it/s, v_num=5-00]Epoch 1:   8%|▊         | 164/2063 [00:25<04:59,  6.34it/s, v_num=5-00]Epoch 1:   8%|▊         | 164/2063 [00:25<04:59,  6.34it/s, v_num=5-00]Epoch 1:   8%|▊         | 165/2063 [00:25<04:57,  6.38it/s, v_num=5-00]Epoch 1:   8%|▊         | 165/2063 [00:25<04:57,  6.38it/s, v_num=5-00]Epoch 1:   8%|▊         | 166/2063 [00:25<04:55,  6.42it/s, v_num=5-00]Epoch 1:   8%|▊         | 166/2063 [00:25<04:55,  6.41it/s, v_num=5-00]Epoch 1:   8%|▊         | 167/2063 [00:25<04:53,  6.45it/s, v_num=5-00]Epoch 1:   8%|▊         | 167/2063 [00:25<04:53,  6.45it/s, v_num=5-00]Epoch 1:   8%|▊         | 168/2063 [00:36<06:46,  4.66it/s, v_num=5-00]Epoch 1:   8%|▊         | 168/2063 [00:36<06:46,  4.66it/s, v_num=5-00]Epoch 1:   8%|▊         | 169/2063 [00:36<06:44,  4.69it/s, v_num=5-00]Epoch 1:   8%|▊         | 169/2063 [00:36<06:44,  4.69it/s, v_num=5-00]Epoch 1:   8%|▊         | 170/2063 [00:36<06:41,  4.71it/s, v_num=5-00]Epoch 1:   8%|▊         | 170/2063 [00:36<06:41,  4.71it/s, v_num=5-00]Epoch 1:   8%|▊         | 171/2063 [00:36<06:39,  4.74it/s, v_num=5-00]Epoch 1:   8%|▊         | 171/2063 [00:36<06:39,  4.74it/s, v_num=5-00]Epoch 1:   8%|▊         | 172/2063 [00:36<06:36,  4.77it/s, v_num=5-00]Epoch 1:   8%|▊         | 172/2063 [00:36<06:36,  4.77it/s, v_num=5-00]Epoch 1:   8%|▊         | 173/2063 [00:36<06:34,  4.80it/s, v_num=5-00]Epoch 1:   8%|▊         | 173/2063 [00:36<06:34,  4.80it/s, v_num=5-00]Epoch 1:   8%|▊         | 174/2063 [00:36<06:31,  4.82it/s, v_num=5-00]Epoch 1:   8%|▊         | 174/2063 [00:36<06:31,  4.82it/s, v_num=5-00]Epoch 1:   8%|▊         | 175/2063 [00:36<06:29,  4.85it/s, v_num=5-00]Epoch 1:   8%|▊         | 175/2063 [00:36<06:29,  4.85it/s, v_num=5-00]Epoch 1:   9%|▊         | 176/2063 [00:36<06:26,  4.88it/s, v_num=5-00]Epoch 1:   9%|▊         | 176/2063 [00:36<06:26,  4.88it/s, v_num=5-00]Epoch 1:   9%|▊         | 177/2063 [00:36<06:24,  4.90it/s, v_num=5-00]Epoch 1:   9%|▊         | 177/2063 [00:36<06:24,  4.90it/s, v_num=5-00]Epoch 1:   9%|▊         | 178/2063 [00:36<06:23,  4.91it/s, v_num=5-00]Epoch 1:   9%|▊         | 178/2063 [00:36<06:23,  4.91it/s, v_num=5-00]Epoch 1:   9%|▊         | 179/2063 [00:36<06:21,  4.94it/s, v_num=5-00]Epoch 1:   9%|▊         | 179/2063 [00:36<06:21,  4.94it/s, v_num=5-00]Epoch 1:   9%|▊         | 180/2063 [00:36<06:19,  4.97it/s, v_num=5-00]Epoch 1:   9%|▊         | 180/2063 [00:36<06:19,  4.97it/s, v_num=5-00]Epoch 1:   9%|▉         | 181/2063 [00:36<06:16,  4.99it/s, v_num=5-00]Epoch 1:   9%|▉         | 181/2063 [00:36<06:16,  4.99it/s, v_num=5-00]Epoch 1:   9%|▉         | 182/2063 [00:36<06:14,  5.02it/s, v_num=5-00]Epoch 1:   9%|▉         | 182/2063 [00:36<06:14,  5.02it/s, v_num=5-00]Epoch 1:   9%|▉         | 183/2063 [00:36<06:12,  5.05it/s, v_num=5-00]Epoch 1:   9%|▉         | 183/2063 [00:36<06:12,  5.05it/s, v_num=5-00]Epoch 1:   9%|▉         | 184/2063 [00:36<06:10,  5.07it/s, v_num=5-00]Epoch 1:   9%|▉         | 184/2063 [00:36<06:10,  5.07it/s, v_num=5-00]Epoch 1:   9%|▉         | 185/2063 [00:36<06:08,  5.10it/s, v_num=5-00]Epoch 1:   9%|▉         | 185/2063 [00:36<06:08,  5.10it/s, v_num=5-00]Epoch 1:   9%|▉         | 186/2063 [00:36<06:06,  5.13it/s, v_num=5-00]Epoch 1:   9%|▉         | 186/2063 [00:36<06:06,  5.13it/s, v_num=5-00]Epoch 1:   9%|▉         | 187/2063 [00:36<06:03,  5.15it/s, v_num=5-00]Epoch 1:   9%|▉         | 187/2063 [00:36<06:03,  5.15it/s, v_num=5-00]Epoch 1:   9%|▉         | 188/2063 [00:37<06:15,  4.99it/s, v_num=5-00]Epoch 1:   9%|▉         | 188/2063 [00:37<06:15,  4.99it/s, v_num=5-00]Epoch 1:   9%|▉         | 189/2063 [00:37<06:13,  5.02it/s, v_num=5-00]Epoch 1:   9%|▉         | 189/2063 [00:37<06:13,  5.02it/s, v_num=5-00]Epoch 1:   9%|▉         | 190/2063 [00:37<06:11,  5.05it/s, v_num=5-00]Epoch 1:   9%|▉         | 190/2063 [00:37<06:11,  5.05it/s, v_num=5-00]Epoch 1:   9%|▉         | 191/2063 [00:37<06:09,  5.07it/s, v_num=5-00]Epoch 1:   9%|▉         | 191/2063 [00:37<06:09,  5.07it/s, v_num=5-00]Epoch 1:   9%|▉         | 192/2063 [00:37<06:07,  5.10it/s, v_num=5-00]Epoch 1:   9%|▉         | 192/2063 [00:37<06:07,  5.10it/s, v_num=5-00]Epoch 1:   9%|▉         | 193/2063 [00:37<06:05,  5.12it/s, v_num=5-00]Epoch 1:   9%|▉         | 193/2063 [00:37<06:05,  5.12it/s, v_num=5-00]Epoch 1:   9%|▉         | 194/2063 [00:37<06:03,  5.15it/s, v_num=5-00]Epoch 1:   9%|▉         | 194/2063 [00:37<06:03,  5.15it/s, v_num=5-00]Epoch 1:   9%|▉         | 195/2063 [00:37<06:01,  5.17it/s, v_num=5-00]Epoch 1:   9%|▉         | 195/2063 [00:37<06:01,  5.17it/s, v_num=5-00]Epoch 1:  10%|▉         | 196/2063 [00:37<05:59,  5.20it/s, v_num=5-00]Epoch 1:  10%|▉         | 196/2063 [00:37<05:59,  5.20it/s, v_num=5-00]Epoch 1:  10%|▉         | 197/2063 [00:37<05:57,  5.23it/s, v_num=5-00]Epoch 1:  10%|▉         | 197/2063 [00:37<05:57,  5.23it/s, v_num=5-00]Epoch 1:  10%|▉         | 198/2063 [00:39<06:14,  4.98it/s, v_num=5-00]Epoch 1:  10%|▉         | 198/2063 [00:39<06:14,  4.98it/s, v_num=5-00]Epoch 1:  10%|▉         | 199/2063 [00:39<06:12,  5.01it/s, v_num=5-00]Epoch 1:  10%|▉         | 199/2063 [00:39<06:12,  5.01it/s, v_num=5-00]Epoch 1:  10%|▉         | 200/2063 [00:39<06:10,  5.03it/s, v_num=5-00]Epoch 1:  10%|▉         | 200/2063 [00:39<06:10,  5.03it/s, v_num=5-00]Epoch 1:  10%|▉         | 201/2063 [00:39<06:08,  5.06it/s, v_num=5-00]Epoch 1:  10%|▉         | 201/2063 [00:39<06:08,  5.06it/s, v_num=5-00]Epoch 1:  10%|▉         | 202/2063 [00:39<06:06,  5.08it/s, v_num=5-00]Epoch 1:  10%|▉         | 202/2063 [00:39<06:06,  5.08it/s, v_num=5-00]Epoch 1:  10%|▉         | 203/2063 [00:39<06:04,  5.10it/s, v_num=5-00]Epoch 1:  10%|▉         | 203/2063 [00:39<06:04,  5.10it/s, v_num=5-00]Epoch 1:  10%|▉         | 204/2063 [00:39<06:02,  5.13it/s, v_num=5-00]Epoch 1:  10%|▉         | 204/2063 [00:39<06:02,  5.13it/s, v_num=5-00]Epoch 1:  10%|▉         | 205/2063 [00:39<06:00,  5.15it/s, v_num=5-00]Epoch 1:  10%|▉         | 205/2063 [00:39<06:00,  5.15it/s, v_num=5-00]Epoch 1:  10%|▉         | 206/2063 [00:39<05:58,  5.18it/s, v_num=5-00]Epoch 1:  10%|▉         | 206/2063 [00:39<05:58,  5.18it/s, v_num=5-00]Epoch 1:  10%|█         | 207/2063 [00:39<05:56,  5.20it/s, v_num=5-00]Epoch 1:  10%|█         | 207/2063 [00:39<05:56,  5.20it/s, v_num=5-00]Epoch 1:  10%|█         | 208/2063 [00:39<05:56,  5.21it/s, v_num=5-00]Epoch 1:  10%|█         | 208/2063 [00:39<05:56,  5.21it/s, v_num=5-00]Epoch 1:  10%|█         | 209/2063 [00:39<05:54,  5.23it/s, v_num=5-00]Epoch 1:  10%|█         | 209/2063 [00:39<05:54,  5.23it/s, v_num=5-00]Epoch 1:  10%|█         | 210/2063 [00:39<05:52,  5.26it/s, v_num=5-00]Epoch 1:  10%|█         | 210/2063 [00:39<05:52,  5.26it/s, v_num=5-00]Epoch 1:  10%|█         | 211/2063 [00:39<05:50,  5.28it/s, v_num=5-00]Epoch 1:  10%|█         | 211/2063 [00:39<05:50,  5.28it/s, v_num=5-00]Epoch 1:  10%|█         | 212/2063 [00:39<05:48,  5.31it/s, v_num=5-00]Epoch 1:  10%|█         | 212/2063 [00:39<05:48,  5.31it/s, v_num=5-00]Epoch 1:  10%|█         | 213/2063 [00:39<05:46,  5.33it/s, v_num=5-00]Epoch 1:  10%|█         | 213/2063 [00:39<05:46,  5.33it/s, v_num=5-00]Epoch 1:  10%|█         | 214/2063 [00:39<05:45,  5.36it/s, v_num=5-00]Epoch 1:  10%|█         | 214/2063 [00:39<05:45,  5.36it/s, v_num=5-00]Epoch 1:  10%|█         | 215/2063 [00:39<05:43,  5.38it/s, v_num=5-00]Epoch 1:  10%|█         | 215/2063 [00:39<05:43,  5.38it/s, v_num=5-00]Epoch 1:  10%|█         | 216/2063 [00:39<05:41,  5.40it/s, v_num=5-00]Epoch 1:  10%|█         | 216/2063 [00:39<05:41,  5.40it/s, v_num=5-00]Epoch 1:  11%|█         | 217/2063 [00:39<05:40,  5.43it/s, v_num=5-00]Epoch 1:  11%|█         | 217/2063 [00:39<05:40,  5.43it/s, v_num=5-00]Epoch 1:  11%|█         | 218/2063 [00:41<05:54,  5.20it/s, v_num=5-00]Epoch 1:  11%|█         | 218/2063 [00:41<05:54,  5.20it/s, v_num=5-00]Epoch 1:  11%|█         | 219/2063 [00:41<05:52,  5.23it/s, v_num=5-00]Epoch 1:  11%|█         | 219/2063 [00:41<05:52,  5.23it/s, v_num=5-00]Epoch 1:  11%|█         | 220/2063 [00:41<05:51,  5.25it/s, v_num=5-00]Epoch 1:  11%|█         | 220/2063 [00:41<05:51,  5.25it/s, v_num=5-00]Epoch 1:  11%|█         | 221/2063 [00:41<05:49,  5.27it/s, v_num=5-00]Epoch 1:  11%|█         | 221/2063 [00:41<05:49,  5.27it/s, v_num=5-00]Epoch 1:  11%|█         | 222/2063 [00:41<05:47,  5.30it/s, v_num=5-00]Epoch 1:  11%|█         | 222/2063 [00:41<05:47,  5.30it/s, v_num=5-00]Epoch 1:  11%|█         | 223/2063 [00:41<05:45,  5.32it/s, v_num=5-00]Epoch 1:  11%|█         | 223/2063 [00:41<05:45,  5.32it/s, v_num=5-00]Epoch 1:  11%|█         | 224/2063 [00:41<05:44,  5.34it/s, v_num=5-00]Epoch 1:  11%|█         | 224/2063 [00:41<05:44,  5.34it/s, v_num=5-00]Epoch 1:  11%|█         | 225/2063 [00:41<05:42,  5.37it/s, v_num=5-00]Epoch 1:  11%|█         | 225/2063 [00:41<05:42,  5.37it/s, v_num=5-00]Epoch 1:  11%|█         | 226/2063 [00:41<05:40,  5.39it/s, v_num=5-00]Epoch 1:  11%|█         | 226/2063 [00:41<05:40,  5.39it/s, v_num=5-00]Epoch 1:  11%|█         | 227/2063 [00:41<05:39,  5.41it/s, v_num=5-00]Epoch 1:  11%|█         | 227/2063 [00:41<05:39,  5.41it/s, v_num=5-00]Epoch 1:  11%|█         | 228/2063 [00:42<05:38,  5.42it/s, v_num=5-00]Epoch 1:  11%|█         | 228/2063 [00:42<05:38,  5.42it/s, v_num=5-00]Epoch 1:  11%|█         | 229/2063 [00:42<05:37,  5.44it/s, v_num=5-00]Epoch 1:  11%|█         | 229/2063 [00:42<05:37,  5.44it/s, v_num=5-00]Epoch 1:  11%|█         | 230/2063 [00:42<05:35,  5.46it/s, v_num=5-00]Epoch 1:  11%|█         | 230/2063 [00:42<05:35,  5.46it/s, v_num=5-00]Epoch 1:  11%|█         | 231/2063 [00:42<05:33,  5.49it/s, v_num=5-00]Epoch 1:  11%|█         | 231/2063 [00:42<05:33,  5.49it/s, v_num=5-00]Epoch 1:  11%|█         | 232/2063 [00:42<05:32,  5.51it/s, v_num=5-00]Epoch 1:  11%|█         | 232/2063 [00:42<05:32,  5.51it/s, v_num=5-00]Epoch 1:  11%|█▏        | 233/2063 [00:42<05:30,  5.53it/s, v_num=5-00]Epoch 1:  11%|█▏        | 233/2063 [00:42<05:30,  5.53it/s, v_num=5-00]Epoch 1:  11%|█▏        | 234/2063 [00:42<05:29,  5.56it/s, v_num=5-00]Epoch 1:  11%|█▏        | 234/2063 [00:42<05:29,  5.56it/s, v_num=5-00]Epoch 1:  11%|█▏        | 235/2063 [00:42<05:27,  5.58it/s, v_num=5-00]Epoch 1:  11%|█▏        | 235/2063 [00:42<05:27,  5.58it/s, v_num=5-00]Epoch 1:  11%|█▏        | 236/2063 [00:42<05:26,  5.60it/s, v_num=5-00]Epoch 1:  11%|█▏        | 236/2063 [00:42<05:26,  5.60it/s, v_num=5-00]Epoch 1:  11%|█▏        | 237/2063 [00:42<05:24,  5.63it/s, v_num=5-00]Epoch 1:  11%|█▏        | 237/2063 [00:42<05:24,  5.63it/s, v_num=5-00]Epoch 1:  12%|█▏        | 238/2063 [00:43<05:37,  5.41it/s, v_num=5-00]Epoch 1:  12%|█▏        | 238/2063 [00:43<05:37,  5.41it/s, v_num=5-00]Epoch 1:  12%|█▏        | 239/2063 [00:43<05:35,  5.44it/s, v_num=5-00]Epoch 1:  12%|█▏        | 239/2063 [00:43<05:35,  5.44it/s, v_num=5-00]Epoch 1:  12%|█▏        | 240/2063 [00:43<05:34,  5.46it/s, v_num=5-00]Epoch 1:  12%|█▏        | 240/2063 [00:43<05:34,  5.46it/s, v_num=5-00]Epoch 1:  12%|█▏        | 241/2063 [00:43<05:32,  5.48it/s, v_num=5-00]Epoch 1:  12%|█▏        | 241/2063 [00:43<05:32,  5.48it/s, v_num=5-00]Epoch 1:  12%|█▏        | 242/2063 [00:43<05:31,  5.50it/s, v_num=5-00]Epoch 1:  12%|█▏        | 242/2063 [00:43<05:31,  5.50it/s, v_num=5-00]Epoch 1:  12%|█▏        | 243/2063 [00:43<05:29,  5.52it/s, v_num=5-00]Epoch 1:  12%|█▏        | 243/2063 [00:43<05:29,  5.52it/s, v_num=5-00]Epoch 1:  12%|█▏        | 244/2063 [00:44<05:28,  5.55it/s, v_num=5-00]Epoch 1:  12%|█▏        | 244/2063 [00:44<05:28,  5.55it/s, v_num=5-00]Epoch 1:  12%|█▏        | 245/2063 [00:44<05:26,  5.57it/s, v_num=5-00]Epoch 1:  12%|█▏        | 245/2063 [00:44<05:26,  5.57it/s, v_num=5-00]Epoch 1:  12%|█▏        | 246/2063 [00:44<05:25,  5.59it/s, v_num=5-00]Epoch 1:  12%|█▏        | 246/2063 [00:44<05:25,  5.59it/s, v_num=5-00]Epoch 1:  12%|█▏        | 247/2063 [00:44<05:23,  5.61it/s, v_num=5-00]Epoch 1:  12%|█▏        | 247/2063 [00:44<05:23,  5.61it/s, v_num=5-00]Epoch 1:  12%|█▏        | 248/2063 [00:44<05:23,  5.62it/s, v_num=5-00]Epoch 1:  12%|█▏        | 248/2063 [00:44<05:23,  5.62it/s, v_num=5-00]Epoch 1:  12%|█▏        | 249/2063 [00:44<05:21,  5.64it/s, v_num=5-00]Epoch 1:  12%|█▏        | 249/2063 [00:44<05:21,  5.64it/s, v_num=5-00]Epoch 1:  12%|█▏        | 250/2063 [00:44<05:20,  5.66it/s, v_num=5-00]Epoch 1:  12%|█▏        | 250/2063 [00:44<05:20,  5.66it/s, v_num=5-00]Epoch 1:  12%|█▏        | 251/2063 [00:44<05:18,  5.68it/s, v_num=5-00]Epoch 1:  12%|█▏        | 251/2063 [00:44<05:18,  5.68it/s, v_num=5-00]Epoch 1:  12%|█▏        | 252/2063 [00:44<05:17,  5.70it/s, v_num=5-00]Epoch 1:  12%|█▏        | 252/2063 [00:44<05:17,  5.70it/s, v_num=5-00]Epoch 1:  12%|█▏        | 253/2063 [00:44<05:16,  5.73it/s, v_num=5-00]Epoch 1:  12%|█▏        | 253/2063 [00:44<05:16,  5.73it/s, v_num=5-00]Epoch 1:  12%|█▏        | 254/2063 [00:44<05:14,  5.75it/s, v_num=5-00]Epoch 1:  12%|█▏        | 254/2063 [00:44<05:14,  5.75it/s, v_num=5-00]Epoch 1:  12%|█▏        | 255/2063 [00:44<05:13,  5.77it/s, v_num=5-00]Epoch 1:  12%|█▏        | 255/2063 [00:44<05:13,  5.77it/s, v_num=5-00]Epoch 1:  12%|█▏        | 256/2063 [00:44<05:11,  5.79it/s, v_num=5-00]Epoch 1:  12%|█▏        | 256/2063 [00:44<05:11,  5.79it/s, v_num=5-00]Epoch 1:  12%|█▏        | 257/2063 [00:44<05:10,  5.81it/s, v_num=5-00]Epoch 1:  12%|█▏        | 257/2063 [00:44<05:10,  5.81it/s, v_num=5-00]Epoch 1:  13%|█▎        | 258/2063 [00:48<05:36,  5.36it/s, v_num=5-00]Epoch 1:  13%|█▎        | 258/2063 [00:48<05:36,  5.36it/s, v_num=5-00]Epoch 1:  13%|█▎        | 259/2063 [00:48<05:35,  5.38it/s, v_num=5-00]Epoch 1:  13%|█▎        | 259/2063 [00:48<05:35,  5.38it/s, v_num=5-00]Epoch 1:  13%|█▎        | 260/2063 [00:48<05:33,  5.40it/s, v_num=5-00]Epoch 1:  13%|█▎        | 260/2063 [00:48<05:33,  5.40it/s, v_num=5-00]Epoch 1:  13%|█▎        | 261/2063 [00:48<05:32,  5.42it/s, v_num=5-00]Epoch 1:  13%|█▎        | 261/2063 [00:48<05:32,  5.42it/s, v_num=5-00]Epoch 1:  13%|█▎        | 262/2063 [00:48<05:31,  5.44it/s, v_num=5-00]Epoch 1:  13%|█▎        | 262/2063 [00:48<05:31,  5.44it/s, v_num=5-00]Epoch 1:  13%|█▎        | 263/2063 [00:48<05:29,  5.46it/s, v_num=5-00]Epoch 1:  13%|█▎        | 263/2063 [00:48<05:29,  5.46it/s, v_num=5-00]Epoch 1:  13%|█▎        | 264/2063 [00:48<05:28,  5.48it/s, v_num=5-00]Epoch 1:  13%|█▎        | 264/2063 [00:48<05:28,  5.48it/s, v_num=5-00]Epoch 1:  13%|█▎        | 265/2063 [00:48<05:26,  5.50it/s, v_num=5-00]Epoch 1:  13%|█▎        | 265/2063 [00:48<05:26,  5.50it/s, v_num=5-00]Epoch 1:  13%|█▎        | 266/2063 [00:48<05:25,  5.52it/s, v_num=5-00]Epoch 1:  13%|█▎        | 266/2063 [00:48<05:25,  5.52it/s, v_num=5-00]Epoch 1:  13%|█▎        | 267/2063 [00:48<05:24,  5.54it/s, v_num=5-00]Epoch 1:  13%|█▎        | 267/2063 [00:48<05:24,  5.54it/s, v_num=5-00]Epoch 1:  13%|█▎        | 268/2063 [00:51<05:43,  5.22it/s, v_num=5-00]Epoch 1:  13%|█▎        | 268/2063 [00:51<05:43,  5.22it/s, v_num=5-00]Epoch 1:  13%|█▎        | 269/2063 [00:51<05:42,  5.24it/s, v_num=5-00]Epoch 1:  13%|█▎        | 269/2063 [00:51<05:42,  5.24it/s, v_num=5-00]Epoch 1:  13%|█▎        | 270/2063 [00:51<05:40,  5.26it/s, v_num=5-00]Epoch 1:  13%|█▎        | 270/2063 [00:51<05:40,  5.26it/s, v_num=5-00]Epoch 1:  13%|█▎        | 271/2063 [00:51<05:39,  5.28it/s, v_num=5-00]Epoch 1:  13%|█▎        | 271/2063 [00:51<05:39,  5.28it/s, v_num=5-00]Epoch 1:  13%|█▎        | 272/2063 [00:51<05:38,  5.30it/s, v_num=5-00]Epoch 1:  13%|█▎        | 272/2063 [00:51<05:38,  5.30it/s, v_num=5-00]Epoch 1:  13%|█▎        | 273/2063 [00:51<05:36,  5.32it/s, v_num=5-00]Epoch 1:  13%|█▎        | 273/2063 [00:51<05:36,  5.32it/s, v_num=5-00]Epoch 1:  13%|█▎        | 274/2063 [00:51<05:35,  5.33it/s, v_num=5-00]Epoch 1:  13%|█▎        | 274/2063 [00:51<05:35,  5.33it/s, v_num=5-00]Epoch 1:  13%|█▎        | 275/2063 [00:51<05:33,  5.35it/s, v_num=5-00]Epoch 1:  13%|█▎        | 275/2063 [00:51<05:33,  5.35it/s, v_num=5-00]Epoch 1:  13%|█▎        | 276/2063 [00:51<05:32,  5.37it/s, v_num=5-00]Epoch 1:  13%|█▎        | 276/2063 [00:51<05:32,  5.37it/s, v_num=5-00]Epoch 1:  13%|█▎        | 277/2063 [00:51<05:31,  5.39it/s, v_num=5-00]Epoch 1:  13%|█▎        | 277/2063 [00:51<05:31,  5.39it/s, v_num=5-00]Epoch 1:  13%|█▎        | 278/2063 [00:52<05:39,  5.26it/s, v_num=5-00]Epoch 1:  13%|█▎        | 278/2063 [00:52<05:39,  5.26it/s, v_num=5-00]Epoch 1:  14%|█▎        | 279/2063 [00:52<05:38,  5.28it/s, v_num=5-00]Epoch 1:  14%|█▎        | 279/2063 [00:52<05:38,  5.28it/s, v_num=5-00]Epoch 1:  14%|█▎        | 280/2063 [00:52<05:36,  5.29it/s, v_num=5-00]Epoch 1:  14%|█▎        | 280/2063 [00:52<05:36,  5.29it/s, v_num=5-00]Epoch 1:  14%|█▎        | 281/2063 [00:52<05:35,  5.31it/s, v_num=5-00]Epoch 1:  14%|█▎        | 281/2063 [00:52<05:35,  5.31it/s, v_num=5-00]Epoch 1:  14%|█▎        | 282/2063 [00:52<05:34,  5.33it/s, v_num=5-00]Epoch 1:  14%|█▎        | 282/2063 [00:52<05:34,  5.33it/s, v_num=5-00]Epoch 1:  14%|█▎        | 283/2063 [00:52<05:32,  5.35it/s, v_num=5-00]Epoch 1:  14%|█▎        | 283/2063 [00:52<05:32,  5.35it/s, v_num=5-00]Epoch 1:  14%|█▍        | 284/2063 [00:52<05:31,  5.37it/s, v_num=5-00]Epoch 1:  14%|█▍        | 284/2063 [00:52<05:31,  5.37it/s, v_num=5-00]Epoch 1:  14%|█▍        | 285/2063 [00:52<05:30,  5.39it/s, v_num=5-00]Epoch 1:  14%|█▍        | 285/2063 [00:52<05:30,  5.39it/s, v_num=5-00]Epoch 1:  14%|█▍        | 286/2063 [00:52<05:28,  5.40it/s, v_num=5-00]Epoch 1:  14%|█▍        | 286/2063 [00:52<05:28,  5.40it/s, v_num=5-00]Epoch 1:  14%|█▍        | 287/2063 [00:52<05:27,  5.42it/s, v_num=5-00]Epoch 1:  14%|█▍        | 287/2063 [00:52<05:27,  5.42it/s, v_num=5-00]Epoch 1:  14%|█▍        | 288/2063 [00:53<05:27,  5.43it/s, v_num=5-00]Epoch 1:  14%|█▍        | 288/2063 [00:53<05:27,  5.43it/s, v_num=5-00]Epoch 1:  14%|█▍        | 289/2063 [00:53<05:25,  5.45it/s, v_num=5-00]Epoch 1:  14%|█▍        | 289/2063 [00:53<05:25,  5.45it/s, v_num=5-00]Epoch 1:  14%|█▍        | 290/2063 [00:53<05:24,  5.46it/s, v_num=5-00]Epoch 1:  14%|█▍        | 290/2063 [00:53<05:24,  5.46it/s, v_num=5-00]Epoch 1:  14%|█▍        | 291/2063 [00:53<05:23,  5.48it/s, v_num=5-00]Epoch 1:  14%|█▍        | 291/2063 [00:53<05:23,  5.48it/s, v_num=5-00]Epoch 1:  14%|█▍        | 292/2063 [00:53<05:21,  5.50it/s, v_num=5-00]Epoch 1:  14%|█▍        | 292/2063 [00:53<05:21,  5.50it/s, v_num=5-00]Epoch 1:  14%|█▍        | 293/2063 [00:53<05:20,  5.52it/s, v_num=5-00]Epoch 1:  14%|█▍        | 293/2063 [00:53<05:20,  5.52it/s, v_num=5-00]Epoch 1:  14%|█▍        | 294/2063 [00:53<05:19,  5.54it/s, v_num=5-00]Epoch 1:  14%|█▍        | 294/2063 [00:53<05:19,  5.54it/s, v_num=5-00]Epoch 1:  14%|█▍        | 295/2063 [00:53<05:18,  5.56it/s, v_num=5-00]Epoch 1:  14%|█▍        | 295/2063 [00:53<05:18,  5.56it/s, v_num=5-00]Epoch 1:  14%|█▍        | 296/2063 [00:53<05:17,  5.57it/s, v_num=5-00]Epoch 1:  14%|█▍        | 296/2063 [00:53<05:17,  5.57it/s, v_num=5-00]Epoch 1:  14%|█▍        | 297/2063 [00:53<05:15,  5.59it/s, v_num=5-00]Epoch 1:  14%|█▍        | 297/2063 [00:53<05:15,  5.59it/s, v_num=5-00]Epoch 1:  14%|█▍        | 298/2063 [00:58<05:44,  5.12it/s, v_num=5-00]Epoch 1:  14%|█▍        | 298/2063 [00:58<05:44,  5.12it/s, v_num=5-00]Epoch 1:  14%|█▍        | 299/2063 [00:58<05:43,  5.13it/s, v_num=5-00]Epoch 1:  14%|█▍        | 299/2063 [00:58<05:43,  5.13it/s, v_num=5-00]Epoch 1:  15%|█▍        | 300/2063 [00:58<05:42,  5.15it/s, v_num=5-00]Epoch 1:  15%|█▍        | 300/2063 [00:58<05:42,  5.15it/s, v_num=5-00]Epoch 1:  15%|█▍        | 301/2063 [00:58<05:40,  5.17it/s, v_num=5-00]Epoch 1:  15%|█▍        | 301/2063 [00:58<05:40,  5.17it/s, v_num=5-00]Epoch 1:  15%|█▍        | 302/2063 [00:58<05:39,  5.18it/s, v_num=5-00]Epoch 1:  15%|█▍        | 302/2063 [00:58<05:39,  5.18it/s, v_num=5-00]Epoch 1:  15%|█▍        | 303/2063 [00:58<05:38,  5.20it/s, v_num=5-00]Epoch 1:  15%|█▍        | 303/2063 [00:58<05:38,  5.20it/s, v_num=5-00]Epoch 1:  15%|█▍        | 304/2063 [00:58<05:37,  5.22it/s, v_num=5-00]Epoch 1:  15%|█▍        | 304/2063 [00:58<05:37,  5.22it/s, v_num=5-00]Epoch 1:  15%|█▍        | 305/2063 [00:58<05:35,  5.24it/s, v_num=5-00]Epoch 1:  15%|█▍        | 305/2063 [00:58<05:35,  5.23it/s, v_num=5-00]Epoch 1:  15%|█▍        | 306/2063 [00:58<05:34,  5.25it/s, v_num=5-00]Epoch 1:  15%|█▍        | 306/2063 [00:58<05:34,  5.25it/s, v_num=5-00]Epoch 1:  15%|█▍        | 307/2063 [00:58<05:33,  5.27it/s, v_num=5-00]Epoch 1:  15%|█▍        | 307/2063 [00:58<05:33,  5.27it/s, v_num=5-00]Epoch 1:  15%|█▍        | 308/2063 [01:00<05:46,  5.07it/s, v_num=5-00]Epoch 1:  15%|█▍        | 308/2063 [01:00<05:46,  5.07it/s, v_num=5-00]Epoch 1:  15%|█▍        | 309/2063 [01:00<05:45,  5.08it/s, v_num=5-00]Epoch 1:  15%|█▍        | 309/2063 [01:00<05:45,  5.08it/s, v_num=5-00]Epoch 1:  15%|█▌        | 310/2063 [01:00<05:43,  5.10it/s, v_num=5-00]Epoch 1:  15%|█▌        | 310/2063 [01:00<05:43,  5.10it/s, v_num=5-00]Epoch 1:  15%|█▌        | 311/2063 [01:00<05:42,  5.12it/s, v_num=5-00]Epoch 1:  15%|█▌        | 311/2063 [01:00<05:42,  5.12it/s, v_num=5-00]Epoch 1:  15%|█▌        | 312/2063 [01:00<05:41,  5.13it/s, v_num=5-00]Epoch 1:  15%|█▌        | 312/2063 [01:00<05:41,  5.13it/s, v_num=5-00]Epoch 1:  15%|█▌        | 313/2063 [01:00<05:39,  5.15it/s, v_num=5-00]Epoch 1:  15%|█▌        | 313/2063 [01:00<05:39,  5.15it/s, v_num=5-00]Epoch 1:  15%|█▌        | 314/2063 [01:00<05:38,  5.16it/s, v_num=5-00]Epoch 1:  15%|█▌        | 314/2063 [01:00<05:38,  5.16it/s, v_num=5-00]Epoch 1:  15%|█▌        | 315/2063 [01:00<05:37,  5.18it/s, v_num=5-00]Epoch 1:  15%|█▌        | 315/2063 [01:00<05:37,  5.18it/s, v_num=5-00]Epoch 1:  15%|█▌        | 316/2063 [01:00<05:36,  5.20it/s, v_num=5-00]Epoch 1:  15%|█▌        | 316/2063 [01:00<05:36,  5.20it/s, v_num=5-00]Epoch 1:  15%|█▌        | 317/2063 [01:00<05:35,  5.21it/s, v_num=5-00]Epoch 1:  15%|█▌        | 317/2063 [01:00<05:35,  5.21it/s, v_num=5-00]Epoch 1:  15%|█▌        | 318/2063 [01:03<05:50,  4.97it/s, v_num=5-00]Epoch 1:  15%|█▌        | 318/2063 [01:03<05:50,  4.97it/s, v_num=5-00]Epoch 1:  15%|█▌        | 319/2063 [01:03<05:49,  4.99it/s, v_num=5-00]Epoch 1:  15%|█▌        | 319/2063 [01:03<05:49,  4.99it/s, v_num=5-00]Epoch 1:  16%|█▌        | 320/2063 [01:03<05:48,  5.00it/s, v_num=5-00]Epoch 1:  16%|█▌        | 320/2063 [01:03<05:48,  5.00it/s, v_num=5-00]Epoch 1:  16%|█▌        | 321/2063 [01:03<05:47,  5.02it/s, v_num=5-00]Epoch 1:  16%|█▌        | 321/2063 [01:03<05:47,  5.02it/s, v_num=5-00]Epoch 1:  16%|█▌        | 322/2063 [01:03<05:45,  5.03it/s, v_num=5-00]Epoch 1:  16%|█▌        | 322/2063 [01:03<05:45,  5.03it/s, v_num=5-00]Epoch 1:  16%|█▌        | 323/2063 [01:03<05:44,  5.05it/s, v_num=5-00]Epoch 1:  16%|█▌        | 323/2063 [01:03<05:44,  5.05it/s, v_num=5-00]Epoch 1:  16%|█▌        | 324/2063 [01:03<05:43,  5.06it/s, v_num=5-00]Epoch 1:  16%|█▌        | 324/2063 [01:03<05:43,  5.06it/s, v_num=5-00]Epoch 1:  16%|█▌        | 325/2063 [01:03<05:42,  5.08it/s, v_num=5-00]Epoch 1:  16%|█▌        | 325/2063 [01:03<05:42,  5.08it/s, v_num=5-00]Epoch 1:  16%|█▌        | 326/2063 [01:03<05:40,  5.09it/s, v_num=5-00]Epoch 1:  16%|█▌        | 326/2063 [01:03<05:40,  5.09it/s, v_num=5-00]Epoch 1:  16%|█▌        | 327/2063 [01:03<05:39,  5.11it/s, v_num=5-00]Epoch 1:  16%|█▌        | 327/2063 [01:03<05:39,  5.11it/s, v_num=5-00]Epoch 1:  16%|█▌        | 328/2063 [01:07<05:57,  4.85it/s, v_num=5-00]Epoch 1:  16%|█▌        | 328/2063 [01:07<05:57,  4.85it/s, v_num=5-00]Epoch 1:  16%|█▌        | 329/2063 [01:07<05:56,  4.86it/s, v_num=5-00]Epoch 1:  16%|█▌        | 329/2063 [01:07<05:56,  4.86it/s, v_num=5-00]Epoch 1:  16%|█▌        | 330/2063 [01:07<05:55,  4.88it/s, v_num=5-00]Epoch 1:  16%|█▌        | 330/2063 [01:07<05:55,  4.88it/s, v_num=5-00]Epoch 1:  16%|█▌        | 331/2063 [01:07<05:53,  4.89it/s, v_num=5-00]Epoch 1:  16%|█▌        | 331/2063 [01:07<05:53,  4.89it/s, v_num=5-00]Epoch 1:  16%|█▌        | 332/2063 [01:07<05:52,  4.91it/s, v_num=5-00]Epoch 1:  16%|█▌        | 332/2063 [01:07<05:52,  4.91it/s, v_num=5-00]Epoch 1:  16%|█▌        | 333/2063 [01:07<05:51,  4.92it/s, v_num=5-00]Epoch 1:  16%|█▌        | 333/2063 [01:07<05:51,  4.92it/s, v_num=5-00]Epoch 1:  16%|█▌        | 334/2063 [01:07<05:50,  4.94it/s, v_num=5-00]Epoch 1:  16%|█▌        | 334/2063 [01:07<05:50,  4.94it/s, v_num=5-00]Epoch 1:  16%|█▌        | 335/2063 [01:07<05:49,  4.95it/s, v_num=5-00]Epoch 1:  16%|█▌        | 335/2063 [01:07<05:49,  4.95it/s, v_num=5-00]Epoch 1:  16%|█▋        | 336/2063 [01:07<05:47,  4.96it/s, v_num=5-00]Epoch 1:  16%|█▋        | 336/2063 [01:07<05:47,  4.96it/s, v_num=5-00]Epoch 1:  16%|█▋        | 337/2063 [01:07<05:46,  4.98it/s, v_num=5-00]Epoch 1:  16%|█▋        | 337/2063 [01:07<05:46,  4.98it/s, v_num=5-00]Epoch 1:  16%|█▋        | 338/2063 [01:07<05:46,  4.98it/s, v_num=5-00]Epoch 1:  16%|█▋        | 338/2063 [01:07<05:46,  4.98it/s, v_num=5-00]Epoch 1:  16%|█▋        | 339/2063 [01:07<05:44,  5.00it/s, v_num=5-00]Epoch 1:  16%|█▋        | 339/2063 [01:07<05:44,  5.00it/s, v_num=5-00]Epoch 1:  16%|█▋        | 340/2063 [01:07<05:43,  5.01it/s, v_num=5-00]Epoch 1:  16%|█▋        | 340/2063 [01:07<05:43,  5.01it/s, v_num=5-00]Epoch 1:  17%|█▋        | 341/2063 [01:07<05:42,  5.03it/s, v_num=5-00]Epoch 1:  17%|█▋        | 341/2063 [01:07<05:42,  5.03it/s, v_num=5-00]Epoch 1:  17%|█▋        | 342/2063 [01:07<05:41,  5.04it/s, v_num=5-00]Epoch 1:  17%|█▋        | 342/2063 [01:07<05:41,  5.04it/s, v_num=5-00]Epoch 1:  17%|█▋        | 343/2063 [01:07<05:40,  5.05it/s, v_num=5-00]Epoch 1:  17%|█▋        | 343/2063 [01:07<05:40,  5.05it/s, v_num=5-00]Epoch 1:  17%|█▋        | 344/2063 [01:07<05:39,  5.07it/s, v_num=5-00]Epoch 1:  17%|█▋        | 344/2063 [01:07<05:39,  5.07it/s, v_num=5-00]Epoch 1:  17%|█▋        | 345/2063 [01:07<05:37,  5.08it/s, v_num=5-00]Epoch 1:  17%|█▋        | 345/2063 [01:07<05:37,  5.08it/s, v_num=5-00]Epoch 1:  17%|█▋        | 346/2063 [01:07<05:36,  5.10it/s, v_num=5-00]Epoch 1:  17%|█▋        | 346/2063 [01:07<05:36,  5.10it/s, v_num=5-00]Epoch 1:  17%|█▋        | 347/2063 [01:07<05:35,  5.11it/s, v_num=5-00]Epoch 1:  17%|█▋        | 347/2063 [01:07<05:35,  5.11it/s, v_num=5-00]Epoch 1:  17%|█▋        | 348/2063 [01:08<05:35,  5.12it/s, v_num=5-00]Epoch 1:  17%|█▋        | 348/2063 [01:08<05:35,  5.12it/s, v_num=5-00]Epoch 1:  17%|█▋        | 349/2063 [01:08<05:34,  5.13it/s, v_num=5-00]Epoch 1:  17%|█▋        | 349/2063 [01:08<05:34,  5.13it/s, v_num=5-00]Epoch 1:  17%|█▋        | 350/2063 [01:08<05:32,  5.14it/s, v_num=5-00]Epoch 1:  17%|█▋        | 350/2063 [01:08<05:32,  5.14it/s, v_num=5-00]Epoch 1:  17%|█▋        | 351/2063 [01:08<05:31,  5.16it/s, v_num=5-00]Epoch 1:  17%|█▋        | 351/2063 [01:08<05:31,  5.16it/s, v_num=5-00]Epoch 1:  17%|█▋        | 352/2063 [01:08<05:30,  5.17it/s, v_num=5-00]Epoch 1:  17%|█▋        | 352/2063 [01:08<05:30,  5.17it/s, v_num=5-00]Epoch 1:  17%|█▋        | 353/2063 [01:08<05:29,  5.19it/s, v_num=5-00]Epoch 1:  17%|█▋        | 353/2063 [01:08<05:29,  5.19it/s, v_num=5-00]Epoch 1:  17%|█▋        | 354/2063 [01:08<05:28,  5.20it/s, v_num=5-00]Epoch 1:  17%|█▋        | 354/2063 [01:08<05:28,  5.20it/s, v_num=5-00]Epoch 1:  17%|█▋        | 355/2063 [01:08<05:27,  5.22it/s, v_num=5-00]Epoch 1:  17%|█▋        | 355/2063 [01:08<05:27,  5.22it/s, v_num=5-00]Epoch 1:  17%|█▋        | 356/2063 [01:08<05:26,  5.23it/s, v_num=5-00]Epoch 1:  17%|█▋        | 356/2063 [01:08<05:26,  5.23it/s, v_num=5-00]Epoch 1:  17%|█▋        | 357/2063 [01:08<05:25,  5.24it/s, v_num=5-00]Epoch 1:  17%|█▋        | 357/2063 [01:08<05:25,  5.24it/s, v_num=5-00]Epoch 1:  17%|█▋        | 358/2063 [01:14<05:52,  4.83it/s, v_num=5-00]Epoch 1:  17%|█▋        | 358/2063 [01:14<05:52,  4.83it/s, v_num=5-00]Epoch 1:  17%|█▋        | 359/2063 [01:14<05:51,  4.84it/s, v_num=5-00]Epoch 1:  17%|█▋        | 359/2063 [01:14<05:51,  4.84it/s, v_num=5-00]Epoch 1:  17%|█▋        | 360/2063 [01:14<05:50,  4.86it/s, v_num=5-00]Epoch 1:  17%|█▋        | 360/2063 [01:14<05:50,  4.86it/s, v_num=5-00]Epoch 1:  17%|█▋        | 361/2063 [01:14<05:49,  4.87it/s, v_num=5-00]Epoch 1:  17%|█▋        | 361/2063 [01:14<05:49,  4.87it/s, v_num=5-00]Epoch 1:  18%|█▊        | 362/2063 [01:14<05:48,  4.88it/s, v_num=5-00]Epoch 1:  18%|█▊        | 362/2063 [01:14<05:48,  4.88it/s, v_num=5-00]Epoch 1:  18%|█▊        | 363/2063 [01:14<05:47,  4.90it/s, v_num=5-00]Epoch 1:  18%|█▊        | 363/2063 [01:14<05:47,  4.90it/s, v_num=5-00]Epoch 1:  18%|█▊        | 364/2063 [01:14<05:46,  4.91it/s, v_num=5-00]Epoch 1:  18%|█▊        | 364/2063 [01:14<05:46,  4.91it/s, v_num=5-00]Epoch 1:  18%|█▊        | 365/2063 [01:14<05:44,  4.92it/s, v_num=5-00]Epoch 1:  18%|█▊        | 365/2063 [01:14<05:44,  4.92it/s, v_num=5-00]Epoch 1:  18%|█▊        | 366/2063 [01:14<05:43,  4.94it/s, v_num=5-00]Epoch 1:  18%|█▊        | 366/2063 [01:14<05:43,  4.94it/s, v_num=5-00]Epoch 1:  18%|█▊        | 367/2063 [01:14<05:42,  4.95it/s, v_num=5-00]Epoch 1:  18%|█▊        | 367/2063 [01:14<05:42,  4.95it/s, v_num=5-00]Epoch 1:  18%|█▊        | 368/2063 [01:16<05:51,  4.83it/s, v_num=5-00]Epoch 1:  18%|█▊        | 368/2063 [01:16<05:51,  4.83it/s, v_num=5-00]Epoch 1:  18%|█▊        | 369/2063 [01:16<05:49,  4.84it/s, v_num=5-00]Epoch 1:  18%|█▊        | 369/2063 [01:16<05:49,  4.84it/s, v_num=5-00]Epoch 1:  18%|█▊        | 370/2063 [01:16<05:48,  4.85it/s, v_num=5-00]Epoch 1:  18%|█▊        | 370/2063 [01:16<05:48,  4.85it/s, v_num=5-00]Epoch 1:  18%|█▊        | 371/2063 [01:16<05:47,  4.87it/s, v_num=5-00]Epoch 1:  18%|█▊        | 371/2063 [01:16<05:47,  4.87it/s, v_num=5-00]Epoch 1:  18%|█▊        | 372/2063 [01:16<05:46,  4.88it/s, v_num=5-00]Epoch 1:  18%|█▊        | 372/2063 [01:16<05:46,  4.88it/s, v_num=5-00]Epoch 1:  18%|█▊        | 373/2063 [01:16<05:45,  4.89it/s, v_num=5-00]Epoch 1:  18%|█▊        | 373/2063 [01:16<05:45,  4.89it/s, v_num=5-00]Epoch 1:  18%|█▊        | 374/2063 [01:16<05:44,  4.90it/s, v_num=5-00]Epoch 1:  18%|█▊        | 374/2063 [01:16<05:44,  4.90it/s, v_num=5-00]Epoch 1:  18%|█▊        | 375/2063 [01:16<05:43,  4.92it/s, v_num=5-00]Epoch 1:  18%|█▊        | 375/2063 [01:16<05:43,  4.92it/s, v_num=5-00]Epoch 1:  18%|█▊        | 376/2063 [01:16<05:42,  4.93it/s, v_num=5-00]Epoch 1:  18%|█▊        | 376/2063 [01:16<05:42,  4.93it/s, v_num=5-00]Epoch 1:  18%|█▊        | 377/2063 [01:16<05:41,  4.94it/s, v_num=5-00]Epoch 1:  18%|█▊        | 377/2063 [01:16<05:41,  4.94it/s, v_num=5-00]Epoch 1:  18%|█▊        | 378/2063 [01:17<05:47,  4.85it/s, v_num=5-00]Epoch 1:  18%|█▊        | 378/2063 [01:17<05:47,  4.85it/s, v_num=5-00]Epoch 1:  18%|█▊        | 379/2063 [01:17<05:46,  4.86it/s, v_num=5-00]Epoch 1:  18%|█▊        | 379/2063 [01:17<05:46,  4.86it/s, v_num=5-00]Epoch 1:  18%|█▊        | 380/2063 [01:17<05:45,  4.88it/s, v_num=5-00]Epoch 1:  18%|█▊        | 380/2063 [01:17<05:45,  4.88it/s, v_num=5-00]Epoch 1:  18%|█▊        | 381/2063 [01:17<05:44,  4.89it/s, v_num=5-00]Epoch 1:  18%|█▊        | 381/2063 [01:17<05:44,  4.89it/s, v_num=5-00]Epoch 1:  19%|█▊        | 382/2063 [01:17<05:42,  4.90it/s, v_num=5-00]Epoch 1:  19%|█▊        | 382/2063 [01:17<05:42,  4.90it/s, v_num=5-00]Epoch 1:  19%|█▊        | 383/2063 [01:17<05:41,  4.91it/s, v_num=5-00]Epoch 1:  19%|█▊        | 383/2063 [01:17<05:41,  4.91it/s, v_num=5-00]Epoch 1:  19%|█▊        | 384/2063 [01:17<05:40,  4.93it/s, v_num=5-00]Epoch 1:  19%|█▊        | 384/2063 [01:17<05:40,  4.93it/s, v_num=5-00]Epoch 1:  19%|█▊        | 385/2063 [01:17<05:39,  4.94it/s, v_num=5-00]Epoch 1:  19%|█▊        | 385/2063 [01:17<05:39,  4.94it/s, v_num=5-00]Epoch 1:  19%|█▊        | 386/2063 [01:17<05:38,  4.95it/s, v_num=5-00]Epoch 1:  19%|█▊        | 386/2063 [01:17<05:38,  4.95it/s, v_num=5-00]Epoch 1:  19%|█▉        | 387/2063 [01:17<05:37,  4.96it/s, v_num=5-00]Epoch 1:  19%|█▉        | 387/2063 [01:17<05:37,  4.96it/s, v_num=5-00]Epoch 1:  19%|█▉        | 388/2063 [01:18<05:37,  4.97it/s, v_num=5-00]Epoch 1:  19%|█▉        | 388/2063 [01:18<05:37,  4.97it/s, v_num=5-00]Epoch 1:  19%|█▉        | 389/2063 [01:18<05:36,  4.98it/s, v_num=5-00]Epoch 1:  19%|█▉        | 389/2063 [01:18<05:36,  4.98it/s, v_num=5-00]Epoch 1:  19%|█▉        | 390/2063 [01:18<05:35,  4.99it/s, v_num=5-00]Epoch 1:  19%|█▉        | 390/2063 [01:18<05:35,  4.99it/s, v_num=5-00]Epoch 1:  19%|█▉        | 391/2063 [01:18<05:34,  5.01it/s, v_num=5-00]Epoch 1:  19%|█▉        | 391/2063 [01:18<05:34,  5.01it/s, v_num=5-00]Epoch 1:  19%|█▉        | 392/2063 [01:18<05:32,  5.02it/s, v_num=5-00]Epoch 1:  19%|█▉        | 392/2063 [01:18<05:32,  5.02it/s, v_num=5-00]Epoch 1:  19%|█▉        | 393/2063 [01:18<05:31,  5.03it/s, v_num=5-00]Epoch 1:  19%|█▉        | 393/2063 [01:18<05:31,  5.03it/s, v_num=5-00]Epoch 1:  19%|█▉        | 394/2063 [01:18<05:30,  5.04it/s, v_num=5-00]Epoch 1:  19%|█▉        | 394/2063 [01:18<05:30,  5.04it/s, v_num=5-00]Epoch 1:  19%|█▉        | 395/2063 [01:18<05:29,  5.06it/s, v_num=5-00]Epoch 1:  19%|█▉        | 395/2063 [01:18<05:29,  5.06it/s, v_num=5-00]Epoch 1:  19%|█▉        | 396/2063 [01:18<05:28,  5.07it/s, v_num=5-00]Epoch 1:  19%|█▉        | 396/2063 [01:18<05:28,  5.07it/s, v_num=5-00]Epoch 1:  19%|█▉        | 397/2063 [01:18<05:27,  5.08it/s, v_num=5-00]Epoch 1:  19%|█▉        | 397/2063 [01:18<05:27,  5.08it/s, v_num=5-00]Epoch 1:  19%|█▉        | 398/2063 [01:19<05:33,  5.00it/s, v_num=5-00]Epoch 1:  19%|█▉        | 398/2063 [01:19<05:33,  5.00it/s, v_num=5-00]Epoch 1:  19%|█▉        | 399/2063 [01:19<05:32,  5.01it/s, v_num=5-00]Epoch 1:  19%|█▉        | 399/2063 [01:19<05:32,  5.01it/s, v_num=5-00]Epoch 1:  19%|█▉        | 400/2063 [01:19<05:31,  5.02it/s, v_num=5-00]Epoch 1:  19%|█▉        | 400/2063 [01:19<05:31,  5.02it/s, v_num=5-00]Epoch 1:  19%|█▉        | 401/2063 [01:19<05:30,  5.03it/s, v_num=5-00]Epoch 1:  19%|█▉        | 401/2063 [01:19<05:30,  5.03it/s, v_num=5-00]Epoch 1:  19%|█▉        | 402/2063 [01:19<05:29,  5.05it/s, v_num=5-00]Epoch 1:  19%|█▉        | 402/2063 [01:19<05:29,  5.05it/s, v_num=5-00]Epoch 1:  20%|█▉        | 403/2063 [01:19<05:28,  5.06it/s, v_num=5-00]Epoch 1:  20%|█▉        | 403/2063 [01:19<05:28,  5.06it/s, v_num=5-00]Epoch 1:  20%|█▉        | 404/2063 [01:19<05:27,  5.07it/s, v_num=5-00]Epoch 1:  20%|█▉        | 404/2063 [01:19<05:27,  5.07it/s, v_num=5-00]Epoch 1:  20%|█▉        | 405/2063 [01:19<05:26,  5.08it/s, v_num=5-00]Epoch 1:  20%|█▉        | 405/2063 [01:19<05:26,  5.08it/s, v_num=5-00]Epoch 1:  20%|█▉        | 406/2063 [01:19<05:25,  5.10it/s, v_num=5-00]Epoch 1:  20%|█▉        | 406/2063 [01:19<05:25,  5.10it/s, v_num=5-00]Epoch 1:  20%|█▉        | 407/2063 [01:19<05:24,  5.11it/s, v_num=5-00]Epoch 1:  20%|█▉        | 407/2063 [01:19<05:24,  5.11it/s, v_num=5-00]Epoch 1:  20%|█▉        | 408/2063 [01:25<05:48,  4.75it/s, v_num=5-00]Epoch 1:  20%|█▉        | 408/2063 [01:25<05:48,  4.75it/s, v_num=5-00]Epoch 1:  20%|█▉        | 409/2063 [01:25<05:47,  4.77it/s, v_num=5-00]Epoch 1:  20%|█▉        | 409/2063 [01:25<05:47,  4.77it/s, v_num=5-00]Epoch 1:  20%|█▉        | 410/2063 [01:25<05:46,  4.78it/s, v_num=5-00]Epoch 1:  20%|█▉        | 410/2063 [01:25<05:46,  4.78it/s, v_num=5-00]Epoch 1:  20%|█▉        | 411/2063 [01:25<05:44,  4.79it/s, v_num=5-00]Epoch 1:  20%|█▉        | 411/2063 [01:25<05:44,  4.79it/s, v_num=5-00]Epoch 1:  20%|█▉        | 412/2063 [01:25<05:43,  4.80it/s, v_num=5-00]Epoch 1:  20%|█▉        | 412/2063 [01:25<05:43,  4.80it/s, v_num=5-00]Epoch 1:  20%|██        | 413/2063 [01:25<05:42,  4.81it/s, v_num=5-00]Epoch 1:  20%|██        | 413/2063 [01:25<05:42,  4.81it/s, v_num=5-00]Epoch 1:  20%|██        | 414/2063 [01:25<05:41,  4.82it/s, v_num=5-00]Epoch 1:  20%|██        | 414/2063 [01:25<05:41,  4.82it/s, v_num=5-00]Epoch 1:  20%|██        | 415/2063 [01:25<05:40,  4.83it/s, v_num=5-00]Epoch 1:  20%|██        | 415/2063 [01:25<05:40,  4.83it/s, v_num=5-00]Epoch 1:  20%|██        | 416/2063 [01:25<05:39,  4.85it/s, v_num=5-00]Epoch 1:  20%|██        | 416/2063 [01:25<05:39,  4.85it/s, v_num=5-00]Epoch 1:  20%|██        | 417/2063 [01:25<05:38,  4.86it/s, v_num=5-00]Epoch 1:  20%|██        | 417/2063 [01:25<05:38,  4.86it/s, v_num=5-00]Epoch 1:  20%|██        | 418/2063 [01:25<05:38,  4.86it/s, v_num=5-00]Epoch 1:  20%|██        | 418/2063 [01:25<05:38,  4.86it/s, v_num=5-00]Epoch 1:  20%|██        | 419/2063 [01:25<05:37,  4.87it/s, v_num=5-00]Epoch 1:  20%|██        | 419/2063 [01:26<05:37,  4.87it/s, v_num=5-00]Epoch 1:  20%|██        | 420/2063 [01:26<05:36,  4.88it/s, v_num=5-00]Epoch 1:  20%|██        | 420/2063 [01:26<05:36,  4.88it/s, v_num=5-00]Epoch 1:  20%|██        | 421/2063 [01:26<05:35,  4.89it/s, v_num=5-00]Epoch 1:  20%|██        | 421/2063 [01:26<05:35,  4.89it/s, v_num=5-00]Epoch 1:  20%|██        | 422/2063 [01:26<05:34,  4.91it/s, v_num=5-00]Epoch 1:  20%|██        | 422/2063 [01:26<05:34,  4.91it/s, v_num=5-00]Epoch 1:  21%|██        | 423/2063 [01:26<05:33,  4.92it/s, v_num=5-00]Epoch 1:  21%|██        | 423/2063 [01:26<05:33,  4.92it/s, v_num=5-00]Epoch 1:  21%|██        | 424/2063 [01:26<05:32,  4.93it/s, v_num=5-00]Epoch 1:  21%|██        | 424/2063 [01:26<05:32,  4.93it/s, v_num=5-00]Epoch 1:  21%|██        | 425/2063 [01:26<05:31,  4.94it/s, v_num=5-00]Epoch 1:  21%|██        | 425/2063 [01:26<05:31,  4.94it/s, v_num=5-00]Epoch 1:  21%|██        | 426/2063 [01:26<05:30,  4.95it/s, v_num=5-00]Epoch 1:  21%|██        | 426/2063 [01:26<05:30,  4.95it/s, v_num=5-00]Epoch 1:  21%|██        | 427/2063 [01:26<05:29,  4.96it/s, v_num=5-00]Epoch 1:  21%|██        | 427/2063 [01:26<05:29,  4.96it/s, v_num=5-00]Epoch 1:  21%|██        | 428/2063 [01:27<05:36,  4.86it/s, v_num=5-00]Epoch 1:  21%|██        | 428/2063 [01:27<05:36,  4.86it/s, v_num=5-00]Epoch 1:  21%|██        | 429/2063 [01:28<05:35,  4.87it/s, v_num=5-00]Epoch 1:  21%|██        | 429/2063 [01:28<05:35,  4.87it/s, v_num=5-00]Epoch 1:  21%|██        | 430/2063 [01:28<05:34,  4.89it/s, v_num=5-00]Epoch 1:  21%|██        | 430/2063 [01:28<05:34,  4.89it/s, v_num=5-00]Epoch 1:  21%|██        | 431/2063 [01:28<05:33,  4.90it/s, v_num=5-00]Epoch 1:  21%|██        | 431/2063 [01:28<05:33,  4.90it/s, v_num=5-00]Epoch 1:  21%|██        | 432/2063 [01:28<05:32,  4.91it/s, v_num=5-00]Epoch 1:  21%|██        | 432/2063 [01:28<05:32,  4.91it/s, v_num=5-00]Epoch 1:  21%|██        | 433/2063 [01:28<05:31,  4.92it/s, v_num=5-00]Epoch 1:  21%|██        | 433/2063 [01:28<05:31,  4.92it/s, v_num=5-00]Epoch 1:  21%|██        | 434/2063 [01:28<05:30,  4.93it/s, v_num=5-00]Epoch 1:  21%|██        | 434/2063 [01:28<05:30,  4.93it/s, v_num=5-00]Epoch 1:  21%|██        | 435/2063 [01:28<05:29,  4.94it/s, v_num=5-00]Epoch 1:  21%|██        | 435/2063 [01:28<05:29,  4.94it/s, v_num=5-00]Epoch 1:  21%|██        | 436/2063 [01:28<05:28,  4.95it/s, v_num=5-00]Epoch 1:  21%|██        | 436/2063 [01:28<05:28,  4.95it/s, v_num=5-00]Epoch 1:  21%|██        | 437/2063 [01:28<05:27,  4.96it/s, v_num=5-00]Epoch 1:  21%|██        | 437/2063 [01:28<05:27,  4.96it/s, v_num=5-00]Epoch 1:  21%|██        | 438/2063 [01:29<05:33,  4.88it/s, v_num=5-00]Epoch 1:  21%|██        | 438/2063 [01:29<05:33,  4.88it/s, v_num=5-00]Epoch 1:  21%|██▏       | 439/2063 [01:29<05:32,  4.89it/s, v_num=5-00]Epoch 1:  21%|██▏       | 439/2063 [01:29<05:32,  4.89it/s, v_num=5-00]Epoch 1:  21%|██▏       | 440/2063 [01:29<05:31,  4.90it/s, v_num=5-00]Epoch 1:  21%|██▏       | 440/2063 [01:29<05:31,  4.90it/s, v_num=5-00]Epoch 1:  21%|██▏       | 441/2063 [01:29<05:30,  4.91it/s, v_num=5-00]Epoch 1:  21%|██▏       | 441/2063 [01:29<05:30,  4.91it/s, v_num=5-00]Epoch 1:  21%|██▏       | 442/2063 [01:29<05:29,  4.92it/s, v_num=5-00]Epoch 1:  21%|██▏       | 442/2063 [01:29<05:29,  4.92it/s, v_num=5-00]Epoch 1:  21%|██▏       | 443/2063 [01:29<05:28,  4.93it/s, v_num=5-00]Epoch 1:  21%|██▏       | 443/2063 [01:29<05:28,  4.93it/s, v_num=5-00]Epoch 1:  22%|██▏       | 444/2063 [01:29<05:27,  4.94it/s, v_num=5-00]Epoch 1:  22%|██▏       | 444/2063 [01:29<05:27,  4.94it/s, v_num=5-00]Epoch 1:  22%|██▏       | 445/2063 [01:29<05:26,  4.95it/s, v_num=5-00]Epoch 1:  22%|██▏       | 445/2063 [01:29<05:26,  4.95it/s, v_num=5-00]Epoch 1:  22%|██▏       | 446/2063 [01:29<05:25,  4.96it/s, v_num=5-00]Epoch 1:  22%|██▏       | 446/2063 [01:29<05:25,  4.96it/s, v_num=5-00]Epoch 1:  22%|██▏       | 447/2063 [01:29<05:24,  4.97it/s, v_num=5-00]Epoch 1:  22%|██▏       | 447/2063 [01:29<05:24,  4.97it/s, v_num=5-00]Epoch 1:  22%|██▏       | 448/2063 [01:31<05:29,  4.90it/s, v_num=5-00]Epoch 1:  22%|██▏       | 448/2063 [01:31<05:29,  4.90it/s, v_num=5-00]Epoch 1:  22%|██▏       | 449/2063 [01:31<05:28,  4.91it/s, v_num=5-00]Epoch 1:  22%|██▏       | 449/2063 [01:31<05:28,  4.91it/s, v_num=5-00]Epoch 1:  22%|██▏       | 450/2063 [01:31<05:28,  4.92it/s, v_num=5-00]Epoch 1:  22%|██▏       | 450/2063 [01:31<05:28,  4.92it/s, v_num=5-00]Epoch 1:  22%|██▏       | 451/2063 [01:31<05:27,  4.93it/s, v_num=5-00]Epoch 1:  22%|██▏       | 451/2063 [01:31<05:27,  4.93it/s, v_num=5-00]Epoch 1:  22%|██▏       | 452/2063 [01:31<05:26,  4.94it/s, v_num=5-00]Epoch 1:  22%|██▏       | 452/2063 [01:31<05:26,  4.94it/s, v_num=5-00]Epoch 1:  22%|██▏       | 453/2063 [01:31<05:25,  4.95it/s, v_num=5-00]Epoch 1:  22%|██▏       | 453/2063 [01:31<05:25,  4.95it/s, v_num=5-00]Epoch 1:  22%|██▏       | 454/2063 [01:31<05:24,  4.96it/s, v_num=5-00]Epoch 1:  22%|██▏       | 454/2063 [01:31<05:24,  4.96it/s, v_num=5-00]Epoch 1:  22%|██▏       | 455/2063 [01:31<05:23,  4.97it/s, v_num=5-00]Epoch 1:  22%|██▏       | 455/2063 [01:31<05:23,  4.97it/s, v_num=5-00]Epoch 1:  22%|██▏       | 456/2063 [01:31<05:22,  4.98it/s, v_num=5-00]Epoch 1:  22%|██▏       | 456/2063 [01:31<05:22,  4.98it/s, v_num=5-00]Epoch 1:  22%|██▏       | 457/2063 [01:31<05:21,  4.99it/s, v_num=5-00]Epoch 1:  22%|██▏       | 457/2063 [01:31<05:21,  4.99it/s, v_num=5-00]Epoch 1:  22%|██▏       | 458/2063 [01:31<05:21,  4.99it/s, v_num=5-00]Epoch 1:  22%|██▏       | 458/2063 [01:31<05:21,  4.99it/s, v_num=5-00]Epoch 1:  22%|██▏       | 459/2063 [01:31<05:20,  5.01it/s, v_num=5-00]Epoch 1:  22%|██▏       | 459/2063 [01:31<05:20,  5.01it/s, v_num=5-00]Epoch 1:  22%|██▏       | 460/2063 [01:31<05:19,  5.02it/s, v_num=5-00]Epoch 1:  22%|██▏       | 460/2063 [01:31<05:19,  5.02it/s, v_num=5-00]Epoch 1:  22%|██▏       | 461/2063 [01:31<05:18,  5.03it/s, v_num=5-00]Epoch 1:  22%|██▏       | 461/2063 [01:31<05:18,  5.03it/s, v_num=5-00]Epoch 1:  22%|██▏       | 462/2063 [01:31<05:17,  5.04it/s, v_num=5-00]Epoch 1:  22%|██▏       | 462/2063 [01:31<05:17,  5.04it/s, v_num=5-00]Epoch 1:  22%|██▏       | 463/2063 [01:31<05:16,  5.05it/s, v_num=5-00]Epoch 1:  22%|██▏       | 463/2063 [01:31<05:16,  5.05it/s, v_num=5-00]Epoch 1:  22%|██▏       | 464/2063 [01:31<05:16,  5.06it/s, v_num=5-00]Epoch 1:  22%|██▏       | 464/2063 [01:31<05:16,  5.06it/s, v_num=5-00]Epoch 1:  23%|██▎       | 465/2063 [01:31<05:15,  5.07it/s, v_num=5-00]Epoch 1:  23%|██▎       | 465/2063 [01:31<05:15,  5.07it/s, v_num=5-00]Epoch 1:  23%|██▎       | 466/2063 [01:31<05:14,  5.08it/s, v_num=5-00]Epoch 1:  23%|██▎       | 466/2063 [01:31<05:14,  5.08it/s, v_num=5-00]Epoch 1:  23%|██▎       | 467/2063 [01:31<05:13,  5.09it/s, v_num=5-00]Epoch 1:  23%|██▎       | 467/2063 [01:31<05:13,  5.09it/s, v_num=5-00]Epoch 1:  23%|██▎       | 468/2063 [01:31<05:13,  5.09it/s, v_num=5-00]Epoch 1:  23%|██▎       | 468/2063 [01:31<05:13,  5.09it/s, v_num=5-00]Epoch 1:  23%|██▎       | 469/2063 [01:31<05:12,  5.10it/s, v_num=5-00]Epoch 1:  23%|██▎       | 469/2063 [01:31<05:12,  5.10it/s, v_num=5-00]Epoch 1:  23%|██▎       | 470/2063 [01:31<05:11,  5.11it/s, v_num=5-00]Epoch 1:  23%|██▎       | 470/2063 [01:31<05:11,  5.11it/s, v_num=5-00]Epoch 1:  23%|██▎       | 471/2063 [01:31<05:10,  5.13it/s, v_num=5-00]Epoch 1:  23%|██▎       | 471/2063 [01:31<05:10,  5.13it/s, v_num=5-00]Epoch 1:  23%|██▎       | 472/2063 [01:31<05:09,  5.14it/s, v_num=5-00]Epoch 1:  23%|██▎       | 472/2063 [01:31<05:09,  5.14it/s, v_num=5-00]Epoch 1:  23%|██▎       | 473/2063 [01:31<05:08,  5.15it/s, v_num=5-00]Epoch 1:  23%|██▎       | 473/2063 [01:31<05:08,  5.15it/s, v_num=5-00]Epoch 1:  23%|██▎       | 474/2063 [01:31<05:08,  5.16it/s, v_num=5-00]Epoch 1:  23%|██▎       | 474/2063 [01:31<05:08,  5.16it/s, v_num=5-00]Epoch 1:  23%|██▎       | 475/2063 [01:31<05:07,  5.17it/s, v_num=5-00]Epoch 1:  23%|██▎       | 475/2063 [01:31<05:07,  5.17it/s, v_num=5-00]Epoch 1:  23%|██▎       | 476/2063 [01:31<05:06,  5.18it/s, v_num=5-00]Epoch 1:  23%|██▎       | 476/2063 [01:31<05:06,  5.18it/s, v_num=5-00]Epoch 1:  23%|██▎       | 477/2063 [01:31<05:05,  5.19it/s, v_num=5-00]Epoch 1:  23%|██▎       | 477/2063 [01:31<05:05,  5.19it/s, v_num=5-00]Epoch 1:  23%|██▎       | 478/2063 [01:32<05:05,  5.19it/s, v_num=5-00]Epoch 1:  23%|██▎       | 478/2063 [01:32<05:05,  5.19it/s, v_num=5-00]Epoch 1:  23%|██▎       | 479/2063 [01:32<05:04,  5.20it/s, v_num=5-00]Epoch 1:  23%|██▎       | 479/2063 [01:32<05:04,  5.20it/s, v_num=5-00]Epoch 1:  23%|██▎       | 480/2063 [01:32<05:03,  5.21it/s, v_num=5-00]Epoch 1:  23%|██▎       | 480/2063 [01:32<05:03,  5.21it/s, v_num=5-00]Epoch 1:  23%|██▎       | 481/2063 [01:32<05:02,  5.22it/s, v_num=5-00]Epoch 1:  23%|██▎       | 481/2063 [01:32<05:02,  5.22it/s, v_num=5-00]Epoch 1:  23%|██▎       | 482/2063 [01:32<05:02,  5.23it/s, v_num=5-00]Epoch 1:  23%|██▎       | 482/2063 [01:32<05:02,  5.23it/s, v_num=5-00]Epoch 1:  23%|██▎       | 483/2063 [01:32<05:01,  5.25it/s, v_num=5-00]Epoch 1:  23%|██▎       | 483/2063 [01:32<05:01,  5.25it/s, v_num=5-00]Epoch 1:  23%|██▎       | 484/2063 [01:32<05:00,  5.26it/s, v_num=5-00]Epoch 1:  23%|██▎       | 484/2063 [01:32<05:00,  5.26it/s, v_num=5-00]Epoch 1:  24%|██▎       | 485/2063 [01:32<04:59,  5.27it/s, v_num=5-00]Epoch 1:  24%|██▎       | 485/2063 [01:32<04:59,  5.27it/s, v_num=5-00]Epoch 1:  24%|██▎       | 486/2063 [01:32<04:58,  5.28it/s, v_num=5-00]Epoch 1:  24%|██▎       | 486/2063 [01:32<04:58,  5.28it/s, v_num=5-00]Epoch 1:  24%|██▎       | 487/2063 [01:32<04:58,  5.29it/s, v_num=5-00]Epoch 1:  24%|██▎       | 487/2063 [01:32<04:58,  5.29it/s, v_num=5-00]Epoch 1:  24%|██▎       | 488/2063 [01:40<05:22,  4.88it/s, v_num=5-00]Epoch 1:  24%|██▎       | 488/2063 [01:40<05:22,  4.88it/s, v_num=5-00]Epoch 1:  24%|██▎       | 489/2063 [01:40<05:22,  4.89it/s, v_num=5-00]Epoch 1:  24%|██▎       | 489/2063 [01:40<05:22,  4.89it/s, v_num=5-00]Epoch 1:  24%|██▍       | 490/2063 [01:40<05:21,  4.90it/s, v_num=5-00]Epoch 1:  24%|██▍       | 490/2063 [01:40<05:21,  4.90it/s, v_num=5-00]Epoch 1:  24%|██▍       | 491/2063 [01:40<05:20,  4.91it/s, v_num=5-00]Epoch 1:  24%|██▍       | 491/2063 [01:40<05:20,  4.91it/s, v_num=5-00]Epoch 1:  24%|██▍       | 492/2063 [01:40<05:19,  4.92it/s, v_num=5-00]Epoch 1:  24%|██▍       | 492/2063 [01:40<05:19,  4.92it/s, v_num=5-00]Epoch 1:  24%|██▍       | 493/2063 [01:40<05:18,  4.93it/s, v_num=5-00]Epoch 1:  24%|██▍       | 493/2063 [01:40<05:18,  4.93it/s, v_num=5-00]Epoch 1:  24%|██▍       | 494/2063 [01:40<05:17,  4.93it/s, v_num=5-00]Epoch 1:  24%|██▍       | 494/2063 [01:40<05:17,  4.93it/s, v_num=5-00]Epoch 1:  24%|██▍       | 495/2063 [01:40<05:17,  4.94it/s, v_num=5-00]Epoch 1:  24%|██▍       | 495/2063 [01:40<05:17,  4.94it/s, v_num=5-00]Epoch 1:  24%|██▍       | 496/2063 [01:40<05:16,  4.95it/s, v_num=5-00]Epoch 1:  24%|██▍       | 496/2063 [01:40<05:16,  4.95it/s, v_num=5-00]Epoch 1:  24%|██▍       | 497/2063 [01:40<05:15,  4.96it/s, v_num=5-00]Epoch 1:  24%|██▍       | 497/2063 [01:40<05:15,  4.96it/s, v_num=5-00]Epoch 1:  24%|██▍       | 498/2063 [01:42<05:21,  4.87it/s, v_num=5-00]Epoch 1:  24%|██▍       | 498/2063 [01:42<05:21,  4.87it/s, v_num=5-00]Epoch 1:  24%|██▍       | 499/2063 [01:42<05:20,  4.88it/s, v_num=5-00]Epoch 1:  24%|██▍       | 499/2063 [01:42<05:20,  4.88it/s, v_num=5-00]Epoch 1:  24%|██▍       | 500/2063 [01:42<05:19,  4.89it/s, v_num=5-00]Epoch 1:  24%|██▍       | 500/2063 [01:42<05:19,  4.89it/s, v_num=5-00]Epoch 1:  24%|██▍       | 501/2063 [01:42<05:18,  4.90it/s, v_num=5-00]Epoch 1:  24%|██▍       | 501/2063 [01:42<05:18,  4.90it/s, v_num=5-00]Epoch 1:  24%|██▍       | 502/2063 [01:42<05:17,  4.91it/s, v_num=5-00]Epoch 1:  24%|██▍       | 502/2063 [01:42<05:17,  4.91it/s, v_num=5-00]Epoch 1:  24%|██▍       | 503/2063 [01:42<05:16,  4.92it/s, v_num=5-00]Epoch 1:  24%|██▍       | 503/2063 [01:42<05:16,  4.92it/s, v_num=5-00]Epoch 1:  24%|██▍       | 504/2063 [01:42<05:16,  4.93it/s, v_num=5-00]Epoch 1:  24%|██▍       | 504/2063 [01:42<05:16,  4.93it/s, v_num=5-00]Epoch 1:  24%|██▍       | 505/2063 [01:42<05:15,  4.94it/s, v_num=5-00]Epoch 1:  24%|██▍       | 505/2063 [01:42<05:15,  4.94it/s, v_num=5-00]Epoch 1:  25%|██▍       | 506/2063 [01:42<05:14,  4.95it/s, v_num=5-00]Epoch 1:  25%|██▍       | 506/2063 [01:42<05:14,  4.95it/s, v_num=5-00]Epoch 1:  25%|██▍       | 507/2063 [01:42<05:13,  4.96it/s, v_num=5-00]Epoch 1:  25%|██▍       | 507/2063 [01:42<05:13,  4.96it/s, v_num=5-00]Epoch 1:  25%|██▍       | 508/2063 [01:44<05:18,  4.88it/s, v_num=5-00]Epoch 1:  25%|██▍       | 508/2063 [01:44<05:18,  4.88it/s, v_num=5-00]Epoch 1:  25%|██▍       | 509/2063 [01:44<05:17,  4.89it/s, v_num=5-00]Epoch 1:  25%|██▍       | 509/2063 [01:44<05:17,  4.89it/s, v_num=5-00]Epoch 1:  25%|██▍       | 510/2063 [01:44<05:16,  4.90it/s, v_num=5-00]Epoch 1:  25%|██▍       | 510/2063 [01:44<05:16,  4.90it/s, v_num=5-00]Epoch 1:  25%|██▍       | 511/2063 [01:44<05:15,  4.91it/s, v_num=5-00]Epoch 1:  25%|██▍       | 511/2063 [01:44<05:15,  4.91it/s, v_num=5-00]Epoch 1:  25%|██▍       | 512/2063 [01:44<05:15,  4.92it/s, v_num=5-00]Epoch 1:  25%|██▍       | 512/2063 [01:44<05:15,  4.92it/s, v_num=5-00]Epoch 1:  25%|██▍       | 513/2063 [01:44<05:14,  4.93it/s, v_num=5-00]Epoch 1:  25%|██▍       | 513/2063 [01:44<05:14,  4.93it/s, v_num=5-00]Epoch 1:  25%|██▍       | 514/2063 [01:44<05:13,  4.94it/s, v_num=5-00]Epoch 1:  25%|██▍       | 514/2063 [01:44<05:13,  4.94it/s, v_num=5-00]Epoch 1:  25%|██▍       | 515/2063 [01:44<05:12,  4.95it/s, v_num=5-00]Epoch 1:  25%|██▍       | 515/2063 [01:44<05:12,  4.95it/s, v_num=5-00]Epoch 1:  25%|██▌       | 516/2063 [01:44<05:11,  4.96it/s, v_num=5-00]Epoch 1:  25%|██▌       | 516/2063 [01:44<05:11,  4.96it/s, v_num=5-00]Epoch 1:  25%|██▌       | 517/2063 [01:44<05:11,  4.97it/s, v_num=5-00]Epoch 1:  25%|██▌       | 517/2063 [01:44<05:11,  4.97it/s, v_num=5-00]Epoch 1:  25%|██▌       | 518/2063 [01:44<05:10,  4.97it/s, v_num=5-00]Epoch 1:  25%|██▌       | 518/2063 [01:44<05:10,  4.97it/s, v_num=5-00]Epoch 1:  25%|██▌       | 519/2063 [01:44<05:09,  4.98it/s, v_num=5-00]Epoch 1:  25%|██▌       | 519/2063 [01:44<05:09,  4.98it/s, v_num=5-00]Epoch 1:  25%|██▌       | 520/2063 [01:44<05:09,  4.99it/s, v_num=5-00]Epoch 1:  25%|██▌       | 520/2063 [01:44<05:09,  4.99it/s, v_num=5-00]Epoch 1:  25%|██▌       | 521/2063 [01:44<05:08,  5.00it/s, v_num=5-00]Epoch 1:  25%|██▌       | 521/2063 [01:44<05:08,  5.00it/s, v_num=5-00]Epoch 1:  25%|██▌       | 522/2063 [01:44<05:07,  5.01it/s, v_num=5-00]Epoch 1:  25%|██▌       | 522/2063 [01:44<05:07,  5.01it/s, v_num=5-00]Epoch 1:  25%|██▌       | 523/2063 [01:44<05:06,  5.02it/s, v_num=5-00]Epoch 1:  25%|██▌       | 523/2063 [01:44<05:06,  5.02it/s, v_num=5-00]Epoch 1:  25%|██▌       | 524/2063 [01:44<05:06,  5.03it/s, v_num=5-00]Epoch 1:  25%|██▌       | 524/2063 [01:44<05:06,  5.03it/s, v_num=5-00]Epoch 1:  25%|██▌       | 525/2063 [01:44<05:05,  5.04it/s, v_num=5-00]Epoch 1:  25%|██▌       | 525/2063 [01:44<05:05,  5.04it/s, v_num=5-00]Epoch 1:  25%|██▌       | 526/2063 [01:44<05:04,  5.05it/s, v_num=5-00]Epoch 1:  25%|██▌       | 526/2063 [01:44<05:04,  5.05it/s, v_num=5-00]Epoch 1:  26%|██▌       | 527/2063 [01:44<05:03,  5.06it/s, v_num=5-00]Epoch 1:  26%|██▌       | 527/2063 [01:44<05:03,  5.06it/s, v_num=5-00]Epoch 1:  26%|██▌       | 528/2063 [01:45<05:07,  5.00it/s, v_num=5-00]Epoch 1:  26%|██▌       | 528/2063 [01:45<05:07,  5.00it/s, v_num=5-00]Epoch 1:  26%|██▌       | 529/2063 [01:45<05:06,  5.01it/s, v_num=5-00]Epoch 1:  26%|██▌       | 529/2063 [01:45<05:06,  5.01it/s, v_num=5-00]Epoch 1:  26%|██▌       | 530/2063 [01:45<05:05,  5.02it/s, v_num=5-00]Epoch 1:  26%|██▌       | 530/2063 [01:45<05:05,  5.02it/s, v_num=5-00]Epoch 1:  26%|██▌       | 531/2063 [01:45<05:04,  5.03it/s, v_num=5-00]Epoch 1:  26%|██▌       | 531/2063 [01:45<05:04,  5.03it/s, v_num=5-00]Epoch 1:  26%|██▌       | 532/2063 [01:45<05:04,  5.04it/s, v_num=5-00]Epoch 1:  26%|██▌       | 532/2063 [01:45<05:04,  5.04it/s, v_num=5-00]Epoch 1:  26%|██▌       | 533/2063 [01:45<05:03,  5.04it/s, v_num=5-00]Epoch 1:  26%|██▌       | 533/2063 [01:45<05:03,  5.04it/s, v_num=5-00]Epoch 1:  26%|██▌       | 534/2063 [01:45<05:02,  5.05it/s, v_num=5-00]Epoch 1:  26%|██▌       | 534/2063 [01:45<05:02,  5.05it/s, v_num=5-00]Epoch 1:  26%|██▌       | 535/2063 [01:45<05:01,  5.06it/s, v_num=5-00]Epoch 1:  26%|██▌       | 535/2063 [01:45<05:01,  5.06it/s, v_num=5-00]Epoch 1:  26%|██▌       | 536/2063 [01:45<05:01,  5.07it/s, v_num=5-00]Epoch 1:  26%|██▌       | 536/2063 [01:45<05:01,  5.07it/s, v_num=5-00]Epoch 1:  26%|██▌       | 537/2063 [01:45<05:00,  5.08it/s, v_num=5-00]Epoch 1:  26%|██▌       | 537/2063 [01:45<05:00,  5.08it/s, v_num=5-00]Epoch 1:  26%|██▌       | 538/2063 [01:45<04:59,  5.08it/s, v_num=5-00]Epoch 1:  26%|██▌       | 538/2063 [01:45<04:59,  5.08it/s, v_num=5-00]Epoch 1:  26%|██▌       | 539/2063 [01:45<04:59,  5.09it/s, v_num=5-00]Epoch 1:  26%|██▌       | 539/2063 [01:45<04:59,  5.09it/s, v_num=5-00]Epoch 1:  26%|██▌       | 540/2063 [01:45<04:58,  5.10it/s, v_num=5-00]Epoch 1:  26%|██▌       | 540/2063 [01:45<04:58,  5.10it/s, v_num=5-00]Epoch 1:  26%|██▌       | 541/2063 [01:45<04:57,  5.11it/s, v_num=5-00]Epoch 1:  26%|██▌       | 541/2063 [01:45<04:57,  5.11it/s, v_num=5-00]Epoch 1:  26%|██▋       | 542/2063 [01:45<04:57,  5.12it/s, v_num=5-00]Epoch 1:  26%|██▋       | 542/2063 [01:45<04:57,  5.12it/s, v_num=5-00]Epoch 1:  26%|██▋       | 543/2063 [01:45<04:56,  5.13it/s, v_num=5-00]Epoch 1:  26%|██▋       | 543/2063 [01:45<04:56,  5.13it/s, v_num=5-00]Epoch 1:  26%|██▋       | 544/2063 [01:45<04:55,  5.14it/s, v_num=5-00]Epoch 1:  26%|██▋       | 544/2063 [01:45<04:55,  5.14it/s, v_num=5-00]Epoch 1:  26%|██▋       | 545/2063 [01:45<04:54,  5.15it/s, v_num=5-00]Epoch 1:  26%|██▋       | 545/2063 [01:45<04:54,  5.15it/s, v_num=5-00]Epoch 1:  26%|██▋       | 546/2063 [01:45<04:54,  5.16it/s, v_num=5-00]Epoch 1:  26%|██▋       | 546/2063 [01:45<04:54,  5.16it/s, v_num=5-00]Epoch 1:  27%|██▋       | 547/2063 [01:45<04:53,  5.17it/s, v_num=5-00]Epoch 1:  27%|██▋       | 547/2063 [01:45<04:53,  5.17it/s, v_num=5-00]Epoch 1:  27%|██▋       | 548/2063 [01:46<04:53,  5.17it/s, v_num=5-00]Epoch 1:  27%|██▋       | 548/2063 [01:46<04:53,  5.17it/s, v_num=5-00]Epoch 1:  27%|██▋       | 549/2063 [01:46<04:52,  5.18it/s, v_num=5-00]Epoch 1:  27%|██▋       | 549/2063 [01:46<04:52,  5.18it/s, v_num=5-00]Epoch 1:  27%|██▋       | 550/2063 [01:46<04:51,  5.19it/s, v_num=5-00]Epoch 1:  27%|██▋       | 550/2063 [01:46<04:51,  5.19it/s, v_num=5-00]Epoch 1:  27%|██▋       | 551/2063 [01:46<04:50,  5.20it/s, v_num=5-00]Epoch 1:  27%|██▋       | 551/2063 [01:46<04:50,  5.20it/s, v_num=5-00]Epoch 1:  27%|██▋       | 552/2063 [01:46<04:50,  5.21it/s, v_num=5-00]Epoch 1:  27%|██▋       | 552/2063 [01:46<04:50,  5.21it/s, v_num=5-00]Epoch 1:  27%|██▋       | 553/2063 [01:46<04:49,  5.21it/s, v_num=5-00]Epoch 1:  27%|██▋       | 553/2063 [01:46<04:49,  5.21it/s, v_num=5-00]Epoch 1:  27%|██▋       | 554/2063 [01:46<04:48,  5.22it/s, v_num=5-00]Epoch 1:  27%|██▋       | 554/2063 [01:46<04:48,  5.22it/s, v_num=5-00]Epoch 1:  27%|██▋       | 555/2063 [01:46<04:48,  5.23it/s, v_num=5-00]Epoch 1:  27%|██▋       | 555/2063 [01:46<04:48,  5.23it/s, v_num=5-00]Epoch 1:  27%|██▋       | 556/2063 [01:46<04:47,  5.24it/s, v_num=5-00]Epoch 1:  27%|██▋       | 556/2063 [01:46<04:47,  5.24it/s, v_num=5-00]Epoch 1:  27%|██▋       | 557/2063 [01:46<04:46,  5.25it/s, v_num=5-00]Epoch 1:  27%|██▋       | 557/2063 [01:46<04:46,  5.25it/s, v_num=5-00]Epoch 1:  27%|██▋       | 558/2063 [01:46<04:46,  5.25it/s, v_num=5-00]Epoch 1:  27%|██▋       | 558/2063 [01:46<04:46,  5.25it/s, v_num=5-00]Epoch 1:  27%|██▋       | 559/2063 [01:46<04:45,  5.26it/s, v_num=5-00]Epoch 1:  27%|██▋       | 559/2063 [01:46<04:45,  5.26it/s, v_num=5-00]Epoch 1:  27%|██▋       | 560/2063 [01:46<04:45,  5.27it/s, v_num=5-00]Epoch 1:  27%|██▋       | 560/2063 [01:46<04:45,  5.27it/s, v_num=5-00]Epoch 1:  27%|██▋       | 561/2063 [01:46<04:44,  5.28it/s, v_num=5-00]Epoch 1:  27%|██▋       | 561/2063 [01:46<04:44,  5.28it/s, v_num=5-00]Epoch 1:  27%|██▋       | 562/2063 [01:46<04:43,  5.29it/s, v_num=5-00]Epoch 1:  27%|██▋       | 562/2063 [01:46<04:43,  5.29it/s, v_num=5-00]Epoch 1:  27%|██▋       | 563/2063 [01:46<04:43,  5.30it/s, v_num=5-00]Epoch 1:  27%|██▋       | 563/2063 [01:46<04:43,  5.30it/s, v_num=5-00]Epoch 1:  27%|██▋       | 564/2063 [01:46<04:42,  5.31it/s, v_num=5-00]Epoch 1:  27%|██▋       | 564/2063 [01:46<04:42,  5.31it/s, v_num=5-00]Epoch 1:  27%|██▋       | 565/2063 [01:46<04:41,  5.32it/s, v_num=5-00]Epoch 1:  27%|██▋       | 565/2063 [01:46<04:41,  5.32it/s, v_num=5-00]Epoch 1:  27%|██▋       | 566/2063 [01:46<04:41,  5.33it/s, v_num=5-00]Epoch 1:  27%|██▋       | 566/2063 [01:46<04:41,  5.33it/s, v_num=5-00]Epoch 1:  27%|██▋       | 567/2063 [01:46<04:40,  5.34it/s, v_num=5-00]Epoch 1:  27%|██▋       | 567/2063 [01:46<04:40,  5.34it/s, v_num=5-00]Epoch 1:  28%|██▊       | 568/2063 [01:47<04:43,  5.27it/s, v_num=5-00]Epoch 1:  28%|██▊       | 568/2063 [01:47<04:43,  5.27it/s, v_num=5-00]Epoch 1:  28%|██▊       | 569/2063 [01:47<04:43,  5.28it/s, v_num=5-00]Epoch 1:  28%|██▊       | 569/2063 [01:47<04:43,  5.28it/s, v_num=5-00]Epoch 1:  28%|██▊       | 570/2063 [01:47<04:42,  5.29it/s, v_num=5-00]Epoch 1:  28%|██▊       | 570/2063 [01:47<04:42,  5.29it/s, v_num=5-00]Epoch 1:  28%|██▊       | 571/2063 [01:47<04:41,  5.30it/s, v_num=5-00]Epoch 1:  28%|██▊       | 571/2063 [01:47<04:41,  5.30it/s, v_num=5-00]Epoch 1:  28%|██▊       | 572/2063 [01:47<04:41,  5.31it/s, v_num=5-00]Epoch 1:  28%|██▊       | 572/2063 [01:47<04:41,  5.31it/s, v_num=5-00]Epoch 1:  28%|██▊       | 573/2063 [01:47<04:40,  5.31it/s, v_num=5-00]Epoch 1:  28%|██▊       | 573/2063 [01:47<04:40,  5.31it/s, v_num=5-00]Epoch 1:  28%|██▊       | 574/2063 [01:47<04:39,  5.32it/s, v_num=5-00]Epoch 1:  28%|██▊       | 574/2063 [01:47<04:39,  5.32it/s, v_num=5-00]Epoch 1:  28%|██▊       | 575/2063 [01:47<04:39,  5.33it/s, v_num=5-00]Epoch 1:  28%|██▊       | 575/2063 [01:47<04:39,  5.33it/s, v_num=5-00]Epoch 1:  28%|██▊       | 576/2063 [01:47<04:38,  5.34it/s, v_num=5-00]Epoch 1:  28%|██▊       | 576/2063 [01:47<04:38,  5.34it/s, v_num=5-00]Epoch 1:  28%|██▊       | 577/2063 [01:47<04:37,  5.35it/s, v_num=5-00]Epoch 1:  28%|██▊       | 577/2063 [01:47<04:37,  5.35it/s, v_num=5-00]Epoch 1:  28%|██▊       | 578/2063 [01:51<04:47,  5.17it/s, v_num=5-00]Epoch 1:  28%|██▊       | 578/2063 [01:51<04:47,  5.17it/s, v_num=5-00]Epoch 1:  28%|██▊       | 579/2063 [01:51<04:46,  5.18it/s, v_num=5-00]Epoch 1:  28%|██▊       | 579/2063 [01:51<04:46,  5.18it/s, v_num=5-00]Epoch 1:  28%|██▊       | 580/2063 [01:51<04:45,  5.19it/s, v_num=5-00]Epoch 1:  28%|██▊       | 580/2063 [01:51<04:45,  5.19it/s, v_num=5-00]Epoch 1:  28%|██▊       | 581/2063 [01:51<04:45,  5.19it/s, v_num=5-00]Epoch 1:  28%|██▊       | 581/2063 [01:51<04:45,  5.19it/s, v_num=5-00]Epoch 1:  28%|██▊       | 582/2063 [01:51<04:44,  5.20it/s, v_num=5-00]Epoch 1:  28%|██▊       | 582/2063 [01:51<04:44,  5.20it/s, v_num=5-00]Epoch 1:  28%|██▊       | 583/2063 [01:51<04:43,  5.21it/s, v_num=5-00]Epoch 1:  28%|██▊       | 583/2063 [01:51<04:43,  5.21it/s, v_num=5-00]Epoch 1:  28%|██▊       | 584/2063 [01:51<04:43,  5.22it/s, v_num=5-00]Epoch 1:  28%|██▊       | 584/2063 [01:51<04:43,  5.22it/s, v_num=5-00]Epoch 1:  28%|██▊       | 585/2063 [01:51<04:42,  5.23it/s, v_num=5-00]Epoch 1:  28%|██▊       | 585/2063 [01:51<04:42,  5.23it/s, v_num=5-00]Epoch 1:  28%|██▊       | 586/2063 [01:51<04:41,  5.24it/s, v_num=5-00]Epoch 1:  28%|██▊       | 586/2063 [01:51<04:41,  5.24it/s, v_num=5-00]Epoch 1:  28%|██▊       | 587/2063 [01:51<04:41,  5.25it/s, v_num=5-00]Epoch 1:  28%|██▊       | 587/2063 [01:51<04:41,  5.25it/s, v_num=5-00]Epoch 1:  29%|██▊       | 588/2063 [01:52<04:40,  5.25it/s, v_num=5-00]Epoch 1:  29%|██▊       | 588/2063 [01:52<04:40,  5.25it/s, v_num=5-00]Epoch 1:  29%|██▊       | 589/2063 [01:52<04:40,  5.26it/s, v_num=5-00]Epoch 1:  29%|██▊       | 589/2063 [01:52<04:40,  5.26it/s, v_num=5-00]Epoch 1:  29%|██▊       | 590/2063 [01:52<04:39,  5.27it/s, v_num=5-00]Epoch 1:  29%|██▊       | 590/2063 [01:52<04:39,  5.27it/s, v_num=5-00]Epoch 1:  29%|██▊       | 591/2063 [01:52<04:39,  5.28it/s, v_num=5-00]Epoch 1:  29%|██▊       | 591/2063 [01:52<04:39,  5.28it/s, v_num=5-00]Epoch 1:  29%|██▊       | 592/2063 [01:52<04:38,  5.28it/s, v_num=5-00]Epoch 1:  29%|██▊       | 592/2063 [01:52<04:38,  5.28it/s, v_num=5-00]Epoch 1:  29%|██▊       | 593/2063 [01:52<04:37,  5.29it/s, v_num=5-00]Epoch 1:  29%|██▊       | 593/2063 [01:52<04:37,  5.29it/s, v_num=5-00]Epoch 1:  29%|██▉       | 594/2063 [01:52<04:37,  5.30it/s, v_num=5-00]Epoch 1:  29%|██▉       | 594/2063 [01:52<04:37,  5.30it/s, v_num=5-00]Epoch 1:  29%|██▉       | 595/2063 [01:52<04:36,  5.31it/s, v_num=5-00]Epoch 1:  29%|██▉       | 595/2063 [01:52<04:36,  5.31it/s, v_num=5-00]Epoch 1:  29%|██▉       | 596/2063 [01:52<04:35,  5.32it/s, v_num=5-00]Epoch 1:  29%|██▉       | 596/2063 [01:52<04:35,  5.32it/s, v_num=5-00]Epoch 1:  29%|██▉       | 597/2063 [01:52<04:35,  5.33it/s, v_num=5-00]Epoch 1:  29%|██▉       | 597/2063 [01:52<04:35,  5.33it/s, v_num=5-00]Epoch 1:  29%|██▉       | 598/2063 [01:56<04:44,  5.15it/s, v_num=5-00]Epoch 1:  29%|██▉       | 598/2063 [01:56<04:44,  5.15it/s, v_num=5-00]Epoch 1:  29%|██▉       | 599/2063 [01:56<04:43,  5.16it/s, v_num=5-00]Epoch 1:  29%|██▉       | 599/2063 [01:56<04:43,  5.16it/s, v_num=5-00]Epoch 1:  29%|██▉       | 600/2063 [01:56<04:43,  5.17it/s, v_num=5-00]Epoch 1:  29%|██▉       | 600/2063 [01:56<04:43,  5.17it/s, v_num=5-00]Epoch 1:  29%|██▉       | 601/2063 [01:56<04:42,  5.17it/s, v_num=5-00]Epoch 1:  29%|██▉       | 601/2063 [01:56<04:42,  5.17it/s, v_num=5-00]Epoch 1:  29%|██▉       | 602/2063 [01:56<04:41,  5.18it/s, v_num=5-00]Epoch 1:  29%|██▉       | 602/2063 [01:56<04:41,  5.18it/s, v_num=5-00]Epoch 1:  29%|██▉       | 603/2063 [01:56<04:41,  5.19it/s, v_num=5-00]Epoch 1:  29%|██▉       | 603/2063 [01:56<04:41,  5.19it/s, v_num=5-00]Epoch 1:  29%|██▉       | 604/2063 [01:56<04:40,  5.20it/s, v_num=5-00]Epoch 1:  29%|██▉       | 604/2063 [01:56<04:40,  5.20it/s, v_num=5-00]Epoch 1:  29%|██▉       | 605/2063 [01:56<04:39,  5.21it/s, v_num=5-00]Epoch 1:  29%|██▉       | 605/2063 [01:56<04:39,  5.21it/s, v_num=5-00]Epoch 1:  29%|██▉       | 606/2063 [01:56<04:39,  5.22it/s, v_num=5-00]Epoch 1:  29%|██▉       | 606/2063 [01:56<04:39,  5.22it/s, v_num=5-00]Epoch 1:  29%|██▉       | 607/2063 [01:56<04:38,  5.22it/s, v_num=5-00]Epoch 1:  29%|██▉       | 607/2063 [01:56<04:38,  5.22it/s, v_num=5-00]Epoch 1:  29%|██▉       | 608/2063 [02:10<05:12,  4.65it/s, v_num=5-00]Epoch 1:  29%|██▉       | 608/2063 [02:10<05:12,  4.65it/s, v_num=5-00]Epoch 1:  30%|██▉       | 609/2063 [02:10<05:11,  4.66it/s, v_num=5-00]Epoch 1:  30%|██▉       | 609/2063 [02:10<05:11,  4.66it/s, v_num=5-00]Epoch 1:  30%|██▉       | 610/2063 [02:10<05:11,  4.67it/s, v_num=5-00]Epoch 1:  30%|██▉       | 610/2063 [02:10<05:11,  4.67it/s, v_num=5-00]Epoch 1:  30%|██▉       | 611/2063 [02:10<05:10,  4.68it/s, v_num=5-00]Epoch 1:  30%|██▉       | 611/2063 [02:10<05:10,  4.68it/s, v_num=5-00]Epoch 1:  30%|██▉       | 612/2063 [02:10<05:09,  4.68it/s, v_num=5-00]Epoch 1:  30%|██▉       | 612/2063 [02:10<05:09,  4.68it/s, v_num=5-00]Epoch 1:  30%|██▉       | 613/2063 [02:10<05:09,  4.69it/s, v_num=5-00]Epoch 1:  30%|██▉       | 613/2063 [02:10<05:09,  4.69it/s, v_num=5-00]Epoch 1:  30%|██▉       | 614/2063 [02:10<05:08,  4.70it/s, v_num=5-00]Epoch 1:  30%|██▉       | 614/2063 [02:10<05:08,  4.70it/s, v_num=5-00]Epoch 1:  30%|██▉       | 615/2063 [02:10<05:07,  4.71it/s, v_num=5-00]Epoch 1:  30%|██▉       | 615/2063 [02:10<05:07,  4.71it/s, v_num=5-00]Epoch 1:  30%|██▉       | 616/2063 [02:10<05:07,  4.71it/s, v_num=5-00]Epoch 1:  30%|██▉       | 616/2063 [02:10<05:07,  4.71it/s, v_num=5-00]Epoch 1:  30%|██▉       | 617/2063 [02:10<05:06,  4.72it/s, v_num=5-00]Epoch 1:  30%|██▉       | 617/2063 [02:10<05:06,  4.72it/s, v_num=5-00]Epoch 1:  30%|██▉       | 618/2063 [02:10<05:05,  4.72it/s, v_num=5-00]Epoch 1:  30%|██▉       | 618/2063 [02:10<05:05,  4.72it/s, v_num=5-00]Epoch 1:  30%|███       | 619/2063 [02:10<05:05,  4.73it/s, v_num=5-00]Epoch 1:  30%|███       | 619/2063 [02:10<05:05,  4.73it/s, v_num=5-00]Epoch 1:  30%|███       | 620/2063 [02:10<05:04,  4.74it/s, v_num=5-00]Epoch 1:  30%|███       | 620/2063 [02:10<05:04,  4.74it/s, v_num=5-00]Epoch 1:  30%|███       | 621/2063 [02:10<05:03,  4.75it/s, v_num=5-00]Epoch 1:  30%|███       | 621/2063 [02:10<05:03,  4.75it/s, v_num=5-00]Epoch 1:  30%|███       | 622/2063 [02:10<05:03,  4.75it/s, v_num=5-00]Epoch 1:  30%|███       | 622/2063 [02:10<05:03,  4.75it/s, v_num=5-00]Epoch 1:  30%|███       | 623/2063 [02:10<05:02,  4.76it/s, v_num=5-00]Epoch 1:  30%|███       | 623/2063 [02:10<05:02,  4.76it/s, v_num=5-00]Epoch 1:  30%|███       | 624/2063 [02:10<05:01,  4.77it/s, v_num=5-00]Epoch 1:  30%|███       | 624/2063 [02:10<05:01,  4.77it/s, v_num=5-00]Epoch 1:  30%|███       | 625/2063 [02:10<05:01,  4.77it/s, v_num=5-00]Epoch 1:  30%|███       | 625/2063 [02:10<05:01,  4.77it/s, v_num=5-00]Epoch 1:  30%|███       | 626/2063 [02:10<05:00,  4.78it/s, v_num=5-00]Epoch 1:  30%|███       | 626/2063 [02:10<05:00,  4.78it/s, v_num=5-00]Epoch 1:  30%|███       | 627/2063 [02:10<04:59,  4.79it/s, v_num=5-00]Epoch 1:  30%|███       | 627/2063 [02:10<04:59,  4.79it/s, v_num=5-00]Epoch 1:  30%|███       | 628/2063 [02:12<05:01,  4.75it/s, v_num=5-00]Epoch 1:  30%|███       | 628/2063 [02:12<05:01,  4.75it/s, v_num=5-00]Epoch 1:  30%|███       | 629/2063 [02:12<05:01,  4.76it/s, v_num=5-00]Epoch 1:  30%|███       | 629/2063 [02:12<05:01,  4.76it/s, v_num=5-00]Epoch 1:  31%|███       | 630/2063 [02:12<05:00,  4.77it/s, v_num=5-00]Epoch 1:  31%|███       | 630/2063 [02:12<05:00,  4.77it/s, v_num=5-00]Epoch 1:  31%|███       | 631/2063 [02:12<04:59,  4.77it/s, v_num=5-00]Epoch 1:  31%|███       | 631/2063 [02:12<04:59,  4.77it/s, v_num=5-00]Epoch 1:  31%|███       | 632/2063 [02:12<04:59,  4.78it/s, v_num=5-00]Epoch 1:  31%|███       | 632/2063 [02:12<04:59,  4.78it/s, v_num=5-00]Epoch 1:  31%|███       | 633/2063 [02:12<04:58,  4.79it/s, v_num=5-00]Epoch 1:  31%|███       | 633/2063 [02:12<04:58,  4.79it/s, v_num=5-00]Epoch 1:  31%|███       | 634/2063 [02:12<04:57,  4.80it/s, v_num=5-00]Epoch 1:  31%|███       | 634/2063 [02:12<04:57,  4.80it/s, v_num=5-00]Epoch 1:  31%|███       | 635/2063 [02:12<04:57,  4.80it/s, v_num=5-00]Epoch 1:  31%|███       | 635/2063 [02:12<04:57,  4.80it/s, v_num=5-00]Epoch 1:  31%|███       | 636/2063 [02:12<04:56,  4.81it/s, v_num=5-00]Epoch 1:  31%|███       | 636/2063 [02:12<04:56,  4.81it/s, v_num=5-00]Epoch 1:  31%|███       | 637/2063 [02:12<04:55,  4.82it/s, v_num=5-00]Epoch 1:  31%|███       | 637/2063 [02:12<04:55,  4.82it/s, v_num=5-00]Epoch 1:  31%|███       | 638/2063 [02:14<04:59,  4.76it/s, v_num=5-00]Epoch 1:  31%|███       | 638/2063 [02:14<04:59,  4.76it/s, v_num=5-00]Epoch 1:  31%|███       | 639/2063 [02:14<04:58,  4.76it/s, v_num=5-00]Epoch 1:  31%|███       | 639/2063 [02:14<04:58,  4.76it/s, v_num=5-00]Epoch 1:  31%|███       | 640/2063 [02:14<04:58,  4.77it/s, v_num=5-00]Epoch 1:  31%|███       | 640/2063 [02:14<04:58,  4.77it/s, v_num=5-00]Epoch 1:  31%|███       | 641/2063 [02:14<04:57,  4.78it/s, v_num=5-00]Epoch 1:  31%|███       | 641/2063 [02:14<04:57,  4.78it/s, v_num=5-00]Epoch 1:  31%|███       | 642/2063 [02:14<04:56,  4.79it/s, v_num=5-00]Epoch 1:  31%|███       | 642/2063 [02:14<04:56,  4.79it/s, v_num=5-00]Epoch 1:  31%|███       | 643/2063 [02:14<04:56,  4.79it/s, v_num=5-00]Epoch 1:  31%|███       | 643/2063 [02:14<04:56,  4.79it/s, v_num=5-00]Epoch 1:  31%|███       | 644/2063 [02:14<04:55,  4.80it/s, v_num=5-00]Epoch 1:  31%|███       | 644/2063 [02:14<04:55,  4.80it/s, v_num=5-00]Epoch 1:  31%|███▏      | 645/2063 [02:14<04:55,  4.81it/s, v_num=5-00]Epoch 1:  31%|███▏      | 645/2063 [02:14<04:55,  4.81it/s, v_num=5-00]Epoch 1:  31%|███▏      | 646/2063 [02:14<04:54,  4.81it/s, v_num=5-00]Epoch 1:  31%|███▏      | 646/2063 [02:14<04:54,  4.81it/s, v_num=5-00]Epoch 1:  31%|███▏      | 647/2063 [02:14<04:53,  4.82it/s, v_num=5-00]Epoch 1:  31%|███�[rank2]:[E1112 19:43:23.367374799 ProcessGroupNCCL.cpp:683] [Rank 2] Watchdog caught collective operation timeout: WorkNCCL(SeqNum=7, OpType=BROADCAST, NumelIn=1, NumelOut=1, Timeout(ms)=600000) ran for 600025 milliseconds before timing out.
[rank1]:[E1112 19:43:23.367436087 ProcessGroupNCCL.cpp:683] [Rank 1] Watchdog caught collective operation timeout: WorkNCCL(SeqNum=7, OpType=BROADCAST, NumelIn=1, NumelOut=1, Timeout(ms)=600000) ran for 600024 milliseconds before timing out.
[rank2]:[E1112 19:43:23.367619703 ProcessGroupNCCL.cpp:2241] [PG ID 0 PG GUID 0(default_pg) Rank 2]  failure detected by watchdog at work sequence id: 7 PG status: last enqueued work: 7, last completed work: 6
[rank2]:[E1112 19:43:23.367629957 ProcessGroupNCCL.cpp:730] Stack trace of the failed collective not found, potentially because FlightRecorder is disabled. You can enable it by setting TORCH_NCCL_TRACE_BUFFER_SIZE to a non-zero value.
[rank1]:[E1112 19:43:23.367630201 ProcessGroupNCCL.cpp:2241] [PG ID 0 PG GUID 0(default_pg) Rank 1]  failure detected by watchdog at work sequence id: 7 PG status: last enqueued work: 7, last completed work: 6
[rank1]:[E1112 19:43:23.367636478 ProcessGroupNCCL.cpp:730] Stack trace of the failed collective not found, potentially because FlightRecorder is disabled. You can enable it by setting TORCH_NCCL_TRACE_BUFFER_SIZE to a non-zero value.
[rank1]:[E1112 19:43:23.367661987 ProcessGroupNCCL.cpp:2573] [PG ID 0 PG GUID 0(default_pg) Rank 1] First PG on this rank to signal dumping.
[rank2]:[E1112 19:43:23.367663561 ProcessGroupNCCL.cpp:2573] [PG ID 0 PG GUID 0(default_pg) Rank 2] First PG on this rank to signal dumping.
[rank3]:[E1112 19:43:23.415941002 ProcessGroupNCCL.cpp:683] [Rank 3] Watchdog caught collective operation timeout: WorkNCCL(SeqNum=7, OpType=BROADCAST, NumelIn=1, NumelOut=1, Timeout(ms)=600000) ran for 600073 milliseconds before timing out.
[rank3]:[E1112 19:43:23.416104689 ProcessGroupNCCL.cpp:2241] [PG ID 0 PG GUID 0(default_pg) Rank 3]  failure detected by watchdog at work sequence id: 7 PG status: last enqueued work: 7, last completed work: 6
[rank3]:[E1112 19:43:23.416114639 ProcessGroupNCCL.cpp:730] Stack trace of the failed collective not found, potentially because FlightRecorder is disabled. You can enable it by setting TORCH_NCCL_TRACE_BUFFER_SIZE to a non-zero value.
[rank3]:[E1112 19:43:23.416146891 ProcessGroupNCCL.cpp:2573] [PG ID 0 PG GUID 0(default_pg) Rank 3] First PG on this rank to signal dumping.
[rank1]:[E1112 19:43:23.436093064 ProcessGroupNCCL.cpp:1858] [PG ID 0 PG GUID 0(default_pg) Rank 1] Received a dump signal due to a collective timeout from this local rank and we will try our best to dump the debug info. Last enqueued NCCL work: 7, last completed NCCL work: 6.This is most likely caused by incorrect usages of collectives, e.g., wrong sizes used across ranks, the order of collectives is not same for all ranks or the scheduled collective, for some reason, didn't run. Additionally, this can be caused by GIL deadlock or other reasons such as network errors or bugs in the communications library (e.g. NCCL), etc. 
[rank2]:[E1112 19:43:23.436129653 ProcessGroupNCCL.cpp:1858] [PG ID 0 PG GUID 0(default_pg) Rank 2] Received a dump signal due to a collective timeout from this local rank and we will try our best to dump the debug info. Last enqueued NCCL work: 7, last completed NCCL work: 6.This is most likely caused by incorrect usages of collectives, e.g., wrong sizes used across ranks, the order of collectives is not same for all ranks or the scheduled collective, for some reason, didn't run. Additionally, this can be caused by GIL deadlock or other reasons such as network errors or bugs in the communications library (e.g. NCCL), etc. 
[rank3]:[E1112 19:43:23.436158003 ProcessGroupNCCL.cpp:1858] [PG ID 0 PG GUID 0(default_pg) Rank 3] Received a dump signal due to a collective timeout from this local rank and we will try our best to dump the debug info. Last enqueued NCCL work: 7, last completed NCCL work: 6.This is most likely caused by incorrect usages of collectives, e.g., wrong sizes used across ranks, the order of collectives is not same for all ranks or the scheduled collective, for some reason, didn't run. Additionally, this can be caused by GIL deadlock or other reasons such as network errors or bugs in the communications library (e.g. NCCL), etc. 
[rank1]:[E1112 19:43:23.436379302 ProcessGroupNCCL.cpp:1575] [PG ID 0 PG GUID 0(default_pg) Rank 1] ProcessGroupNCCL preparing to dump debug info. Include stack trace: 1
[rank3]:[E1112 19:43:23.436430909 ProcessGroupNCCL.cpp:1575] [PG ID 0 PG GUID 0(default_pg) Rank 3] ProcessGroupNCCL preparing to dump debug info. Include stack trace: 1
[rank2]:[E1112 19:43:23.436483655 ProcessGroupNCCL.cpp:1575] [PG ID 0 PG GUID 0(default_pg) Rank 2] ProcessGroupNCCL preparing to dump debug info. Include stack trace: 1
�      | 647/2063 [02:14<04:53,  4.82it/s, v_num=5-00]Epoch 1:  31%|███▏      | 648/2063 [02:15<04:56,  4.77it/s, v_num=5-00]Epoch 1:  31%|███▏      | 648/2063 [02:15<04:56,  4.77it/s, v_num=5-00]Epoch 1:  31%|███▏      | 649/2063 [02:15<04:55,  4.78it/s, v_num=5-00]Epoch 1:  31%|███▏      | 649/2063 [02:15<04:55,  4.78it/s, v_num=5-00]Epoch 1:  32%|███▏      | 650/2063 [02:15<04:55,  4.79it/s, v_num=5-00]Epoch 1:  32%|███▏      | 650/2063 [02:15<04:55,  4.79it/s, v_num=5-00]Epoch 1:  32%|███▏      | 651/2063 [02:15<04:54,  4.80it/s, v_num=5-00]Epoch 1:  32%|███▏      | 651/2063 [02:15<04:54,  4.80it/s, v_num=5-00]Epoch 1:  32%|███▏      | 652/2063 [02:15<04:53,  4.80it/s, v_num=5-00]Epoch 1:  32%|███▏      | 652/2063 [02:15<04:53,  4.80it/s, v_num=5-00]Epoch 1:  32%|███▏      | 653/2063 [02:15<04:53,  4.81it/s, v_num=5-00]Epoch 1:  32%|███▏      | 653/2063 [02:15<04:53,  4.81it/s, v_num=5-00]Epoch 1:  32%|███▏      | 654/2063 [02:15<04:52,  4.82it/s, v_num=5-00]Epoch 1:  32%|███▏      | 654/2063 [02:15<04:52,  4.82it/s, v_num=5-00]Epoch 1:  32%|███▏      | 655/2063 [02:15<04:51,  4.82it/s, v_num=5-00]Epoch 1:  32%|███▏      | 655/2063 [02:15<04:51,  4.82it/s, v_num=5-00]Epoch 1:  32%|███▏      | 656/2063 [02:15<04:51,  4.83it/s, v_num=5-00]Epoch 1:  32%|███▏      | 656/2063 [02:15<04:51,  4.83it/s, v_num=5-00]Epoch 1:  32%|███▏      | 657/2063 [02:15<04:50,  4.84it/s, v_num=5-00]Epoch 1:  32%|███▏      | 657/2063 [02:15<04:50,  4.84it/s, v_num=5-00]Epoch 1:  32%|███▏      | 658/2063 [02:15<04:50,  4.84it/s, v_num=5-00]Epoch 1:  32%|███▏      | 658/2063 [02:15<04:50,  4.84it/s, v_num=5-00]Epoch 1:  32%|███▏      | 659/2063 [02:15<04:49,  4.85it/s, v_num=5-00]Epoch 1:  32%|███▏      | 659/2063 [02:15<04:49,  4.85it/s, v_num=5-00]Epoch 1:  32%|███▏      | 660/2063 [02:15<04:48,  4.85it/s, v_num=5-00]Epoch 1:  32%|███▏      | 660/2063 [02:15<04:48,  4.85it/s, v_num=5-00]Epoch 1:  32%|███▏      | 661/2063 [02:15<04:48,  4.86it/s, v_num=5-00]Epoch 1:  32%|███▏      | 661/2063 [02:15<04:48,  4.86it/s, v_num=5-00]Epoch 1:  32%|███▏      | 662/2063 [02:15<04:47,  4.87it/s, v_num=5-00]Epoch 1:  32%|███▏      | 662/2063 [02:15<04:47,  4.87it/s, v_num=5-00]Epoch 1:  32%|███▏      | 663/2063 [02:15<04:47,  4.88it/s, v_num=5-00]Epoch 1:  32%|███▏      | 663/2063 [02:15<04:47,  4.88it/s, v_num=5-00]Epoch 1:  32%|███▏      | 664/2063 [02:15<04:46,  4.88it/s, v_num=5-00]Epoch 1:  32%|███▏      | 664/2063 [02:15<04:46,  4.88it/s, v_num=5-00]Epoch 1:  32%|███▏      | 665/2063 [02:15<04:45,  4.89it/s, v_num=5-00]Epoch 1:  32%|███▏      | 665/2063 [02:15<04:45,  4.89it/s, v_num=5-00]Epoch 1:  32%|███▏      | 666/2063 [02:15<04:45,  4.90it/s, v_num=5-00]Epoch 1:  32%|███▏      | 666/2063 [02:15<04:45, [rank0]:[E1112 19:43:24.296812903 ProcessGroupNCCL.cpp:1794] [PG ID 0 PG GUID 0(default_pg) Rank 0] Observed flight recorder dump signal from another rank via TCPStore.
[rank0]:[E1112 19:43:24.296954275 ProcessGroupNCCL.cpp:1858] [PG ID 0 PG GUID 0(default_pg) Rank 0] Received a dump signal due to a collective timeout from  rank 3 and we will try our best to dump the debug info. Last enqueued NCCL work: 6, last completed NCCL work: 6.This is most likely caused by incorrect usages of collectives, e.g., wrong sizes used across ranks, the order of collectives is not same for all ranks or the scheduled collective, for some reason, didn't run. Additionally, this can be caused by GIL deadlock or other reasons such as network errors or bugs in the communications library (e.g. NCCL), etc. 
[rank0]:[E1112 19:43:24.297355436 ProcessGroupNCCL.cpp:1575] [PG ID 0 PG GUID 0(default_pg) Rank 0] ProcessGroupNCCL preparing to dump debug info. Include stack trace: 1
 4.90it/s, v_num=5-00]Epoch 1:  32%|███▏      | 667/2063 [02:15<04:44,  4.90it/s, v_num=5-00]Epoch 1:  32%|███▏      | 667/2063 [02:15<04:44,  4.90it/s, v_num=5-00]Epoch 1:  32%|███▏      | 668/2063 [02:18<04:48,  4.84it/s, v_num=5-00]Epoch 1:  32%|███▏      | 668/2063 [02:18<04:48,  4.84it/s, v_num=5-00]Epoch 1:  32%|███▏      | 669/2063 [02:18<04:47,  4.84it/s, v_num=5-00]Epoch 1:  32%|███▏      | 669/2063 [02:18<04:47,  4.84it/s, v_num=5-00]Epoch 1:  32%|███▏      | 670/2063 [02:18<04:47,  4.85it/s, v_num=5-00]Epoch 1:  32%|███▏      | 670/2063 [02:18<04:47,  4.85it/s, v_num=5-00]Epoch 1:  33%|███▎      | 671/2063 [02:18<04:46,  4.86it/s, v_num=5-00]Epoch 1:  33%|███▎      | 671/2063 [02:18<04:46,  4.86it/s, v_num=5-00]Epoch 1:  33%|███▎      | 672/2063 [02:18<04:45,  4.86it/s, v_num=5-00]Epoch 1:  33%|███▎      | 672/2063 [02:18<04:45,  4.86it/s, v_num=5-00]Epoch 1:  33%|███▎      | 673/2063 [02:18<04:45,  4.87it/s, v_num=5-00]Epoch 1:  33%|███▎      | 673/2063 [02:18<04:45,  4.87it/s, v_num=5-00]Epoch 1:  33%|███▎      | 674/2063 [02:18<04:44,  4.88it/s, v_num=5-00]Epoch 1:  33%|███▎      | 674/2063 [02:18<04:44,  4.88it/s, v_num=5-00]Epoch 1:  33%|███▎      | 675/2063 [02:18<04:44,  4.89it/s, v_num=5-00]Epoch 1:  33%|███▎      | 675/2063 [02:18<04:44,  4.89it/s, v_num=5-00]Epoch 1:  33%|███▎      | 676/2063 [02:18<04:43,  4.89it/s, v_num=5-00]Epoch 1:  33%|███▎      | 676/2063 [02:18<04:43,  4.89it/s, v_num=5-00]Epoch 1:  33%|███▎      | 677/2063 [02:18<04:42,  4.90it/s, v_num=5-00]Epoch 1:  33%|███▎      | 677/2063 [02:18<04:42,  4.90it/s, v_num=5-00]Epoch 1:  33%|███▎      | 678/2063 [02:20<04:46,  4.84it/s, v_num=5-00]Epoch 1:  33%|███▎      | 678/2063 [02:20<04:46,  4.84it/s, v_num=5-00]Epoch 1:  33%|███▎      | 679/2063 [02:20<04:45,  4.84it/s, v_num=5-00]Epoch 1:  33%|███▎      | 679/2063 [02:20<04:45,  4.84it/s, v_num=5-00]Epoch 1:  33%|███▎      | 680/2063 [02:20<04:45,  4.85it/s, v_num=5-00]Epoch 1:  33%|███▎      | 680/2063 [02:20<04:45,  4.85it/s, v_num=5-00]Epoch 1:  33%|███▎      | 681/2063 [02:20<04:44,  4.86it/s, v_num=5-00]Epoch 1:  33%|███▎      | 681/2063 [02:20<04:44,  4.86it/s, v_num=5-00]Epoch 1:  33%|███▎      | 682/2063 [02:20<04:43,  4.86it/s, v_num=5-00]Epoch 1:  33%|███▎      | 682/2063 [02:20<04:43,  4.86it/s, v_num=5-00]Epoch 1:  33%|███▎      | 683/2063 [02:20<04:43,  4.87it/s, v_num=5-00]Epoch 1:  33%|███▎      | 683/2063 [02:20<04:43,  4.87it/s, v_num=5-00]Epoch 1:  33%|███▎      | 684/2063 [02:20<04:42,  4.88it/s, v_num=5-00]Epoch 1:  33%|███▎      | 684/2063 [02:20<04:42,  4.88it/s, v_num=5-00]Epoch 1:  33%|███▎      | 685/2063 [02:20<04:42,  4.88it/s, v_num=5-00]Epoch 1:  33%|███▎      | 685/2063 [02:20<04:42,  4.88it/s, v_num=5-00]Epoch 1:  33%|███▎      | 686/2063 [02:20<04:41,  4.89it/s, v_num=5-00]Epoch 1:  33%|███▎      | 686/2063 [02:20<04:41,  4.89it/s, v_num=5-00]Epoch 1:  33%|███▎      | 687/2063 [02:20<04:40,  4.90it/s, v_num=5-00]Epoch 1:  33%|███▎      | 687/2063 [02:20<04:40,  4.90it/s, v_num=5-00]Epoch 1:  33%|███▎      | 688/2063 [02:22<04:44,  4.83it/s, v_num=5-00]Epoch 1:  33%|███▎      | 688/2063 [02:22<04:44,  4.83it/s, v_num=5-00]Epoch 1:  33%|███▎      | 689/2063 [02:22<04:43,  4.84it/s, v_num=5-00]Epoch 1:  33%|███▎      | 689/2063 [02:22<04:43,  4.84it/s, v_num=5-00]Epoch 1:  33%|███▎      | 690/2063 [02:22<04:43,  4.85it/s, v_num=5-00]Epoch 1:  33%|███▎      | 690/2063 [02:22<04:43,  4.85it/s, v_num=5-00]Epoch 1:  33%|███▎      | 691/2063 [02:22<04:42,  4.85it/s, v_num=5-00]Epoch 1:  33%|███▎      | 691/2063 [02:22<04:42,  4.85it/s, v_num=5-00]Epoch 1:  34%|███▎      | 692/2063 [02:22<04:42,  4.86it/s, v_num=5-00]Epoch 1:  34%|███▎      | 692/2063 [02:22<04:42,  4.86it/s, v_num=5-00]Epoch 1:  34%|███▎      | 693/2063 [02:22<04:41,  4.87it/s, v_num=5-00]Epoch 1:  34%|███▎      | 693/2063 [02:22<04:41,  4.87it/s, v_num=5-00]Epoch 1:  34%|███▎      | 694/2063 [02:22<04:40,  4.87it/s, v_num=5-00]Epoch 1:  34%|███▎      | 694/2063 [02:22<04:40,  4.87it/s, v_num=5-00]Epoch 1:  34%|███▎      | 695/2063 [02:22<04:40,  4.88it/s, v_num=5-00]Epoch 1:  34%|███▎      | 695/2063 [02:22<04:40,  4.88it/s, v_num=5-00]Epoch 1:  34%|███▎      | 696/2063 [02:22<04:39,  4.89it/s, v_num=5-00]Epoch 1:  34%|███▎      | 696/2063 [02:22<04:39,  4.89it/s, v_num=5-00]Epoch 1:  34%|███▍      | 697/2063 [02:22<04:39,  4.89it/s, v_num=5-00]Epoch 1:  34%|███▍      | 697/2063 [02:22<04:39,  4.89it/s, v_num=5-00]Epoch 1:  34%|███▍      | 698/2063 [02:27<04:48,  4.73it/s, v_num=5-00]Epoch 1:  34%|███▍      | 698/2063 [02:27<04:48,  4.73it/s, v_num=5-00]Epoch 1:  34%|███▍      | 699/2063 [02:27<04:48,  4.73it/s, v_num=5-00]Epoch 1:  34%|███▍      | 699/2063 [02:27<04:48,  4.73it/s, v_num=5-00]Epoch 1:  34%|███▍      | 700/2063 [02:27<04:47,  4.74it/s, v_num=5-00]Epoch 1:  34%|███▍      | 700/2063 [02:27<04:47,  4.74it/s, v_num=5-00]Epoch 1:  34%|███▍      | 701/2063 [02:27<04:46,  4.75it/s, v_num=5-00]Epoch 1:  34%|███▍      | 701/2063 [02:27<04:46,  4.75it/s, v_num=5-00]Epoch 1:  34%|███▍      | 702/2063 [02:27<04:46,  4.75it/s, v_num=5-00]Epoch 1:  34%|███▍      | 702/2063 [02:27<04:46,  4.75it/s, v_num=5-00]Epoch 1:  34%|███▍      | 703/2063 [02:27<04:45,  4.76it/s, v_num=5-00]Epoch 1:  34%|███▍      | 703/2063 [02:27<04:45,  4.76it/s, v_num=5-00]Epoch 1:  34%|███▍      | 704/2063 [02:27<04:45,  4.77it/s, v_num=5-00]Epoch 1:  34%|███▍      | 704/2063 [02:27<04:45,  4.77it/s, v_num=5-00]Epoch 1:  34%|███▍      | 705/2063 [02:27<04:44,  4.77it/s, v_num=5-00]Epoch 1:  34%|███▍      | 705/2063 [02:27<04:44,  4.77it/s, v_num=5-00]Epoch 1:  34%|███▍      | 706/2063 [02:27<04:43,  4.78it/s, v_num=5-00]Epoch 1:  34%|███▍      | 706/2063 [02:27<04:43,  4.78it/s, v_num=5-00]Epoch 1:  34%|███▍      | 707/2063 [02:27<04:43,  4.79it/s, v_num=5-00]Epoch 1:  34%|███▍      | 707/2063 [02:27<04:43,  4.79it/s, v_num=5-00]Epoch 1:  34%|███▍      | 708/2063 [02:27<04:42,  4.79it/s, v_num=5-00]Epoch 1:  34%|███▍      | 708/2063 [02:27<04:42,  4.79it/s, v_num=5-00]Epoch 1:  34%|███▍      | 709/2063 [02:27<04:42,  4.80it/s, v_num=5-00]Epoch 1:  34%|███▍      | 709/2063 [02:27<04:42,  4.80it/s, v_num=5-00]Epoch 1:  34%|███▍      | 710/2063 [02:27<04:41,  4.80it/s, v_num=5-00]Epoch 1:  34%|███▍      | 710/2063 [02:27<04:41,  4.80it/s, v_num=5-00]Epoch 1:  34%|███▍      | 711/2063 [02:27<04:41,  4.81it/s, v_num=5-00]Epoch 1:  34%|███▍      | 711/2063 [02:27<04:41,  4.81it/s, v_num=5-00]Epoch 1:  35%|███▍      | 712/2063 [02:27<04:40,  4.82it/s, v_num=5-00]Epoch 1:  35%|███▍      | 712/2063 [02:27<04:40,  4.82it/s, v_num=5-00]Epoch 1:  35%|███▍      | 713/2063 [02:27<04:39,  4.82it/s, v_num=5-00]Epoch 1:  35%|███▍      | 713/2063 [02:27<04:39,  4.82it/s, v_num=5-00]Epoch 1:  35%|███▍      | 714/2063 [02:27<04:39,  4.83it/s, v_num=5-00]Epoch 1:  35%|███▍      | 714/2063 [02:27<04:39,  4.83it/s, v_num=5-00]Epoch 1:  35%|███▍      | 715/2063 [02:27<04:38,  4.84it/s, v_num=5-00]Epoch 1:  35%|███▍      | 715/2063 [02:27<04:38,  4.84it/s, v_num=5-00]Epoch 1:  35%|███▍      | 716/2063 [02:27<04:38,  4.84it/s, v_num=5-00]Epoch 1:  35%|███▍      | 716/2063 [02:27<04:38,  4.84it/s, v_num=5-00]Epoch 1:  35%|███▍      | 717/2063 [02:27<04:37,  4.85it/s, v_num=5-00]Epoch 1:  35%|███▍      | 717/2063 [02:27<04:37,  4.85it/s, v_num=5-00]Epoch 1:  35%|███▍      | 718/2063 [02:27<04:37,  4.85it/s, v_num=5-00]Epoch 1:  35%|███▍      | 718/2063 [02:27<04:37,  4.85it/s, v_num=5-00]Epoch 1:  35%|███▍      | 719/2063 [02:27<04:36,  4.86it/s, v_num=5-00]Epoch 1:  35%|███▍      | 719/2063 [02:27<04:36,  4.86it/s, v_num=5-00]Epoch 1:  35%|███▍      | 720/2063 [02:27<04:36,  4.86it/s, v_num=5-00]Epoch 1:  35%|███▍      | 720/2063 [02:27<04:36,  4.86it/s, v_num=5-00]Epoch 1:  35%|███▍      | 721/2063 [02:28<04:35,  4.87it/s, v_num=5-00]Epoch 1:  35%|███▍      | 721/2063 [02:28<04:35,  4.87it/s, v_num=5-00]Epoch 1:  35%|███▍      | 722/2063 [02:28<04:34,  4.88it/s, v_num=5-00]Epoch 1:  35%|███▍      | 722/2063 [02:28<04:34,  4.88it/s, v_num=5-00]Epoch 1:  35%|███▌      | 723/2063 [02:28<04:34,  4.88it/s, v_num=5-00]Epoch 1:  35%|███▌      | 723/2063 [02:28<04:34,  4.88it/s, v_num=5-00]Epoch 1:  35%|███▌      | 724/2063 [02:28<04:33,  4.89it/s, v_num=5-00]Epoch 1:  35%|███▌      | 724/2063 [02:28<04:33,  4.89it/s, v_num=5-00]Epoch 1:  35%|███▌      | 725/2063 [02:28<04:33,  4.90it/s, v_num=5-00]Epoch 1:  35%|███▌      | 725/2063 [02:28<04:33,  4.90it/s, v_num=5-00]Epoch 1:  35%|███▌      | 726/2063 [02:28<04:32,  4.90it/s, v_num=5-00]Epoch 1:  35%|███▌      | 726/2063 [02:28<04:32,  4.90it/s, v_num=5-00]Epoch 1:  35%|███▌      | 727/2063 [02:28<04:32,  4.91it/s, v_num=5-00]Epoch 1:  35%|███▌      | 727/2063 [02:28<04:32,  4.91it/s, v_num=5-00]Epoch 1:  35%|███▌      | 728/2063 [02:31<04:38,  4.80it/s, v_num=5-00]Epoch 1:  35%|███▌      | 728/2063 [02:31<04:38,  4.80it/s, v_num=5-00]Epoch 1:  35%|███▌      | 729/2063 [02:31<04:37,  4.81it/s, v_num=5-00]Epoch 1:  35%|███▌      | 729/2063 [02:31<04:37,  4.81it/s, v_num=5-00]Epoch 1:  35%|███▌      | 730/2063 [02:31<04:36,  4.81it/s, v_num=5-00]Epoch 1:  35%|███▌      | 730/2063 [02:31<04:36,  4.81it/s, v_num=5-00]Epoch 1:  35%|███▌      | 731/2063 [02:31<04:36,  4.82it/s, v_num=5-00]Epoch 1:  35%|███▌      | 731/2063 [02:31<04:36,  4.82it/s, v_num=5-00]Epoch 1:  35%|███▌      | 732/2063 [02:31<04:35,  4.83it/s, v_num=5-00]Epoch 1:  35%|███▌      | 732/2063 [02:31<04:35,  4.83it/s, v_num=5-00]Epoch 1:  36%|███▌      | 733/2063 [02:31<04:35,  4.83it/s, v_num=5-00]Epoch 1:  36%|███▌      | 733/2063 [02:31<04:35,  4.83it/s, v_num=5-00]Epoch 1:  36%|███▌      | 734/2063 [02:31<04:34,  4.84it/s, v_num=5-00]Epoch 1:  36%|███▌      | 734/2063 [02:31<04:34,  4.84it/s, v_num=5-00]Epoch 1:  36%|███▌      | 735/2063 [02:31<04:34,  4.85it/s, v_num=5-00]Epoch 1:  36%|███▌      | 735/2063 [02:31<04:34,  4.85it/s, v_num=5-00]Epoch 1:  36%|███▌      | 736/2063 [02:31<04:33,  4.85it/s, v_num=5-00]Epoch 1:  36%|███▌      | 736/2063 [02:31<04:33,  4.85it/s, v_num=5-00]Epoch 1:  36%|███▌      | 737/2063 [02:31<04:32,  4.86it/s, v_num=5-00]Epoch 1:  36%|███▌      | 737/2063 [02:31<04:32,  4.86it/s, v_num=5-00]Epoch 1:  36%|███▌      | 738/2063 [02:33<04:36,  4.80it/s, v_num=5-00]Epoch 1:  36%|███▌      | 738/2063 [02:33<04:36,  4.80it/s, v_num=5-00]Epoch 1:  36%|███▌      | 739/2063 [02:33<04:35,  4.81it/s, v_num=5-00]Epoch 1:  36%|███▌      | 739/2063 [02:33<04:35,  4.81it/s, v_num=5-00]Epoch 1:  36%|███▌      | 740/2063 [02:33<04:34,  4.81it/s, v_num=5-00]Epoch 1:  36%|███▌      | 740/2063 [02:33<04:34,  4.81it/s, v_num=5-00]Epoch 1:  36%|███▌      | 741/2063 [02:33<04:34,  4.82it/s, v_num=5-00]Epoch 1:  36%|███▌      | 741/2063 [02:33<04:34,  4.82it/s, v_num=5-00]Epoch 1:  36%|███▌      | 742/2063 [02:33<04:33,  4.82it/s, v_num=5-00]Epoch 1:  36%|███▌      | 742/2063 [02:33<04:33,  4.82it/s, v_num=5-00]Epoch 1:  36%|███▌      | 743/2063 [02:33<04:33,  4.83it/s, v_num=5-00]Epoch 1:  36%|███▌      | 743/2063 [02:33<04:33,  4.83it/s, v_num=5-00]Epoch 1:  36%|███▌      | 744/2063 [02:33<04:32,  4.84it/s, v_num=5-00]Epoch 1:  36%|███▌      | 744/2063 [02:33<04:32,  4.84it/s, v_num=5-00]Epoch 1:  36%|███▌      | 745/2063 [02:33<04:32,  4.84it/s, v_num=5-00]Epoch 1:  36%|███▌      | 745/2063 [02:33<04:32,  4.84it/s, v_num=5-00]Epoch 1:  36%|███▌      | 746/2063 [02:33<04:31,  4.85it/s, v_num=5-00]Epoch 1:  36%|███▌      | 746/2063 [02:33<04:31,  4.85it/s, v_num=5-00]Epoch 1:  36%|███▌      | 747/2063 [02:33<04:30,  4.86it/s, v_num=5-00]Epoch 1:  36%|███▌      | 747/2063 [02:33<04:30,  4.86it/s, v_num=5-00]Epoch 1:  36%|███▋      | 748/2063 [02:33<04:30,  4.86it/s, v_num=5-00]Epoch 1:  36%|███▋      | 748/2063 [02:33<04:30,  4.86it/s, v_num=5-00]Epoch 1:  36%|███▋      | 749/2063 [02:33<04:30,  4.86it/s, v_num=5-00]Epoch 1:  36%|███▋      | 749/2063 [02:33<04:30,  4.86it/s, v_num=5-00]Epoch 1:  36%|███▋      | 750/2063 [02:33<04:29,  4.87it/s, v_num=5-00]Epoch 1:  36%|███▋      | 750/2063 [02:33<04:29,  4.87it/s, v_num=5-00]Epoch 1:  36%|███▋      | 751/2063 [02:33<04:28,  4.88it/s, v_num=5-00]Epoch 1:  36%|███▋      | 751/2063 [02:33<04:28,  4.88it/s, v_num=5-00]Epoch 1:  36%|███▋      | 752/2063 [02:33<04:28,  4.88it/s, v_num=5-00]Epoch 1:  36%|███▋      | 752/2063 [02:33<04:28,  4.88it/s, v_num=5-00]Epoch 1:  37%|███▋      | 753/2063 [02:33<04:27,  4.89it/s, v_num=5-00]Epoch 1:  37%|███▋      | 753/2063 [02:33<04:27,  4.89it/s, v_num=5-00]Epoch 1:  37%|███▋      | 754/2063 [02:33<04:27,  4.90it/s, v_num=5-00]Epoch 1:  37%|███▋      | 754/2063 [02:33<04:27,  4.90it/s, v_num=5-00]Epoch 1:  37%|███▋      | 755/2063 [02:33<04:26,  4.90it/s, v_num=5-00]Epoch 1:  37%|███▋      | 755/2063 [02:33<04:26,  4.90it/s, v_num=5-00]Epoch 1:  37%|███▋      | 756/2063 [02:34<04:26,  4.91it/s, v_num=5-00]Epoch 1:  37%|███▋      | 756/2063 [02:34<04:26,  4.91it/s, v_num=5-00]Epoch 1:  37%|███▋      | 757/2063 [02:34<04:25,  4.92it/s, v_num=5-00]Epoch 1:  37%|███▋      | 757/2063 [02:34<04:25,  4.92it/s, v_num=5-00]Epoch 1:  37%|███▋      | 758/2063 [02:35<04:27,  4.88it/s, v_num=5-00]Epoch 1:  37%|███▋      | 758/2063 [02:35<04:27,  4.88it/s, v_num=5-00]Epoch 1:  37%|███▋      | 759/2063 [02:35<04:27,  4.88it/s, v_num=5-00]Epoch 1:  37%|███▋      | 759/2063 [02:35<04:27,  4.88it/s, v_num=5-00]Epoch 1:  37%|███▋      | 760/2063 [02:35<04:26,  4.89it/s, v_num=5-00]Epoch 1:  37%|███▋      | 760/2063 [02:35<04:26,  4.89it/s, v_num=5-00]Epoch 1:  37%|███▋      | 761/2063 [02:35<04:25,  4.90it/s, v_num=5-00]Epoch 1:  37%|███▋      | 761/2063 [02:35<04:25,  4.90it/s, v_num=5-00]Epoch 1:  37%|███▋      | 762/2063 [02:35<04:25,  4.90it/s, v_num=5-00]Epoch 1:  37%|███▋      | 762/2063 [02:35<04:25,  4.90it/s, v_num=5-00]Epoch 1:  37%|███▋      | 763/2063 [02:35<04:24,  4.91it/s, v_num=5-00]Epoch 1:  37%|███▋      | 763/2063 [02:35<04:24,  4.91it/s, v_num=5-00]Epoch 1:  37%|███▋      | 764/2063 [02:35<04:24,  4.91it/s, v_num=5-00]Epoch 1:  37%|███▋      | 764/2063 [02:35<04:24,  4.91it/s, v_num=5-00]Epoch 1:  37%|███▋      | 765/2063 [02:35<04:23,  4.92it/s, v_num=5-00]Epoch 1:  37%|███▋      | 765/2063 [02:35<04:23,  4.92it/s, v_num=5-00]Epoch 1:  37%|███▋      | 766/2063 [02:35<04:23,  4.93it/s, v_num=5-00]Epoch 1:  37%|███▋      | 766/2063 [02:35<04:23,  4.93it/s, v_num=5-00]Epoch 1:  37%|███▋      | 767/2063 [02:35<04:22,  4.93it/s, v_num=5-00]Epoch 1:  37%|███▋      | 767/2063 [02:35<04:22,  4.93it/s, v_num=5-00]Epoch 1:  37%|███▋      | 768/2063 [02:37<04:25,  4.88it/s, v_num=5-00]Epoch 1:  37%|███▋      | 768/2063 [02:37<04:25,  4.88it/s, v_num=5-00]Epoch 1:  37%|███▋      | 769/2063 [02:37<04:25,  4.88it/s, v_num=5-00]Epoch 1:  37%|███▋      | 769/2063 [02:37<04:25,  4.88it/s, v_num=5-00]Epoch 1:  37%|███▋      | 770/2063 [02:37<04:24,  4.89it/s, v_num=5-00]Epoch 1:  37%|███▋      | 770/2063 [02:37<04:24,  4.89it/s, v_num=5-00]Epoch 1:  37%|███▋      | 771/2063 [02:37<04:23,  4.89it/s, v_num=5-00]Epoch 1:  37%|███▋      | 771/2063 [02:37<04:23,  4.89it/s, v_num=5-00]Epoch 1:  37%|███▋      | 772/2063 [02:37<04:23,  4.90it/s, v_num=5-00]Epoch 1:  37%|███▋      | 772/2063 [02:37<04:23,  4.90it/s, v_num=5-00]Epoch 1:  37%|███▋      | 773/2063 [02:37<04:22,  4.91it/s, v_num=5-00]Epoch 1:  37%|███▋      | 773/2063 [02:37<04:22,  4.91it/s, v_num=5-00]Epoch 1:  38%|███▊      | 774/2063 [02:37<04:22,  4.91it/s, v_num=5-00]Epoch 1:  38%|███▊      | 774/2063 [02:37<04:22,  4.91it/s, v_num=5-00]Epoch 1:  38%|███▊      | 775/2063 [02:37<04:21,  4.92it/s, v_num=5-00]Epoch 1:  38%|███▊      | 775/2063 [02:37<04:21,  4.92it/s, v_num=5-00]Epoch 1:  38%|███▊      | 776/2063 [02:37<04:21,  4.93it/s, v_num=5-00]Epoch 1:  38%|███▊      | 776/2063 [02:37<04:21,  4.93it/s, v_num=5-00]Epoch 1:  38%|███▊      | 777/2063 [02:37<04:20,  4.93it/s, v_num=5-00]Epoch 1:  38%|███▊      | 777/2063 [02:37<04:20,  4.93it/s, v_num=5-00]Epoch 1:  38%|███▊      | 778/2063 [02:43<04:30,  4.75it/s, v_num=5-00]Epoch 1:  38%|███▊      | 778/2063 [02:43<04:30,  4.75it/s, v_num=5-00]Epoch 1:  38%|███▊      | 779/2063 [02:43<04:29,  4.76it/s, v_num=5-00]Epoch 1:  38%|███▊      | 779/2063 [02:43<04:29,  4.76it/s, v_num=5-00]Epoch 1:  38%|███▊      | 780/2063 [02:43<04:29,  4.76it/s, v_num=5-00]Epoch 1:  38%|███▊      | 780/2063 [02:43<04:29,  4.76it/s, v_num=5-00]Epoch 1:  38%|███▊      | 781/2063 [02:43<04:28,  4.77it/s, v_num=5-00]Epoch 1:  38%|███▊      | 781/2063 [02:43<04:28,  4.77it/s, v_num=5-00]Epoch 1:  38%|███▊      | 782/2063 [02:43<04:28,  4.77it/s, v_num=5-00]Epoch 1:  38%|███▊      | 782/2063 [02:43<04:28,  4.77it/s, v_num=5-00]Epoch 1:  38%|███▊      | 783/2063 [02:43<04:27,  4.78it/s, v_num=5-00]Epoch 1:  38%|███▊      | 783/2063 [02:43<04:27,  4.78it/s, v_num=5-00]Epoch 1:  38%|███▊      | 784/2063 [02:43<04:27,  4.79it/s, v_num=5-00]Epoch 1:  38%|███▊      | 784/2063 [02:43<04:27,  4.79it/s, v_num=5-00]Epoch 1:  38%|███▊      | 785/2063 [02:43<04:26,  4.79it/s, v_num=5-00]Epoch 1:  38%|███▊      | 785/2063 [02:43<04:26,  4.79it/s, v_num=5-00]Epoch 1:  38%|███▊      | 786/2063 [02:43<04:26,  4.80it/s, v_num=5-00]Epoch 1:  38%|███▊      | 786/2063 [02:43<04:26,  4.80it/s, v_num=5-00]Epoch 1:  38%|███▊      | 787/2063 [02:43<04:25,  4.80it/s, v_num=5-00]Epoch 1:  38%|███▊      | 787/2063 [02:43<04:25,  4.80it/s, v_num=5-00]Epoch 1:  38%|███▊      | 788/2063 [02:43<04:25,  4.81it/s, v_num=5-00]Epoch 1:  38%|███▊      | 788/2063 [02:43<04:25,  4.81it/s, v_num=5-00]Epoch 1:  38%|███▊      | 789/2063 [02:43<04:24,  4.81it/s, v_num=5-00]Epoch 1:  38%|███▊      | 789/2063 [02:43<04:24,  4.81it/s, v_num=5-00]Epoch 1:  38%|███▊      | 790/2063 [02:43<04:24,  4.82it/s, v_num=5-00]Epoch 1:  38%|███▊      | 790/2063 [02:43<04:24,  4.82it/s, v_num=5-00]Epoch 1:  38%|███▊      | 791/2063 [02:43<04:23,  4.82it/s, v_num=5-00]Epoch 1:  38%|███▊      | 791/2063 [02:43<04:23,  4.82it/s, v_num=5-00]Epoch 1:  38%|███▊      | 792/2063 [02:44<04:23,  4.83it/s, v_num=5-00]Epoch 1:  38%|███▊      | 792/2063 [02:44<04:23,  4.83it/s, v_num=5-00]Epoch 1:  38%|███▊      | 793/2063 [02:44<04:22,  4.84it/s, v_num=5-00]Epoch 1:  38%|███▊      | 793/2063 [02:44<04:22,  4.84it/s, v_num=5-00]Epoch 1:  38%|███▊      | 794/2063 [02:44<04:22,  4.84it/s, v_num=5-00]Epoch 1:  38%|███▊      | 794/2063 [02:44<04:22,  4.84it/s, v_num=5-00]Epoch 1:  39%|███▊      | 795/2063 [02:44<04:21,  4.85it/s, v_num=5-00]Epoch 1:  39%|███▊      | 795/2063 [02:44<04:21,  4.85it/s, v_num=5-00]Epoch 1:  39%|███▊      | 796/2063 [02:44<04:21,  4.85it/s, v_num=5-00]Epoch 1:  39%|███▊      | 796/2063 [02:44<04:21,  4.85it/s, v_num=5-00]Epoch 1:  39%|███▊      | 797/2063 [02:44<04:20,  4.86it/s, v_num=5-00]Epoch 1:  39%|███▊      | 797/2063 [02:44<04:20,  4.86it/s, v_num=5-00]Epoch 1:  39%|███▊      | 798/2063 [02:45<04:21,  4.83it/s, v_num=5-00]Epoch 1:  39%|███▊      | 798/2063 [02:45<04:21,  4.83it/s, v_num=5-00]Epoch 1:  39%|███▊      | 799/2063 [02:45<04:21,  4.83it/s, v_num=5-00]Epoch 1:  39%|███▊      | 799/2063 [02:45<04:21,  4.83it/s, v_num=5-00]Epoch 1:  39%|███▉      | 800/2063 [02:45<04:20,  4.84it/s, v_num=5-00]Epoch 1:  39%|███▉      | 800/2063 [02:45<04:20,  4.84it/s, v_num=5-00]Epoch 1:  39%|███▉      | 801/2063 [02:45<04:20,  4.85it/s, v_num=5-00]Epoch 1:  39%|███▉      | 801/2063 [02:45<04:20,  4.85it/s, v_num=5-00]Epoch 1:  39%|███▉      | 802/2063 [02:45<04:19,  4.85it/s, v_num=5-00]Epoch 1:  39%|███▉      | 802/2063 [02:45<04:19,  4.85it/s, v_num=5-00]Epoch 1:  39%|███▉      | 803/2063 [02:45<04:19,  4.86it/s, v_num=5-00]Epoch 1:  39%|███▉      | 803/2063 [02:45<04:19,  4.86it/s, v_num=5-00]Epoch 1:  39%|███▉      | 804/2063 [02:45<04:18,  4.86it/s, v_num=5-00]Epoch 1:  39%|███▉      | 804/2063 [02:45<04:18,  4.86it/s, v_num=5-00]Epoch 1:  39%|███▉      | 805/2063 [02:45<04:18,  4.87it/s, v_num=5-00]Epoch 1:  39%|███▉      | 805/2063 [02:45<04:18,  4.87it/s, v_num=5-00]Epoch 1:  39%|███▉      | 806/2063 [02:45<04:17,  4.88it/s, v_num=5-00]Epoch 1:  39%|███▉      | 806/2063 [02:45<04:17,  4.88it/s, v_num=5-00]Epoch 1:  39%|███▉      | 807/2063 [02:45<04:17,  4.88it/s, v_num=5-00]Epoch 1:  39%|███▉      | 807/2063 [02:45<04:17,  4.88it/s, v_num=5-00]Epoch 1:  39%|███▉      | 808/2063 [02:48<04:21,  4.81it/s, v_num=5-00]Epoch 1:  39%|███▉      | 808/2063 [02:48<04:21,  4.81it/s, v_num=5-00]Epoch 1:  39%|███▉      | 809/2063 [02:48<04:20,  4.81it/s, v_num=5-00]Epoch 1:  39%|███▉      | 809/2063 [02:48<04:20,  4.81it/s, v_num=5-00]Epoch 1:  39%|███▉      | 810/2063 [02:48<04:20,  4.82it/s, v_num=5-00]Epoch 1:  39%|███▉      | 810/2063 [02:48<04:20,  4.82it/s, v_num=5-00]Epoch 1:  39%|███▉      | 811/2063 [02:48<04:19,  4.82it/s, v_num=5-00]Epoch 1:  39%|███▉      | 811/2063 [02:48<04:19,  4.82it/s, v_num=5-00]Epoch 1:  39%|███▉      | 812/2063 [02:48<04:19,  4.83it/s, v_num=5-00]Epoch 1:  39%|███▉      | 812/2063 [02:48<04:19,  4.83it/s, v_num=5-00]Epoch 1:  39%|███▉      | 813/2063 [02:48<04:18,  4.83it/s, v_num=5-00]Epoch 1:  39%|███▉      | 813/2063 [02:48<04:18,  4.83it/s, v_num=5-00]Epoch 1:  39%|███▉      | 814/2063 [02:48<04:18,  4.84it/s, v_num=5-00]Epoch 1:  39%|███▉      | 814/2063 [02:48<04:18,  4.84it/s, v_num=5-00]Epoch 1:  40%|███▉      | 815/2063 [02:48<04:17,  4.85it/s, v_num=5-00]Epoch 1:  40%|███▉      | 815/2063 [02:48<04:17,  4.85it/s, v_num=5-00]Epoch 1:  40%|███▉      | 816/2063 [02:48<04:16,  4.85it/s, v_num=5-00]Epoch 1:  40%|███▉      | 816/2063 [02:48<04:16,  4.85it/s, v_num=5-00]Epoch 1:  40%|███▉      | 817/2063 [02:48<04:16,  4.86it/s, v_num=5-00]Epoch 1:  40%|███▉      | 817/2063 [02:48<04:16,  4.86it/s, v_num=5-00]Epoch 1:  40%|███▉      | 818/2063 [02:48<04:16,  4.86it/s, v_num=5-00]Epoch 1:  40%|███▉      | 818/2063 [02:48<04:16,  4.86it/s, v_num=5-00]Epoch 1:  40%|███▉      | 819/2063 [02:48<04:15,  4.87it/s, v_num=5-00]Epoch 1:  40%|███▉      | 819/2063 [02:48<04:15,  4.87it/s, v_num=5-00]Epoch 1:  40%|███▉      | 820/2063 [02:48<04:15,  4.87it/s, v_num=5-00]Epoch 1:  40%|███▉      | 820/2063 [02:48<04:15,  4.87it/s, v_num=5-00]Epoch 1:  40%|███▉      | 821/2063 [02:48<04:14,  4.88it/s, v_num=5-00]Epoch 1:  40%|███▉      | 821/2063 [02:48<04:14,  4.88it/s, v_num=5-00]Epoch 1:  40%|███▉      | 822/2063 [02:48<04:14,  4.88it/s, v_num=5-00]Epoch 1:  40%|███▉      | 822/2063 [02:48<04:14,  4.88it/s, v_num=5-00]Epoch 1:  40%|███▉      | 823/2063 [02:48<04:13,  4.89it/s, v_num=5-00]Epoch 1:  40%|███▉      | 823/2063 [02:48<04:13,  4.89it/s, v_num=5-00]Epoch 1:  40%|███▉      | 824/2063 [02:48<04:13,  4.89it/s, v_num=5-00]Epoch 1:  40%|███▉      | 824/2063 [02:48<04:13,  4.89it/s, v_num=5-00]Epoch 1:  40%|███▉      | 825/2063 [02:48<04:12,  4.90it/s, v_num=5-00]Epoch 1:  40%|███▉      | 825/2063 [02:48<04:12,  4.90it/s, v_num=5-00]Epoch 1:  40%|████      | 826/2063 [02:48<04:12,  4.91it/s, v_num=5-00]Epoch 1:  40%|████      | 826/2063 [02:48<04:12,  4.91it/s, v_num=5-00]Epoch 1:  40%|████      | 827/2063 [02:48<04:11,  4.91it/s, v_num=5-00]Epoch 1:  40%|████      | 827/2063 [02:48<04:11,  4.91it/s, v_num=5-00]Epoch 1:  40%|████      | 828/2063 [02:50<04:14,  4.86it/s, v_num=5-00]Epoch 1:  40%|████      | 828/2063 [02:50<04:14,  4.86it/s, v_num=5-00]Epoch 1:  40%|████      | 829/2063 [02:50<04:13,  4.86it/s, v_num=5-00]Epoch 1:  40%|████      | 829/2063 [02:50<04:13,  4.86it/s, v_num=5-00]Epoch 1:  40%|████      | 830/2063 [02:50<04:13,  4.87it/s, v_num=5-00]Epoch 1:  40%|████      | 830/2063 [02:50<04:13,  4.87it/s, v_num=5-00]Epoch 1:  40%|████      | 831/2063 [02:50<04:12,  4.88it/s, v_num=5-00]Epoch 1:  40%|████      | 831/2063 [02:50<04:12,  4.88it/s, v_num=5-00]Epoch 1:  40%|████      | 832/2063 [02:50<04:12,  4.88it/s, v_num=5-00]Epoch 1:  40%|████      | 832/2063 [02:50<04:12,  4.88it/s, v_num=5-00]Epoch 1:  40%|████      | 833/2063 [02:50<04:11,  4.89it/s, v_num=5-00]Epoch 1:  40%|████      | 833/2063 [02:50<04:11,  4.89it/s, v_num=5-00]Epoch 1:  40%|████      | 834/2063 [02:50<04:11,  4.89it/s, v_num=5-00]Epoch 1:  40%|████      | 834/2063 [02:50<04:11,  4.89it/s, v_num=5-00]Epoch 1:  40%|████      | 835/2063 [02:50<04:10,  4.90it/s, v_num=5-00]Epoch 1:  40%|████      | 835/2063 [02:50<04:10,  4.90it/s, v_num=5-00]Epoch 1:  41%|████      | 836/2063 [02:50<04:10,  4.90it/s, v_num=5-00]Epoch 1:  41%|████      | 836/2063 [02:50<04:10,  4.90it/s, v_num=5-00]Epoch 1:  41%|████      | 837/2063 [02:50<04:09,  4.91it/s, v_num=5-00]Epoch 1:  41%|████      | 837/2063 [02:50<04:09,  4.91it/s, v_num=5-00]Epoch 1:  41%|████      | 838/2063 [02:54<04:14,  4.82it/s, v_num=5-00]Epoch 1:  41%|████      | 838/2063 [02:54<04:14,  4.82it/s, v_num=5-00]Epoch 1:  41%|████      | 839/2063 [02:54<04:13,  4.82it/s, v_num=5-00]Epoch 1:  41%|████      | 839/2063 [02:54<04:13,  4.82it/s, v_num=5-00]Epoch 1:  41%|████      | 840/2063 [02:54<04:13,  4.83it/s, v_num=5-00]Epoch 1:  41%|████      | 840/2063 [02:54<04:13,  4.83it/s, v_num=5-00]Epoch 1:  41%|████      | 841/2063 [02:54<04:12,  4.83it/s, v_num=5-00]Epoch 1:  41%|████      | 841/2063 [02:54<04:12,  4.83it/s, v_num=5-00]Epoch 1:  41%|████      | 842/2063 [02:54<04:12,  4.84it/s, v_num=5-00]Epoch 1:  41%|████      | 842/2063 [02:54<04:12,  4.84it/s, v_num=5-00]Epoch 1:  41%|████      | 843/2063 [02:54<04:11,  4.84it/s, v_num=5-00]Epoch 1:  41%|████      | 843/2063 [02:54<04:11,  4.84it/s, v_num=5-00]Epoch 1:  41%|████      | 844/2063 [02:54<04:11,  4.85it/s, v_num=5-00]Epoch 1:  41%|████      | 844/2063 [02:54<04:11,  4.85it/s, v_num=5-00]Epoch 1:  41%|████      | 845/2063 [02:54<04:10,  4.85it/s, v_num=5-00]Epoch 1:  41%|████      | 845/2063 [02:54<04:10,  4.85it/s, v_num=5-00]Epoch 1:  41%|████      | 846/2063 [02:54<04:10,  4.86it/s, v_num=5-00]Epoch 1:  41%|████      | 846/2063 [02:54<04:10,  4.86it/s, v_num=5-00]Epoch 1:  41%|████      | 847/2063 [02:54<04:09,  4.87it/s, v_num=5-00]Epoch 1:  41%|████      | 847/2063 [02:54<04:09,  4.87it/s, v_num=5-00]Epoch 1:  41%|████      | 848/2063 [02:54<04:09,  4.87it/s, v_num=5-00]Epoch 1:  41%|████      | 848/2063 [02:54<04:09,  4.87it/s, v_num=5-00]Epoch 1:  41%|████      | 849/2063 [02:54<04:09,  4.87it/s, v_num=5-00]Epoch 1:  41%|████      | 849/2063 [02:54<04:09,  4.87it/s, v_num=5-00]Epoch 1:  41%|████      | 850/2063 [02:54<04:08,  4.88it/s, v_num=5-00]Epoch 1:  41%|████      | 850/2063 [02:54<04:08,  4.88it/s, v_num=5-00]Epoch 1:  41%|████▏     | 851/2063 [02:54<04:08,  4.88it/s, v_num=5-00]Epoch 1:  41%|████▏     | 851/2063 [02:54<04:08,  4.88it/s, v_num=5-00]Epoch 1:  41%|████▏     | 852/2063 [02:54<04:07,  4.89it/s, v_num=5-00]Epoch 1:  41%|████▏     | 852/2063 [02:54<04:07,  4.89it/s, v_num=5-00]Epoch 1:  41%|████▏     | 853/2063 [02:54<04:07,  4.90it/s, v_num=5-00]Epoch 1:  41%|████▏     | 853/2063 [02:54<04:07,  4.90it/s, v_num=5-00]Epoch 1:  41%|████▏     | 854/2063 [02:54<04:06,  4.90it/s, v_num=5-00]Epoch 1:  41%|████▏     | 854/2063 [02:54<04:06,  4.90it/s, v_num=5-00]Epoch 1:  41%|████▏     | 855/2063 [02:54<04:06,  4.91it/s, v_num=5-00]Epoch 1:  41%|████▏     | 855/2063 [02:54<04:06,  4.91it/s, v_num=5-00]Epoch 1:  41%|████▏     | 856/2063 [02:54<04:05,  4.91it/s, v_num=5-00]Epoch 1:  41%|████▏     | 856/2063 [02:54<04:05,  4.91it/s, v_num=5-00]Epoch 1:  42%|████▏     | 857/2063 [02:54<04:05,  4.92it/s, v_num=5-00]Epoch 1:  42%|████▏     | 857/2063 [02:54<04:05,  4.92it/s, v_num=5-00]Epoch 1:  42%|████▏     | 858/2063 [02:56<04:07,  4.87it/s, v_num=5-00]Epoch 1:  42%|████▏     | 858/2063 [02:56<04:07,  4.87it/s, v_num=5-00]Epoch 1:  42%|████▏     | 859/2063 [02:56<04:06,  4.88it/s, v_num=5-00]Epoch 1:  42%|████▏     | 859/2063 [02:56<04:06,  4.88it/s, v_num=5-00]Epoch 1:  42%|████▏     | 860/2063 [02:56<04:06,  4.88it/s, v_num=5-00]Epoch 1:  42%|████▏     | 860/2063 [02:56<04:06,  4.88it/s, v_num=5-00]Epoch 1:  42%|████▏     | 861/2063 [02:56<04:05,  4.89it/s, v_num=5-00]Epoch 1:  42%|████▏     | 861/2063 [02:56<04:05,  4.89it/s, v_num=5-00]Epoch 1:  42%|████▏     | 862/2063 [02:56<04:05,  4.89it/s, v_num=5-00]Epoch 1:  42%|████▏     | 862/2063 [02:56<04:05,  4.89it/s, v_num=5-00]Epoch 1:  42%|████▏     | 863/2063 [02:56<04:04,  4.90it/s, v_num=5-00]Epoch 1:  42%|████▏     | 863/2063 [02:56<04:04,  4.90it/s, v_num=5-00]Epoch 1:  42%|████▏     | 864/2063 [02:56<04:04,  4.91it/s, v_num=5-00]Epoch 1:  42%|████▏     | 864/2063 [02:56<04:04,  4.91it/s, v_num=5-00]Epoch 1:  42%|████▏     | 865/2063 [02:56<04:03,  4.91it/s, v_num=5-00]Epoch 1:  42%|████▏     | 865/2063 [02:56<04:03,  4.91it/s, v_num=5-00]Epoch 1:  42%|████▏     | 866/2063 [02:56<04:03,  4.92it/s, v_num=5-00]Epoch 1:  42%|████▏     | 866/2063 [02:56<04:03,  4.92it/s, v_num=5-00]Epoch 1:  42%|████▏     | 867/2063 [02:56<04:02,  4.92it/s, v_num=5-00]Epoch 1:  42%|████▏     | 867/2063 [02:56<04:02,  4.92it/s, v_num=5-00]Epoch 1:  42%|████▏     | 868/2063 [02:57<04:04,  4.88it/s, v_num=5-00]Epoch 1:  42%|████▏     | 868/2063 [02:57<04:04,  4.88it/s, v_num=5-00]Epoch 1:  42%|████▏     | 869/2063 [02:57<04:04,  4.89it/s, v_num=5-00]Epoch 1:  42%|████▏     | 869/2063 [02:57<04:04,  4.89it/s, v_num=5-00]Epoch 1:  42%|████▏     | 870/2063 [02:57<04:03,  4.89it/s, v_num=5-00]Epoch 1:  42%|████▏     | 870/2063 [02:57<04:03,  4.89it/s, v_num=5-00]Epoch 1:  42%|████▏     | 871/2063 [02:57<04:03,  4.90it/s, v_num=5-00]Epoch 1:  42%|████▏     | 871/2063 [02:57<04:03,  4.90it/s, v_num=5-00]Epoch 1:  42%|████▏     | 872/2063 [02:57<04:02,  4.91it/s, v_num=5-00]Epoch 1:  42%|████▏     | 872/2063 [02:57<04:02,  4.91it/s, v_num=5-00]Epoch 1:  42%|████▏     | 873/2063 [02:57<04:02,  4.91it/s, v_num=5-00]Epoch 1:  42%|████▏     | 873/2063 [02:57<04:02,  4.91it/s, v_num=5-00]Epoch 1:  42%|████▏     | 874/2063 [02:57<04:01,  4.92it/s, v_num=5-00]Epoch 1:  42%|████▏     | 874/2063 [02:57<04:01,  4.92it/s, v_num=5-00]Epoch 1:  42%|████▏     | 875/2063 [02:57<04:01,  4.92it/s, v_num=5-00]Epoch 1:  42%|████▏     | 875/2063 [02:57<04:01,  4.92it/s, v_num=5-00]Epoch 1:  42%|████▏     | 876/2063 [02:57<04:00,  4.93it/s, v_num=5-00]Epoch 1:  42%|████▏     | 876/2063 [02:57<04:00,  4.93it/s, v_num=5-00]Epoch 1:  43%|████▎     | 877/2063 [02:57<04:00,  4.93it/s, v_num=5-00]Epoch 1:  43%|████▎     | 877/2063 [02:57<04:00,  4.93it/s, v_num=5-00]Epoch 1:  43%|████▎     | 878/2063 [02:57<04:00,  4.93it/s, v_num=5-00]Epoch 1:  43%|████▎     | 878/2063 [02:57<04:00,  4.93it/s, v_num=5-00]Epoch 1:  43%|████▎     | 879/2063 [02:57<03:59,  4.94it/s, v_num=5-00]Epoch 1:  43%|████▎     | 879/2063 [02:57<03:59,  4.94it/s, v_num=5-00]Epoch 1:  43%|████▎     | 880/2063 [02:57<03:59,  4.95it/s, v_num=5-00]Epoch 1:  43%|████▎     | 880/2063 [02:57<03:59,  4.95it/s, v_num=5-00]Epoch 1:  43%|████▎     | 881/2063 [02:57<03:58,  4.95it/s, v_num=5-00]Epoch 1:  43%|████▎     | 881/2063 [02:57<03:58,  4.95it/s, v_num=5-00]Epoch 1:  43%|████▎     | 882/2063 [02:57<03:58,  4.96it/s, v_num=5-00]Epoch 1:  43%|████▎     | 882/2063 [02:57<03:58,  4.96it/s, v_num=5-00]Epoch 1:  43%|████▎     | 883/2063 [02:57<03:57,  4.96it/s, v_num=5-00]Epoch 1:  43%|████▎     | 883/2063 [02:57<03:57,  4.96it/s, v_num=5-00]Epoch 1:  43%|████▎     | 884/2063 [02:57<03:57,  4.97it/s, v_num=5-00]Epoch 1:  43%|████▎     | 884/2063 [02:57<03:57,  4.97it/s, v_num=5-00]Epoch 1:  43%|████▎     | 885/2063 [02:57<03:56,  4.97it/s, v_num=5-00]Epoch 1:  43%|████▎     | 885/2063 [02:57<03:56,  4.97it/s, v_num=5-00]Epoch 1:  43%|████▎     | 886/2063 [02:57<03:56,  4.98it/s, v_num=5-00]Epoch 1:  43%|████▎     | 886/2063 [02:57<03:56,  4.98it/s, v_num=5-00]Epoch 1:  43%|████▎     | 887/2063 [02:57<03:55,  4.98it/s, v_num=5-00]Epoch 1:  43%|████▎     | 887/2063 [02:57<03:55,  4.98it/s, v_num=5-00]Epoch 1:  43%|████▎     | 888/2063 [03:00<03:58,  4.93it/s, v_num=5-00]Epoch 1:  43%|████▎     | 888/2063 [03:00<03:58,  4.93it/s, v_num=5-00]Epoch 1:  43%|████▎     | 889/2063 [03:00<03:57,  4.93it/s, v_num=5-00]Epoch 1:  43%|████▎     | 889/2063 [03:00<03:57,  4.93it/s, v_num=5-00]Epoch 1:  43%|████▎     | 890/2063 [03:00<03:57,  4.94it/s, v_num=5-00]Epoch 1:  43%|████▎     | 890/2063 [03:00<03:57,  4.94it/s, v_num=5-00]Epoch 1:  43%|████▎     | 891/2063 [03:00<03:57,  4.94it/s, v_num=5-00]Epoch 1:  43%|████▎     | 891/2063 [03:00<03:57,  4.94it/s, v_num=5-00]Epoch 1:  43%|████▎     | 892/2063 [03:00<03:56,  4.95it/s, v_num=5-00]Epoch 1:  43%|████▎     | 892/2063 [03:00<03:56,  4.95it/s, v_num=5-00]Epoch 1:  43%|████▎     | 893/2063 [03:00<03:56,  4.96it/s, v_num=5-00]Epoch 1:  43%|████▎     | 893/2063 [03:00<03:56,  4.96it/s, v_num=5-00]Epoch 1:  43%|████▎     | 894/2063 [03:00<03:55,  4.96it/s, v_num=5-00]Epoch 1:  43%|████▎     | 894/2063 [03:00<03:55,  4.96it/s, v_num=5-00]Epoch 1:  43%|████▎     | 895/2063 [03:00<03:55,  4.97it/s, v_num=5-00]Epoch 1:  43%|████▎     | 895/2063 [03:00<03:55,  4.97it/s, v_num=5-00]Epoch 1:  43%|████▎     | 896/2063 [03:00<03:54,  4.97it/s, v_num=5-00]Epoch 1:  43%|████▎     | 896/2063 [03:00<03:54,  4.97it/s, v_num=5-00]Epoch 1:  43%|████▎     | 897/2063 [03:00<03:54,  4.98it/s, v_num=5-00]Epoch 1:  43%|████▎     | 897/2063 [03:00<03:54,  4.98it/s, v_num=5-00]Epoch 1:  44%|████▎     | 898/2063 [03:00<03:54,  4.98it/s, v_num=5-00]Epoch 1:  44%|████▎     | 898/2063 [03:00<03:54,  4.98it/s, v_num=5-00]Epoch 1:  44%|████▎     | 899/2063 [03:00<03:53,  4.98it/s, v_num=5-00]Epoch 1:  44%|████▎     | 899/2063 [03:00<03:53,  4.98it/s, v_num=5-00]Epoch 1:  44%|████▎     | 900/2063 [03:00<03:53,  4.99it/s, v_num=5-00]Epoch 1:  44%|████▎     | 900/2063 [03:00<03:53,  4.99it/s, v_num=5-00]Epoch 1:  44%|████▎     | 901/2063 [03:00<03:52,  4.99it/s, v_num=5-00]Epoch 1:  44%|████▎     | 901/2063 [03:00<03:52,  4.99it/s, v_num=5-00]Epoch 1:  44%|████▎     | 902/2063 [03:00<03:52,  5.00it/s, v_num=5-00]Epoch 1:  44%|████▎     | 902/2063 [03:00<03:52,  5.00it/s, v_num=5-00]Epoch 1:  44%|████▍     | 903/2063 [03:00<03:51,  5.01it/s, v_num=5-00]Epoch 1:  44%|████▍     | 903/2063 [03:00<03:51,  5.01it/s, v_num=5-00]Epoch 1:  44%|████▍     | 904/2063 [03:00<03:51,  5.01it/s, v_num=5-00]Epoch 1:  44%|████▍     | 904/2063 [03:00<03:51,  5.01it/s, v_num=5-00]Epoch 1:  44%|████▍     | 905/2063 [03:00<03:50,  5.02it/s, v_num=5-00]Epoch 1:  44%|████▍     | 905/2063 [03:00<03:50,  5.02it/s, v_num=5-00]Epoch 1:  44%|████▍     | 906/2063 [03:00<03:50,  5.02it/s, v_num=5-00]Epoch 1:  44%|████▍     | 906/2063 [03:00<03:50,  5.02it/s, v_num=5-00]Epoch 1:  44%|████▍     | 907/2063 [03:00<03:49,  5.03it/s, v_num=5-00]Epoch 1:  44%|████▍     | 907/2063 [03:00<03:49,  5.03it/s, v_num=5-00]Epoch 1:  44%|████▍     | 908/2063 [03:02<03:51,  4.98it/s, v_num=5-00]Epoch 1:  44%|████▍     | 908/2063 [03:02<03:51,  4.98it/s, v_num=5-00]Epoch 1:  44%|████▍     | 909/2063 [03:02<03:51,  4.99it/s, v_num=5-00]Epoch 1:  44%|████▍     | 909/2063 [03:02<03:51,  4.99it/s, v_num=5-00]Epoch 1:  44%|████▍     | 910/2063 [03:02<03:50,  4.99it/s, v_num=5-00]Epoch 1:  44%|████▍     | 910/2063 [03:02<03:50,  4.99it/s, v_num=5-00]Epoch 1:  44%|████▍     | 911/2063 [03:02<03:50,  5.00it/s, v_num=5-00]Epoch 1:  44%|████▍     | 911/2063 [03:02<03:50,  5.00it/s, v_num=5-00]Epoch 1:  44%|████▍     | 912/2063 [03:02<03:49,  5.01it/s, v_num=5-00]Epoch 1:  44%|████▍     | 912/2063 [03:02<03:49,  5.01it/s, v_num=5-00]Epoch 1:  44%|████▍     | 913/2063 [03:02<03:49,  5.01it/s, v_num=5-00]Epoch 1:  44%|████▍     | 913/2063 [03:02<03:49,  5.01it/s, v_num=5-00]Epoch 1:  44%|████▍     | 914/2063 [03:02<03:49,  5.02it/s, v_num=5-00]Epoch 1:  44%|████▍     | 914/2063 [03:02<03:49,  5.02it/s, v_num=5-00]Epoch 1:  44%|████▍     | 915/2063 [03:02<03:48,  5.02it/s, v_num=5-00]Epoch 1:  44%|████▍     | 915/2063 [03:02<03:48,  5.02it/s, v_num=5-00]Epoch 1:  44%|████▍     | 916/2063 [03:02<03:48,  5.03it/s, v_num=5-00]Epoch 1:  44%|████▍     | 916/2063 [03:02<03:48,  5.03it/s, v_num=5-00]Epoch 1:  44%|████▍     | 917/2063 [03:02<03:47,  5.03it/s, v_num=5-00]Epoch 1:  44%|████▍     | 917/2063 [03:02<03:47,  5.03it/s, v_num=5-00]Epoch 1:  44%|████▍     | 918/2063 [03:05<03:51,  4.95it/s, v_num=5-00]Epoch 1:  44%|████▍     | 918/2063 [03:05<03:51,  4.95it/s, v_num=5-00]Epoch 1:  45%|████▍     | 919/2063 [03:05<03:51,  4.95it/s, v_num=5-00]Epoch 1:  45%|████▍     | 919/2063 [03:05<03:51,  4.95it/s, v_num=5-00]Epoch 1:  45%|████▍     | 920/2063 [03:05<03:50,  4.96it/s, v_num=5-00]Epoch 1:  45%|████▍     | 920/2063 [03:05<03:50,  4.96it/s, v_num=5-00]Epoch 1:  45%|████▍     | 921/2063 [03:05<03:50,  4.96it/s, v_num=5-00]Epoch 1:  45%|████▍     | 921/2063 [03:05<03:50,  4.96it/s, v_num=5-00]Epoch 1:  45%|████▍     | 922/2063 [03:05<03:49,  4.97it/s, v_num=5-00]Epoch 1:  45%|████▍     | 922/2063 [03:05<03:49,  4.97it/s, v_num=5-00]Epoch 1:  45%|████▍     | 923/2063 [03:05<03:49,  4.97it/s, v_num=5-00]Epoch 1:  45%|████▍     | 923/2063 [03:05<03:49,  4.97it/s, v_num=5-00]Epoch 1:  45%|████▍     | 924/2063 [03:05<03:48,  4.98it/s, v_num=5-00]Epoch 1:  45%|████▍     | 924/2063 [03:05<03:48,  4.98it/s, v_num=5-00]Epoch 1:  45%|████▍     | 925/2063 [03:05<03:48,  4.98it/s, v_num=5-00]Epoch 1:  45%|████▍     | 925/2063 [03:05<03:48,  4.98it/s, v_num=5-00]Epoch 1:  45%|████▍     | 926/2063 [03:05<03:47,  4.99it/s, v_num=5-00]Epoch 1:  45%|████▍     | 926/2063 [03:05<03:47,  4.99it/s, v_num=5-00]Epoch 1:  45%|████▍     | 927/2063 [03:05<03:47,  4.99it/s, v_num=5-00]Epoch 1:  45%|████▍     | 927/2063 [03:05<03:47,  4.99it/s, v_num=5-00]Epoch 1:  45%|████▍     | 928/2063 [03:05<03:47,  4.99it/s, v_num=5-00]Epoch 1:  45%|████▍     | 928/2063 [03:05<03:47,  4.99it/s, v_num=5-00]Epoch 1:  45%|████▌     | 929/2063 [03:05<03:46,  5.00it/s, v_num=5-00]Epoch 1:  45%|████▌     | 929/2063 [03:05<03:46,  5.00it/s, v_num=5-00]Epoch 1:  45%|████▌     | 930/2063 [03:05<03:46,  5.01it/s, v_num=5-00]Epoch 1:  45%|████▌     | 930/2063 [03:05<03:46,  5.01it/s, v_num=5-00]Epoch 1:  45%|████▌     | 931/2063 [03:05<03:45,  5.01it/s, v_num=5-00]Epoch 1:  45%|████▌     | 931/2063 [03:05<03:45,  5.01it/s, v_num=5-00]Epoch 1:  45%|████▌     | 932/2063 [03:05<03:45,  5.02it/s, v_num=5-00]Epoch 1:  45%|████▌     | 932/2063 [03:05<03:45,  5.02it/s, v_num=5-00]Epoch 1:  45%|████▌     | 933/2063 [03:05<03:45,  5.02it/s, v_num=5-00]Epoch 1:  45%|████▌     | 933/2063 [03:05<03:45,  5.02it/s, v_num=5-00]Epoch 1:  45%|████▌     | 934/2063 [03:05<03:44,  5.03it/s, v_num=5-00]Epoch 1:  45%|████▌     | 934/2063 [03:05<03:44,  5.03it/s, v_num=5-00]Epoch 1:  45%|████▌     | 935/2063 [03:05<03:44,  5.03it/s, v_num=5-00]Epoch 1:  45%|████▌     | 935/2063 [03:05<03:44,  5.03it/s, v_num=5-00]Epoch 1:  45%|████▌     | 936/2063 [03:05<03:43,  5.04it/s, v_num=5-00]Epoch 1:  45%|████▌     | 936/2063 [03:05<03:43,  5.04it/s, v_num=5-00]Epoch 1:  45%|████▌     | 937/2063 [03:05<03:43,  5.04it/s, v_num=5-00]Epoch 1:  45%|████▌     | 937/2063 [03:05<03:43,  5.04it/s, v_num=5-00]Epoch 1:  45%|████▌     | 938/2063 [03:05<03:43,  5.04it/s, v_num=5-00]Epoch 1:  45%|████▌     | 938/2063 [03:05<03:43,  5.04it/s, v_num=5-00]Epoch 1:  46%|████▌     | 939/2063 [03:05<03:42,  5.05it/s, v_num=5-00]Epoch 1:  46%|████▌     | 939/2063 [03:05<03:42,  5.05it/s, v_num=5-00]Epoch 1:  46%|████▌     | 940/2063 [03:05<03:42,  5.05it/s, v_num=5-00]Epoch 1:  46%|████▌     | 940/2063 [03:05<03:42,  5.05it/s, v_num=5-00]Epoch 1:  46%|████▌     | 941/2063 [03:05<03:41,  5.06it/s, v_num=5-00]Epoch 1:  46%|████▌     | 941/2063 [03:05<03:41,  5.06it/s, v_num=5-00]Epoch 1:  46%|████▌     | 942/2063 [03:05<03:41,  5.06it/s, v_num=5-00]Epoch 1:  46%|████▌     | 942/2063 [03:05<03:41,  5.06it/s, v_num=5-00]Epoch 1:  46%|████▌     | 943/2063 [03:06<03:40,  5.07it/s, v_num=5-00]Epoch 1:  46%|████▌     | 943/2063 [03:06<03:40,  5.07it/s, v_num=5-00]Epoch 1:  46%|████▌     | 944/2063 [03:06<03:40,  5.08it/s, v_num=5-00]Epoch 1:  46%|████▌     | 944/2063 [03:06<03:40,  5.08it/s, v_num=5-00]Epoch 1:  46%|████▌     | 945/2063 [03:06<03:40,  5.08it/s, v_num=5-00]Epoch 1:  46%|████▌     | 945/2063 [03:06<03:40,  5.08it/s, v_num=5-00]Epoch 1:  46%|████▌     | 946/2063 [03:06<03:39,  5.09it/s, v_num=5-00]Epoch 1:  46%|████▌     | 946/2063 [03:06<03:39,  5.09it/s, v_num=5-00]Epoch 1:  46%|████▌     | 947/2063 [03:06<03:39,  5.09it/s, v_num=5-00]Epoch 1:  46%|████▌     | 947/2063 [03:06<03:39,  5.09it/s, v_num=5-00]Epoch 1:  46%|████▌     | 948/2063 [03:06<03:38,  5.09it/s, v_num=5-00]Epoch 1:  46%|████▌     | 948/2063 [03:06<03:38,  5.09it/s, v_num=5-00]Epoch 1:  46%|████▌     | 949/2063 [03:06<03:38,  5.10it/s, v_num=5-00]Epoch 1:  46%|████▌     | 949/2063 [03:06<03:38,  5.10it/s, v_num=5-00]Epoch 1:  46%|████▌     | 950/2063 [03:06<03:38,  5.10it/s, v_num=5-00]Epoch 1:  46%|████▌     | 950/2063 [03:06<03:38,  5.10it/s, v_num=5-00]Epoch 1:  46%|████▌     | 951/2063 [03:06<03:37,  5.11it/s, v_num=5-00]Epoch 1:  46%|████▌     | 951/2063 [03:06<03:37,  5.11it/s, v_num=5-00]Epoch 1:  46%|████▌     | 952/2063 [03:06<03:37,  5.11it/s, v_num=5-00]Epoch 1:  46%|████▌     | 952/2063 [03:06<03:37,  5.11it/s, v_num=5-00]Epoch 1:  46%|████▌     | 953/2063 [03:06<03:36,  5.12it/s, v_num=5-00]Epoch 1:  46%|████▌     | 953/2063 [03:06<03:36,  5.12it/s, v_num=5-00]Epoch 1:  46%|████▌     | 954/2063 [03:06<03:36,  5.12it/s, v_num=5-00]Epoch 1:  46%|████▌     | 954/2063 [03:06<03:36,  5.12it/s, v_num=5-00]Epoch 1:  46%|████▋     | 955/2063 [03:06<03:36,  5.13it/s, v_num=5-00]Epoch 1:  46%|████▋     | 955/2063 [03:06<03:36,  5.13it/s, v_num=5-00]Epoch 1:  46%|████▋     | 956/2063 [03:06<03:35,  5.13it/s, v_num=5-00]Epoch 1:  46%|████▋     | 956/2063 [03:06<03:35,  5.13it/s, v_num=5-00]Epoch 1:  46%|████▋     | 957/2063 [03:06<03:35,  5.14it/s, v_num=5-00]Epoch 1:  46%|████▋     | 957/2063 [03:06<03:35,  5.14it/s, v_num=5-00]Epoch 1:  46%|████▋     | 958/2063 [03:06<03:34,  5.14it/s, v_num=5-00]Epoch 1:  46%|████▋     | 958/2063 [03:06<03:34,  5.14it/s, v_num=5-00]Epoch 1:  46%|████▋     | 959/2063 [03:06<03:34,  5.15it/s, v_num=5-00]Epoch 1:  46%|████▋     | 959/2063 [03:06<03:34,  5.15it/s, v_num=5-00]Epoch 1:  47%|████▋     | 960/2063 [03:06<03:34,  5.15it/s, v_num=5-00]Epoch 1:  47%|████▋     | 960/2063 [03:06<03:34,  5.15it/s, v_num=5-00]Epoch 1:  47%|████▋     | 961/2063 [03:06<03:33,  5.16it/s, v_num=5-00]Epoch 1:  47%|████▋     | 961/2063 [03:06<03:33,  5.16it/s, v_num=5-00]Epoch 1:  47%|████▋     | 962/2063 [03:06<03:33,  5.16it/s, v_num=5-00]Epoch 1:  47%|████▋     | 962/2063 [03:06<03:33,  5.16it/s, v_num=5-00]Epoch 1:  47%|████▋     | 963/2063 [03:06<03:32,  5.17it/s, v_num=5-00]Epoch 1:  47%|████▋     | 963/2063 [03:06<03:32,  5.17it/s, v_num=5-00]Epoch 1:  47%|████▋     | 964/2063 [03:06<03:32,  5.17it/s, v_num=5-00]Epoch 1:  47%|████▋     | 964/2063 [03:06<03:32,  5.17it/s, v_num=5-00]Epoch 1:  47%|████▋     | 965/2063 [03:06<03:32,  5.18it/s, v_num=5-00]Epoch 1:  47%|████▋     | 965/2063 [03:06<03:32,  5.18it/s, v_num=5-00]Epoch 1:  47%|████▋     | 966/2063 [03:06<03:31,  5.18it/s, v_num=5-00]Epoch 1:  47%|████▋     | 966/2063 [03:06<03:31,  5.18it/s, v_num=5-00]Epoch 1:  47%|████▋     | 967/2063 [03:06<03:31,  5.19it/s, v_num=5-00]Epoch 1:  47%|████▋     | 967/2063 [03:06<03:31,  5.19it/s, v_num=5-00]Epoch 1:  47%|████▋     | 968/2063 [03:09<03:34,  5.10it/s, v_num=5-00]Epoch 1:  47%|████▋     | 968/2063 [03:09<03:34,  5.10it/s, v_num=5-00]Epoch 1:  47%|████▋     | 969/2063 [03:09<03:34,  5.10it/s, v_num=5-00]Epoch 1:  47%|████▋     | 969/2063 [03:09<03:34,  5.10it/s, v_num=5-00]Epoch 1:  47%|████▋     | 970/2063 [03:09<03:33,  5.11it/s, v_num=5-00]Epoch 1:  47%|████▋     | 970/2063 [03:09<03:33,  5.11it/s, v_num=5-00]Epoch 1:  47%|████▋     | 971/2063 [03:09<03:33,  5.11it/s, v_num=5-00]Epoch 1:  47%|████▋     | 971/2063 [03:09<03:33,  5.11it/s, v_num=5-00]Epoch 1:  47%|████▋     | 972/2063 [03:09<03:33,  5.12it/s, v_num=5-00]Epoch 1:  47%|████▋     | 972/2063 [03:09<03:33,  5.12it/s, v_num=5-00]Epoch 1:  47%|████▋     | 973/2063 [03:09<03:32,  5.12it/s, v_num=5-00]Epoch 1:  47%|████▋     | 973/2063 [03:09<03:32,  5.12it/s, v_num=5-00]Epoch 1:  47%|████▋     | 974/2063 [03:09<03:32,  5.13it/s, v_num=5-00]Epoch 1:  47%|████▋     | 974/2063 [03:09<03:32,  5.13it/s, v_num=5-00]Epoch 1:  47%|████▋     | 975/2063 [03:09<03:31,  5.13it/s, v_num=5-00]Epoch 1:  47%|████▋     | 975/2063 [03:09<03:31,  5.13it/s, v_num=5-00]Epoch 1:  47%|████▋     | 976/2063 [03:09<03:31,  5.14it/s, v_num=5-00]Epoch 1:  47%|████▋     | 976/2063 [03:09<03:31,  5.14it/s, v_num=5-00]Epoch 1:  47%|████▋     | 977/2063 [03:09<03:31,  5.15it/s, v_num=5-00]Epoch 1:  47%|████▋     | 977/2063 [03:09<03:31,  5.15it/s, v_num=5-00]Epoch 1:  47%|████▋     | 978/2063 [03:10<03:30,  5.15it/s, v_num=5-00]Epoch 1:  47%|████▋     | 978/2063 [03:10<03:30,  5.15it/s, v_num=5-00]Epoch 1:  47%|████▋     | 979/2063 [03:10<03:30,  5.15it/s, v_num=5-00]Epoch 1:  47%|████▋     | 979/2063 [03:10<03:30,  5.15it/s, v_num=5-00]Epoch 1:  48%|████▊     | 980/2063 [03:10<03:30,  5.16it/s, v_num=5-00]Epoch 1:  48%|████▊     | 980/2063 [03:10<03:30,  5.16it/s, v_num=5-00]Epoch 1:  48%|████▊     | 981/2063 [03:10<03:29,  5.16it/s, v_num=5-00]Epoch 1:  48%|████▊     | 981/2063 [03:10<03:29,  5.16it/s, v_num=5-00]Epoch 1:  48%|████▊     | 982/2063 [03:10<03:29,  5.17it/s, v_num=5-00]Epoch 1:  48%|████▊     | 982/2063 [03:10<03:29,  5.17it/s, v_num=5-00]Epoch 1:  48%|████▊     | 983/2063 [03:10<03:28,  5.17it/s, v_num=5-00]Epoch 1:  48%|████▊     | 983/2063 [03:10<03:28,  5.17it/s, v_num=5-00]Epoch 1:  48%|████▊     | 984/2063 [03:10<03:28,  5.18it/s, v_num=5-00]Epoch 1:  48%|████▊     | 984/2063 [03:10<03:28,  5.18it/s, v_num=5-00]Epoch 1:  48%|████▊     | 985/2063 [03:10<03:28,  5.18it/s, v_num=5-00]Epoch 1:  48%|████▊     | 985/2063 [03:10<03:28,  5.18it/s, v_num=5-00]Epoch 1:  48%|████▊     | 986/2063 [03:10<03:27,  5.19it/s, v_num=5-00]Epoch 1:  48%|████▊     | 986/2063 [03:10<03:27,  5.19it/s, v_num=5-00]Epoch 1:  48%|████▊     | 987/2063 [03:10<03:27,  5.19it/s, v_num=5-00]Epoch 1:  48%|████▊     | 987/2063 [03:10<03:27,  5.19it/s, v_num=5-00]Epoch 1:  48%|████▊     | 988/2063 [03:10<03:26,  5.19it/s, v_num=5-00]Epoch 1:  48%|████▊     | 988/2063 [03:10<03:26,  5.19it/s, v_num=5-00]Epoch 1:  48%|████▊     | 989/2063 [03:10<03:26,  5.20it/s, v_num=5-00]Epoch 1:  48%|████▊     | 989/2063 [03:10<03:26,  5.20it/s, v_num=5-00]Epoch 1:  48%|████▊     | 990/2063 [03:10<03:26,  5.20it/s, v_num=5-00]Epoch 1:  48%|████▊     | 990/2063 [03:10<03:26,  5.20it/s, v_num=5-00]Epoch 1:  48%|████▊     | 991/2063 [03:10<03:25,  5.21it/s, v_num=5-00]Epoch 1:  48%|████▊     | 991/2063 [03:10<03:25,  5.21it/s, v_num=5-00]Epoch 1:  48%|████▊     | 992/2063 [03:10<03:25,  5.21it/s, v_num=5-00]Epoch 1:  48%|████▊     | 992/2063 [03:10<03:25,  5.21it/s, v_num=5-00]Epoch 1:  48%|████▊     | 993/2063 [03:10<03:24,  5.22it/s, v_num=5-00]Epoch 1:  48%|████▊     | 993/2063 [03:10<03:24,  5.22it/s, v_num=5-00]Epoch 1:  48%|████▊     | 994/2063 [03:10<03:24,  5.23it/s, v_num=5-00]Epoch 1:  48%|████▊     | 994/2063 [03:10<03:24,  5.23it/s, v_num=5-00]Epoch 1:  48%|████▊     | 995/2063 [03:10<03:24,  5.23it/s, v_num=5-00]Epoch 1:  48%|████▊     | 995/2063 [03:10<03:24,  5.23it/s, v_num=5-00]Epoch 1:  48%|████▊     | 996/2063 [03:10<03:23,  5.24it/s, v_num=5-00]Epoch 1:  48%|████▊     | 996/2063 [03:10<03:23,  5.24it/s, v_num=5-00]Epoch 1:  48%|████▊     | 997/2063 [03:10<03:23,  5.24it/s, v_num=5-00]Epoch 1:  48%|████▊     | 997/2063 [03:10<03:23,  5.24it/s, v_num=5-00]Epoch 1:  48%|████▊     | 998/2063 [03:14<03:28,  5.12it/s, v_num=5-00]Epoch 1:  48%|████▊     | 998/2063 [03:14<03:28,  5.12it/s, v_num=5-00]Epoch 1:  48%|████▊     | 999/2063 [03:14<03:27,  5.12it/s, v_num=5-00]Epoch 1:  48%|████▊     | 999/2063 [03:14<03:27,  5.12it/s, v_num=5-00]Epoch 1:  48%|████▊     | 1000/2063 [03:14<03:27,  5.13it/s, v_num=5-00]Epoch 1:  48%|████▊     | 1000/2063 [03:14<03:27,  5.13it/s, v_num=5-00]Epoch 1:  49%|████▊     | 1001/2063 [03:14<03:26,  5.13it/s, v_num=5-00]Epoch 1:  49%|████▊     | 1001/2063 [03:14<03:26,  5.13it/s, v_num=5-00]Epoch 1:  49%|████▊     | 1002/2063 [03:14<03:26,  5.14it/s, v_num=5-00]Epoch 1:  49%|████▊     | 1002/2063 [03:14<03:26,  5.14it/s, v_num=5-00]Epoch 1:  49%|████▊     | 1003/2063 [03:14<03:26,  5.14it/s, v_num=5-00]Epoch 1:  49%|████▊     | 1003/2063 [03:14<03:26,  5.14it/s, v_num=5-00]Epoch 1:  49%|████▊     | 1004/2063 [03:14<03:25,  5.15it/s, v_num=5-00]Epoch 1:  49%|████▊     | 1004/2063 [03:14<03:25,  5.15it/s, v_num=5-00]Epoch 1:  49%|████▊     | 1005/2063 [03:15<03:25,  5.15it/s, v_num=5-00]Epoch 1:  49%|████▊     | 1005/2063 [03:15<03:25,  5.15it/s, v_num=5-00]Epoch 1:  49%|████▉     | 1006/2063 [03:15<03:24,  5.16it/s, v_num=5-00]Epoch 1:  49%|████▉     | 1006/2063 [03:15<03:24,  5.16it/s, v_num=5-00]Epoch 1:  49%|████▉     | 1007/2063 [03:15<03:24,  5.16it/s, v_num=5-00]Epoch 1:  49%|████▉     | 1007/2063 [03:15<03:24,  5.16it/s, v_num=5-00]Epoch 1:  49%|████▉     | 1008/2063 [03:15<03:24,  5.17it/s, v_num=5-00]Epoch 1:  49%|████▉     | 1008/2063 [03:15<03:24,  5.17it/s, v_num=5-00]Epoch 1:  49%|████▉     | 1009/2063 [03:15<03:23,  5.17it/s, v_num=5-00]Epoch 1:  49%|████▉     | 1009/2063 [03:15<03:23,  5.17it/s, v_num=5-00]Epoch 1:  49%|████▉     | 1010/2063 [03:15<03:23,  5.18it/s, v_num=5-00]Epoch 1:  49%|████▉     | 1010/2063 [03:15<03:23,  5.18it/s, v_num=5-00]Epoch 1:  49%|████▉     | 1011/2063 [03:15<03:23,  5.18it/s, v_num=5-00]Epoch 1:  49%|████▉     | 1011/2063 [03:15<03:23,  5.18it/s, v_num=5-00]Epoch 1:  49%|████▉     | 1012/2063 [03:15<03:22,  5.19it/s, v_num=5-00]Epoch 1:  49%|████▉     | 1012/2063 [03:15<03:22,  5.19it/s, v_num=5-00]Epoch 1:  49%|████▉     | 1013/2063 [03:15<03:22,  5.19it/s, v_num=5-00]Epoch 1:  49%|████▉     | 1013/2063 [03:15<03:22,  5.19it/s, v_num=5-00]Epoch 1:  49%|████▉     | 1014/2063 [03:15<03:21,  5.20it/s, v_num=5-00]Epoch 1:  49%|████▉     | 1014/2063 [03:15<03:21,  5.20it/s, v_num=5-00]Epoch 1:  49%|████▉     | 1015/2063 [03:15<03:21,  5.20it/s, v_num=5-00]Epoch 1:  49%|████▉     | 1015/2063 [03:15<03:21,  5.20it/s, v_num=5-00]Epoch 1:  49%|████▉     | 1016/2063 [03:15<03:21,  5.20it/s, v_num=5-00]Epoch 1:  49%|████▉     | 1016/2063 [03:15<03:21,  5.20it/s, v_num=5-00]Epoch 1:  49%|████▉     | 1017/2063 [03:15<03:20,  5.21it/s, v_num=5-00]Epoch 1:  49%|████▉     | 1017/2063 [03:15<03:20,  5.21it/s, v_num=5-00]Epoch 1:  49%|████▉     | 1018/2063 [03:15<03:20,  5.21it/s, v_num=5-00]Epoch 1:  49%|████▉     | 1018/2063 [03:15<03:20,  5.21it/s, v_num=5-00]Epoch 1:  49%|████▉     | 1019/2063 [03:15<03:20,  5.22it/s, v_num=5-00]Epoch 1:  49%|████▉     | 1019/2063 [03:15<03:20,  5.22it/s, v_num=5-00]Epoch 1:  49%|████▉     | 1020/2063 [03:15<03:19,  5.22it/s, v_num=5-00]Epoch 1:  49%|████▉     | 1020/2063 [03:15<03:19,  5.22it/s, v_num=5-00]Epoch 1:  49%|████▉     | 1021/2063 [03:15<03:19,  5.23it/s, v_num=5-00]Epoch 1:  49%|████▉     | 1021/2063 [03:15<03:19,  5.23it/s, v_num=5-00]Epoch 1:  50%|████▉     | 1022/2063 [03:15<03:18,  5.23it/s, v_num=5-00]Epoch 1:  50%|████▉     | 1022/2063 [03:15<03:18,  5.23it/s, v_num=5-00]Epoch 1:  50%|████▉     | 1023/2063 [03:15<03:18,  5.24it/s, v_num=5-00]Epoch 1:  50%|████▉     | 1023/2063 [03:15<03:18,  5.24it/s, v_num=5-00]Epoch 1:  50%|████▉     | 1024/2063 [03:15<03:18,  5.24it/s, v_num=5-00]Epoch 1:  50%|████▉     | 1024/2063 [03:15<03:18,  5.24it/s, v_num=5-00]Epoch 1:  50%|████▉     | 1025/2063 [03:15<03:17,  5.25it/s, v_num=5-00]Epoch 1:  50%|████▉     | 1025/2063 [03:15<03:17,  5.25it/s, v_num=5-00]Epoch 1:  50%|████▉     | 1026/2063 [03:15<03:17,  5.25it/s, v_num=5-00]Epoch 1:  50%|████▉     | 1026/2063 [03:15<03:17,  5.25it/s,[rank2]:[E1112 19:44:23.548793981 ProcessGroupNCCL.cpp:744] [Rank 2] Some NCCL operations have failed or timed out. Due to the asynchronous nature of CUDA kernels, subsequent GPU operations might run on corrupted/incomplete data.
[rank2]:[E1112 19:44:23.548814441 ProcessGroupNCCL.cpp:758] [Rank 2] To avoid data inconsistency, we are taking the entire process down.
[rank2]:[E1112 19:44:23.549606560 ProcessGroupNCCL.cpp:2057] [PG ID 0 PG GUID 0(default_pg) Rank 2] Process group watchdog thread terminated with exception: [Rank 2] Watchdog caught collective operation timeout: WorkNCCL(SeqNum=7, OpType=BROADCAST, NumelIn=1, NumelOut=1, Timeout(ms)=600000) ran for 600025 milliseconds before timing out.
Exception raised from checkTimeout at /pytorch/torch/csrc/distributed/c10d/ProcessGroupNCCL.cpp:686 (most recent call first):
frame #0: c10::Error::Error(c10::SourceLocation, std::__cxx11::basic_string<char, std::char_traits<char>, std::allocator<char> >) + 0x80 (0x7f58bfe16b80 in /home/aminmohamadi_squareup_com/projects/.hermit/python/lib/python3.11/site-packages/torch/lib/libc10.so)
frame #1: c10d::ProcessGroupNCCL::WorkNCCL::checkTimeout(std::optional<std::chrono::duration<long, std::ratio<1l, 1000l> > >) + 0x247 (0x7f58c0d9c407 in /home/aminmohamadi_squareup_com/projects/.hermit/python/lib/python3.11/site-packages/torch/lib/libtorch_cuda.so)
frame #2: c10d::ProcessGroupNCCL::Watchdog::runLoop() + 0x1691 (0x7f58c0da1011 in /home/aminmohamadi_squareup_com/projects/.hermit/python/lib/python3.11/site-packages/torch/lib/libtorch_cuda.so)
frame #3: c10d::ProcessGroupNCCL::Watchdog::run() + 0xdf (0x7f58c0da225f in /home/aminmohamadi_squareup_com/projects/.hermit/python/lib/python3.11/site-packages/torch/lib/libtorch_cuda.so)
frame #4: <unknown function> + 0xc2b23 (0x7f593d63eb23 in /lib64/libstdc++.so.6)
frame #5: <unknown function> + 0x81ca (0x7f5940a831ca in /lib64/libpthread.so.0)
frame #6: clone + 0x43 (0x7f593fd4b8d3 in /lib64/libc.so.6)

terminate called after throwing an instance of 'c10::DistBackendError'
  what():  [PG ID 0 PG GUID 0(default_pg) Rank 2] Process group watchdog thread terminated with exception: [Rank 2] Watchdog caught collective operation timeout: WorkNCCL(SeqNum=7, OpType=BROADCAST, NumelIn=1, NumelOut=1, Timeout(ms)=600000) ran for 600025 milliseconds before timing out.
Exception raised from checkTimeout at /pytorch/torch/csrc/distributed/c10d/ProcessGroupNCCL.cpp:686 (most recent call first):
frame #0: c10::Error::Error(c10::SourceLocation, std::__cxx11::basic_string<char, std::char_traits<char>, std::allocator<char> >) + 0x80 (0x7f58bfe16b80 in /home/aminmohamadi_squareup_com/projects/.hermit/python/lib/python3.11/site-packages/torch/lib/libc10.so)
frame #1: c10d::ProcessGroupNCCL::WorkNCCL::checkTimeout(std::optional<std::chrono::duration<long, std::ratio<1l, 1000l> > >) + 0x247 (0x7f58c0d9c407 in /home/aminmohamadi_squareup_com/projects/.hermit/python/lib/python3.11/site-packages/torch/lib/libtorch_cuda.so)
frame #2: c10d::ProcessGroupNCCL::Watchdog::runLoop() + 0x1691 (0x7f58c0da1011 in /home/aminmohamadi_squareup_com/projects/.hermit/python/lib/python3.11/site-packages/torch/lib/libtorch_cuda.so)
frame #3: c10d::ProcessGroupNCCL::Watchdog::run() + 0xdf (0x7f58c0da225f in /home/aminmohamadi_squareup_com/projects/.hermit/python/lib/python3.11/site-packages/torch/lib/libtorch_cuda.so)
frame #4: <unknown function> + 0xc2b23 (0x7f593d63eb23 in /lib64/libstdc++.so.6)
frame #5: <unknown function> + 0x81ca (0x7f5940a831ca in /lib64/libpthread.so.0)
frame #6: clone + 0x43 (0x7f593fd4b8d3 in /lib64/libc.so.6)

Exception raised from run at /pytorch/torch/csrc/distributed/c10d/ProcessGroupNCCL.cpp:2063 (most recent call first):
frame #0: c10::Error::Error(c10::SourceLocation, std::__cxx11::basic_string<char, std::char_traits<char>, std::allocator<char> >) + 0x80 (0x7f58bfe16b80 in /home/aminmohamadi_squareup_com/projects/.hermit/python/lib/python3.11/site-packages/torch/lib/libc10.so)
frame #1: <unknown function> + 0xe336d1 (0x7f58c0d786d1 in /home/aminmohamadi_squareup_com/projects/.hermit/python/lib/python3.11/site-packages/torch/lib/libtorch_cuda.so)
frame #2: <unknown function> + 0x95044f (0x7f58c089544f in /home/aminmohamadi_squareup_com/projects/.hermit/python/lib/python3.11/site-packages/torch/lib/libtorch_cuda.so)
frame #3: <unknown function> + 0xc2b23 (0x7f593d63eb23 in /lib64/libstdc++.so.6)
frame #4: <unknown function> + 0x81ca (0x7f5940a831ca in /lib64/libpthread.so.0)
frame #5: clone + 0x43 (0x7f593fd4b8d3 in /lib64/libc.so.6)

 v_num=5-00]Epoch 1:  50%|████▉     | 1027/2063 [03:15<03:17,  5.26it/s, v_num=5-00]Epoch 1:  50%|████▉     | 1027/2063 [03:15<03:17,  5.26it/s, v_num=5-00]Epoch 1:  50%|████▉     | 1028/2063 [03:15<03:16,  5.26it/s, v_num=5-00]Epoch 1:  50%|████▉     | 1028/2063 [03:15<03:16,  5.26it/s, v_num=5-00]Epoch 1:  50%|████▉     | 1029/2063 [03:15<03:16,  5.26it/s, v_num=5-00]Epoch 1:  50%|████▉     | 1029/2063 [03:15<03:16,  5.26it/s, v_num=5-00]Epoch 1:  50%|████▉     | 1030/2063 [03:15<03:16,  5.27it/s, v_num=5-00]Epoch 1:  50%|████▉     | 1030/2063 [03:15<03:16,  5.27it/s, v_num=5-00]Epoch 1:  50%|████▉     | 1031/2063 [03:15<03:15,  5.27it/s, v_num=5-00]Epoch 1:  50%|████▉     | 1031/2063 [03:15<03:15,  5.27it/s, v_num=5-00]Epoch 1:  50%|█████     | 1032/2063 [03:15<03:15,  5.28it/s, v_num=5-00]Epoch 1:  50%|█████     | 1032/2063 [03:15<03:15,  5.28it/s, v_num=5-00]Epoch 1:  50%|�W1112 19:44:24.488000 277205 torch/distributed/elastic/multiprocessing/api.py:908] Sending process 277329 closing signal SIGTERM
W1112 19:44:24.490000 277205 torch/distributed/elastic/multiprocessing/api.py:908] Sending process 277330 closing signal SIGTERM
[rank: 0] Received SIGTERM: 15
W1112 19:44:24.491000 277205 torch/distributed/elastic/multiprocessing/api.py:908] Sending process 277332 closing signal SIGTERM
��████     | 1033/2063 [03:15<03:14,  5.28it/s, v_num=5-00]Epoch 1:  50%|█████     | 1033/2063 [03:15<03:14,  5.28it/s, v_num=5-00]Epoch 1:  50%|█████     | 1034/2063 [03:15<03:14,  5.29it/s, v_num=5-00]Epoch 1:  50%|█████     | 1034/2063 [03:15<03:14,  5.29it/s, v_num=5-00]Epoch 1:  50%|█████     | 1035/2063 [03:15<03:14,  5.29it/s, v_num=5-00]Epoch 1:  50%|█████     | 1035/2063 [03:15<03:14,  5.29it/s, v_num=5-00]Epoch 1:  50%|█████     | 1036/2063 [03:15<03:13,  5.30it/s, v_num=5-00]Epoch 1:  50%|█████     | 1036/2063 [03:15<03:13,  5.30it/s, v_num=5-00]Epoch 1:  50%|█████     | 1037/2063 [03:15<03:13,  5.30it/s, v_num=5-00]Epoch 1:  50%|█████     | 1037/2063 [03:15<03:13,  5.30it/s, v_num=5-00]🏃 View run parquet_dataset__model_nlyrs_4_nheads_4_hdim_64__pred_ovrlap_F_npreds_4__nlyrs_2_activ_relunenc_1__lr_0.0002828_start_0.001_final_0_20251112_193322_epoch_0_probe at: https://block-lakehouse-production.cloud.databricks.com/ml/experiments/3770822289029490/runs/685d84b621624308b57e348b72252f6d
🧪 View experiment at: https://block-lakehouse-production.cloud.databricks.com/ml/experiments/3770822289029490
🏃 View run parquet_dataset__model_nlyrs_4_nheads_4_hdim_64__pred_ovrlap_F_npreds_4__nlyrs_2_activ_relunenc_1__lr_0.0002828_start_0.001_final_0_20251112_193322 at: https://block-lakehouse-production.cloud.databricks.com/ml/experiments/3770822289029490/runs/aa6570c457b148cd80f3fa4ad13e97e8
🧪 View experiment at: https://block-lakehouse-production.cloud.databricks.com/ml/experiments/3770822289029490
2025/11/12 19:44:26 INFO mlflow.system_metrics.system_metrics_monitor: Stopping system metrics monitoring...
2025/11/12 19:44:26 INFO mlflow.system_metrics.system_metrics_monitor: Successfully terminated system metrics monitoring!
Epoch 1:  50%|█████     | 1037/2063 [03:18<03:16,  5.21it/s, v_num=5-00]
[rank0]:[W1112 19:44:27.161644699 ProcessGroupNCCL.cpp:1524] Warning: WARNING: destroy_process_group() was not called before program exit, which can leak resources. For more info, please see https://pytorch.org/docs/stable/distributed.html#shutdown (function operator())
W1112 19:44:54.496000 277205 torch/distributed/elastic/multiprocessing/api.py:927] Unable to shutdown process 277329 via 15, forcefully exiting via 9
E1112 19:44:54.773000 277205 torch/distributed/elastic/multiprocessing/api.py:882] failed (exitcode: -6) local_rank: 2 (pid: 277331) of binary: /home/aminmohamadi_squareup_com/.cache/hermit/pkg/python3@3.11/install/bin/python3.11
Traceback (most recent call last):
  File "/home/aminmohamadi_squareup_com/projects/.hermit/python/bin/torchrun", line 8, in <module>
    sys.exit(main())
             ^^^^^^
  File "/home/aminmohamadi_squareup_com/projects/.hermit/python/lib/python3.11/site-packages/torch/distributed/elastic/multiprocessing/errors/__init__.py", line 357, in wrapper
    return f(*args, **kwargs)
           ^^^^^^^^^^^^^^^^^^
  File "/home/aminmohamadi_squareup_com/projects/.hermit/python/lib/python3.11/site-packages/torch/distributed/run.py", line 936, in main
    run(args)
  File "/home/aminmohamadi_squareup_com/projects/.hermit/python/lib/python3.11/site-packages/torch/distributed/run.py", line 927, in run
    elastic_launch(
  File "/home/aminmohamadi_squareup_com/projects/.hermit/python/lib/python3.11/site-packages/torch/distributed/launcher/api.py", line 156, in __call__
    return launch_agent(self._config, self._entrypoint, list(args))
           ^^^^^^^^^^^^^^^^^^^^^^^^^^^^^^^^^^^^^^^^^^^^^^^^^^^^^^^^
  File "/home/aminmohamadi_squareup_com/projects/.hermit/python/lib/python3.11/site-packages/torch/distributed/launcher/api.py", line 293, in launch_agent
    raise ChildFailedError(
torch.distributed.elastic.multiprocessing.errors.ChildFailedError: 
============================================================
run.py FAILED
------------------------------------------------------------
Failures:
  <NO_OTHER_FAILURES>
------------------------------------------------------------
Root Cause (first observed failure):
[0]:
  time      : 2025-11-12_19:44:24
  host      : smallslurm-a38msp-4.c.sq-cash-ml-slurm-prod.internal
  rank      : 2 (local_rank: 2)
  exitcode  : -6 (pid: 277331)
  error_file: <N/A>
  traceback : Signal 6 (SIGABRT) received by PID 277331
============================================================
srun: error: smallslurm-a38msp-4: task 0: Exited with exit code 1

========================================================================
Training completed with exit code: 1
========================================================================
✗ FAILED: Training exited with error code 1

Checking for common issues...
Last 50 lines of output:
🧪 View experiment at: https://block-lakehouse-production.cloud.databricks.com/ml/experiments/3770822289029490
🏃 View run parquet_dataset__model_nlyrs_4_nheads_4_hdim_64__pred_ovrlap_F_npreds_4__nlyrs_2_activ_relunenc_1__lr_0.0002828_start_0.001_final_0_20251112_193322 at: https://block-lakehouse-production.cloud.databricks.com/ml/experiments/3770822289029490/runs/aa6570c457b148cd80f3fa4ad13e97e8
🧪 View experiment at: https://block-lakehouse-production.cloud.databricks.com/ml/experiments/3770822289029490
2025/11/12 19:44:26 INFO mlflow.system_metrics.system_metrics_monitor: Stopping system metrics monitoring...
2025/11/12 19:44:26 INFO mlflow.system_metrics.system_metrics_monitor: Successfully terminated system metrics monitoring!
Epoch 1:  50%|█████     | 1037/2063 [03:18<03:16,  5.21it/s, v_num=5-00]
[rank0]:[W1112 19:44:27.161644699 ProcessGroupNCCL.cpp:1524] Warning: WARNING: destroy_process_group() was not called before program exit, which can leak resources. For more info, please see https://pytorch.org/docs/stable/distributed.html#shutdown (function operator())
W1112 19:44:54.496000 277205 torch/distributed/elastic/multiprocessing/api.py:927] Unable to shutdown process 277329 via 15, forcefully exiting via 9
E1112 19:44:54.773000 277205 torch/distributed/elastic/multiprocessing/api.py:882] failed (exitcode: -6) local_rank: 2 (pid: 277331) of binary: /home/aminmohamadi_squareup_com/.cache/hermit/pkg/python3@3.11/install/bin/python3.11
Traceback (most recent call last):
  File "/home/aminmohamadi_squareup_com/projects/.hermit/python/bin/torchrun", line 8, in <module>
    sys.exit(main())
             ^^^^^^
  File "/home/aminmohamadi_squareup_com/projects/.hermit/python/lib/python3.11/site-packages/torch/distributed/elastic/multiprocessing/errors/__init__.py", line 357, in wrapper
    return f(*args, **kwargs)
           ^^^^^^^^^^^^^^^^^^
  File "/home/aminmohamadi_squareup_com/projects/.hermit/python/lib/python3.11/site-packages/torch/distributed/run.py", line 936, in main
    run(args)
  File "/home/aminmohamadi_squareup_com/projects/.hermit/python/lib/python3.11/site-packages/torch/distributed/run.py", line 927, in run
    elastic_launch(
  File "/home/aminmohamadi_squareup_com/projects/.hermit/python/lib/python3.11/site-packages/torch/distributed/launcher/api.py", line 156, in __call__
    return launch_agent(self._config, self._entrypoint, list(args))
           ^^^^^^^^^^^^^^^^^^^^^^^^^^^^^^^^^^^^^^^^^^^^^^^^^^^^^^^^
  File "/home/aminmohamadi_squareup_com/projects/.hermit/python/lib/python3.11/site-packages/torch/distributed/launcher/api.py", line 293, in launch_agent
    raise ChildFailedError(
torch.distributed.elastic.multiprocessing.errors.ChildFailedError: 
============================================================
run.py FAILED
------------------------------------------------------------
Failures:
  <NO_OTHER_FAILURES>
------------------------------------------------------------
Root Cause (first observed failure):
[0]:
  time      : 2025-11-12_19:44:24
  host      : smallslurm-a38msp-4.c.sq-cash-ml-slurm-prod.internal
  rank      : 2 (local_rank: 2)
  exitcode  : -6 (pid: 277331)
  error_file: <N/A>
  traceback : Signal 6 (SIGABRT) received by PID 277331
============================================================
srun: error: smallslurm-a38msp-4: task 0: Exited with exit code 1

========================================================================
Training completed with exit code: 1
========================================================================
✗ FAILED: Training exited with error code 1

Checking for common issues...
Last 50 lines of output:
