========================================================================
Scaled Configuration Test - 4 GPUs with Linear Probe
========================================================================
Job ID: 14679
Node: smallslurm-a38msp-4
Date: Wed Nov 12 18:43:13 UTC 2025
GPUs Requested: 4
========================================================================
Configuration:
  - Data: chunk_10 to chunk_20 (11 files, 3.3M samples)
  - Features: 128 → 256 (after categorize_nan)
  - Batch size: 4096 per GPU (16384 total effective)
  - Learning rate: 2.828e-4 (scaled by sqrt(8))
  - Scaling: IQR + asinh transform
  - Linear probe: Every 5 epochs, trains for 20 epochs
========================================================================
Hermit environment /home/aminmohamadi_squareup_com/projects activated
Available GPUs:
GPU 0: NVIDIA H100 80GB HBM3 (UUID: GPU-991ce41b-b851-1ae0-0227-d179f6eb9c9b)
GPU 1: NVIDIA H100 80GB HBM3 (UUID: GPU-f301c6e7-8177-97ff-29da-36bc21077184)
GPU 2: NVIDIA H100 80GB HBM3 (UUID: GPU-f2c06ebe-618b-11b0-dc1f-e022cce52697)
GPU 3: NVIDIA H100 80GB HBM3 (UUID: GPU-f8f3d437-38c2-c06e-ce70-04df6524d42f)

Wed Nov 12 18:43:13 2025       
+-----------------------------------------------------------------------------------------+
| NVIDIA-SMI 550.90.12              Driver Version: 550.90.12      CUDA Version: 12.4     |
|-----------------------------------------+------------------------+----------------------+
| GPU  Name                 Persistence-M | Bus-Id          Disp.A | Volatile Uncorr. ECC |
| Fan  Temp   Perf          Pwr:Usage/Cap |           Memory-Usage | GPU-Util  Compute M. |
|                                         |                        |               MIG M. |
|=========================================+========================+======================|
|   0  NVIDIA H100 80GB HBM3          On  |   00000000:04:00.0 Off |                    0 |
| N/A   29C    P0             66W /  700W |       1MiB /  81559MiB |      0%      Default |
|                                         |                        |             Disabled |
+-----------------------------------------+------------------------+----------------------+
|   1  NVIDIA H100 80GB HBM3          On  |   00000000:0C:00.0 Off |                    0 |
| N/A   26C    P0             65W /  700W |       1MiB /  81559MiB |      0%      Default |
|                                         |                        |             Disabled |
+-----------------------------------------+------------------------+----------------------+
|   2  NVIDIA H100 80GB HBM3          On  |   00000000:84:00.0 Off |                    0 |
| N/A   30C    P0             68W /  700W |       1MiB /  81559MiB |      0%      Default |
|                                         |                        |             Disabled |
+-----------------------------------------+------------------------+----------------------+
|   3  NVIDIA H100 80GB HBM3          On  |   00000000:8B:00.0 Off |                    0 |
| N/A   28C    P0             65W /  700W |       1MiB /  81559MiB |      0%      Default |
|                                         |                        |             Disabled |
+-----------------------------------------+------------------------+----------------------+
                                                                                         
+-----------------------------------------------------------------------------------------+
| Processes:                                                                              |
|  GPU   GI   CI        PID   Type   Process name                              GPU Memory |
|        ID   ID                                                               Usage      |
|=========================================================================================|
|  No running processes found                                                             |
+-----------------------------------------------------------------------------------------+

========================================================================
SLURM Environment:
========================================================================
SLURM_GPUS: 4
SLURM_JOB_GPUS: 0,3,4,6
SLURM_STEP_GPUS: 
SLURM_GPUS_ON_NODE: 4
========================================================================

========================================================================
Starting 4-GPU T-JEPA training with scaled configuration...
========================================================================
/home/aminmohamadi_squareup_com/projects/.hermit/python/lib/python3.11/site-packages/torch/cuda/__init__.py:63: FutureWarning: The pynvml package is deprecated. Please install nvidia-ml-py instead. If you did not install pynvml directly, please report this to the maintainers of the package that installed pynvml for you.
  import pynvml  # type: ignore[import]
W1112 18:43:18.223000 237127 torch/distributed/run.py:803] 
W1112 18:43:18.223000 237127 torch/distributed/run.py:803] *****************************************
W1112 18:43:18.223000 237127 torch/distributed/run.py:803] Setting OMP_NUM_THREADS environment variable for each process to be 1 in default, to avoid your system being overloaded, please further tune the variable for optimal performance in your application as needed. 
W1112 18:43:18.223000 237127 torch/distributed/run.py:803] *****************************************
/home/aminmohamadi_squareup_com/projects/.hermit/python/lib/python3.11/site-packages/torch/cuda/__init__.py:63: FutureWarning: The pynvml package is deprecated. Please install nvidia-ml-py instead. If you did not install pynvml directly, please report this to the maintainers of the package that installed pynvml for you.
  import pynvml  # type: ignore[import]
/home/aminmohamadi_squareup_com/projects/.hermit/python/lib/python3.11/site-packages/torch/cuda/__init__.py:63: FutureWarning: The pynvml package is deprecated. Please install nvidia-ml-py instead. If you did not install pynvml directly, please report this to the maintainers of the package that installed pynvml for you.
  import pynvml  # type: ignore[import]
/home/aminmohamadi_squareup_com/projects/.hermit/python/lib/python3.11/site-packages/torch/cuda/__init__.py:63: FutureWarning: The pynvml package is deprecated. Please install nvidia-ml-py instead. If you did not install pynvml directly, please report this to the maintainers of the package that installed pynvml for you.
  import pynvml  # type: ignore[import]
/home/aminmohamadi_squareup_com/projects/.hermit/python/lib/python3.11/site-packages/torch/cuda/__init__.py:63: FutureWarning: The pynvml package is deprecated. Please install nvidia-ml-py instead. If you did not install pynvml directly, please report this to the maintainers of the package that installed pynvml for you.
  import pynvml  # type: ignore[import]
[idr_torch] rank=3 local_rank=3 size=4 | MASTER_ADDR=smallslurm-a38msp-4.c.sq-cash-ml-slurm-prod.internal MASTER_PORT=35687
[idr_torch] rank=1 local_rank=1 size=4 | MASTER_ADDR=smallslurm-a38msp-4.c.sq-cash-ml-slurm-prod.internal MASTER_PORT=35687
[idr_torch] rank=0 local_rank=0 size=4 | MASTER_ADDR=smallslurm-a38msp-4.c.sq-cash-ml-slurm-prod.internal MASTER_PORT=35687
[idr_torch] rank=2 local_rank=2 size=4 | MASTER_ADDR=smallslurm-a38msp-4.c.sq-cash-ml-slurm-prod.internal MASTER_PORT=35687
✓ MLflow logging configured for project: scaled_config_4gpu_test
[Distributed pre-init] RANK=1 WORLD_SIZE=4 LOCAL_RANK=1 MASTER_ADDR=smallslurm-a38msp-4.c.sq-cash-ml-slurm-prod.internal MASTER_PORT=35687
✓ MLflow logging configured for project: scaled_config_4gpu_test
[Distributed pre-init] RANK=0 WORLD_SIZE=4 LOCAL_RANK=0 MASTER_ADDR=smallslurm-a38msp-4.c.sq-cash-ml-slurm-prod.internal MASTER_PORT=35687
✓ MLflow logging configured for project: scaled_config_4gpu_test
[Distributed pre-init] RANK=2 WORLD_SIZE=4 LOCAL_RANK=2 MASTER_ADDR=smallslurm-a38msp-4.c.sq-cash-ml-slurm-prod.internal MASTER_PORT=35687
✓ MLflow logging configured for project: scaled_config_4gpu_test
[Distributed pre-init] RANK=3 WORLD_SIZE=4 LOCAL_RANK=3 MASTER_ADDR=smallslurm-a38msp-4.c.sq-cash-ml-slurm-prod.internal MASTER_PORT=35687
[Debug] idr_torch.world_size=4
[Debug] idr_torch.rank=1
[Debug] idr_torch.local_rank=1
[Debug] idr_torch.gpu_ids=['0', '3', '4', '6']
[Debug] idr_torch.cpus_per_task=64
[Distributed post-init] rank 1 / 4 | backend=nccl | current_device=1
[Debug] torch.cuda.set_device(1) called on PID 237253
[Debug] distributed_args={'world_size': 4, 'rank': 1, 'gpu': 1}
[Debug] Using parquet dataset from LocalFilesDataset
[Debug] idr_torch.world_size=4
[Debug] idr_torch.rank=0
[Debug] idr_torch.local_rank=0
[Debug] idr_torch.gpu_ids=['0', '3', '4', '6']
[Debug] idr_torch.cpus_per_task=64
[Distributed post-init] rank 0 / 4 | backend=nccl | current_device=0
[Debug] torch.cuda.set_device(0) called on PID 237252
[Debug] distributed_args={'world_size': 4, 'rank': 0, 'gpu': 0}
[Debug] Using parquet dataset from LocalFilesDataset
[Debug] idr_torch.world_size=4
[Debug] idr_torch.rank=3
[Debug] idr_torch.local_rank=3
[Debug] idr_torch.gpu_ids=['0', '3', '4', '6']
[Debug] idr_torch.cpus_per_task=64
[Distributed post-init] rank 3 / 4 | backend=nccl | current_device=3
[Debug] torch.cuda.set_device(3) called on PID 237255
[Debug] distributed_args={'world_size': 4, 'rank': 3, 'gpu': 3}
[Debug] Using parquet dataset from LocalFilesDataset
[Debug] idr_torch.world_size=4
[Debug] idr_torch.rank=2
[Debug] idr_torch.local_rank=2
[Debug] idr_torch.gpu_ids=['0', '3', '4', '6']
[Debug] idr_torch.cpus_per_task=64
[Distributed post-init] rank 2 / 4 | backend=nccl | current_device=2
[Debug] torch.cuda.set_device(2) called on PID 237254
[Debug] distributed_args={'world_size': 4, 'rank': 2, 'gpu': 2}
[Debug] Using parquet dataset from LocalFilesDataset
[Debug] Parquet dataset created: N=3300000, D=256
[Debug] Parquet dataset created: N=3300000, D=256
╒═══════════════════════════════╤════════════════════════════════════════════════════════════════════════════════════════════════════════════════════════════════════════════════════════════════════════════════════════════╕
│ mock                          │ False                                                                                                                                                                                      │
├───────────────────────────────┼────────────────────────────────────────────────────────────────────────────────────────────────────────────────────────────────────────────────────────────────────────────────────────────┤
│ res_dir                       │ ./                                                                                                                                                                                         │
├───────────────────────────────┼────────────────────────────────────────────────────────────────────────────────────────────────────────────────────────────────────────────────────────────────────────────────────────────┤
│ data_path                     │ data                                                                                                                                                                                       │
├───────────────────────────────┼────────────────────────────────────────────────────────────────────────────────────────────────────────────────────────────────────────────────────────────────────────────────────────────┤
│ data_set                      │ parquet_dataset                                                                                                                                                                            │
├───────────────────────────────┼────────────────────────────────────────────────────────────────────────────────────────────────────────────────────────────────────────────────────────────────────────────────────────────┤
│ test_size_ratio               │ 0.0                                                                                                                                                                                        │
├───────────────────────────────┼────────────────────────────────────────────────────────────────────────────────────────────────────────────────────────────────────────────────────────────────────────────────────────────┤
│ val_size_ratio                │ 0.0                                                                                                                                                                                        │
├───────────────────────────────┼────────────────────────────────────────────────────────────────────────────────────────────────────────────────────────────────────────────────────────────────────────────────────────────┤
│ random_state                  │ 42                                                                                                                                                                                         │
├───────────────────────────────┼────────────────────────────────────────────────────────────────────────────────────────────────────────────────────────────────────────────────────────────────────────────────────────────┤
│ full_dataset_cuda             │ False                                                                                                                                                                                      │
├───────────────────────────────┼────────────────────────────────────────────────────────────────────────────────────────────────────────────────────────────────────────────────────────────────────────────────────────────┤
│ verbose                       │ False                                                                                                                                                                                      │
├───────────────────────────────┼────────────────────────────────────────────────────────────────────────────────────────────────────────────────────────────────────────────────────────────────────────────────────────────┤
│ use_parquet_dataset           │ True                                                                                                                                                                                       │
├───────────────────────────────┼────────────────────────────────────────────────────────────────────────────────────────────────────────────────────────────────────────────────────────────────────────────────────────────┤
│ parquet_data_dir              │ /projects/risk-tabular/general_chargebacks/202207-202407-all-positives-negative-ratio-1.0-v0/train                                                                                         │
├───────────────────────────────┼────────────────────────────────────────────────────────────────────────────────────────────────────────────────────────────────────────────────────────────────────────────────────────────┤
│ parquet_data_files            │ chunk_10.parquet,chunk_11.parquet,chunk_12.parquet,chunk_13.parquet,chunk_14.parquet,chunk_15.parquet,chunk_16.parquet,chunk_17.parquet,chunk_18.parquet,chunk_19.parquet,chunk_20.parquet │
├───────────────────────────────┼────────────────────────────────────────────────────────────────────────────────────────────────────────────────────────────────────────────────────────────────────────────────────────────┤
│ parquet_scaling_stats_file    │ /projects/risk-tabular/general_chargebacks/202207-202407-all-positives-negative-ratio-1.0-v0/train/stats_bootstrap.pq                                                                      │
├───────────────────────────────┼────────────────────────────────────────────────────────────────────────────────────────────────────────────────────────────────────────────────────────────────────────────────────────────┤
│ parquet_feature_names_file    │ /projects/risk-tabular/general_chargebacks/20240724_feature_selection/xgboost_importances_seed_1_sample_0.5.csv                                                                            │
├───────────────────────────────┼────────────────────────────────────────────────────────────────────────────────────────────────────────────────────────────────────────────────────────────────────────────────────────────┤
│ parquet_num_features          │ 128                                                                                                                                                                                        │
├───────────────────────────────┼────────────────────────────────────────────────────────────────────────────────────────────────────────────────────────────────────────────────────────────────────────────────────────────┤
│ parquet_target_col            │ target                                                                                                                                                                                     │
├───────────────────────────────┼────────────────────────────────────────────────────────────────────────────────────────────────────────────────────────────────────────────────────────────────────────────────────────────┤
│ parquet_task_type             │ binary_class                                                                                                                                                                               │
├───────────────────────────────┼────────────────────────────────────────────────────────────────────────────────────────────────────────────────────────────────────────────────────────────────────────────────────────────┤
│ parquet_id_col                │ ID                                                                                                                                                                                         │
├───────────────────────────────┼────────────────────────────────────────────────────────────────────────────────────────────────────────────────────────────────────────────────────────────────────────────────────────────┤
│ parquet_preload_data          │ True                                                                                                                                                                                       │
├───────────────────────────────┼────────────────────────────────────────────────────────────────────────────────────────────────────────────────────────────────────────────────────────────────────────────────────────────┤
│ parquet_shuffle               │ True                                                                                                                                                                                       │
├───────────────────────────────┼────────────────────────────────────────────────────────────────────────────────────────────────────────────────────────────────────────────────────────────────────────────────────────────┤
│ parquet_scaling_method        │ IQR                                                                                                                                                                                        │
├───────────────────────────────┼────────────────────────────────────────────────────────────────────────────────────────────────────────────────────────────────────────────────────────────────────────────────────────────┤
│ parquet_infill_value          │ zero                                                                                                                                                                                       │
├───────────────────────────────┼────────────────────────────────────────────────────────────────────────────────────────────────────────────────────────────────────────────────────────────────────────────────────────────┤
│ parquet_transform             │ asinh                                                                                                                                                                                      │
├───────────────────────────────┼────────────────────────────────────────────────────────────────────────────────────────────────────────────────────────────────────────────────────────────────────────────────────────────┤
│ parquet_categorize_nan        │ True                                                                                                                                                                                       │
├───────────────────────────────┼────────────────────────────────────────────────────────────────────────────────────────────────────────────────────────────────────────────────────────────────────────────────────────────┤
│ parquet_clip_min              │                                                                                                                                                                                            │
├───────────────────────────────┼────────────────────────────────────────────────────────────────────────────────────────────────────────────────────────────────────────────────────────────────────────────────────────────┤
│ parquet_clip_max              │                                                                                                                                                                                            │
├───────────────────────────────┼────────────────────────────────────────────────────────────────────────────────────────────────────────────────────────────────────────────────────────────────────────────────────────────┤
│ tag                           │                                                                                                                                                                                            │
├───────────────────────────────┼────────────────────────────────────────────────────────────────────────────────────────────────────────────────────────────────────────────────────────────────────────────────────────────┤
│ project_name                  │ scaled_config_4gpu_test                                                                                                                                                                    │
├───────────────────────────────┼────────────────────────────────────────────────────────────────────────────────────────────────────────────────────────────────────────────────────────────────────────────────────────────┤
│ test                          │ False                                                                                                                                                                                      │
├───────────────────────────────┼────────────────────────────────────────────────────────────────────────────────────────────────────────────────────────────────────────────────────────────────────────────────────────────┤
│ exp_n_runs                    │ 1                                                                                                                                                                                          │
├───────────────────────────────┼────────────────────────────────────────────────────────────────────────────────────────────────────────────────────────────────────────────────────────────────────────────────────────────┤
│ exp_device                    │                                                                                                                                                                                            │
├───────────────────────────────┼────────────────────────────────────────────────────────────────────────────────────────────────────────────────────────────────────────────────────────────────────────────────────────────┤
│ np_seed                       │ 42                                                                                                                                                                                         │
├───────────────────────────────┼────────────────────────────────────────────────────────────────────────────────────────────────────────────────────────────────────────────────────────────────────────────────────────────┤
│ torch_seed                    │ 42                                                                                                                                                                                         │
├───────────────────────────────┼────────────────────────────────────────────────────────────────────────────────────────────────────────────────────────────────────────────────────────────────────────────────────────────┤
│ random                        │ False                                                                                                                                                                                      │
├───────────────────────────────┼────────────────────────────────────────────────────────────────────────────────────────────────────────────────────────────────────────────────────────────────────────────────────────────┤
│ batch_size                    │ 4096                                                                                                                                                                                       │
├───────────────────────────────┼────────────────────────────────────────────────────────────────────────────────────────────────────────────────────────────────────────────────────────────────────────────────────────────┤
│ val_batch_size                │ -1                                                                                                                                                                                         │
├───────────────────────────────┼────────────────────────────────────────────────────────────────────────────────────────────────────────────────────────────────────────────────────────────────────────────────────────────┤
│ exp_train_total_epochs        │ 10                                                                                                                                                                                         │
├───────────────────────────────┼────────────────────────────────────────────────────────────────────────────────────────────────────────────────────────────────────────────────────────────────────────────────────────────┤
│ exp_patience                  │ 10                                                                                                                                                                                         │
├───────────────────────────────┼────────────────────────────────────────────────────────────────────────────────────────────────────────────────────────────────────────────────────────────────────────────────────────────┤
│ log_tensorboard               │ False                                                                                                                                                                                      │
├───────────────────────────────┼────────────────────────────────────────────────────────────────────────────────────────────────────────────────────────────────────────────────────────────────────────────────────────────┤
│ exp_cadence_type              │ improvement                                                                                                                                                                                │
├───────────────────────────────┼────────────────────────────────────────────────────────────────────────────────────────────────────────────────────────────────────────────────────────────────────────────────────────────┤
│ exp_cache_cadence             │ 1                                                                                                                                                                                          │
├───────────────────────────────┼────────────────────────────────────────────────────────────────────────────────────────────────────────────────────────────────────────────────────────────────────────────────────────────┤
│ exp_val_cache_cadence         │ 1                                                                                                                                                                                          │
├───────────────────────────────┼────────────────────────────────────────────────────────────────────────────────────────────────────────────────────────────────────────────────────────────────────────────────────────────┤
│ init_type                     │ kaiming                                                                                                                                                                                    │
├───────────────────────────────┼────────────────────────────────────────────────────────────────────────────────────────────────────────────────────────────────────────────────────────────────────────────────────────────┤
│ exp_scheduler                 │ True                                                                                                                                                                                       │
├───────────────────────────────┼────────────────────────────────────────────────────────────────────────────────────────────────────────────────────────────────────────────────────────────────────────────────────────────┤
│ exp_weight_decay_scheduler    │ True                                                                                                                                                                                       │
├───────────────────────────────┼────────────────────────────────────────────────────────────────────────────────────────────────────────────────────────────────────────────────────────────────────────────────────────────┤
│ exp_start_lr                  │ 0.001                                                                                                                                                                                      │
├───────────────────────────────┼────────────────────────────────────────────────────────────────────────────────────────────────────────────────────────────────────────────────────────────────────────────────────────────┤
│ exp_lr                        │ 0.0002828                                                                                                                                                                                  │
├───────────────────────────────┼────────────────────────────────────────────────────────────────────────────────────────────────────────────────────────────────────────────────────────────────────────────────────────────┤
│ exp_final_lr                  │ 0                                                                                                                                                                                          │
├───────────────────────────────┼────────────────────────────────────────────────────────────────────────────────────────────────────────────────────────────────────────────────────────────────────────────────────────────┤
│ exp_warmup                    │ 0.05                                                                                                                                                                                       │
├───────────────────────────────┼────────────────────────────────────────────────────────────────────────────────────────────────────────────────────────────────────────────────────────────────────────────────────────────┤
│ exp_weight_decay              │ 1e-05                                                                                                                                                                                      │
├───────────────────────────────┼────────────────────────────────────────────────────────────────────────────────────────────────────────────────────────────────────────────────────────────────────────────────────────────┤
│ exp_final_weight_decay        │ 0.01                                                                                                                                                                                       │
├───────────────────────────────┼────────────────────────────────────────────────────────────────────────────────────────────────────────────────────────────────────────────────────────────────────────────────────────────┤
│ exp_ipe_scale                 │ 1.0                                                                                                                                                                                        │
├───────────────────────────────┼────────────────────────────────────────────────────────────────────────────────────────────────────────────────────────────────────────────────────────────────────────────────────────────┤
│ exp_gradient_clipping         │ 1.0                                                                                                                                                                                        │
├───────────────────────────────┼────────────────────────────────────────────────────────────────────────────────────────────────────────────────────────────────────────────────────────────────────────────────────────────┤
│ mp_distributed                │ True                                                                                                                                                                                       │
├───────────────────────────────┼────────────────────────────────────────────────────────────────────────────────────────────────────────────────────────────────────────────────────────────────────────────────────────────┤
│ mp_nodes                      │ 1                                                                                                                                                                                          │
├───────────────────────────────┼────────────────────────────────────────────────────────────────────────────────────────────────────────────────────────────────────────────────────────────────────────────────────────────┤
│ mp_gpus                       │ 4                                                                                                                                                                                          │
├───────────────────────────────┼────────────────────────────────────────────────────────────────────────────────────────────────────────────────────────────────────────────────────────────────────────────────────────────┤
│ mp_nr                         │ 0                                                                                                                                                                                          │
├───────────────────────────────┼────────────────────────────────────────────────────────────────────────────────────────────────────────────────────────────────────────────────────────────────────────────────────────────┤
│ pin_memory                    │ True                                                                                                                                                                                       │
├───────────────────────────────┼────────────────────────────────────────────────────────────────────────────────────────────────────────────────────────────────────────────────────────────────────────────────────────────┤
│ using_embedding               │ False                                                                                                                                                                                      │
├───────────────────────────────┼────────────────────────────────────────────────────────────────────────────────────────────────────────────────────────────────────────────────────────────────────────────────────────────┤
│ model_dtype                   │ float32                                                                                                                                                                                    │
├───────────────────────────────┼────────────────────────────────────────────────────────────────────────────────────────────────────────────────────────────────────────────────────────────────────────────────────────────┤
│ data_loader_nprocs            │ 0                                                                                                                                                                                          │
├───────────────────────────────┼────────────────────────────────────────────────────────────────────────────────────────────────────────────────────────────────────────────────────────────────────────────────────────────┤
│ load_from_checkpoint          │ False                                                                                                                                                                                      │
├───────────────────────────────┼────────────────────────────────────────────────────────────────────────────────────────────────────────────────────────────────────────────────────────────────────────────────────────────┤
│ load_path                     │                                                                                                                                                                                            │
├───────────────────────────────┼────────────────────────────────────────────────────────────────────────────────────────────────────────────────────────────────────────────────────────────────────────────────────────────┤
│ model_amp                     │ False                                                                                                                                                                                      │
├───────────────────────────────┼────────────────────────────────────────────────────────────────────────────────────────────────────────────────────────────────────────────────────────────────────────────────────────────┤
│ model_feature_type_embedding  │ True                                                                                                                                                                                       │
├───────────────────────────────┼────────────────────────────────────────────────────────────────────────────────────────────────────────────────────────────────────────────────────────────────────────────────────────────┤
│ model_feature_index_embedding │ True                                                                                                                                                                                       │
├───────────────────────────────┼────────────────────────────────────────────────────────────────────────────────────────────────────────────────────────────────────────────────────────────────────────────────────────────┤
│ model_dropout_prob            │ 0.1                                                                                                                                                                                        │
├───────────────────────────────┼────────────────────────────────────────────────────────────────────────────────────────────────────────────────────────────────────────────────────────────────────────────────────────────┤
│ model_layer_norm_eps          │ 1e-05                                                                                                                                                                                      │
├───────────────────────────────┼────────────────────────────────────────────────────────────────────────────────────────────────────────────────────────────────────────────────────────────────────────────────────────────┤
│ model_dim_hidden              │ 64                                                                                                                                                                                         │
├───────────────────────────────┼────────────────────────────────────────────────────────────────────────────────────────────────────────────────────────────────────────────────────────────────────────────────────────────┤
│ model_dim_feedforward         │ 256                                                                                                                                                                                        │
├───────────────────────────────┼────────────────────────────────────────────────────────────────────────────────────────────────────────────────────────────────────────────────────────────────────────────────────────────┤
│ model_num_heads               │ 4                                                                                                                                                                                          │
├───────────────────────────────┼────────────────────────────────────────────────────────────────────────────────────────────────────────────────────────────────────────────────────────────────────────────────────────────┤
│ model_num_layers              │ 4                                                                                                                                                                                          │
├───────────────────────────────┼────────────────────────────────────────────────────────────────────────────────────────────────────────────────────────────────────────────────────────────────────────────────────────────┤
│ model_ema_end                 │ 1                                                                                                                                                                                          │
├───────────────────────────────┼────────────────────────────────────────────────────────────────────────────────────────────────────────────────────────────────────────────────────────────────────────────────────────────┤
│ model_ema_start               │ 0.996                                                                                                                                                                                      │
├───────────────────────────────┼────────────────────────────────────────────────────────────────────────────────────────────────────────────────────────────────────────────────────────────────────────────────────────────┤
│ model_act_func                │ relu                                                                                                                                                                                       │
├───────────────────────────────┼────────────────────────────────────────────────────────────────────────────────────────────────────────────────────────────────────────────────────────────────────────────────────────────┤
│ probe_cadence                 │ 5                                                                                                                                                                                          │
├───────────────────────────────┼────────────────────────────────────────────────────────────────────────────────────────────────────────────────────────────────────────────────────────────────────────────────────────────┤
│ probe_model                   │ mlp                                                                                                                                                                                        │
├───────────────────────────────┼────────────────────────────────────────────────────────────────────────────────────────────────────────────────────────────────────────────────────────────────────────────────────────────┤
│ probe_sample_fraction         │ 0.1                                                                                                                                                                                        │
├───────────────────────────────┼────────────────────────────────────────────────────────────────────────────────────────────────────────────────────────────────────────────────────────────────────────────────────────────┤
│ n_cls_tokens                  │ 1                                                                                                                                                                                          │
├───────────────────────────────┼────────────────────────────────────────────────────────────────────────────────────────────────────────────────────────────────────────────────────────────────────────────────────────────┤
│ n_reg_tokens                  │ 1                                                                                                                                                                                          │
├───────────────────────────────┼────────────────────────────────────────────────────────────────────────────────────────────────────────────────────────────────────────────────────────────────────────────────────────────┤
│ pred_type                     │ transformer                                                                                                                                                                                │
├───────────────────────────────┼────────────────────────────────────────────────────────────────────────────────────────────────────────────────────────────────────────────────────────────────────────────────────────────┤
│ pred_num_layers               │ 2                                                                                                                                                                                          │
├───────────────────────────────┼────────────────────────────────────────────────────────────────────────────────────────────────────────────────────────────────────────────────────────────────────────────────────────────┤
│ pred_embed_dim                │ 64                                                                                                                                                                                         │
├───────────────────────────────┼────────────────────────────────────────────────────────────────────────────────────────────────────────────────────────────────────────────────────────────────────────────────────────────┤
│ pred_num_heads                │ 4                                                                                                                                                                                          │
├───────────────────────────────┼────────────────────────────────────────────────────────────────────────────────────────────────────────────────────────────────────────────────────────────────────────────────────────────┤
│ pred_p_dropout                │ 0.1                                                                                                                                                                                        │
├───────────────────────────────┼────────────────────────────────────────────────────────────────────────────────────────────────────────────────────────────────────────────────────────────────────────────────────────────┤
│ pred_layer_norm_eps           │ 1e-05                                                                                                                                                                                      │
├───────────────────────────────┼────────────────────────────────────────────────────────────────────────────────────────────────────────────────────────────────────────────────────────────────────────────────────────────┤
│ pred_activation               │ relu                                                                                                                                                                                       │
├───────────────────────────────┼────────────────────────────────────────────────────────────────────────────────────────────────────────────────────────────────────────────────────────────────────────────────────────────┤
│ pred_dim_feedforward          │ 256                                                                                                                                                                                        │
├───────────────────────────────┼────────────────────────────────────────────────────────────────────────────────────────────────────────────────────────────────────────────────────────────────────────────────────────────┤
│ mask_allow_overlap            │ False                                                                                                                                                                                      │
├───────────────────────────────┼────────────────────────────────────────────────────────────────────────────────────────────────────────────────────────────────────────────────────────────────────────────────────────────┤
│ mask_min_ctx_share            │ 0.2                                                                                                                                                                                        │
├───────────────────────────────┼────────────────────────────────────────────────────────────────────────────────────────────────────────────────────────────────────────────────────────────────────────────────────────────┤
│ mask_max_ctx_share            │ 0.4                                                                                                                                                                                        │
├───────────────────────────────┼────────────────────────────────────────────────────────────────────────────────────────────────────────────────────────────────────────────────────────────────────────────────────────────┤
│ mask_min_trgt_share           │ 0.2                                                                                                                                                                                        │
├───────────────────────────────┼────────────────────────────────────────────────────────────────────────────────────────────────────────────────────────────────────────────────────────────────────────────────────────────┤
│ mask_max_trgt_share           │ 0.4                                                                                                                                                                                        │
├───────────────────────────────┼────────────────────────────────────────────────────────────────────────────────────────────────────────────────────────────────────────────────────────────────────────────────────────────┤
│ mask_num_preds                │ 4                                                                                                                                                                                          │
├───────────────────────────────┼────────────────────────────────────────────────────────────────────────────────────────────────────────────────────────────────────────────────────────────────────────────────────────────┤
│ mask_num_encs                 │ 1                                                                                                                                                                                          │
├───────────────────────────────┼────────────────────────────────────────────────────────────────────────────────────────────────────────────────────────────────────────────────────────────────────────────────────────────┤
│ optuna_study_name             │                                                                                                                                                                                            │
├───────────────────────────────┼────────────────────────────────────────────────────────────────────────────────────────────────────────────────────────────────────────────────────────────────────────────────────────────┤
│ optuna_trial_number           │                                                                                                                                                                                            │
├───────────────────────────────┼────────────────────────────────────────────────────────────────────────────────────────────────────────────────────────────────────────────────────────────────────────────────────────────┤
│ optuna_output_dir             │                                                                                                                                                                                            │
├───────────────────────────────┼────────────────────────────────────────────────────────────────────────────────────────────────────────────────────────────────────────────────────────────────────────────────────────────┤
│ is_batchlearning              │ True                                                                                                                                                                                       │
├───────────────────────────────┼────────────────────────────────────────────────────────────────────────────────────────────────────────────────────────────────────────────────────────────────────────────────────────────┤
│ iteration                     │ 0                                                                                                                                                                                          │
╘═══════════════════════════════╧════════════════════════════════════════════════════════════════════════════════════════════════════════════════════════════════════════════════════════════════════════════════════════════╛
[Debug] Loading dataset …
[Debug] Parquet dataset ready (preprocessing handled by LocalFilesDataset)
Encoder Module parameters:
╒═══════════════════════════════╤════════════════════════════════════════════════════════════════════════════════════════════════════════════════════════════════════════════════════════════════════════════════════════════╕
│ mock                          │ False                                                                                                                                                                                      │
├───────────────────────────────┼────────────────────────────────────────────────────────────────────────────────────────────────────────────────────────────────────────────────────────────────────────────────────────────┤
│ res_dir                       │ ./                                                                                                                                                                                         │
├───────────────────────────────┼────────────────────────────────────────────────────────────────────────────────────────────────────────────────────────────────────────────────────────────────────────────────────────────┤
│ data_path                     │ data                                                                                                                                                                                       │
├───────────────────────────────┼────────────────────────────────────────────────────────────────────────────────────────────────────────────────────────────────────────────────────────────────────────────────────────────┤
│ data_set                      │ parquet_dataset                                                                                                                                                                            │
├───────────────────────────────┼────────────────────────────────────────────────────────────────────────────────────────────────────────────────────────────────────────────────────────────────────────────────────────────┤
│ test_size_ratio               │ 0.0                                                                                                                                                                                        │
├───────────────────────────────┼────────────────────────────────────────────────────────────────────────────────────────────────────────────────────────────────────────────────────────────────────────────────────────────┤
│ val_size_ratio                │ 0.0                                                                                                                                                                                        │
├───────────────────────────────┼────────────────────────────────────────────────────────────────────────────────────────────────────────────────────────────────────────────────────────────────────────────────────────────┤
│ random_state                  │ 42                                                                                                                                                                                         │
├───────────────────────────────┼────────────────────────────────────────────────────────────────────────────────────────────────────────────────────────────────────────────────────────────────────────────────────────────┤
│ full_dataset_cuda             │ False                                                                                                                                                                                      │
├───────────────────────────────┼────────────────────────────────────────────────────────────────────────────────────────────────────────────────────────────────────────────────────────────────────────────────────────────┤
│ verbose                       │ False                                                                                                                                                                                      │
├───────────────────────────────┼────────────────────────────────────────────────────────────────────────────────────────────────────────────────────────────────────────────────────────────────────────────────────────────┤
│ use_parquet_dataset           │ True                                                                                                                                                                                       │
├───────────────────────────────┼────────────────────────────────────────────────────────────────────────────────────────────────────────────────────────────────────────────────────────────────────────────────────────────┤
│ parquet_data_dir              │ /projects/risk-tabular/general_chargebacks/202207-202407-all-positives-negative-ratio-1.0-v0/train                                                                                         │
├───────────────────────────────┼────────────────────────────────────────────────────────────────────────────────────────────────────────────────────────────────────────────────────────────────────────────────────────────┤
│ parquet_data_files            │ chunk_10.parquet,chunk_11.parquet,chunk_12.parquet,chunk_13.parquet,chunk_14.parquet,chunk_15.parquet,chunk_16.parquet,chunk_17.parquet,chunk_18.parquet,chunk_19.parquet,chunk_20.parquet │
├───────────────────────────────┼────────────────────────────────────────────────────────────────────────────────────────────────────────────────────────────────────────────────────────────────────────────────────────────┤
│ parquet_scaling_stats_file    │ /projects/risk-tabular/general_chargebacks/202207-202407-all-positives-negative-ratio-1.0-v0/train/stats_bootstrap.pq                                                                      │
├───────────────────────────────┼────────────────────────────────────────────────────────────────────────────────────────────────────────────────────────────────────────────────────────────────────────────────────────────┤
│ parquet_feature_names_file    │ /projects/risk-tabular/general_chargebacks/20240724_feature_selection/xgboost_importances_seed_1_sample_0.5.csv                                                                            │
├───────────────────────────────┼────────────────────────────────────────────────────────────────────────────────────────────────────────────────────────────────────────────────────────────────────────────────────────────┤
│ parquet_num_features          │ 128                                                                                                                                                                                        │
├───────────────────────────────┼────────────────────────────────────────────────────────────────────────────────────────────────────────────────────────────────────────────────────────────────────────────────────────────┤
│ parquet_target_col            │ target                                                                                                                                                                                     │
├───────────────────────────────┼────────────────────────────────────────────────────────────────────────────────────────────────────────────────────────────────────────────────────────────────────────────────────────────┤
│ parquet_task_type             │ binary_class                                                                                                                                                                               │
├───────────────────────────────┼────────────────────────────────────────────────────────────────────────────────────────────────────────────────────────────────────────────────────────────────────────────────────────────┤
│ parquet_id_col                │ ID                                                                                                                                                                                         │
├───────────────────────────────┼───────────────────────────────────────────────────────────────────────────────────────────────────────�+-------------------+--------------------------------------------------------------------------------------------------------------------------------------------------------------------------------------------------------------------------------------------------------------------------------------------------------------------------------------------------------------------------------------------------------------------------------------------------------------------------------------------------------------------------------------------------------------------------------------------------------------------------------------------------------------------------------------------------------------------------------------------------------------------------------------------------------------------------------------------------------------------------------------------------------------------------------------------------------------------------------------------------------------------------------------------------------------------------------------------------------------------------------------------------------------------------------------------------------------------+
|     Parameter     |                                                                                                                                                                                                                                                                                                                                                                                                                                                                                                                                                                                                       Value                                                                                                                                                                                                                                                                                                                                                                                                                                                                                                                                                                                                        |
+-------------------+--------------------------------------------------------------------------------------------------------------------------------------------------------------------------------------------------------------------------------------------------------------------------------------------------------------------------------------------------------------------------------------------------------------------------------------------------------------------------------------------------------------------------------------------------------------------------------------------------------------------------------------------------------------------------------------------------------------------------------------------------------------------------------------------------------------------------------------------------------------------------------------------------------------------------------------------------------------------------------------------------------------------------------------------------------------------------------------------------------------------------------------------------------------------------------------------------------------------+
|    hidden_dim     |                                                                                                                                                                                                                                                                                                                                                                                                                                                                                                                                                                                                         64                                                                                                                                                                                                                                                                                                                                                                                                                                                                                                                                                                                                         |
| idx_num_features  | [0, 1, 2, 3, 4, 5, 6, 7, 8, 9, 10, 11, 12, 13, 14, 15, 16, 17, 18, 19, 20, 21, 22, 23, 24, 25, 26, 27, 28, 29, 30, 31, 32, 33, 34, 35, 36, 37, 38, 39, 40, 41, 42, 43, 44, 45, 46, 47, 48, 49, 50, 51, 52, 53, 54, 55, 56, 57, 58, 59, 60, 61, 62, 63, 64, 65, 66, 67, 68, 69, 70, 71, 72, 73, 74, 75, 76, 77, 78, 79, 80, 81, 82, 83, 84, 85, 86, 87, 88, 89, 90, 91, 92, 93, 94, 95, 96, 97, 98, 99, 100, 101, 102, 103, 104, 105, 106, 107, 108, 109, 110, 111, 112, 113, 114, 115, 116, 117, 118, 119, 120, 121, 122, 123, 124, 125, 126, 127, 128, 129, 130, 131, 132, 133, 134, 135, 136, 137, 138, 139, 140, 141, 142, 143, 144, 145, 146, 147, 148, 149, 150, 151, 152, 153, 154, 155, 156, 157, 158, 159, 160, 161, 162, 163, 164, 165, 166, 167, 168, 169, 170, 171, 172, 173, 174, 175, 176, 177, 178, 179, 180, 181, 182, 183, 184, 185, 186, 187, 188, 189, 190, 191, 192, 193, 194, 195, 196, 197, 198, 199, 200, 201, 202, 203, 204, 205, 206, 207, 208, 209, 210, 211, 212, 213, 214, 215, 216, 217, 218, 219, 220, 221, 222, 223, 224, 225, 226, 227, 228, 229, 230, 231, 232, 233, 234, 235, 236, 237, 238, 239, 240, 241, 242, 243, 244, 245, 246, 247, 248, 249, 250, 251, 252, 253, 254, 255] |
| idx_cat_features  |                                                                                                                                                                                                                                                                                                                                                                                                                                                                                                                                                                                                         []                                                                                                                                                                                                                                                                                                                                                                                                                                                                                                                                                                                                         |
|   cardinalities   |                                                                                                                                                                                                                                                                                                                                                                                                                                                                                                                                                                                                         []                                                                                                                                                                                                                                                                                                                                                                                                                                                                                                                                                                                                         |
| n_input_features  |                                                                                                                                                                                                                                                                                                                                                                                                                                                                                                                                                                                                        256                                                                                                                                                                                                                                                                                                                                                                                                                                                                                                                                                                                                         |
|      device       |                                                                                                                                                                                                                                                                                                                                                                                                                                                                                                                                                                                                       cuda:3                                                                                                                                                                                                                                                                                                                                                                                                                                                                                                                                                                                                       |
|    num_layers     |                                                                                                                                                                                                                                                                                                                                                                                                                                                                                                                                                                                                         4                                                                                                                                                                                                                                                                                                                                                                                                                                                                                                                                                                                                          |
|     num_heads     |                                                                                                                                                                                                                                                                                                                                                                                                                                                                                                                                                                                                         4                                                                                                                                                                                                                                                                                                                                                                                                                                                                                                                                                                                                          |
|     p_dropout     |                                                                                                                                                                                                                                                                                                                                                                                                                                                                                                                                                                                                        0.1                                                                                                                                                                                                                                                                                                                                                                                                                                                                                                                                                                                                         |
|  layer_norm_eps   |                                                                                                                                                                                                                                                                                                                                                                                                                                                                                                                                                                                                       1e-05                                                                                                                                                                                                                                                                                                                                                                                                                                                                                                                                                                                                        |
| gradient_clipping |                                                                                                                                                                                                                                                                                                                                                                                                                                                                                                                                                                                                        1.0                                                                                                                                                                                                                                                                                                                                                                                                                                                                                                                                                                                                         |
|  dim_feedforward  |                                                                                                                                                                                                                                                                                                                                                                                                                                                                                                                                                                                                        256                                                                                                                                                                                                                                                                                                                                                                                                                                                                                                                                                                                                         |
+-------------------+--------------------------------------------------------------------------------------------------------------------------------------------------------------------------------------------------------------------------------------------------------------------------------------------------------------------------------------------------------------------------------------------------------------------------------------------------------------------------------------------------------------------------------------------------------------------------------------------------------------------------------------------------------------------------------------------------------------------------------------------------------------------------------------------------------------------------------------------------------------------------------------------------------------------------------------------------------------------------------------------------------------------------------------------------------------------------------------------------------------------------------------------------------------------------------------------------------------------+
�────────────────────────────────────────────────────────────────────────────────────┤
│ parquet_preload_data          │ True                                                                                                                                                                                       │
├───────────────────────────────┼────────────────────────────────────────────────────────────────────────────────────────────────────────────────────────────────────────────────────────────────────────────────────────────┤
│ parquet_shuffle               │ True                                                                                                                                                                                       │
├───────────────────────────────┼────────────────────────────────────────────────────────────────────────────────────────────────────────────────────────────────────────────────────────────────────────────────────────────┤
│ parquet_scaling_method        │ IQR                                                                                                                                                                                        │
├───────────────────────────────┼────────────────────────────────────────────────────────────────────────────────────────────────────────────────────────────────────────────────────────────────────────────────────────────┤
│ parquet_infill_value          │ zero                                                                                                                                                                                       │
├───────────────────────────────┼────────────────────────────────────────────────────────────────────────────────────────────────────────────────────────────────────────────────────────────────────────────────────────────┤
│ parquet_transform             │ asinh                                                                                                                                                                                      │
├───────────────────────────────┼────────────────────────────────────────────────────────────────────────────────────────────────────────────────────────────────────────────────────────────────────────────────────────────┤
│ parquet_categorize_nan        │ True                                                                                                                                                                                       │
├───────────────────────────────┼────────────────────────────────────────────────────────────────────────────────────────────────────────────────────────────────────────────────────────────────────────────────────────────┤
│ parquet_clip_min              │                                                                                                                                                                                            │
├───────────────────────────────┼────────────────────────────────────────────────────────────────────────────────────────────────────────────────────────────────────────────────────────────────────────────────────────────┤
│ parquet_clip_max              │                                                                                                                                                                                            │
├───────────────────────────────┼────────────────────────────────────────────────────────────────────────────────────────────────────────────────────────────────────────────────────────────────────────────────────────────┤
│ tag                           │                                                                                                                                                                                            │
├───────────────────────────────┼────────────────────────────────────────────────────────────────────────────────────────────────────────────────────────────────────────────────────────────────────────────────────────────┤
│ project_name                  │ scaled_config_4gpu_test                                                                                                                                                                    │
├───────────────────────────────┼────────────────────────────────────────────────────────────────────────────────────────────────────────────────────────────────────────────────────────────────────────────────────────────┤
│ test                          │ False                                                                                                                                                                                      │
├───────────────────────────────┼────────────────────────────────────────────────────────────────────────────────────────────────────────────────────────────────────────────────────────────────────────────────────────────┤
│ exp_n_runs                    │ 1                                                                                                                                                                                          │
├───────────────────────────────┼────────────────────────────────────────────────────────────────────────────────────────────────────────────────────────────────────────────────────────────────────────────────────────────┤
│ exp_device                    │                                                                                                                                                                                            │
├───────────────────────────────┼────────────────────────────────────────────────────────────────────────────────────────────────────────────────────────────────────────────────────────────────────────────────────────────┤
│ np_seed                       │ 42                                                                                                                                                                                         │
├───────────────────────────────┼────────────────────────────────────────────────────────────────────────────────────────────────────────────────────────────────────────────────────────────────────────────────────────────┤
│ torch_seed                    │ 42                                                                                                                                                                                         │
├───────────────────────────────┼────────────────────────────────────────────────────────────────────────────────────────────────────────────────────────────────────────────────────────────────────────────────────────────┤
│ random                        │ False                                                                                                                                                                                      │
├───────────────────────────────┼────────────────────────────────────────────────────────────────────────────────────────────────────────────────────────────────────────────────────────────────────────────────────────────┤
│ batch_size                    │ 4096                                                                                                                                                                                       │
├───────────────────────────────┼────────────────────────────────────────────────────────────────────────────────────────────────────────────────────────────────────────────────────────────────────────────────────────────┤
│ val_batch_size                │ -1                                                                                                                                                                                         │
├───────────────────────────────┼────────────────────────────────────────────────────────────────────────────────────────────────────────────────────────────────────────────────────────────────────────────────────────────┤
│ exp_train_total_epochs        │ 10                                                                                                                                                                                         │
├───────────────────────────────┼────────────────────────────────────────────────────────────────────────────────────────────────────────────────────────────────────────────────────────────────────────────────────────────┤
│ exp_patience                  │ 10                                                                                                                                                                                         │
├───────────────────────────────┼────────────────────────────────────────────────────────────────────────────────────────────────────────────────────────────────────────────────────────────────────────────────────────────┤
│ log_tensorboard               │ False                                                                                                                                                                                      │
├───────────────────────────────┼────────────────────────────────────────────────────────────────────────────────────────────────────────────────────────────────────────────────────────────────────────────────────────────┤
│ exp_cadence_type              │ improvement                                                                                                                                                                                │
├───────────────────────────────┼────────────────────────────────────────────────────────────────────────────────────────────────────────────────────────────────────────────────────────────────────────────────────────────┤
│ exp_cache_cadence             │ 1                                                                                                                                                                                          │
├───────────────────────────────┼────────────────────────────────────────────────────────────────────────────────────────────────────────────────────────────────────────────────────────────────────────────────────────────┤
│ exp_val_cache_cadence         │ 1                                                                                                                                                                                          │
├───────────────────────────────┼────────────────────────────────────────────────────────────────────────────────────────────────────────────────────────────────────────────────────────────────────────────────────────────┤
│ init_type                     │ kaiming                                                                                                                                                                                    │
├───────────────────────────────┼────────────────────────────────────────────────────────────────────────────────────────────────────────────────────────────────────────────────────────────────────────────────────────────┤
│ exp_scheduler                 │ True                                                                                                                                                                                       │
├───────────────────────────────┼────────────────────────────────────────────────────────────────────────────────────────────────────────────────────────────────────────────────────────────────────────────────────────────┤
│ exp_weight_decay_scheduler    │ True                                                                                                                                                                                       │
├───────────────────────────────┼────────────────────────────────────────────────────────────────────────────────────────────────────────────────────────────────────────────────────────────────────────────────────────────┤
│ exp_start_lr                  │ 0.001                                                                                                                                                                                      │
├───────────────────────────────┼────────────────────────────────────────────────────────────────────────────────────────────────────────────────────────────────────────────────────────────────────────────────────────────┤
│ exp_lr                        │ 0.0002828                                                                                                                                                                                  │
├───────────────────────────────┼────────────────────────────────────────────────────────────────────────────────────────────────────────────────────────────────────────────────────────────────────────────────────────────┤
│ exp_final_lr                  │ 0                                                                                                                                                                                          │
├───────────────────────────────┼────────────────────────────────────────────────────────────────────────────────────────────────────────────────────────────────────────────────────────────────────────────────────────────┤
│ exp_warmup                    │ 0.05                                                                                                                                                                                       │
├───────────────────────────────┼────────────────────────────────────────────────────────────────────────────────────────────────────────────────────────────────────────────────────────────────────────────────────────────┤
│ exp_weight_decay              │ 1e-05                                                                                                                                                                                      │
├───────────────────────────────┼────────────────────────────────────────────────────────────────────────────────────────────────────────────────────────────────────────────────────────────────────────────────────────────┤
│ exp_final_weight_decay        │ 0.01                                                                                                                                                                                       │
├───────────────────────────────┼────────────────────────────────────────────────────────────────────────────────────────────────────────────────────────────────────────────────────────────────────────────────────────────┤
│ exp_ipe_scale                 │ 1.0                                                                                                                                                                                        │
├───────────────────────────────┼────────────────────────────────────────────────────────────────────────────────────────────────────────────────────────────────────────────────────────────────────────────────────────────┤
│ exp_gradient_clipping         │ 1.0                                                                                                                                                                                        │
├───────────────────────────────┼────────────────────────────────────────────────────────────────────────────────────────────────────────────────────────────────────────────────────────────────────────────────────────────┤
│ mp_distributed                │ True                                                                                                                                                                                       │
├───────────────────────────────┼────────────────────────────────────────────────────────────────────────────────────────────────────────────────────────────────────────────────────────────────────────────────────────────┤
│ mp_nodes                      │ 1                                                                                                                                                                                          │
├───────────────────────────────┼────────────────────────────────────────────────────────────────────────────────────────────────────────────────────────────────────────────────────────────────────────────────────────────┤
│ mp_gpus                       │ 4                                                                                                                                                                                          │
├───────────────────────────────┼────────────────────────────────────────────────────────────────────────────────────────────────────────────────────────────────────────────────────────────────────────────────────────────┤
│ mp_nr                         │ 0                                                                                                                                                                                          │
├───────────────────────────────┼────────────────────────────────────────────────────────────────────────────────────────────────────────────────────────────────────────────────────────────────────────────────────────────┤
│ pin_memory                    │ True                                                                                                                                                                                       │
├───────────────────────────────┼────────────────────────────────────────────────────────────────────────────────────────────────────────────────────────────────────────────────────────────────────────────────────────────┤
│ using_embedding               │ False                                                                                                                                                                                      │
├───────────────────────────────┼────────────────────────────────────────────────────────────────────────────────────────────────────────────────────────────────────────────────────────────────────────────────────────────┤
│ model_dtype                   │ float32                                                                                                                                                                                    │
├───────────────────────────────┼────────────────────────────────────────────────────────────────────────────────────────────────────────────────────────────────────────────────────────────────────────────────────────────┤
│ data_loader_nprocs            │ 0                                                                                                                                                                                          │
├───────────────────────────────┼────────────────────────────────────────────────────────────────────────────────────────────────────────────────────────────────────────────────────────────────────────────────────────────┤
│ load_from_checkpoint          │ False                                                                                                                                                                                      │
├───────────────────────────────┼────────────────────────────────────────────────────────────────────────────────────────────────────────────────────────────────────────────────────────────────────────────────────────────┤
│ load_path                     │                                                                                                                                                                                            │
├───────────────────────────────┼────────────────────────────────────────────────────────────────────────────────────────────────────────────────────────────────────────────────────────────────────────────────────────────┤
│ model_amp                     │ False                                                                                                                                                                                      │
├───────────────────────────────┼────────────────────────────────────────────────────────────────────────────────────────────────────────────────────────────────────────────────────────────────────────────────────────────┤
│ model_feature_type_embedding  │ True                                                                                                                                                                                       │
├───────────────────────────────┼────────────────────────────────────────────────────────────────────────────────────────────────────────────────────────────────────────────────────────────────────────────────────────────┤
│ model_feature_index_embedding │ True                                                                                                                                                                                       │
├───────────────────────────────┼────────────────────────────────────────────────────────────────────────────────────────────────────────────────────────────────────────────────────────────────────────────────────────────┤
│ model_dropout_prob            │ 0.1                                                                                                                                                                                        │
├───────────────────────────────┼────────────────────────────────────────────────────────────────────────────────────────────────────────────────────────────────────────────────────────────────────────────────────────────┤
│ model_layer_norm_eps          │ 1e-05                                                                                                                                                                                      │
├───────────────────────────────┼────────────────────────────────────────────────────────────────────────────────────────────────────────────────────────────────────────────────────────────────────────────────────────────┤
│ model_dim_hidden              │ 64                                                                                                                                                                                         │
├───────────────────────────────┼────────────────────────────────────────────────────────────────────────────────────────────────────────────────────────────────────────────────────────────────────────────────────────────┤
│ model_dim_feedforward         │ 256                                                                                                                                                                                        │
├───────────────────────────────┼────────────────────────────────────────────────────────────────────────────────────────────────────────────────────────────────────────────────────────────────────────────────────────────┤
│ model_num_heads               │ 4                                                                                                                                                                                          │
├───────────────────────────────┼────────────────────────────────────────────────────────────────────────────────────────────────────────────────────────────────────────────────────────────────────────────────────────────┤
│ model_num_layers              │ 4                                                                                                                                                                                          │
├───────────────────────────────┼────────────────────────────────────────────────────────────────────────────────────────────────────────────────────────────────────────────────────────────────────────────────────────────┤
│ model_ema_end                 │ 1                                                                                                                                                                                          │
├───────────────────────────────┼────────────────────────────────────────────────────────────────────────────────────────────────────────────────────────────────────────────────────────────────────────────────────────────┤
│ model_ema_start               │ 0.996                                                                                                                                                                                      │
├───────────────────────────────┼────────────────────────────────────────────────────────────────────────────────────────────────────────────────────────────────────────────────────────────────────────────────────────────┤
│ model_act_func                │ relu                                                                                                                                                                                       │
├───────────────────────────────┼────────────────────────────────────────────────────────────────────────────────────────────────────────────────────────────────────────────────────────────────────────────────────────────┤
│ probe_cadence                 │ 5                                                                                                                                                                                          │
├───────────────────────────────┼────────────────────────────────────────────────────────────────────────────────────────────────────────────────────────────────────────────────────────────────────────────────────────────┤
│ probe_model                   │ mlp                                                                                                                                                                                        │
├───────────────────────────────┼────────────────────────────────────────────────────────────────────────────────────────────────────────────────────────────────────────────────────────────────────────────────────────────┤
│ probe_sample_fraction         │ 0.1                                                                                                                                                                                        │
├───────────────────────────────┼────────────────────────────────────────────────────────────────────────────────────────────────────────────────────────────────────────────────────────────────────────────────────────────┤
│ n_cls_tokens                  │ 1                                                                                                                                                                                          │
├───────────────────────────────┼────────────────────────────────────────────────────────────────────────────────────────────────────────────────────────────────────────────────────────────────────────────────────────────┤
│ n_reg_tokens                  │ 1                                                                                                                                                                                          │
├───────────────────────────────┼────────────────────────────────────────────────────────────────────────────────────────────────────────────────────────────────────────────────────────────────────────────────────────────┤
│ pred_type                     │ transformer                                                                                                                                                                                │
├───────────────────────────────┼────────────────────────────────────────────────────────────────────────────────────────────────────────────────────────────────────────────────────────────────────────────────────────────┤
│ pred_num_layers               │ 2                                                                                                                                                                                          │
├───────────────────────────────┼────────────────────────────────────────────────────────────────────────────────────────────────────────────────────────────────────────────────────────────────────────────────────────────┤
│ pred_embed_dim                │ 64                                                                                                                                                                                         │
├───────────────────────────────┼────────────────────────────────────────────────────────────────────────────────────────────────────────────────────────────────────────────────────────────────────────────────────────────┤
│ pred_num_heads                │ 4                                                                                                                                                                                          │
├───────────────────────────────┼────────────────────────────────────────────────────────────────────────────────────────────────────────────────────────────────────────────────────────────────────────────────────────────┤
│ pred_p_dropout                │ 0.1                                                                                                                                                                                        │
├───────────────────────────────┼────────────────────────────────────────────────────────────────────────────────────────────────────────────────────────────────────────────────────────────────────────────────────────────┤
│ pred_layer_norm_eps           │ 1e-05                                                                                                                                                                                      │
├───────────────────────────────┼────────────────────────────────────────────────────────────────────────────────────────────────────────────────────────────────────────────────────────────────────────────────────────────┤
│ pred_activation               │ relu                                                                                                                                                                                       │
├───────────────────────────────┼────────────────────────────────────────────────────────────────────────────────────────────────────────────────────────────────────────────────────────────────────────────────────────────┤
│ pred_dim_feedforward          │ 256                                                                                                                                                                                        │
├───────────────────────────────┼────────────────────────────────────────────────────────────────────────────────────────────────────────────────────────────────────────────────────────────────────────────────────────────┤
│ mask_allow_overlap            │ False                                                                                                                                                                                      │
├───────────────────────────────┼────────────────────────────────────────────────────────────────────────────────────────────────────────────────────────────────────────────────────────────────────────────────────────────┤
│ mask_min_ctx_share            │ 0.2                                                                                                                                                                                        │
├───────────────────────────────┼────────────────────────────────────────────────────────────────────────────────────────────────────────────────────────────────────────────────────────────────────────────────────────────┤
│ mask_max_ctx_share            │ 0.4                                                                                                                                                                                        │
├───────────────────────────────┼────────────────────────────────────────────────────────────────────────────────────────────────────────────────────────────────────────────────────────────────────────────────────────────┤
│ mask_min_trgt_share           │ 0.2                                                                                                                                                                                        │
├───────────────────────────────┼────────────────────────────────────────────────────────────────────────────────────────────────────────────────────────────────────────────────────────────────────────────────────────────┤
│ mask_max_trgt_share           │ 0.4                                                                                                                                                                                        │
├───────────────────────────────┼────────────────────────────────────────────────────────────────────────────────────────────────────────────────────────────────────────────────────────────────────────────────────────────┤
│ mask_num_preds                │ 4                                                                                                                                                                                          │
├───────────────────────────────┼────────────────────────────────────────────────────────────────────────────────────────────────────────────────────────────────────────────────────────────────────────────────────────────┤
│ mask_num_encs                 │ 1                                                                                                                                                                                          │
├───────────────────────────────┼────────────────────────────────────────────────────────────────────────────────────────────────────────────────────────────────────────────────────────────────────────────────────────────┤
│ optuna_study_name             │                                                                                                                                                                                            │
├───────────────────────────────┼────────────────────────────────────────────────────────────────────────────────────────────────────────────────────────────────────────────────────────────────────────────────────────────┤
│ optuna_trial_number           │                                                                                                                                                                                            │
├───────────────────────────────┼────────────────────────────────────────────────────────────────────────────────────────────────────────────────────────────────────────────────────────────────────────────────────────────┤
│ optuna_output_dir             │                                                                                                                                                                                            │
├───────────────────────────────┼────────────────────────────────────────────────────────────────────────────────────────────────────────────────────────────────────────────────────────────────────────────────────────────┤
│ is_batchlearning              │ True                                                                                                                                                                                       │
├───────────────────────────────┼────────────────────────────────────────────────────────────────────────────────────────────────────────────────────────────────────────────────────────────────────────────────────────────┤
│ iteration                     │ 0                                                                                                                                                                                          │
╘═══════════════════════════════╧════════════════════════════════════════════════════════════════════════════════════════════════════════════════════════════════════════════════════════════════════════════════════════════╛
[Debug] Loading dataset …
[Debug] Parquet dataset ready (preprocessing handled by LocalFilesDataset)
Using feature index embedding (unique embedding for each column).
Encoder Module parameters:
+-------------------+--------------------------------------------------------------------------------------------------------------------------------------------------------------------------------------------------------------------------------------------------------------------------------------------------------------------------------------------------------------------------------------------------------------------------------------------------------------------------------------------------------------------------------------------------------------------------------------------------------------------------------------------------------------------------------------------------------------------------------------------------------------------------------------------------------------------------------------------------------------------------------------------------------------------------------------------------------------------------------------------------------------------------------------------------------------------------------------------------------------------------------------------------------------------------------------------------------------------+
|     Parameter     |                                                                                                                                                                                                                                                                                                                                                                                                                                                                                                                                                                                                       Value                                                                                                                                                                                                                                                                                                                                                                                                                                                                                                                                                                                                        |
+-------------------+--------------------------------------------------------------------------------------------------------------------------------------------------------------------------------------------------------------------------------------------------------------------------------------------------------------------------------------------------------------------------------------------------------------------------------------------------------------------------------------------------------------------------------------------------------------------------------------------------------------------------------------------------------------------------------------------------------------------------------------------------------------------------------------------------------------------------------------------------------------------------------------------------------------------------------------------------------------------------------------------------------------------------------------------------------------------------------------------------------------------------------------------------------------------------------------------------------------------+
|    hidden_dim     |                                                                                                                                                                                                                                                                                                                                                                                                                                                                                                                                                                                                         64                                                                                                                                                                                                                                                                                                                                                                                                                                                                                                                                                                                                         |
| idx_num_features  | [0, 1, 2, 3, 4, 5, 6, 7, 8, 9, 10, 11, 12, 13, 14, 15, 16, 17, 18, 19, 20, 21, 22, 23, 24, 25, 26, 27, 28, 29, 30, 31, 32, 33, 34, 35, 36, 37, 38, 39, 40, 41, 42, 43, 44, 45, 46, 47, 48, 49, 50, 51, 52, 53, 54, 55, 56, 57, 58, 59, 60, 61, 62, 63, 64, 65, 66, 67, 68, 69, 70, 71, 72, 73, 74, 75, 76, 77, 78, 79, 80, 81, 82, 83, 84, 85, 86, 87, 88, 89, 90, 91, 92, 93, 94, 95, 96, 97, 98, 99, 100, 101, 102, 103, 104, 105, 106, 107, 108, 109, 110, 111, 112, 113, 114, 115, 116, 117, 118, 119, 120, 121, 122, 123, 124, 125, 126, 127, 128, 129, 130, 131, 132, 133, 134, 135, 136, 137, 138, 139, 140, 141, 142, 143, 144, 145, 146, 147, 148, 149, 150, 151, 152, 153, 154, 155, 156, 157, 158, 159, 160, 161, 162, 163, 164, 165, 166, 167, 168, 169, 170, 171, 172, 173, 174, 175, 176, 177, 178, 179, 180, 181, 182, 183, 184, 185, 186, 187, 188, 189, 190, 191, 192, 193, 194, 195, 196, 197, 198, 199, 200, 201, 202, 203, 204, 205, 206, 207, 208, 209, 210, 211, 212, 213, 214, 215, 216, 217, 218, 219, 220, 221, 222, 223, 224, 225, 226, 227, 228, 229, 230, 231, 232, 233, 234, 235, 236, 237, 238, 239, 240, 241, 242, 243, 244, 245, 246, 247, 248, 249, 250, 251, 252, 253, 254, 255] |
| idx_cat_features  |                                                                                                                                                                                                                                                                                                                                                                                                                                                                                                                                                                                                         []                                                                                                                                                                                                                                                                                                                                                                                                                                                                                                                                                                                                         |
|   cardinalities   |                                                                                                                                                                                                                                                                                                                                                                                                                                                                                                                                                                                                         []                                                                                                                                                                                                                                                                                                                                                                                                                                                                                                                                                                                                         |
| n_input_features  |                                                                                                                                                                                                                                                                                                                                                                                                                                                                                                                                                                                                        256                                                                                                                                                                                                                                                                                                                                                                                                                                                                                                                                                                                                         |
|      device       |                                                                                                                                                                                                                                                                                                                                                                                                                                                                                                                                                                                                       cuda:0                                                                                                                                                                                                                                                                                                                                                                                                                                                                                                                                                                                                       |
|    num_layers     |                                                                                                                                                                                                                                                                                                                                                                                                                                                                                                                                                                                                         4                                                                                                                                                                                                                                                                                                                                                                                                                                                                                                                                                                                                          |
|     num_heads     |                                                                                                                                                                                                                                                                                                                                                                                                                                                                                                                                                                                                         4                                                                                                                                                                                                                                                                                                                                                                                                                                                                                                                                                                                                          |
|     p_dropout     |                                                                                                                                                                                                                                                                                                                                                                                                                                                                                                                                                                                                        0.1                                                                                                                                                                                                                                                                                                                                                                                                                                                                                                                                                                                                         |
|  layer_norm_eps   |                                                                                                                                                                                                                                                                                                                                                                                                                                                                                                                                                                                                       1e-05                                                                                                                                                                                                                                                                                                                                                                                                                                                                                                                                                                                                        |
| gradient_clipping |                                                                                                                                                                                                                                                                                                                                                                                                                                                                                                                                                                                                        1.0                                                                                                                                                                                                                                                                                                                                                                                                                                                                                                                                                                                                         |
|  dim_feedforward  |                                                                                                                                                                                                                                                                                                                                                                                                                                                                                                                                                                                                        256                                                                                                                                                                                                                                                                                                                                                                                                                                                                                                                                                                                                         |
+-------------------+--------------------------------------------------------------------------------------------------------------------------------------------------------------------------------------------------------------------------------------------------------------------------------------------------------------------------------------------------------------------------------------------------------------------------------------------------------------------------------------------------------------------------------------------------------------------------------------------------------------------------------------------------------------------------------------------------------------------------------------------------------------------------------------------------------------------------------------------------------------------------------------------------------------------------------------------------------------------------------------------------------------------------------------------------------------------------------------------------------------------------------------------------------------------------------------------------------------------+
Using feature index embedding (unique embedding for each column).
/home/aminmohamadi_squareup_com/projects/t-jepa-parquet-scaling/src/tjepa_transformer.py:172: UserWarning: enable_nested_tensor is True, but self.use_nested_tensor is False because encoder_layer was not TransformerEncoderLayer
  warnings.warn(
/home/aminmohamadi_squareup_com/projects/t-jepa-parquet-scaling/src/tjepa_transformer.py:172: UserWarning: enable_nested_tensor is True, but self.use_nested_tensor is False because encoder_layer was not TransformerEncoderLayer
  warnings.warn(
Clipping gradients to value 1.0.
Clipping gradients to value 1.0.
Predictors Module parameters:
+-----------------+--------+
|    Parameter    | Value  |
+-----------------+--------+
|   hidden_dim    |   64   |
|  num_features   |  256   |
|   num_layers    |   2    |
|    num_heads    |   4    |
|    p_dropout    |  0.1   |
| layer_norm_eps  | 1e-05  |
|   activation    |  relu  |
| pred_embed_dim  |   64   |
|     device      | cuda:3 |
|  cardinalities  |   []   |
| dim_feedforward |  256   |
+-----------------+--------+
Predictors Module parameters:
+-----------------+--------+
|    Parameter    | Value  |
+-----------------+--------+
|   hidden_dim    |   64   |
|  num_features   |  256   |
|   num_layers    |   2    |
|    num_heads    |   4    |
|    p_dropout    |  0.1   |
| layer_norm_eps  | 1e-05  |
|   activation    |  relu  |
| pred_embed_dim  |   64   |
|     device      | cuda:0 |
|  cardinalities  |   []   |
| dim_feedforward |  256   |
+-----------------+--------+
[Debug] Parquet dataset created: N=3300000, D=256
╒═══════════════════════════════╤════════════════════════════════════════════════════════════════════════════════════════════════════════════════════════════════════════════════════════════════════════════════════════════╕
│ mock                          │ False                                                                                                                                                                                      │
├───────────────────────────────┼────────────────────────────────────────────────────────────────────────────────────────────────────────────────────────────────────────────────────────────────────────────────────────────┤
│ res_dir                       │ ./                                                                                                                                                                                         │
├───────────────────────────────┼────────────────────────────────────────────────────────────────────────────────────────────────────────────────────────────────────────────────────────────────────────────────────────────┤
│ data_path                     │ data                                                                                                                                                                                       │
├───────────────────────────────┼────────────────────────────────────────────────────────────────────────────────────────────────────────────────────────────────────────────────────────────────────────────────────────────┤
│ data_set                      │ parquet_dataset                                                                                                                                                                            │
├───────────────────────────────┼────────────────────────────────────────────────────────────────────────────────────────────────────────────────────────────────────────────────────────────────────────────────────────────┤
│ test_size_ratio               │ 0.0                                                                                                                                                                                        │
├───────────────────────────────┼────────────────────────────────────────────────────────────────────────────────────────────────────────────────────────────────────────────────────────────────────────────────────────────┤
│ val_size_ratio                │ 0.0                                                                                                                                                                                        │
├───────────────────────────────┼────────────────────────────────────────────────────────────────────────────────────────────────────────────────────────────────────────────────────────────────────────────────────────────┤
│ random_state                  │ 42                                                                                                                                                                                         │
├───────────────────────────────┼────────────────────────────────────────────────────────────────────────────────────────────────────────────────────────────────────────────────────────────────────────────────────────────┤
│ full_dataset_cuda             │ False                                                                                                                                                                                      │
├───────────────────────────────┼────────────────────────────────────────────────────────────────────────────────────────────────────────────────────────────────────────────────────────────────────────────────────────────┤
│ verbose                       │ False                                                                                                                                                                                      │
├───────────────────────────────┼────────────────────────────────────────────────────────────────────────────────────────────────────────────────────────────────────────────────────────────────────────────────────────────┤
│ use_parquet_dataset           │ True                                                                                                                                                                                       │
├───────────────────────────────┼────────────────────────────────────────────────────────────────────────────────────────────────────────────────────────────────────────────────────────────────────────────────────────────┤
│ parquet_data_dir              │ /projects/risk-tabular/general_chargebacks/202207-202407-all-positives-negative-ratio-1.0-v0/train                                                                                         │
├───────────────────────────────┼────────────────────────────────────────────────────────────────────────────────────────────────────────────────────────────────────────────────────────────────────────────────────────────┤
│ parquet_data_files            │ chunk_10.parquet,chunk_11.parquet,chunk_12.parquet,chunk_13.parquet,chunk_14.parquet,chunk_15.parquet,chunk_16.parquet,chunk_17.parquet,chunk_18.parquet,chunk_19.parquet,chunk_20.parquet │
├───────────────────────────────┼────────────────────────────────────────────────────────────────────────────────────────────────────────────────────────────────────────────────────────────────────────────────────────────┤
│ parquet_scaling_stats_file    │ /projects/risk-tabular/general_chargebacks/202207-202407-all-positives-negative-ratio-1.0-v0/train/stats_bootstrap.pq                                                                      │
├───────────────────────────────┼────────────────────────────────────────────────────────────────────────────────────────────────────────────────────────────────────────────────────────────────────────────────────────────┤
│ parquet_feature_names_file    │ /projects/risk-tabular/general_chargebacks/20240724_feature_selection/xgboost_importances_seed_1_sample_0.5.csv                                                                            │
├───────────────────────────────┼────────────────────────────────────────────────────────────────────────────────────────────────────────────────────────────────────────────────────────────────────────────────────────────┤
│ parquet_num_features          │ 128                                                                                                                                                                                        │
├───────────────────────────────┼────────────────────────────────────────────────────────────────────────────────────────────────────────────────────────────────────────────────────────────────────────────────────────────┤
│ parquet_target_col            │ target                                                                                                                                                                                     │
├───────────────────────────────┼────────────────────────────────────────────────────────────────────────────────────────────────────────────────────────────────────────────────────────────────────────────────────────────┤
│ parquet_task_type             │ binary_class                                                                                                                                                                               │
├───────────────────────────────┼────────────────────────────────────────────────────────────────────────────────────────────────────────────────────────────────────────────────────────────────────────────────────────────┤
│ parquet_id_col                │ ID                                                                                                                                                                                         │
├───────────────────────────────┼────────────────────────────────────────────────────────────────────────────────────────────────────────────────────────────────────────────────────────────────────────────────────────────┤
│ parquet_preload_data          │ True                                                                                                                                                                                       │
├───────────────────────────────┼────────────────────────────────────────────────────────────────────────────────────────────────────────────────────────────────────────────────────────────────────────────────────────────┤
│ parquet_shuffle               │ True                                                                                                                                                                                       │
├───────────────────────────────┼────────────────────────────────────────────────────────────────────────────────────────────────────────────────────────────────────────────────────────────────────────────────────────────┤
│ parquet_scaling_method        │ IQR                                                                                                                                                                                        │
├───────────────────────────────┼────────────────────────────────────────────────────────────────────────────────────────────────────────────────────────────────────────────────────────────────────────────────────────────┤
│ parquet_infill_value          │ zero                                                                                                                                                                                       │
├───────────────────────────────┼────────────────────────────────────────────────────────────────────────────────────────────────────────────────────────────────────────────────────────────────────────────────────────────┤
│ parquet_transform             │ asinh                                                                                                                                                                                      │
├───────────────────────────────┼────────────────────────────────────────────────────────────────────────────────────────────────────────────────────────────────────────────────────────────────────────────────────────────┤
│ parquet_categorize_nan        │ True                                                                                                                                                                                       │
├───────────────────────────────┼────────────────────────────────────────────────────────────────────────────────────────────────────────────────────────────────────────────────────────────────────────────────────────────┤
│ parquet_clip_min              │                                                                                                                                                                                            │
├───────────────────────────────┼────────────────────────────────────────────────────────────────────────────────────────────────────────────────────────────────────────────────────────────────────────────────────────────┤
│ parquet_clip_max              │                                                                                                                                                                                            │
├───────────────────────────────┼────────────────────────────────────────────────────────────────────────────────────────────────────────────────────────────────────────────────────────────────────────────────────────────┤
│ tag                           │                                                                                                                                                                                            │
├───────────────────────────────┼────────────────────────────────────────────────────────────────────────────────────────────────────────────────────────────────────────────────────────────────────────────────────────────┤
│ project_name                  │ scaled_config_4gpu_test                                                                                                                                                                    │
├───────────────────────────────┼────────────────────────────────────────────────────────────────────────────────────────────────────────────────────────────────────────────────────────────────────────────────────────────┤
│ test                          │ False                                                                                                                                                                                      │
├───────────────────────────────┼────────────────────────────────────────────────────────────────────────────────────────────────────────────────────────────────────────────────────────────────────────────────────────────┤
│ exp_n_runs                    │ 1                                                                                                                                                                                          │
├───────────────────────────────┼────────────────────────────────────────────────────────────────────────────────────────────────────────────────────────────────────────────────────────────────────────────────────────────┤
│ exp_device                    │                                                                                                                                                                                            │
├───────────────────────────────┼────────────────────────────────────────────────────────────────────────────────────────────────────────────────────────────────────────────────────────────────────────────────────────────┤
│ np_seed                       │ 42                                                                                                                                                                                         │
├───────────────────────────────┼────────────────────────────────────────────────────────────────────────────────────────────────────────────────────────────────────────────────────────────────────────────────────────────┤
│ torch_seed                    │ 42                                                                                                                                                                                         │
├───────────────────────────────┼────────────────────────────────────────────────────────────────────────────────────────────────────────────────────────────────────────────────────────────────────────────────────────────┤
│ random                        │ False                                                                                                                                                                                      │
├───────────────────────────────┼────────────────────────────────────────────────────────────────────────────────────────────────────────────────────────────────────────────────────────────────────────────────────────────┤
│ batch_size                    │ 4096                                                                                                                                                                                       │
├───────────────────────────────┼────────────────────────────────────────────────────────────────────────────────────────────────────────────────────────────────────────────────────────────────────────────────────────────┤
│ val_batch_size                │ -1                                                                                                                                                                                         │
├───────────────────────────────┼────────────────────────────────────────────────────────────────────────────────────────────────────────────────────────────────────────────────────────────────────────────────────────────┤
│ exp_train_total_epochs        │ 10                                                                                                                                                                                         │
├───────────────────────────────┼────────────────────────────────────────────────────────────────────────────────────────────────────────────────────────────────────────────────────────────────────────────────────────────┤
│ exp_patience                  │ 10                                                                                                                                                                                         │
├───────────────────────────────┼────────────────────────────────────────────────────────────────────────────────────────────────────────────────────────────────────────────────────────────────────────────────────────────┤
│ log_tensorboard               │ False                                                                                                                                                                                      │
├───────────────────────────────┼────────────────────────────────────────────────────────────────────────────────────────────────────────────────────────────────────────────────────────────────────────────────────────────┤
│ exp_cadence_type              │ improvement                                                                                                                                                                                │
├───────────────────────────────┼────────────────────────────────────────────────────────────────────────────────────────────────────────────────────────────────────────────────────────────────────────────────────────────┤
│ exp_cache_cadence             │ 1                                                                                                                                                                                          │
├───────────────────────────────┼────────────────────────────────────────────────────────────────────────────────────────────────────────────────────────────────────────────────────────────────────────────────────────────┤
│ exp_val_cache_cadence         │ 1                                                                                                                                                                                          │
├───────────────────────────────┼────────────────────────────────────────────────────────────────────────────────────────────────────────────────────────────────────────────────────────────────────────────────────────────┤
│ init_type                     │ kaiming                                                                                                                                                                                    │
├───────────────────────────────┼────────────────────────────────────────────────────────────────────────────────────────────────────────────────────────────────────────────────────────────────────────────────────────────┤
│ exp_scheduler                 │ True                                                                                                                                                                                       │
├───────────────────────────────┼────────────────────────────────────────────────────────────────────────────────────────────────────────────────────────────────────────────────────────────────────────────────────────────┤
│ exp_weight_decay_scheduler    │ True                                                                                                                                                                                       │
├───────────────────────────────┼────────────────────────────────────────────────────────────────────────────────────────────────────────────────────────────────────────────────────────────────────────────────────────────┤
│ exp_start_lr                  │ 0.001                                                                                                                                                                                      │
├───────────────────────────────┼────────────────────────────────────────────────────────────────────────────────────────────────────────────────────────────────────────────────────────────────────────────────────────────┤
│ exp_lr                        │ 0.0002828                                                                                                                                                                                  │
├───────────────────────────────┼────────────────────────────────────────────────────────────────────────────────────────────────────────────────────────────────────────────────────────────────────────────────────────────┤
│ exp_final_lr                  │ 0                                                                                                                                                                                          │
├───────────────────────────────┼────────────────────────────────────────────────────────────────────────────────────────────────────────────────────────────────────────────────────────────────────────────────────────────┤
│ exp_warmup                    │ 0.05                                                                                                                                                                                       │
├───────────────────────────────┼────────────────────────────────────────────────────────────────────────────────────────────────────────────────────────────────────────────────────────────────────────────────────────────┤
│ exp_weight_decay              │ 1e-05                                                                                                                                                                                      │
├───────────────────────────────┼────────────────────────────────────────────────────────────────────────────────────────────────────────────────────────────────────────────────────────────────────────────────────────────┤
│ exp_final_weight_decay        │ 0.01                                                                                                                                                                                       │
├───────────────────────────────┼────────────────────────────────────────────────────────────────────────────────────────────────────────────────────────────────────────────────────────────────────────────────────────────┤
│ exp_ipe_scale                 │ 1.0                                                                                                                                                                                        │
├───────────────────────────────┼────────────────────────────────────────────────────────────────────────────────────────────────────────────────────────────────────────────────────────────────────────────────────────────┤
│ exp_gradient_clipping         │ 1.0                                                                                                                                                                                        │
├───────────────────────────────┼────────────────────────────────────────────────────────────────────────────────────────────────────────────────────────────────────────────────────────────────────────────────────────────┤
│ mp_distributed                │ True                                                                                                                                                                                       │
├───────────────────────────────┼────────────────────────────────────────────────────────────────────────────────────────────────────────────────────────────────────────────────────────────────────────────────────────────┤
│ mp_nodes                      │ 1                                                                                                                                                                                          │
├───────────────────────────────┼────────────────────────────────────────────────────────────────────────────────────────────────────────────────────────────────────────────────────────────────────────────────────────────┤
│ mp_gpus                       │ 4                                                                                                                                                                                          │
├───────────────────────────────┼────────────────────────────────────────────────────────────────────────────────────────────────────────────────────────────────────────────────────────────────────────────────────────────┤
│ mp_nr                         │ 0                                                                                                                                                                                          │
├───────────────────────────────┼────────────────────────────────────────────────────────────────────────────────────────────────────────────────────────────────────────────────────────────────────────────────────────────┤
│ pin_memory                    │ True                                                                                                                                                                                       │
├───────────────────────────────┼────────────────────────────────────────────────────────────────────────────────────────────────────────────────────────────────────────────────────────────────────────────────────────────┤
│ using_embedding               │ False                                                                                                                                                                                      │
├───────────────────────────────┼────────────────────────────────────────────────────────────────────────────────────────────────────────────────────────────────────────────────────────────────────────────────────────────┤
│ model_dtype                   │ float32                                                                                                                                                                                    │
├───────────────────────────────┼────────────────────────────────────────────────────────────────────────────────────────────────────────────────────────────────────────────────────────────────────────────────────────────┤
│ data_loader_nprocs            │ 0                                                                                                                                                                                          │
├───────────────────────────────┼────────────────────────────────────────────────────────────────────────────────────────────────────────────────────────────────────────────────────────────────────────────────────────────┤
│ load_from_checkpoint          │ False                                                                                                                                                                                      │
├───────────────────────────────┼────────────────────────────────────────────────────────────────────────────────────────────────────────────────────────────────────────────────────────────────────────────────────────────┤
│ load_path                     │                                                                                                                                                                                            │
├───────────────────────────────┼────────────────────────────────────────────────────────────────────────────────────────────────────────────────────────────────────────────────────────────────────────────────────────────┤
│ model_amp                     │ False                                                                                                                                                                                      │
├───────────────────────────────┼────────────────────────────────────────────────────────────────────────────────────────────────────────────────────────────────────────────────────────────────────────────────────────────┤
│ model_feature_type_embedding  │ True                                                                                                                                                                                       │
├───────────────────────────────┼────────────────────────────────────────────────────────────────────────────────────────────────────────────────────────────────────────────────────────────────────────────────────────────┤
│ model_feature_index_embedding │ True                                                                                                                                                                                       │
├───────────────────────────────┼────────────────────────────────────────────────────────────────────────────────────────────────────────────────────────────────────────────────────────────────────────────────────────────┤
│ model_dropout_prob            │ 0.1                                                                                                                                                                                        │
├───────────────────────────────┼────────────────────────────────────────────────────────────────────────────────────────────────────────────────────────────────────────────────────────────────────────────────────────────┤
│ model_layer_norm_eps          │ 1e-05                                                                                                                                                                                      │
├───────────────────────────────┼────────────────────────────────────────────────────────────────────────────────────────────────────────────────────────────────────────────────────────────────────────────────────────────┤
│ model_dim_hidden              │ 64                                                                                                                                                                                         │
├───────────────────────────────┼────────────────────────────────────────────────────────────────────────────────────────────────────────────────────────────────────────────────────────────────────────────────────────────┤
│ model_dim_feedforward         │ 256                                                                                                                                                                                        │
├───────────────────────────────┼────────────────────────────────────────────────────────────────────────────────────────────────────────────────────────────────────────────────────────────────────────────────────────────┤
│ model_num_heads               │ 4                                                                                                                                                                                          │
├───────────────────────────────┼────────────────────────────────────────────────────────────────────────────────────────────────────────────────────────────────────────────────────────────────────────────────────────────┤
│ model_num_layers              │ 4                                                                                                                                                                                          │
├───────────────────────────────┼────────────────────────────────────────────────────────────────────────────────────────────────────────────────────────────────────────────────────────────────────────────────────────────┤
│ model_ema_end                 │ 1                                                                                                                                                                                          │
├───────────────────────────────┼────────────────────────────────────────────────────────────────────────────────────────────────────────────────────────────────────────────────────────────────────────────────────────────┤
│ model_ema_start               │ 0.996                                                                                                                                                                                      │
├───────────────────────────────┼────────────────────────────────────────────────────────────────────────────────────────────────────────────────────────────────────────────────────────────────────────────────────────────┤
│ model_act_func                │ relu                                                                                                                                                                                       │
├───────────────────────────────┼────────────────────────────────────────────────────────────────────────────────────────────────────────────────────────────────────────────────────────────────────────────────────────────┤
│ probe_cadence                 │ 5                                                                                                                                                                                          │
├───────────────────────────────┼────────────────────────────────────────────────────────────────────────────────────────────────────────────────────────────────────────────────────────────────────────────────────────────┤
│ probe_model                   │ mlp                                                                                                                                                                                        │
├───────────────────────────────┼────────────────────────────────────────────────────────────────────────────────────────────────────────────────────────────────────────────────────────────────────────────────────────────┤
│ probe_sample_fraction         │ 0.1                                                                                                                                                                                        │
├───────────────────────────────┼────────────────────────────────────────────────────────────────────────────────────────────────────────────────────────────────────────────────────────────────────────────────────────────┤
│ n_cls_tokens                  │ 1                                                                                                                                                                                          │
├───────────────────────────────┼────────────────────────────────────────────────────────────────────────────────────────────────────────────────────────────────────────────────────────────────────────────────────────────┤
│ n_reg_tokens                  │ 1                                                                                                                                                                                          │
├───────────────────────────────┼────────────────────────────────────────────────────────────────────────────────────────────────────────────────────────────────────────────────────────────────────────────────────────────┤
│ pred_type                     │ transformer                                                                                                                                                                                │
├───────────────────────────────┼────────────────────────────────────────────────────────────────────────────────────────────────────────────────────────────────────────────────────────────────────────────────────────────┤
│ pred_num_layers               │ 2                                                                                                                                                                                          │
├───────────────────────────────┼────────────────────────────────────────────────────────────────────────────────────────────────────────────────────────────────────────────────────────────────────────────────────────────┤
│ pred_embed_dim                │ 64                                                                                                                                                                                         │
├───────────────────────────────┼────────────────────────────────────────────────────────────────────────────────────────────────────────────────────────────────────────────────────────────────────────────────────────────┤
│ pred_num_heads                │ 4                                                                                                                                                                                          │
├───────────────────────────────┼────────────────────────────────────────────────────────────────────────────────────────────────────────────────────────────────────────────────────────────────────────────────────────────┤
│ pred_p_dropout                │ 0.1                                                                                                                                                                                        │
├───────────────────────────────┼────────────────────────────────────────────────────────────────────────────────────────────────────────────────────────────────────────────────────────────────────────────────────────────┤
│ pred_layer_norm_eps           │ 1e-05                                                                                                                                                                                      │
├───────────────────────────────┼────────────────────────────────────────────────────────────────────────────────────────────────────────────────────────────────────────────────────────────────────────────────────────────┤
│ pred_activation               │ relu                                                                                                                                                                                       │
├───────────────────────────────┼────────────────────────────────────────────────────────────────────────────────────────────────────────────────────────────────────────────────────────────────────────────────────────────┤
│ pred_dim_feedforward          │ 256                                                                                                                                                                                        │
├───────────────────────────────┼────────────────────────────────────────────────────────────────────────────────────────────────────────────────────────────────────────────────────────────────────────────────────────────┤
│ mask_allow_overlap            │ False                                                                                                                                                                                      │
├───────────────────────────────┼────────────────────────────────────────────────────────────────────────────────────────────────────────────────────────────────────────────────────────────────────────────────────────────┤
│ mask_min_ctx_share            │ 0.2                                                                                                                                                                                        │
├───────────────────────────────┼────────────────────────────────────────────────────────────────────────────────────────────────────────────────────────────────────────────────────────────────────────────────────────────┤
│ mask_max_ctx_share            │ 0.4                                                                                                                                                                                        │
├───────────────────────────────┼────────────────────────────────────────────────────────────────────────────────────────────────────────────────────────────────────────────────────────────────────────────────────────────┤
│ mask_min_trgt_share           │ 0.2                                                                                                                                                                                        │
├───────────────────────────────┼────────────────────────────────────────────────────────────────────────────────────────────────────────────────────────────────────────────────────────────────────────────────────────────┤
│ mask_max_trgt_share           │ 0.4                                                                                                                                                                                        │
├───────────────────────────────┼────────────────────────────────────────────────────────────────────────────────────────────────────────────────────────────────────────────────────────────────────────────────────────────┤
│ mask_num_preds                │ 4                                                                                                                                                                                          │
├───────────────────────────────┼────────────────────────────────────────────────────────────────────────────────────────────────────────────────────────────────────────────────────────────────────────────────────────────┤
│ mask_num_encs                 │ 1                                                                                                                                                                                          │
├───────────────────────────────┼────────────────────────────────────────────────────────────────────────────────────────────────────────────────────────────────────────────────────────────────────────────────────────────┤
│ optuna_study_name             │                                                                                                                                                                                            │
├───────────────────────────────┼────────────────────────────────────────────────────────────────────────────────────────────────────────────────────────────────────────────────────────────────────────────────────────────┤
│ optuna_trial_number           │                                                                                                                                                                                            │
├───────────────────────────────┼────────────────────────────────────────────────────────────────────────────────────────────────────────────────────────────────────────────────────────────────────────────────────────────┤
│ optuna_output_dir             │                                                                                                                                                                                            │
├───────────────────────────────┼────────────────────────────────────────────────────────────────────────────────────────────────────────────────────────────────────────────────────────────────────────────────────────────┤
│ is_batchlearning              │ True                                                                                                                                                                                       │
├───────────────────────────────┼────────────────────────────────────────────────────────────────────────────────────────────────────────────────────────────────────────────────────────────────────────────────────────────┤
│ iteration                     │ 0                                                                                                                                                                                          │
╘═══════════════════════════════╧════════════════════════════════════════════════════════════════════════════════════════════════════════════════════════════════════════════════════════════════════════════════════════════╛
[Debug] Loading dataset …
[Debug] Parquet dataset ready (preprocessing handled by LocalFilesDataset)
Encoder Module parameters:
+-------------------+--------------------------------------------------------------------------------------------------------------------------------------------------------------------------------------------------------------------------------------------------------------------------------------------------------------------------------------------------------------------------------------------------------------------------------------------------------------------------------------------------------------------------------------------------------------------------------------------------------------------------------------------------------------------------------------------------------------------------------------------------------------------------------------------------------------------------------------------------------------------------------------------------------------------------------------------------------------------------------------------------------------------------------------------------------------------------------------------------------------------------------------------------------------------------------------------------------------------+
|     Parameter     |                                                                                                                                                                                                                                                                                                                                                                                                                                                                                                                                                                                                       Value                                                                                                                                                                                                                                                                                                                                                                                                                                                                                                                                                                                                        |
+-------------------+--------------------------------------------------------------------------------------------------------------------------------------------------------------------------------------------------------------------------------------------------------------------------------------------------------------------------------------------------------------------------------------------------------------------------------------------------------------------------------------------------------------------------------------------------------------------------------------------------------------------------------------------------------------------------------------------------------------------------------------------------------------------------------------------------------------------------------------------------------------------------------------------------------------------------------------------------------------------------------------------------------------------------------------------------------------------------------------------------------------------------------------------------------------------------------------------------------------------+
|    hidden_dim     |                                                                                                                                                                                                                                                                                                                                                                                                                                                                                                                                                                                                         64                                                                                                                                                                                                                                                                                                                                                                                                                                                                                                                                                                                                         |
| idx_num_features  | [0, 1, 2, 3, 4, 5, 6, 7, 8, 9, 10, 11, 12, 13, 14, 15, 16, 17, 18, 19, 20, 21, 22, 23, 24, 25, 26, 27, 28, 29, 30, 31, 32, 33, 34, 35, 36, 37, 38, 39, 40, 41, 42, 43, 44, 45, 46, 47, 48, 49, 50, 51, 52, 53, 54, 55, 56, 57, 58, 59, 60, 61, 62, 63, 64, 65, 66, 67, 68, 69, 70, 71, 72, 73, 74, 75, 76, 77, 78, 79, 80, 81, 82, 83, 84, 85, 86, 87, 88, 89, 90, 91, 92, 93, 94, 95, 96, 97, 98, 99, 100, 101, 102, 103, 104, 105, 106, 107, 108, 109, 110, 111, 112, 113, 114, 115, 116, 117, 118, 119, 120, 121, 122, 123, 124, 125, 126, 127, 128, 129, 130, 131, 132, 133, 134, 135, 136, 137, 138, 139, 140, 141, 142, 143, 144, 145, 146, 147, 148, 149, 150, 151, 152, 153, 154, 155, 156, 157, 158, 159, 160, 161, 162, 163, 164, 165, 166, 167, 168, 169, 170, 171, 172, 173, 174, 175, 176, 177, 178, 179, 180, 181, 182, 183, 184, 185, 186, 187, 188, 189, 190, 191, 192, 193, 194, 195, 196, 197, 198, 199, 200, 201, 202, 203, 204, 205, 206, 207, 208, 209, 210, 211, 212, 213, 214, 215, 216, 217, 218, 219, 220, 221, 222, 223, 224, 225, 226, 227, 228, 229, 230, 231, 232, 233, 234, 235, 236, 237, 238, 239, 240, 241, 242, 243, 244, 245, 246, 247, 248, 249, 250, 251, 252, 253, 254, 255] |
| idx_cat_features  |                                                                                                                                                                                                                                                                                                                                                                                                                                                                                                                                                                                                         []                                                                                                                                                                                                                                                                                                                                                                                                                                                                                                                                                                                                         |
|   cardinalities   |                                                                                                                                                                                                                                                                                                                                                                                                                                                                                                                                                                                                         []                                                                                                                                                                                                                                                                                                                                                                                                                                                                                                                                                                                                         |
| n_input_features  |                                                                                                                                                                                                                                                                                                                                                                                                                                                                                                                                                                                                        256                                                                                                                                                                                                                                                                                                                                                                                                                                                                                                                                                                                                         |
|      device       |                                                                                                                                                                                                                                                                                                                                                                                                                                                                                                                                                                                                       cuda:2                                                                                                                                                                                                                                                                                                                                                                                                                                                                                                                                                                                                       |
|    num_layers     |                                                                                                                                                                                                                                                                                                                                                                                                                                                                                                                                                                                                         4                                                                                                                                                                                                                                                                                                                                                                                                                                                                                                                                                                                                          |
|     num_heads     |                                                                                                                                                                                                                                                                                                                                                                                                                                                                                                                                                                                                         4                                                                                                                                                                                                                                                                                                                                                                                                                                                                                                                                                                                                          |
|     p_dropout     |                                                                                                                                                                                                                                                                                                                                                                                                                                                                                                                                                                                                        0.1                                                                                                                                                                                                                                                                                                                                                                                                                                                                                                                                                                                                         |
|  layer_norm_eps   |                                                                                                                                                                                                                                                                                                                                                                                                                                                                                                                                                                                                       1e-05                                                                                                                                                                                                                                                                                                                                                                                                                                                                                                                                                                                                        |
| gradient_clipping |                                                                                                                                                                                                                                                                                                                                                                                                                                                                                                                                                                                                        1.0                                                                                                                                                                                                                                                                                                                                                                                                                                                                                                                                                                                                         |
|  dim_feedforward  |                                                                                                                                                                                                                                                                                                                                                                                                                                                                                                                                                                                                        256                                                                                                                                                                                                                                                                                                                                                                                                                                                                                                                                                                                                         |
+-------------------+--------------------------------------------------------------------------------------------------------------------------------------------------------------------------------------------------------------------------------------------------------------------------------------------------------------------------------------------------------------------------------------------------------------------------------------------------------------------------------------------------------------------------------------------------------------------------------------------------------------------------------------------------------------------------------------------------------------------------------------------------------------------------------------------------------------------------------------------------------------------------------------------------------------------------------------------------------------------------------------------------------------------------------------------------------------------------------------------------------------------------------------------------------------------------------------------------------------------+
Using feature index embedding (unique embedding for each column).
/home/aminmohamadi_squareup_com/projects/t-jepa-parquet-scaling/src/tjepa_transformer.py:172: UserWarning: enable_nested_tensor is True, but self.use_nested_tensor is False because encoder_layer was not TransformerEncoderLayer
  warnings.warn(
Clipping gradients to value 1.0.
Predictors Module parameters:
+-----------------+--------+
|    Parameter    | Value  |
+-----------------+--------+
|   hidden_dim    |   64   |
|  num_features   |  256   |
|   num_layers    |   2    |
|    num_heads    |   4    |
|    p_dropout    |  0.1   |
| layer_norm_eps  | 1e-05  |
|   activation    |  relu  |
| pred_embed_dim  |   64   |
|     device      | cuda:2 |
|  cardinalities  |   []   |
| dim_feedforward |  256   |
+-----------------+--------+
[Debug] Parquet dataset created: N=3300000, D=256
╒═══════════════════════════════╤════════════════════════════════════════════════════════════════════════════════════════════════════════════════════════════════════════════════════════════════════════════════════════════╕
│ mock                          │ False                                                                                                                                                                                      │
├───────────────────────────────┼────────────────────────────────────────────────────────────────────────────────────────────────────────────────────────────────────────────────────────────────────────────────────────────┤
│ res_dir                       │ ./                                                                                                                                                                                         │
├───────────────────────────────┼────────────────────────────────────────────────────────────────────────────────────────────────────────────────────────────────────────────────────────────────────────────────────────────┤
│ data_path                     │ data                                                                                                                                                                                       │
├───────────────────────────────┼────────────────────────────────────────────────────────────────────────────────────────────────────────────────────────────────────────────────────────────────────────────────────────────┤
│ data_set                      │ parquet_dataset                                                                                                                                                                            │
├───────────────────────────────┼────────────────────────────────────────────────────────────────────────────────────────────────────────────────────────────────────────────────────────────────────────────────────────────┤
│ test_size_ratio               │ 0.0                                                                                                                                                                                        │
├───────────────────────────────┼────────────────────────────────────────────────────────────────────────────────────────────────────────────────────────────────────────────────────────────────────────────────────────────┤
│ val_size_ratio                │ 0.0                                                                                                                                                                                        │
├───────────────────────────────┼────────────────────────────────────────────────────────────────────────────────────────────────────────────────────────────────────────────────────────────────────────────────────────────┤
│ random_state                  │ 42                                                                                                                                                                                         │
├───────────────────────────────┼────────────────────────────────────────────────────────────────────────────────────────────────────────────────────────────────────────────────────────────────────────────────────────────┤
│ full_dataset_cuda             │ False                                                                                                                                                                                      │
├───────────────────────────────┼────────────────────────────────────────────────────────────────────────────────────────────────────────────────────────────────────────────────────────────────────────────────────────────┤
│ verbose                       │ False                                                                                                                                                                                      │
├───────────────────────────────┼────────────────────────────────────────────────────────────────────────────────────────────────────────────────────────────────────────────────────────────────────────────────────────────┤
│ use_parquet_dataset           │ True                                                                                                                                                                                       │
├───────────────────────────────┼────────────────────────────────────────────────────────────────────────────────────────────────────────────────────────────────────────────────────────────────────────────────────────────┤
│ parquet_data_dir              │ /projects/risk-tabular/general_chargebacks/202207-202407-all-positives-negative-ratio-1.0-v0/train                                                                                         │
├───────────────────────────────┼────────────────────────────────────────────────────────────────────────────────────────────────────────────────────────────────────────────────────────────────────────────────────────────┤
│ parquet_data_files            │ chunk_10.parquet,chunk_11.parquet,chunk_12.parquet,chunk_13.parquet,chunk_14.parquet,chunk_15.parquet,chunk_16.parquet,chunk_17.parquet,chunk_18.parquet,chunk_19.parquet,chunk_20.parquet │
├───────────────────────────────┼────────────────────────────────────────────────────────────────────────────────────────────────────────────────────────────────────────────────────────────────────────────────────────────┤
│ parquet_scaling_stats_file    │ /projects/risk-tabular/general_chargebacks/202207-202407-all-positives-negative-ratio-1.0-v0/train/stats_bootstrap.pq                                                                      │
├───────────────────────────────┼────────────────────────────────────────────────────────────────────────────────────────────────────────────────────────────────────────────────────────────────────────────────────────────┤
│ parquet_feature_names_file    │ /projects/risk-tabular/general_chargebacks/20240724_feature_selection/xgboost_importances_seed_1_sample_0.5.csv                                                                            │
├───────────────────────────────┼────────────────────────────────────────────────────────────────────────────────────────────────────────────────────────────────────────────────────────────────────────────────────────────┤
│ parquet_num_features          │ 128                                                                                                                                                                                        │
├───────────────────────────────┼────────────────────────────────────────────────────────────────────────────────────────────────────────────────────────────────────────────────────────────────────────────────────────────┤
│ parquet_target_col            │ target                                                                                                                                                                                     │
├───────────────────────────────┼────────────────────────────────────────────────────────────────────────────────────────────────────────────────────────────────────────────────────────────────────────────────────────────┤
│ parquet_task_type             │ binary_class                                                                                                                                                                               │
├───────────────────────────────┼────────────────────────────────────────────────────────────────────────────────────────────────────────────────────────────────────────────────────────────────────────────────────────────┤
│ parquet_id_col                │ ID                                                                                                                                                                                         │
├───────────────────────────────┼────────────────────────────────────────────────────────────────────────────────────────────────────────────────────────────────────────────────────────────────────────────────────────────┤
│ parquet_preload_data          │ True                                                                                                                                                                                       │
├───────────────────────────────┼────────────────────────────────────────────────────────────────────────────────────────────────────────────────────────────────────────────────────────────────────────────────────────────┤
│ parquet_shuffle               │ True                                                                                                                                                                                       │
├───────────────────────────────┼────────────────────────────────────────────────────────────────────────────────────────────────────────────────────────────────────────────────────────────────────────────────────────────┤
│ parquet_scaling_method        │ IQR                                                                                                                                                                                        │
├───────────────────────────────┼────────────────────────────────────────────────────────────────────────────────────────────────────────────────────────────────────────────────────────────────────────────────────────────┤
│ parquet_infill_value          │ zero                                                                                                                                                                                       │
├───────────────────────────────┼────────────────────────────────────────────────────────────────────────────────────────────────────────────────────────────────────────────────────────────────────────────────────────────┤
│ parquet_transform             │ asinh                                                                                                                                                                                      │
├───────────────────────────────┼────────────────────────────────────────────────────────────────────────────────────────────────────────────────────────────────────────────────────────────────────────────────────────────┤
│ parquet_categorize_nan        │ True                                                                                                                                                                                       │
├───────────────────────────────┼────────────────────────────────────────────────────────────────────────────────────────────────────────────────────────────────────────────────────────────────────────────────────────────┤
│ parquet_clip_min              │                                                                                                                                                                                            │
├───────────────────────────────┼────────────────────────────────────────────────────────────────────────────────────────────────────────────────────────────────────────────────────────────────────────────────────────────┤
│ parquet_clip_max              │                                                                                                                                                                                            │
├───────────────────────────────┼────────────────────────────────────────────────────────────────────────────────────────────────────────────────────────────────────────────────────────────────────────────────────────────┤
│ tag                           │                                                                                                                                                                                            │
├───────────────────────────────┼────────────────────────────────────────────────────────────────────────────────────────────────────────────────────────────────────────────────────────────────────────────────────────────┤
│ project_name                  │ scaled_config_4gpu_test                                                                                                                                                                    │
├───────────────────────────────┼────────────────────────────────────────────────────────────────────────────────────────────────────────────────────────────────────────────────────────────────────────────────────────────┤
│ test                          │ False                                                                                                                                                                                      │
├───────────────────────────────┼────────────────────────────────────────────────────────────────────────────────────────────────────────────────────────────────────────────────────────────────────────────────────────────┤
│ exp_n_runs                    │ 1                                                                                                                                                                                          │
├───────────────────────────────┼────────────────────────────────────────────────────────────────────────────────────────────────────────────────────────────────────────────────────────────────────────────────────────────┤
│ exp_device                    │                                                                                                                                                                                            │
├───────────────────────────────┼────────────────────────────────────────────────────────────────────────────────────────────────────────────────────────────────────────────────────────────────────────────────────────────┤
│ np_seed                       │ 42                                                                                                                                                                                         │
├───────────────────────────────┼────────────────────────────────────────────────────────────────────────────────────────────────────────────────────────────────────────────────────────────────────────────────────────────┤
│ torch_seed                    │ 42                                                                                                                                                                                         │
├───────────────────────────────┼────────────────────────────────────────────────────────────────────────────────────────────────────────────────────────────────────────────────────────────────────────────────────────────┤
│ random                        │ False                                                                                                                                                                                      │
├───────────────────────────────┼────────────────────────────────────────────────────────────────────────────────────────────────────────────────────────────────────────────────────────────────────────────────────────────┤
│ batch_size                    │ 4096                                                                                                                                                                                       │
├───────────────────────────────┼────────────────────────────────────────────────────────────────────────────────────────────────────────────────────────────────────────────────────────────────────────────────────────────┤
│ val_batch_size                │ -1                                                                                                                                                                                         │
├───────────────────────────────┼────────────────────────────────────────────────────────────────────────────────────────────────────────────────────────────────────────────────────────────────────────────────────────────┤
│ exp_train_total_epochs        │ 10                                                                                                                                                                                         │
├───────────────────────────────┼────────────────────────────────────────────────────────────────────────────────────────────────────────────────────────────────────────────────────────────────────────────────────────────┤
│ exp_patience                  │ 10                                                                                                                                                                                         │
├───────────────────────────────┼────────────────────────────────────────────────────────────────────────────────────────────────────────────────────────────────────────────────────────────────────────────────────────────┤
│ log_tensorboard               │ False                                                                                                                                                                                      │
├───────────────────────────────┼────────────────────────────────────────────────────────────────────────────────────────────────────────────────────────────────────────────────────────────────────────────────────────────┤
│ exp_cadence_type              │ improvement                                                                                                                                                                                │
├───────────────────────────────┼────────────────────────────────────────────────────────────────────────────────────────────────────────────────────────────────────────────────────────────────────────────────────────────┤
│ exp_cache_cadence             │ 1                                                                                                                                                                                          │
├───────────────────────────────┼────────────────────────────────────────────────────────────────────────────────────────────────────────────────────────────────────────────────────────────────────────────────────────────┤
│ exp_val_cache_cadence         │ 1                                                                                                                                                                                          │
├───────────────────────────────┼────────────────────────────────────────────────────────────────────────────────────────────────────────────────────────────────────────────────────────────────────────────────────────────┤
│ init_type                     │ kaiming                                                                                                                                                                                    │
├───────────────────────────────┼────────────────────────────────────────────────────────────────────────────────────────────────────────────────────────────────────────────────────────────────────────────────────────────┤
│ exp_scheduler                 │ True                                                                                                                                                                                       │
├───────────────────────────────┼────────────────────────────────────────────────────────────────────────────────────────────────────────────────────────────────────────────────────────────────────────────────────────────┤
│ exp_weight_decay_scheduler    │ True                                                                                                                                                                                       │
├───────────────────────────────┼────────────────────────────────────────────────────────────────────────────────────────────────────────────────────────────────────────────────────────────────────────────────────────────┤
│ exp_start_lr                  │ 0.001                                                                                                                                                                                      │
├───────────────────────────────┼────────────────────────────────────────────────────────────────────────────────────────────────────────────────────────────────────────────────────────────────────────────────────────────┤
│ exp_lr                        │ 0.0002828                                                                                                                                                                                  │
├───────────────────────────────┼────────────────────────────────────────────────────────────────────────────────────────────────────────────────────────────────────────────────────────────────────────────────────────────┤
│ exp_final_lr                  │ 0                                                                                                                                                                                          │
├───────────────────────────────┼────────────────────────────────────────────────────────────────────────────────────────────────────────────────────────────────────────────────────────────────────────────────────────────┤
│ exp_warmup                    │ 0.05                                                                                                                                                                                       │
├───────────────────────────────┼────────────────────────────────────────────────────────────────────────────────────────────────────────────────────────────────────────────────────────────────────────────────────────────┤
│ exp_weight_decay              │ 1e-05                                                                                                                                                                                      │
├───────────────────────────────┼────────────────────────────────────────────────────────────────────────────────────────────────────────────────────────────────────────────────────────────────────────────────────────────┤
│ exp_final_weight_decay        │ 0.01                                                                                                                                                                                       │
├───────────────────────────────┼────────────────────────────────────────────────────────────────────────────────────────────────────────────────────────────────────────────────────────────────────────────────────────────┤
│ exp_ipe_scale                 │ 1.0                                                                                                                                                                                        │
├───────────────────────────────┼────────────────────────────────────────────────────────────────────────────────────────────────────────────────────────────────────────────────────────────────────────────────────────────┤
│ exp_gradient_clipping         │ 1.0                                                                                                                                                                                        │
├───────────────────────────────┼────────────────────────────────────────────────────────────────────────────────────────────────────────────────────────────────────────────────────────────────────────────────────────────┤
│ mp_distributed                │ True                                                                                                                                                                                       │
├───────────────────────────────┼────────────────────────────────────────────────────────────────────────────────────────────────────────────────────────────────────────────────────────────────────────────────────────────┤
│ mp_nodes                      │ 1                                                                                                                                                                                          │
├───────────────────────────────┼────────────────────────────────────────────────────────────────────────────────────────────────────────────────────────────────────────────────────────────────────────────────────────────┤
│ mp_gpus                       │ 4                                                                                                                                                                                          │
├───────────────────────────────┼────────────────────────────────────────────────────────────────────────────────────────────────────────────────────────────────────────────────────────────────────────────────────────────┤
│ mp_nr                         │ 0                                                                                                                                                                                          │
├───────────────────────────────┼────────────────────────────────────────────────────────────────────────────────────────────────────────────────────────────────────────────────────────────────────────────────────────────┤
│ pin_memory                    │ True                                                                                                                                                                                       │
├───────────────────────────────┼────────────────────────────────────────────────────────────────────────────────────────────────────────────────────────────────────────────────────────────────────────────────────────────┤
│ using_embedding               │ False                                                                                                                                                                                      │
├───────────────────────────────┼────────────────────────────────────────────────────────────────────────────────────────────────────────────────────────────────────────────────────────────────────────────────────────────┤
│ model_dtype                   │ float32                                                                                                                                                                                    │
├───────────────────────────────┼────────────────────────────────────────────────────────────────────────────────────────────────────────────────────────────────────────────────────────────────────────────────────────────┤
│ data_loader_nprocs            │ 0                                                                                                                                                                                          │
├───────────────────────────────┼────────────────────────────────────────────────────────────────────────────────────────────────────────────────────────────────────────────────────────────────────────────────────────────┤
│ load_from_checkpoint          │ False                                                                                                                                                                                      │
├───────────────────────────────┼────────────────────────────────────────────────────────────────────────────────────────────────────────────────────────────────────────────────────────────────────────────────────────────┤
│ load_path                     │                                                                                                                                                                                            │
├───────────────────────────────┼────────────────────────────────────────────────────────────────────────────────────────────────────────────────────────────────────────────────────────────────────────────────────────────┤
│ model_amp                     │ False                                                                                                                                                                                      │
├───────────────────────────────┼────────────────────────────────────────────────────────────────────────────────────────────────────────────────────────────────────────────────────────────────────────────────────────────┤
│ model_feature_type_embedding  │ True                                                                                                                                                                                       │
├───────────────────────────────┼────────────────────────────────────────────────────────────────────────────────────────────────────────────────────────────────────────────────────────────────────────────────────────────┤
│ model_feature_index_embedding │ True                                                                                                                                                                                       │
├───────────────────────────────┼────────────────────────────────────────────────────────────────────────────────────────────────────────────────────────────────────────────────────────────────────────────────────────────┤
│ model_dropout_prob            │ 0.1                                                                                                                                                                                        │
├───────────────────────────────┼────────────────────────────────────────────────────────────────────────────────────────────────────────────────────────────────────────────────────────────────────────────────────────────┤
│ model_layer_norm_eps          │ 1e-05                                                                                                                                                                                      │
├───────────────────────────────┼────────────────────────────────────────────────────────────────────────────────────────────────────────────────────────────────────────────────────────────────────────────────────────────┤
│ model_dim_hidden              │ 64                                                                                                                                                                                         │
├───────────────────────────────┼────────────────────────────────────────────────────────────────────────────────────────────────────────────────────────────────────────────────────────────────────────────────────────────┤
│ model_dim_feedforward         │ 256                                                                                                                                                                                        │
├───────────────────────────────┼────────────────────────────────────────────────────────────────────────────────────────────────────────────────────────────────────────────────────────────────────────────────────────────┤
│ model_num_heads               │ 4                                                                                                                                                                                          │
├───────────────────────────────┼────────────────────────────────────────────────────────────────────────────────────────────────────────────────────────────────────────────────────────────────────────────────────────────┤
│ model_num_layers              │ 4                                                                                                                                                                                          │
├───────────────────────────────┼────────────────────────────────────────────────────────────────────────────────────────────────────────────────────────────────────────────────────────────────────────────────────────────┤
│ model_ema_end                 │ 1                                                                                                                                                                                          │
├───────────────────────────────┼────────────────────────────────────────────────────────────────────────────────────────────────────────────────────────────────────────────────────────────────────────────────────────────┤
│ model_ema_start               │ 0.996                                                                                                                                                                                      │
├───────────────────────────────┼────────────────────────────────────────────────────────────────────────────────────────────────────────────────────────────────────────────────────────────────────────────────────────────┤
│ model_act_func                │ relu                                                                                                                                                                                       │
├───────────────────────────────┼────────────────────────────────────────────────────────────────────────────────────────────────────────────────────────────────────────────────────────────────────────────────────────────┤
│ probe_cadence                 │ 5                                                                                                                                                                                          │
├───────────────────────────────┼────────────────────────────────────────────────────────────────────────────────────────────────────────────────────────────────────────────────────────────────────────────────────────────┤
│ probe_model                   │ mlp                                                                                                                                                                                        │
├───────────────────────────────┼────────────────────────────────────────────────────────────────────────────────────────────────────────────────────────────────────────────────────────────────────────────────────────────┤
│ probe_sample_fraction         │ 0.1                                                                                                                                                                                        │
├───────────────────────────────┼────────────────────────────────────────────────────────────────────────────────────────────────────────────────────────────────────────────────────────────────────────────────────────────┤
│ n_cls_tokens                  │ 1                                                                                                                                                                                          │
├───────────────────────────────┼────────────────────────────────────────────────────────────────────────────────────────────────────────────────────────────────────────────────────────────────────────────────────────────┤
│ n_reg_tokens                  │ 1                                                                                                                                                                                          │
├───────────────────────────────┼────────────────────────────────────────────────────────────────────────────────────────────────────────────────────────────────────────────────────────────────────────────────────────────┤
│ pred_type                     │ transformer                                                                                                                                                                                │
├───────────────────────────────┼────────────────────────────────────────────────────────────────────────────────────────────────────────────────────────────────────────────────────────────────────────────────────────────┤
│ pred_num_layers               │ 2                                                                                                                                                                                          │
├───────────────────────────────┼────────────────────────────────────────────────────────────────────────────────────────────────────────────────────────────────────────────────────────────────────────────────────────────┤
│ pred_embed_dim                │ 64                                                                                                                                                                                         │
├───────────────────────────────┼────────────────────────────────────────────────────────────────────────────────────────────────────────────────────────────────────────────────────────────────────────────────────────────┤
│ pred_num_heads                │ 4                                                                                                                                                                                          │
├───────────────────────────────┼────────────────────────────────────────────────────────────────────────────────────────────────────────────────────────────────────────────────────────────────────────────────────────────┤
│ pred_p_dropout                │ 0.1                                                                                                                                                                                        │
├───────────────────────────────┼────────────────────────────────────────────────────────────────────────────────────────────────────────────────────────────────────────────────────────────────────────────────────────────┤
│ pred_layer_norm_eps           │ 1e-05                                                                                                                                                                                      │
├───────────────────────────────┼────────────────────────────────────────────────────────────────────────────────────────────────────────────────────────────────────────────────────────────────────────────────────────────┤
│ pred_activation               │ relu                                                                                                                                                                                       │
├───────────────────────────────┼────────────────────────────────────────────────────────────────────────────────────────────────────────────────────────────────────────────────────────────────────────────────────────────┤
│ pred_dim_feedforward          │ 256                                                                                                                                                                                        │
├───────────────────────────────┼────────────────────────────────────────────────────────────────────────────────────────────────────────────────────────────────────────────────────────────────────────────────────────────┤
│ mask_allow_overlap            │ False                                                                                                                                                                                      │
├───────────────────────────────┼────────────────────────────────────────────────────────────────────────────────────────────────────────────────────────────────────────────────────────────────────────────────────────────┤
│ mask_min_ctx_share            │ 0.2                                                                                                                                                                                        │
├───────────────────────────────┼────────────────────────────────────────────────────────────────────────────────────────────────────────────────────────────────────────────────────────────────────────────────────────────┤
│ mask_max_ctx_share            │ 0.4                                                                                                                                                                                        │
├───────────────────────────────┼────────────────────────────────────────────────────────────────────────────────────────────────────────────────────────────────────────────────────────────────────────────────────────────┤
│ mask_min_trgt_share           │ 0.2                                                                                                                                                                                        │
├───────────────────────────────┼────────────────────────────────────────────────────────────────────────────────────────────────────────────────────────────────────────────────────────────────────────────────────────────┤
│ mask_max_trgt_share           │ 0.4                                                                                                                                                                                        │
├───────────────────────────────┼────────────────────────────────────────────────────────────────────────────────────────────────────────────────────────────────────────────────────────────────────────────────────────────┤
│ mask_num_preds                │ 4                                                                                                                                                                                          │
├───────────────────────────────┼────────────────────────────────────────────────────────────────────────────────────────────────────────────────────────────────────────────────────────────────────────────────────────────┤
│ mask_num_encs                 │ 1                                                                                                                                                                                          │
├───────────────────────────────┼────────────────────────────────────────────────────────────────────────────────────────────────────────────────────────────────────────────────────────────────────────────────────────────┤
│ optuna_study_name             │                                                                                                                                                                                            │
├───────────────────────────────┼────────────────────────────────────────────────────────────────────────────────────────────────────────────────────────────────────────────────────────────────────────────────────────────┤
│ optuna_trial_number           │                                                                                                                                                                                            │
├───────────────────────────────┼────────────────────────────────────────────────────────────────────────────────────────────────────────────────────────────────────────────────────────────────────────────────────────────┤
│ optuna_output_dir             │                                                                                                                                                                                            │
├───────────────────────────────┼────────────────────────────────────────────────────────────────────────────────────────────────────────────────────────────────────────────────────────────────────────────────────────────┤
│ is_batchlearning              │ True                                                                                                                                                                                       │
├───────────────────────────────┼────────────────────────────────────────────────────────────────────────────────────────────────────────────────────────────────────────────────────────────────────────────────────────────┤
│ iteration                     │ 0                                                                                                                                                                                          │
╘═══════════════════════════════╧════════════════════════════════════════════════════════════════════════════════════════════════════════════════════════════════════════════════════════════════════════════════════════════╛
[Debug] Loading dataset …
[Debug] Parquet dataset ready (preprocessing handled by LocalFilesDataset)
Encoder Module parameters:
+-------------------+--------------------------------------------------------------------------------------------------------------------------------------------------------------------------------------------------------------------------------------------------------------------------------------------------------------------------------------------------------------------------------------------------------------------------------------------------------------------------------------------------------------------------------------------------------------------------------------------------------------------------------------------------------------------------------------------------------------------------------------------------------------------------------------------------------------------------------------------------------------------------------------------------------------------------------------------------------------------------------------------------------------------------------------------------------------------------------------------------------------------------------------------------------------------------------------------------------------------+
|     Parameter     |                                                                                                                                                                                                                                                                                                                                                                                                                                                                                                                                                                                                       Value                                                                                                                                                                                                                                                                                                                                                                                                                                                                                                                                                                                                        |
+-------------------+--------------------------------------------------------------------------------------------------------------------------------------------------------------------------------------------------------------------------------------------------------------------------------------------------------------------------------------------------------------------------------------------------------------------------------------------------------------------------------------------------------------------------------------------------------------------------------------------------------------------------------------------------------------------------------------------------------------------------------------------------------------------------------------------------------------------------------------------------------------------------------------------------------------------------------------------------------------------------------------------------------------------------------------------------------------------------------------------------------------------------------------------------------------------------------------------------------------------+
|    hidden_dim     |                                                                                                                                                                                                                                                                                                                                                                                                                                                                                                                                                                                                         64                                                                                                                                                                                                                                                                                                                                                                                                                                                                                                                                                                                                         |
| idx_num_features  | [0, 1, 2, 3, 4, 5, 6, 7, 8, 9, 10, 11, 12, 13, 14, 15, 16, 17, 18, 19, 20, 21, 22, 23, 24, 25, 26, 27, 28, 29, 30, 31, 32, 33, 34, 35, 36, 37, 38, 39, 40, 41, 42, 43, 44, 45, 46, 47, 48, 49, 50, 51, 52, 53, 54, 55, 56, 57, 58, 59, 60, 61, 62, 63, 64, 65, 66, 67, 68, 69, 70, 71, 72, 73, 74, 75, 76, 77, 78, 79, 80, 81, 82, 83, 84, 85, 86, 87, 88, 89, 90, 91, 92, 93, 94, 95, 96, 97, 98, 99, 100, 101, 102, 103, 104, 105, 106, 107, 108, 109, 110, 111, 112, 113, 114, 115, 116, 117, 118, 119, 120, 121, 122, 123, 124, 125, 126, 127, 128, 129, 130, 131, 132, 133, 134, 135, 136, 137, 138, 139, 140, 141, 142, 143, 144, 145, 146, 147, 148, 149, 150, 151, 152, 153, 154, 155, 156, 157, 158, 159, 160, 161, 162, 163, 164, 165, 166, 167, 168, 169, 170, 171, 172, 173, 174, 175, 176, 177, 178, 179, 180, 181, 182, 183, 184, 185, 186, 187, 188, 189, 190, 191, 192, 193, 194, 195, 196, 197, 198, 199, 200, 201, 202, 203, 204, 205, 206, 207, 208, 209, 210, 211, 212, 213, 214, 215, 216, 217, 218, 219, 220, 221, 222, 223, 224, 225, 226, 227, 228, 229, 230, 231, 232, 233, 234, 235, 236, 237, 238, 239, 240, 241, 242, 243, 244, 245, 246, 247, 248, 249, 250, 251, 252, 253, 254, 255] |
| idx_cat_features  |                                                                                                                                                                                                                                                                                                                                                                                                                                                                                                                                                                                                         []                                                                                                                                                                                                                                                                                                                                                                                                                                                                                                                                                                                                         |
|   cardinalities   |                                                                                                                                                                                                                                                                                                                                                                                                                                                                                                                                                                                                         []                                                                                                                                                                                                                                                                                                                                                                                                                                                                                                                                                                                                         |
| n_input_features  |                                                                                                                                                                                                                                                                                                                                                                                                                                                                                                                                                                                                        256                                                                                                                                                                                                                                                                                                                                                                                                                                                                                                                                                                                                         |
|      device       |                                                                                                                                                                                                                                                                                                                                                                                                                                                                                                                                                                                                       cuda:1                                                                                                                                                                                                                                                                                                                                                                                                                                                                                                                                                                                                       |
|    num_layers     |                                                                                                                                                                                                                                                                                                                                                                                                                                                                                                                                                                                                         4                                                                                                                                                                                                                                                                                                                                                                                                                                                                                                                                                                                                          |
|     num_heads     |                                                                                                                                                                                                                                                                                                                                                                                                                                                                                                                                                                                                         4                                                                                                                                                                                                                                                                                                                                                                                                                                                                                                                                                                                                          |
|     p_dropout     |                                                                                                                                                                                                                                                                                                                                                                                                                                                                                                                                                                                                        0.1                                                                                                                                                                                                                                                                                                                                                                                                                                                                                                                                                                                                         |
|  layer_norm_eps   |                                                                                                                                                                                                                                                                                                                                                                                                                                                                                                                                                                                                       1e-05                                                                                                                                                                                                                                                                                                                                                                                                                                                                                                                                                                                                        |
| gradient_clipping |                                                                                                                                                                                                                                                                                                                                                                                                                                                                                                                                                                                                        1.0                                                                                                                                                                                                                                                                                                                                                                                                                                                                                                                                                                                                         |
|  dim_feedforward  |                                                                                                                                                                                                                                                                                                                                                                                                                                                                                                                                                                                                        256                                                                                                                                                                                                                                                                                                                                                                                                                                                                                                                                                                                                         |
+-------------------+--------------------------------------------------------------------------------------------------------------------------------------------------------------------------------------------------------------------------------------------------------------------------------------------------------------------------------------------------------------------------------------------------------------------------------------------------------------------------------------------------------------------------------------------------------------------------------------------------------------------------------------------------------------------------------------------------------------------------------------------------------------------------------------------------------------------------------------------------------------------------------------------------------------------------------------------------------------------------------------------------------------------------------------------------------------------------------------------------------------------------------------------------------------------------------------------------------------------+
Using feature index embedding (unique embedding for each column).
/home/aminmohamadi_squareup_com/projects/t-jepa-parquet-scaling/src/tjepa_transformer.py:172: UserWarning: enable_nested_tensor is True, but self.use_nested_tensor is False because encoder_layer was not TransformerEncoderLayer
  warnings.warn(
Clipping gradients to value 1.0.
Predictors Module parameters:
+-----------------+--------+
|    Parameter    | Value  |
+-----------------+--------+
|   hidden_dim    |   64   |
|  num_features   |  256   |
|   num_layers    |   2    |
|    num_heads    |   4    |
|    p_dropout    |  0.1   |
| layer_norm_eps  | 1e-05  |
|   activation    |  relu  |
| pred_embed_dim  |   64   |
|     device      | cuda:1 |
|  cardinalities  |   []   |
| dim_feedforward |  256   |
+-----------------+--------+
[Debug] Wrapped models in DistributedDataParallel
[Debug] Wrapped models in DistributedDataParallel
[Debug] Wrapped models in DistributedDataParallel
[Debug] Wrapped models in DistributedDataParallel
/home/aminmohamadi_squareup_com/projects/t-jepa-parquet-scaling/run.py:232: FutureWarning: `torch.cuda.amp.GradScaler(args...)` is deprecated. Please use `torch.amp.GradScaler('cuda', args...)` instead.
  scaler = GradScaler(enabled=args.model_amp)
/home/aminmohamadi_squareup_com/projects/t-jepa-parquet-scaling/run.py:232: FutureWarning: `torch.cuda.amp.GradScaler(args...)` is deprecated. Please use `torch.amp.GradScaler('cuda', args...)` instead.
  scaler = GradScaler(enabled=args.model_amp)
/home/aminmohamadi_squareup_com/projects/t-jepa-parquet-scaling/run.py:232: FutureWarning: `torch.cuda.amp.GradScaler(args...)` is deprecated. Please use `torch.amp.GradScaler('cuda', args...)` instead.
  scaler = GradScaler(enabled=args.model_amp)
/home/aminmohamadi_squareup_com/projects/t-jepa-parquet-scaling/run.py:232: FutureWarning: `torch.cuda.amp.GradScaler(args...)` is deprecated. Please use `torch.amp.GradScaler('cuda', args...)` instead.
  scaler = GradScaler(enabled=args.model_amp)
MaskCollator params:
MaskCollator params:
MaskCollator params:
-----------------  -----
Allow overlap      False
Min context share  0.2
Max context share  0.4
Min target share   0.2
Max target share   0.4
Min context        51
Max context        102
Min target         51
Max target         102
Num preds          4
Num encs           1
Num features       256
Cardinalities      []
-----------------  -----
[Debug] Building DataLoader …
[Debug] Parquet DataLoader created (pre-batched, batch_size=4096)
[Debug] DataLoader built
[Debug] ipe (iterations per epoch) = 805
-----------------  -----
Allow overlap      False
Min context share  0.2
Max context share  0.4
Min target share   0.2
Max target share   0.4
Min context        51
Max context        102
Min target         51
Max target         102
Num preds          4
Num encs           1
Num features       256
Cardinalities      []
-----------------  -----
[Debug] Building DataLoader …
-----------------  -----
Allow overlap      False
Min context share  0.2
Max context share  0.4
Min target share   0.2
Max target share   0.4
Min context        51
Max context        102
Min target         51
Max target         102
Num preds          4
Num encs           1
Num features       256
Cardinalities      []
-----------------  -----
[Debug] Building DataLoader …
[Debug] Parquet DataLoader created (pre-batched, batch_size=4096)
[Debug] DataLoader built
[Debug] Parquet DataLoader created (pre-batched, batch_size=4096)[Debug] ipe (iterations per epoch) = 805

[Debug] DataLoader built
[Debug] ipe (iterations per epoch) = 805
MaskCollator params:
-----------------  -----
Allow overlap      False
Min context share  0.2
Max context share  0.4
Min target share   0.2
Max target share   0.4
Min context        51
Max context        102
Min target         51
Max target         102
Num preds          4
Num encs           1
Num features       256
Cardinalities      []
-----------------  -----
[Debug] Building DataLoader …
[Debug] Parquet DataLoader created (pre-batched, batch_size=4096)
[Debug] DataLoader built
[Debug] ipe (iterations per epoch) = 805
[Debug] Instantiating Trainer
[Debug] is_main_process=False
[Debug] Trainer instantiated
Starting training…
[Debug] Instantiating Trainer
[Debug] Instantiating Trainer
[Debug] is_main_process=False
[Debug] is_main_process=False
[Debug] Trainer instantiated[Debug] Trainer instantiated

Starting training…Starting training…

[Debug] Instantiating Trainer
[Debug] is_main_process=True
Running probe at epoch 0
Running probe at epoch 0
Running probe at epoch 0
[Debug] Trainer instantiated
Starting training…
2025/11/12 18:43:52 INFO mlflow.system_metrics.system_metrics_monitor: Started monitoring system metrics.
Running probe at epoch 0
Using last 10% of data for linear probe: 330,000 samples (from index 2,970,000 to 3,300,000)
Using last 10% of data for linear probe: 330,000 samples (from index 2,970,000 to 3,300,000)
Using last 10% of data for linear probe: 330,000 samples (from index 2,970,000 to 3,300,000)
Using last 10% of data for linear probe: 330,000 samples (from index 2,970,000 to 3,300,000)
Generating embedding using: Encoder
  0%|          | 0/645 [00:00<?, ?it/s]/home/aminmohamadi_squareup_com/projects/t-jepa-parquet-scaling/src/encoder.py:273: UserWarning: The use of `x.T` on tensors of dimension other than 2 to reverse their shape is deprecated and it will throw an error in a future release. Consider `x.mT` to transpose batches of matrices or `x.permute(*torch.arange(x.ndim - 1, -1, -1))` to reverse the dimensions of a tensor. (Triggered internally at /pytorch/aten/src/ATen/native/TensorShape.cpp:4416.)
  _debug_values(x[0].T, title="Before linear embedding")
Generating embedding using: Encoder
  0%|          | 0/645 [00:00<?, ?it/s]/home/aminmohamadi_squareup_com/projects/t-jepa-parquet-scaling/src/encoder.py:273: UserWarning: The use of `x.T` on tensors of dimension other than 2 to reverse their shape is deprecated and it will throw an error in a future release. Consider `x.mT` to transpose batches of matrices or `x.permute(*torch.arange(x.ndim - 1, -1, -1))` to reverse the dimensions of a tensor. (Triggered internally at /pytorch/aten/src/ATen/native/TensorShape.cpp:4416.)
  _debug_values(x[0].T, title="Before linear embedding")
Generating embedding using: Encoder
  0%|          | 1/645 [00:00<01:57,  5.47it/s]  0%|          | 1/645 [00:00<02:02,  5.27it/s]  1%|          | 5/645 [00:00<00:31, 20.56it/s]  0%|          | 0/645 [00:00<?, ?it/s]/home/aminmohamadi_squareup_com/projects/t-jepa-parquet-scaling/src/encoder.py:273: UserWarning: The use of `x.T` on tensors of dimension other than 2 to reverse their shape is deprecated and it will throw an error in a future release. Consider `x.mT` to transpose batches of matrices or `x.permute(*torch.arange(x.ndim - 1, -1, -1))` to reverse the dimensions of a tensor. (Triggered internally at /pytorch/aten/src/ATen/native/TensorShape.cpp:4416.)
  _debug_values(x[0].T, title="Before linear embedding")
Generating embedding using: Encoder
  1%|          | 5/645 [00:00<00:32, 19.97it/s]  2%|▏         | 10/645 [00:00<00:21, 29.28it/s]  1%|▏         | 9/645 [00:00<00:23, 27.42it/s]  0%|          | 1/645 [00:00<01:59,  5.37it/s]  2%|▏         | 15/645 [00:00<00:18, 33.61it/s]  2%|▏         | 14/645 [00:00<00:19, 32.64it/s]  1%|          | 5/645 [00:00<00:31, 20.04it/s]  3%|▎         | 20/645 [00:00<00:17, 36.25it/s]  3%|▎         | 19/645 [00:00<00:17, 35.89it/s]  1%|▏         | 9/645 [00:00<00:23, 27.58it/s]  0%|          | 0/645 [00:00<?, ?it/s]/home/aminmohamadi_squareup_com/projects/t-jepa-parquet-scaling/src/encoder.py:273: UserWarning: The use of `x.T` on tensors of dimension other than 2 to reverse their shape is deprecated and it will throw an error in a future release. Consider `x.mT` to transpose batches of matrices or `x.permute(*torch.arange(x.ndim - 1, -1, -1))` to reverse the dimensions of a tensor. (Triggered internally at /pytorch/aten/src/ATen/native/TensorShape.cpp:4416.)
  _debug_values(x[0].T, title="Before linear embedding")
  4%|▍         | 25/645 [00:00<00:16, 37.80it/s]  2%|▏         | 13/645 [00:00<00:19, 31.88it/s]  4%|▎         | 24/645 [00:00<00:16, 37.84it/s]  5%|▍         | 30/645 [00:00<00:15, 38.92it/s]  0%|          | 1/645 [00:00<01:47,  5.97it/s]  3%|▎         | 18/645 [00:00<00:17, 35.02it/s]  4%|▍         | 29/645 [00:00<00:15, 39.12it/s]  1%|          | 5/645 [00:00<00:29, 21.45it/s]  5%|▌         | 35/645 [00:01<00:15, 39.66it/s]  4%|▎         | 23/645 [00:00<00:16, 36.82it/s]  5%|▌         | 34/645 [00:00<00:15, 39.94it/s]  2%|▏         | 10/645 [00:00<00:21, 29.89it/s]  4%|▍         | 27/645 [00:00<00:16, 37.70it/s]  6%|▌         | 40/645 [00:01<00:15, 40.10it/s]  6%|▌         | 39/645 [00:01<00:14, 40.45it/s]  2%|▏         | 15/645 [00:00<00:18, 33.96it/s]  5%|▍         | 32/645 [00:00<00:15, 38.48it/s]  7%|▋         | 45/645 [00:01<00:14, 40.46it/s]  7%|▋         | 44/645 [00:01<00:14, 40.86it/s]  6%|▌         | 36/645 [00:01<00:15, 38.84it/s]  3%|▎         | 20/645 [00:00<00:17, 36.21it/s]  8%|▊         | 50/645 [00:01<00:14, 40.67it/s]  8%|▊         | 49/645 [00:01<00:14, 41.20it/s]  4%|▎         | 24/645 [00:00<00:16, 37.29it/s]  6%|▋         | 41/645 [00:01<00:15, 39.26it/s]  9%|▊         | 55/645 [00:01<00:14, 40.64it/s]  8%|▊         | 54/645 [00:01<00:14, 41.35it/s]  4%|▍         | 28/645 [00:00<00:16, 37.99it/s]  7%|▋         | 45/645 [00:01<00:15, 39.36it/s]  9%|▉         | 59/645 [00:01<00:14, 41.34it/s]  9%|▉         | 60/645 [00:01<00:14, 40.48it/s]  5%|▍         | 32/645 [00:00<00:15, 38.44it/s]  8%|▊         | 49/645 [00:01<00:15, 39.43it/s] 10%|▉         | 64/645 [00:01<00:14, 41.42it/s] 10%|█         | 65/645 [00:01<00:14, 40.49it/s]  6%|▌         | 36/645 [00:01<00:15, 38.79it/s]  8%|▊         | 54/645 [00:01<00:14, 39.60it/s] 11%|█         | 69/645 [00:01<00:13, 41.33it/s]  6%|▌         | 40/645 [00:01<00:15, 39.02it/s] 11%|█         | 70/645 [00:01<00:14, 40.51it/s]  9%|▉         | 58/645 [00:01<00:14, 39.59it/s] 11%|█▏        | 74/645 [00:01<00:13, 41.44it/s] 12%|█▏        | 75/645 [00:01<00:14, 40.66it/s]  7%|▋         | 45/645 [00:01<00:15, 39.46it/s] 10%|▉         | 62/645 [00:01<00:14, 39.66it/s] 10%|█         | 66/645 [00:01<00:14, 39.66it/s] 12%|█▏        | 79/645 [00:02<00:13, 41.46it/s] 12%|█▏        | 80/645 [00:02<00:13, 40.65it/s]  8%|▊         | 50/645 [00:01<00:14, 39.92it/s] 11%|█         | 70/645 [00:01<00:14, 39.67it/s] 13%|█▎        | 84/645 [00:02<00:13, 41.29it/s]  9%|▊         | 55/645 [00:01<00:14, 40.12it/s] 13%|█▎        | 85/645 [00:02<00:13, 40.49it/s] 11%|█▏        | 74/645 [00:02<00:14, 39.67it/s] 14%|█▍        | 89/645 [00:02<00:13, 41.38it/s]  9%|▉         | 60/645 [00:01<00:14, 40.34it/s] 14%|█▍        | 90/645 [00:02<00:13, 40.40it/s] 12%|█▏        | 78/645 [00:02<00:14, 39.74it/s] 15%|█▍        | 94/645 [00:02<00:13, 41.32it/s] 10%|█         | 65/645 [00:01<00:14, 40.63it/s] 15%|█▍        | 95/645 [00:02<00:13, 40.49it/s] 13%|█▎        | 82/645 [00:02<00:14, 39.69it/s] 15%|█▌        | 99/645 [00:02<00:13, 41.44it/s] 11%|█         | 70/645 [00:01<00:14, 40.90it/s] 16%|█▌        | 100/645 [00:02<00:13, 40.69it/s] 13%|█▎        | 87/645 [00:02<00:14, 39.80it/s] 16%|█▌        | 104/645 [00:02<00:13, 41.52it/s] 12%|█▏        | 75/645 [00:01<00:13, 41.20it/s] 14%|█▍        | 91/645 [00:02<00:13, 39.79it/s] 16%|█▋        | 105/645 [00:02<00:13, 40.80it/s] 17%|█▋        | 109/645 [00:02<00:12, 41.52it/s] 15%|█▍        | 95/645 [00:02<00:13, 39.81it/s] 12%|█▏        | 80/645 [00:02<00:13, 41.33it/s] 17%|█▋        | 110/645 [00:02<00:13, 40.85it/s] 18%|█▊        | 114/645 [00:02<00:12, 41.64it/s] 16%|█▌        | 100/645 [00:02<00:13, 39.93it/s] 13%|█▎        | 85/645 [00:02<00:13, 41.44it/s] 18%|█▊        | 115/645 [00:02<00:12, 40.97it/s] 16%|█▌        | 104/645 [00:02<00:13, 39.89it/s] 18%|█▊        | 119/645 [00:03<00:12, 41.65it/s] 14%|█▍        | 90/645 [00:02<00:13, 41.54it/s] 19%|█▊        | 120/645 [00:03<00:12, 41.00it/s] 17%|█▋        | 108/645 [00:02<00:13, 39.87it/s] 19%|█▉        | 124/645 [00:03<00:12, 41.65it/s] 15%|█▍        | 95/645 [00:02<00:13, 41.41it/s] 19%|█▉        | 125/645 [00:03<00:12, 40.88it/s] 17%|█▋        | 112/645 [00:02<00:13, 39.82it/s] 20%|██        | 129/645 [00:03<00:12, 41.69it/s] 16%|█▌        | 100/645 [00:02<00:13, 41.47it/s] 20%|██        | 130/645 [00:03<00:12, 40.99it/s] 18%|█▊        | 117/645 [00:03<00:13, 39.88it/s] 21%|██        | 134/645 [00:03<00:12, 41.64it/s] 16%|█▋        | 105/645 [00:02<00:12, 41.58it/s] 21%|██        | 135/645 [00:03<00:12, 41.01it/s] 19%|█▉        | 121/645 [00:03<00:13, 39.85it/s] 22%|██▏       | 139/645 [00:03<00:12, 41.63it/s] 17%|█▋        | 110/645 [00:02<00:12, 41.57it/s] 19%|█▉        | 125/645 [00:03<00:13, 39.85it/s] 22%|██▏       | 140/645 [00:03<00:12, 41.00it/s] 22%|██▏       | 144/645 [00:03<00:12, 41.71it/s] 18%|█▊        | 115/645 [00:02<00:12, 41.63it/s] 20%|██        | 129/645 [00:03<00:12, 39.80it/s] 22%|██▏       | 145/645 [00:03<00:12, 41.07it/s] 23%|██▎       | 149/645 [00:03<00:11, 41.69it/s] 19%|█▊        | 120/645 [00:03<00:12, 41.62it/s] 21%|██        | 134/645 [00:03<00:12, 39.88it/s] 23%|██▎       | 150/645 [00:03<00:12, 41.02it/s] 24%|██▍       | 154/645 [00:03<00:11, 41.66it/s] 21%|██▏       | 138/645 [00:03<00:12, 39.88it/s] 19%|█▉        | 125/645 [00:03<00:12, 41.51it/s] 24%|██▍       | 155/645 [00:03<00:11, 40.89it/s] 22%|██▏       | 142/645 [00:03<00:12, 39.70it/s] 25%|██▍       | 159/645 [00:04<00:11, 41.46it/s] 20%|██        | 130/645 [00:03<00:12, 41.16it/s] 25%|██▍       | 160/645 [00:04<00:11, 40.65it/s] 23%|██▎       | 146/645 [00:03<00:12, 39.75it/s] 25%|██▌       | 164/645 [00:04<00:11, 41.44it/s] 21%|██        | 135/645 [00:03<00:12, 41.28it/s] 26%|██▌       | 165/645 [00:04<00:11, 40.69it/s] 23%|██▎       | 150/645 [00:03<00:12, 39.76it/s] 26%|██▌       | 169/645 [00:04<00:11, 41.50it/s] 22%|██▏       | 140/645 [00:03<00:12, 41.36it/s] 24%|██▍       | 154/645 [00:04<00:12, 39.77it/s] 26%|██▋       | 170/645 [00:04<00:11, 40.75it/s] 27%|██▋       | 174/645 [00:04<00:11, 41.55it/s] 22%|██▏       | 145/645 [00:03<00:12, 41.40it/s] 24%|██▍       | 158/645 [00:04<00:12, 39.76it/s] 27%|██▋       | 175/645 [00:04<00:11, 40.67it/s] 28%|██▊       | 179/645 [00:04<00:11, 41.14it/s] 25%|██▌       | 162/645 [00:04<00:12, 39.43it/s] 23%|██▎       | 150/645 [00:03<00:12, 40.98it/s] 28%|██▊       | 180/645 [00:04<00:11, 40.43it/s] 26%|██▌       | 166/645 [00:04<00:12, 39.52it/s] 29%|██▊       | 184/645 [00:04<00:11, 41.27it/s] 24%|██▍       | 155/645 [00:03<00:11, 41.06it/s] 29%|██▊       | 185/645 [00:04<00:11, 40.54it/s] 26%|██▋       | 170/645 [00:04<00:11, 39.64it/s] 29%|██▉       | 189/645 [00:04<00:11, 41.41it/s] 25%|██▍       | 160/645 [00:04<00:11, 41.14it/s] 29%|██▉       | 190/645 [00:04<00:11, 40.56it/s] 27%|██▋       | 174/645 [00:04<00:11, 39.64it/s] 30%|███       | 194/645 [00:04<00:10, 41.39it/s] 26%|██▌       | 165/645 [00:04<00:11, 41.19it/s] 28%|██▊       | 178/645 [00:04<00:11, 39.56it/s] 30%|███       | 195/645 [00:04<00:11, 40.42it/s] 31%|███       | 199/645 [00:04<00:10, 41.19it/s] 26%|██▋       | 170/645 [00:04<00:11, 41.13it/s] 28%|██▊       | 182/645 [00:04<00:11, 39.40it/s] 31%|███       | 200/645 [00:05<00:10, 40.49it/s] 32%|███▏      | 204/645 [00:05<00:10, 41.12it/s] 29%|██▉       | 186/645 [00:04<00:11, 39.31it/s] 27%|██▋       | 175/645 [00:04<00:11, 41.22it/s] 32%|███▏      | 205/645 [00:05<00:10, 40.73it/s] 29%|██▉       | 190/645 [00:04<00:11, 39.25it/s] 32%|███▏      | 209/645 [00:05<00:10, 41.05it/s] 28%|██▊       | 180/645 [00:04<00:11, 41.29it/s] 33%|███▎      | 210/645 [00:05<00:10, 40.82it/s] 30%|███       | 194/645 [00:05<00:11, 39.15it/s] 33%|███▎      | 214/645 [00:05<00:10, 40.80it/s] 29%|██▊       | 185/645 [00:04<00:11, 41.44it/s] 33%|███▎      | 215/645 [00:05<00:10, 40.90it/s] 31%|███       | 198/645 [00:05<00:11, 39.08it/s] 34%|███▍      | 219/645 [00:05<00:10, 40.94it/s] 29%|██▉       | 190/645 [00:04<00:10, 41.48it/s] 31%|███▏      | 202/645 [00:05<00:11, 39.32it/s] 34%|███▍      | 220/645 [00:05<00:10, 41.00it/s] 35%|███▍      | 224/645 [00:05<00:10, 41.03it/s] 30%|███       | 195/645 [00:04<00:10, 41.48it/s] 32%|███▏      | 206/645 [00:05<00:11, 39.39it/s] 35%|███▍      | 225/645 [00:05<00:10, 41.04it/s] 36%|███▌      | 229/645 [00:05<00:10, 41.09it/s] 33%|███▎      | 210/645 [00:05<00:11, 39.52it/s] 31%|███       | 200/645 [00:05<00:10, 41.59it/s] 36%|███▌      | 230/645 [00:05<00:10, 41.05it/s] 33%|███▎      | 214/645 [00:05<00:10, 39.46it/s] 36%|███▋      | 234/645 [00:05<00:09, 41.17it/s] 32%|███▏      | 205/645 [00:05<00:10, 41.55it/s] 36%|███▋      | 235/645 [00:05<00:09, 41.06it/s] 34%|███▍      | 218/645 [00:05<00:10, 39.46it/s] 37%|███▋      | 239/645 [00:05<00:09, 41.17it/s] 33%|███▎      | 210/645 [00:05<00:10, 41.46it/s] 37%|███▋      | 240/645 [00:06<00:09, 40.84it/s] 34%|███▍      | 222/645 [00:05<00:10, 39.39it/s] 38%|███▊      | 244/645 [00:06<00:09, 41.13it/s] 33%|███▎      | 215/645 [00:05<00:10, 41.26it/s] 35%|███▌      | 226/645 [00:05<00:10, 39.41it/s] 38%|███▊      | 245/645 [00:06<00:09, 40.63it/s] 39%|███▊      | 249/645 [00:06<00:09, 41.07it/s] 34%|███▍      | 220/645 [00:05<00:10, 41.17it/s] 36%|███▌      | 230/645 [00:05<00:10, 39.27it/s] 39%|███▉      | 250/645 [00:06<00:09, 40.53it/s] 39%|███▉      | 254/645 [00:06<00:09, 40.97it/s] 36%|███▋      | 234/645 [00:06<00:10, 39.17it/s] 35%|███▍      | 225/645 [00:05<00:10, 41.04it/s] 40%|███▉      | 255/645 [00:06<00:09, 40.62it/s] 37%|███▋      | 238/645 [00:06<00:10, 39.17it/s] 40%|████      | 259/645 [00:06<00:09, 40.98it/s] 36%|███▌      | 230/645 [00:05<00:10, 41.25it/s] 40%|████      | 260/645 [00:06<00:09, 40.74it/s] 38%|███▊      | 242/645 [00:06<00:10, 39.32it/s] 41%|████      | 264/645 [00:06<00:09, 41.01it/s] 36%|███▋      | 235/645 [00:05<00:09, 41.29it/s] 38%|███▊      | 246/645 [00:06<00:10, 39.29it/s] 41%|████      | 265/645 [00:06<00:09, 40.81it/s] 42%|████▏     | 269/645 [00:06<00:09, 41.12it/s] 37%|███▋      | 240/645 [00:05<00:09, 41.35it/s] 39%|███▉      | 250/645 [00:06<00:10, 39.31it/s] 42%|████▏     | 270/645 [00:06<00:09, 40.93it/s] 42%|████▏     | 274/645 [00:06<00:09, 41.12it/s] 38%|███▊      | 245/645 [00:06<00:09, 41.44it/s] 39%|███▉      | 254/645 [00:06<00:09, 39.28it/s] 43%|████▎     | 275/645 [00:06<00:09, 40.96it/s] 43%|████▎     | 279/645 [00:06<00:08, 41.10it/s] 39%|███▉      | 250/645 [00:06<00:09, 41.44it/s] 40%|████      | 258/645 [00:06<00:09, 39.40it/s] 43%|████▎     | 280/645 [00:07<00:08, 40.98it/s] 41%|████      | 262/645 [00:06<00:09, 39.42it/s] 44%|████▍     | 284/645 [00:07<00:08, 41.21it/s] 40%|███▉      | 255/645 [00:06<00:09, 41.45it/s] 44%|████▍     | 285/645 [00:07<00:08, 41.04it/s] 41%|████      | 266/645 [00:06<00:09, 39.39it/s] 45%|████▍     | 289/645 [00:07<00:08, 41.19it/s] 40%|████      | 260/645 [00:06<00:09, 41.51it/s] 42%|████▏     | 270/645 [00:06<00:09, 39.48it/s] 45%|████▍     | 290/645 [00:07<00:08, 41.01it/s] 46%|████▌     | 294/645 [00:07<00:08, 41.18it/s] 41%|████      | 265/645 [00:06<00:09, 41.45it/s] 42%|████▏     | 274/645 [00:07<00:09, 39.46it/s] 46%|████▌     | 295/645 [00:07<00:08, 40.97it/s] 46%|████▋     | 299/645 [00:07<00:08, 41.22it/s] 42%|████▏     | 270/645 [00:06<00:09, 41.47it/s] 43%|████▎     | 278/645 [00:07<00:09, 39.44it/s] 47%|████▋     | 300/645 [00:07<00:08, 41.05it/s] 43%|████▎     | 275/645 [00:06<00:08, 41.48it/s] 47%|████▋     | 304/645 [00:07<00:08, 41.19it/s] 44%|████▎     | 282/645 [00:07<00:09, 39.37it/s] 47%|████▋     | 305/645 [00:07<00:08, 41.03it/s] 44%|████▍     | 286/645 [00:07<00:09, 39.46it/s] 43%|████▎     | 280/645 [00:06<00:08, 41.42it/s] 48%|████▊     | 309/645 [00:07<00:08, 41.23it/s] 48%|████▊     | 310/645 [00:07<00:08, 40.96it/s] 45%|████▍     | 290/645 [00:07<00:08, 39.56it/s] 49%|████▊     | 314/645 [00:07<00:07, 41.38it/s] 44%|████▍     | 285/645 [00:07<00:08, 41.37it/s] 46%|████▌     | 294/645 [00:07<00:08, 39.65it/s] 49%|████▉     | 315/645 [00:07<00:08, 40.99it/s] 49%|████▉     | 319/645 [00:07<00:07, 41.40it/s] 45%|████▍     | 290/645 [00:07<00:08, 41.39it/s] 46%|████▌     | 298/645 [00:07<00:08, 39.68it/s] 50%|████▉     | 320/645 [00:07<00:07, 40.92it/s] 50%|█████     | 324/645 [00:08<00:07, 41.47it/s] 46%|████▌     | 295/645 [00:07<00:08, 41.37it/s] 47%|████▋     | 302/645 [00:07<00:08, 39.76it/s] 50%|█████     | 325/645 [00:08<00:07, 40.93it/s] 51%|█████     | 329/645 [00:08<00:07, 41.55it/s] 47%|████▋     | 300/645 [00:07<00:08, 41.41it/s] 47%|████▋     | 306/645 [00:07<00:08, 39.73it/s] 51%|█████     | 330/645 [00:08<00:07, 41.01it/s] 48%|████▊     | 310/645 [00:07<00:08, 39.75it/s] 52%|█████▏    | 334/645 [00:08<00:07, 41.53it/s] 47%|████▋     | 305/645 [00:07<00:08, 41.46it/s] 52%|█████▏    | 335/645 [00:08<00:07, 40.98it/s] 49%|████▊     | 314/645 [00:08<00:08, 39.73it/s] 53%|█████▎    | 339/645 [00:08<00:07, 41.56it/s] 48%|████▊     | 310/645 [00:07<00:08, 41.44it/s] 49%|████▉     | 318/645 [00:08<00:08, 39.77it/s] 53%|█████▎    | 340/645 [00:08<00:07, 40.88it/s] 53%|█████▎    | 344/645 [00:08<00:07, 41.47it/s] 49%|████▉     | 315/645 [00:07<00:07, 41.32it/s] 50%|████▉     | 322/645 [00:08<00:08, 39.67it/s] 53%|█████▎    | 345/645 [00:08<00:07, 40.98it/s] 54%|█████▍    | 349/645 [00:08<00:07, 41.48it/s] 50%|████▉     | 320/645 [00:07<00:07, 41.40it/s] 51%|█████     | 326/645 [00:08<00:08, 39.72it/s] 54%|█████▍    | 350/645 [00:08<00:07, 40.97it/s] 55%|█████▍    | 354/645 [00:08<00:07, 41.53it/s] 50%|█████     | 325/645 [00:08<00:07, 41.43it/s] 51%|█████     | 330/645 [00:08<00:07, 39.72it/s] 55%|█████▌    | 355/645 [00:08<00:07, 40.97it/s] 56%|█████▌    | 359/645 [00:08<00:06, 41.60it/s] 51%|█████     | 330/645 [00:08<00:07, 41.46it/s] 52%|█████▏    | 335/645 [00:08<00:07, 39.80it/s] 56%|█████▌    | 360/645 [00:08<00:06, 41.03it/s] 53%|█████▎    | 339/645 [00:08<00:07, 39.75it/s] 56%|█████▋    | 364/645 [00:08<00:06, 41.55it/s] 52%|█████▏    | 335/645 [00:08<00:07, 41.41it/s] 57%|█████▋    | 365/645 [00:09<00:06, 40.96it/s] 53%|█████▎    | 343/645 [00:08<00:07, 39.70it/s] 57%|█████▋    | 369/645 [00:09<00:06, 41.47it/s] 53%|█████▎    | 340/645 [00:08<00:07, 41.47it/s] 54%|█████▍    | 347/645 [00:08<00:07, 39.68it/s] 57%|█████▋    | 370/645 [00:09<00:06, 41.05it/s] 58%|█████▊    | 374/645 [00:09<00:06, 41.52it/s] 53%|█████▎    | 345/645 [00:08<00:07, 41.43it/s] 54%|█████▍    | 351/645 [00:09<00:07, 39.70it/s] 58%|█████▊    | 375/645 [00:09<00:06, 41.04it/s] 59%|█████▉    | 379/645 [00:09<00:06, 41.37it/s] 54%|█████▍    | 350/645 [00:08<00:07, 41.43it/s] 55%|█████▌    | 355/645 [00:09<00:07, 39.51it/s] 59%|█████▉    | 380/645 [00:09<00:06, 40.99it/s] 60%|█████▉    | 384/645 [00:09<00:06, 41.33it/s] 55%|█████▌    | 355/645 [00:08<00:06, 41.49it/s] 56%|█████▌    | 359/645 [00:09<00:07, 39.54it/s] 60%|█████▉    | 385/645 [00:09<00:06, 40.99it/s] 60%|██████    | 389/645 [00:09<00:06, 41.44it/s] 56%|█████▋    | 363/645 [00:09<00:07, 39.62it/s] 56%|█████▌    | 360/645 [00:08<00:06, 41.47it/s] 60%|██████    | 390/645 [00:09<00:06, 40.98it/s] 57%|█████▋    | 367/645 [00:09<00:07, 39.61it/s] 61%|██████    | 394/645 [00:09<00:06, 41.46it/s] 57%|█████▋    | 365/645 [00:09<00:06, 41.38it/s] 58%|█████▊    | 371/645 [00:09<00:06, 39.65it/s] 61%|██████    | 395/645 [00:09<00:06, 40.99it/s] 62%|██████▏   | 399/645 [00:09<00:05, 41.51it/s] 57%|█████▋    | 370/645 [00:09<00:06, 41.46it/s] 58%|█████▊    | 375/645 [00:09<00:06, 39.71it/s] 62%|██████▏   | 400/645 [00:09<00:05, 41.00it/s] 63%|██████▎   | 404/645 [00:09<00:05, 41.50it/s] 58%|█████▊    | 375/645 [00:09<00:06, 41.43it/s] 59%|█████▉    | 379/645 [00:09<00:06, 39.77it/s] 63%|██████▎   | 405/645 [00:10<00:05, 40.92it/s] 63%|██████▎   | 409/645 [00:10<00:05, 41.60it/s] 59%|█████▉    | 380/645 [00:09<00:06, 41.43it/s] 59%|█████▉    | 383/645 [00:09<00:06, 39.76it/s] 64%|██████▎   | 410/645 [00:10<00:05, 41.04it/s] 64%|██████▍   | 414/645 [00:10<00:05, 41.57it/s] 60%|██████    | 387/645 [00:09<00:06, 39.75it/s] 60%|█████▉    | 385/645 [00:09<00:06, 41.48it/s] 61%|██████    | 391/645 [00:10<00:06, 39.72it/s] 64%|██████▍   | 415/645 [00:10<00:05, 41.03it/s] 65%|██████▍   | 419/645 [00:10<00:05, 41.56it/s] 60%|██████    | 390/645 [00:09<00:06, 41.45it/s] 65%|██████▌   | 420/645 [00:10<00:05, 41.02it/s] 61%|██████▏   | 396/645 [00:10<00:06, 39.81it/s] 66%|██████▌   | 424/645 [00:10<00:05, 41.53it/s] 61%|██████    | 395/645 [00:09<00:06, 41.44it/s] 62%|██████▏   | 400/645 [00:10<00:06, 39.80it/s] 66%|██████▌   | 425/645 [00:10<00:05, 41.15it/s] 67%|██████▋   | 429/645 [00:10<00:05, 41.57it/s] 62%|██████▏   | 400/645 [00:09<00:05, 41.52it/s] 63%|██████▎   | 404/645 [00:10<00:06, 39.83it/s] 67%|██████▋   | 430/645 [00:10<00:05, 41.09it/s] 67%|██████▋   | 434/645 [00:10<00:05, 41.54it/s] 63%|██████▎   | 405/645 [00:09<00:05, 41.47it/s] 63%|██████▎   | 408/645 [00:10<00:05, 39.80it/s] 67%|██████▋   | 435/645 [00:10<00:05, 41.09it/s] 68%|██████▊   | 439/645 [00:10<00:04, 41.61it/s] 64%|██████▎   | 410/645 [00:10<00:05, 41.52it/s] 64%|██████▍   | 413/645 [00:10<00:05, 39.87it/s] 68%|██████▊   | 440/645 [00:10<00:04, 41.21it/s] 69%|██████▉   | 444/645 [00:10<00:04, 41.61it/s] 64%|██████▍   | 415/645 [00:10<00:05, 41.71it/s] 65%|██████▍   | 417/645 [00:10<00:05, 39.79it/s] 69%|██████▉   | 445/645 [00:11<00:04, 41.15it/s] 70%|██████▉   | 449/645 [00:11<00:04, 41.62it/s] 65%|██████▌   | 420/645 [00:10<00:05, 41.64it/s] 65%|██████▌   | 421/645 [00:10<00:05, 39.77it/s] 70%|██████▉   | 450/645 [00:11<00:04, 41.10it/s] 66%|██████▌   | 425/645 [00:10<00:05, 39.79it/s] 70%|███████   | 454/645 [00:11<00:04, 41.69it/s] 66%|██████▌   | 425/645 [00:10<00:05, 41.68it/s] 67%|██████▋   | 429/645 [00:10<00:05, 39.77it/s] 71%|███████   | 455/645 [00:11<00:04, 41.12it/s] 71%|███████   | 459/645 [00:11<00:04, 41.61it/s] 67%|██████▋   | 430/645 [00:10<00:05, 41.69it/s] 67%|██████▋   | 433/645 [00:11<00:05, 39.74it/s] 71%|███████▏  | 460/645 [00:11<00:04, 41.10it/s] 72%|███████▏  | 464/645 [00:11<00:04, 41.61it/s] 67%|██████▋   | 435/645 [00:10<00:05, 41.60it/s] 68%|██████▊   | 437/645 [00:11<00:05, 39.74it/s] 73%|███████▎  | 469/645 [00:11<00:04, 41.68it/s] 72%|███████▏  | 465/645 [00:11<00:04, 41.08it/s] 68%|██████▊   | 440/645 [00:10<00:04, 41.57it/s] 68%|██████▊   | 441/645 [00:11<00:05, 39.81it/s] 73%|███████▎  | 474/645 [00:11<00:04, 41.56it/s] 73%|███████▎  | 470/645 [00:11<00:04, 41.08it/s] 69%|██████▉   | 445/645 [00:10<00:04, 41.53it/s] 69%|██████▉   | 445/645 [00:11<00:05, 39.71it/s] 70%|██████▉   | 449/645 [00:11<00:04, 39.68it/s] 74%|███████▍  | 479/645 [00:11<00:03, 41.52it/s] 74%|███████▎  | 475/645 [00:11<00:04, 41.00it/s] 70%|██████▉   | 450/645 [00:11<00:04, 41.48it/s] 70%|███████   | 453/645 [00:11<00:04, 39.66it/s] 75%|███████▌  | 484/645 [00:11<00:03, 41.58it/s] 74%|███████▍  | 480/645 [00:11<00:04, 40.95it/s] 71%|███████   | 455/645 [00:11<00:04, 41.43it/s] 71%|███████   | 457/645 [00:11<00:04, 39.74it/s] 76%|███████▌  | 489/645 [00:11<00:03, 41.54it/s] 75%|███████▌  | 485/645 [00:12<00:03, 40.99it/s] 71%|███████▏  | 460/645 [00:11<00:04, 41.45it/s] 71%|███████▏  | 461/645 [00:11<00:04, 39.70it/s] 77%|███████▋  | 494/645 [00:12<00:03, 41.60it/s] 72%|███████▏  | 465/645 [00:11<00:04, 41.37it/s] 76%|███████▌  | 490/645 [00:12<00:03, 40.90it/s] 72%|███████▏  | 465/645 [00:11<00:04, 39.72it/s] 77%|███████▋  | 499/645 [00:12<00:03, 41.65it/s] 73%|███████▎  | 470/645 [00:11<00:04, 41.34it/s] 77%|███████▋  | 495/645 [00:12<00:03, 40.93it/s] 73%|███████▎  | 469/645 [00:11<00:04, 39.72it/s] 78%|███████▊  | 504/645 [00:12<00:03, 41.57it/s] 73%|███████▎  | 473/645 [00:12<00:04, 39.79it/s] 74%|███████▎  | 475/645 [00:11<00:04, 41.39it/s] 78%|███████▊  | 500/645 [00:12<00:03, 41.02it/s] 74%|███████▍  | 477/645 [00:12<00:04, 39.71it/s] 79%|███████▉  | 509/645 [00:12<00:03, 41.53it/s] 74%|███████▍  | 480/645 [00:11<00:04, 41.23it/s] 78%|███████▊  | 505/645 [00:12<00:03, 40.84it/s] 75%|███████▍  | 481/645 [00:12<00:04, 39.66it/s] 80%|███████▉  | 514/645 [00:12<00:03, 41.70it/s] 75%|███████▌  | 485/645 [00:11<00:03, 41.25it/s] 79%|███████▉  | 510/645 [00:12<00:03, 40.86it/s] 75%|███████▌  | 485/645 [00:12<00:04, 39.66it/s] 80%|████████  | 519/645 [00:12<00:03, 41.66it/s] 76%|███████▌  | 490/645 [00:12<00:03, 41.23it/s] 80%|███████▉  | 515/645 [00:12<00:03, 40.93it/s] 76%|███████▌  | 490/645 [00:12<00:03, 39.79it/s] 81%|████████  | 524/645 [00:12<00:02, 41.66it/s] 77%|███████▋  | 495/645 [00:12<00:03, 41.41it/s] 81%|████████  | 520/645 [00:12<00:03, 40.93it/s] 77%|███████▋  | 494/645 [00:12<00:03, 39.74it/s] 82%|████████▏ | 529/645 [00:12<00:02, 41.69it/s] 78%|███████▊  | 500/645 [00:12<00:03, 41.44it/s] 81%|████████▏ | 525/645 [00:12<00:02, 40.97it/s] 77%|███████▋  | 498/645 [00:12<00:03, 39.77it/s] 83%|████████▎ | 534/645 [00:13<00:02, 41.67it/s] 78%|███████▊  | 502/645 [00:12<00:03, 39.72it/s] 78%|███████▊  | 505/645 [00:12<00:03, 41.42it/s] 82%|████████▏ | 530/645 [00:13<00:02, 41.04it/s] 84%|████████▎ | 539/645 [00:13<00:02, 41.65it/s] 79%|███████▉  | 510/645 [00:12<00:03, 41.56it/s] 79%|███████▊  | 507/645 [00:12<00:03, 39.83it/s] 83%|████████▎ | 535/645 [00:13<00:02, 41.04it/s] 79%|███████▉  | 511/645 [00:13<00:03, 39.79it/s] 84%|████████▍ | 544/645 [00:13<00:02, 41.61it/s] 80%|███████▉  | 515/645 [00:12<00:03, 41.55it/s] 84%|████████▎ | 540/645 [00:13<00:02, 41.06it/s] 80%|███████▉  | 515/645 [00:13<00:03, 39.76it/s] 85%|████████▌ | 549/645 [00:13<00:02, 41.67it/s] 81%|████████  | 520/645 [00:12<00:03, 41.59it/s] 84%|████████▍ | 545/645 [00:13<00:02, 41.04it/s] 80%|████████  | 519/645 [00:13<00:03, 39.82it/s] 86%|████████▌ | 554/645 [00:13<00:02, 41.66it/s] 81%|████████▏ | 525/645 [00:12<00:02, 41.67it/s] 85%|████████▌ | 550/645 [00:13<00:02, 41.09it/s] 81%|████████  | 523/645 [00:13<00:03, 39.78it/s] 87%|████████▋ | 559/645 [00:13<00:02, 41.65it/s] 82%|████████▏ | 530/645 [00:12<00:02, 41.60it/s] 86%|████████▌ | 555/645 [00:13<00:02, 41.09it/s] 82%|████████▏ | 527/645 [00:13<00:02, 39.78it/s] 87%|████████▋ | 564/645 [00:13<00:01, 41.70it/s] 83%|████████▎ | 535/645 [00:13<00:02, 41.54it/s] 82%|████████▏ | 531/645 [00:13<00:02, 39.77it/s] 87%|████████▋ | 560/645 [00:13<00:02, 41.05it/s] 88%|████████▊ | 569/645 [00:13<00:01, 41.58it/s] 83%|████████▎ | 535/645 [00:13<00:02, 39.78it/s] 84%|████████▎ | 540/645 [00:13<00:02, 41.58it/s] 88%|████████▊ | 565/645 [00:13<00:01, 41.10it/s] 84%|████████▎ | 539/645 [00:13<00:02, 39.66it/s] 89%|████████▉ | 574/645 [00:14<00:01, 41.39it/s] 84%|████████▍ | 545/645 [00:13<00:02, 41.46it/s] 88%|████████▊ | 570/645 [00:14<00:01, 41.01it/s] 84%|████████▍ | 543/645 [00:13<00:02, 39.51it/s] 90%|████████▉ | 579/645 [00:14<00:01, 41.29it/s] 85%|████████▌ | 550/645 [00:13<00:02, 41.36it/s] 89%|████████▉ | 575/645 [00:14<00:01, 40.86it/s] 85%|████████▍ | 547/645 [00:13<00:02, 39.47it/s] 91%|█████████ | 584/645 [00:14<00:01, 41.30it/s] 86%|████████▌ | 555/645 [00:13<00:02, 41.37it/s] 90%|████████▉ | 580/645 [00:14<00:01, 40.89it/s] 85%|████████▌ | 551/645 [00:14<00:02, 39.58it/s] 91%|█████████▏| 589/645 [00:14<00:01, 41.30it/s] 87%|████████▋ | 560/645 [00:13<00:02, 41.29it/s] 86%|████████▌ | 555/645 [00:14<00:02, 39.55it/s] 91%|█████████ | 585/645 [00:14<00:01, 40.87it/s] 92%|█████████▏| 594/645 [00:14<00:01, 41.36it/s] 87%|████████▋ | 559/645 [00:14<00:02, 39.56it/s] 88%|████████▊ | 565/645 [00:13<00:01, 41.32it/s] 91%|█████████▏| 590/645 [00:14<00:01, 40.85it/s] 87%|████████▋ | 563/645 [00:14<00:02, 39.54it/s] 93%|█████████▎| 599/645 [00:14<00:01, 41.35it/s] 88%|████████▊ | 570/645 [00:13<00:01, 41.37it/s] 92%|█████████▏| 595/645 [00:14<00:01, 40.95it/s] 88%|████████▊ | 567/645 [00:14<00:01, 39.60it/s] 94%|█████████▎| 604/645 [00:14<00:00, 41.34it/s] 89%|████████▉ | 575/645 [00:14<00:01, 41.32it/s] 93%|█████████▎| 600/645 [00:14<00:01, 40.94it/s] 89%|████████▊ | 571/645 [00:14<00:01, 39.58it/s] 94%|█████████▍| 609/645 [00:14<00:00, 41.42it/s] 90%|████████▉ | 580/645 [00:14<00:01, 41.38it/s] 89%|████████▉ | 575/645 [00:14<00:01, 39.61it/s] 94%|█████████▍| 605/645 [00:14<00:00, 40.93it/s] 95%|█████████▌| 614/645 [00:14<00:00, 41.40it/s] 91%|█████████ | 585/645 [00:14<00:01, 41.46it/s] 90%|████████▉ | 579/645 [00:14<00:01, 39.56it/s] 95%|█████████▍| 610/645 [00:15<00:00, 41.02it/s] 96%|█████████▌| 619/645 [00:15<00:00, 41.39it/s] 90%|█████████ | 583/645 [00:14<00:01, 39.67it/s] 91%|█████████▏| 590/645 [00:14<00:01, 41.48it/s] 95%|█████████▌| 615/645 [00:15<00:00, 41.03it/s] 91%|█████████ | 587/645 [00:14<00:01, 39.57it/s] 97%|█████████▋| 624/645 [00:15<00:00, 41.45it/s] 92%|█████████▏| 595/645 [00:14<00:01, 41.50it/s] 96%|█████████▌| 620/645 [00:15<00:00, 41.02it/s] 92%|█████████▏| 591/645 [00:15<00:01, 39.61it/s] 98%|█████████▊| 629/645 [00:15<00:00, 41.39it/s] 93%|█████████▎| 600/645 [00:14<00:01, 41.55it/s] 97%|█████████▋| 625/645 [00:15<00:00, 41.14it/s] 92%|█████████▏| 595/645 [00:15<00:01, 39.58it/s] 98%|█████████▊| 634/645 [00:15<00:00, 41.42it/s] 94%|█████████▍| 605/645 [00:14<00:00, 41.53it/s] 93%|█████████▎| 599/645 [00:15<00:01, 39.59it/s] 98%|█████████▊| 630/645 [00:15<00:00, 41.10it/s] 99%|█████████▉| 639/645 [00:15<00:00, 41.23it/s] 95%|█████████▍| 610/645 [00:14<00:00, 41.34it/s] 93%|█████████▎| 603/645 [00:15<00:01, 39.46it/s] 98%|█████████▊| 635/645 [00:15<00:00, 40.97it/s]100%|█████████▉| 644/645 [00:15<00:00, 41.19it/s] 94%|█████████▍| 607/645 [00:15<00:00, 39.41it/s] 95%|█████████▌| 615/645 [00:15<00:00, 41.23it/s]100%|██████████| 645/645 [00:15<00:00, 41.00it/s]
 99%|█████████▉| 640/645 [00:15<00:00, 40.87it/s] 95%|█████████▍| 611/645 [00:15<00:00, 39.57it/s] 96%|█████████▌| 620/645 [00:15<00:00, 41.21it/s]100%|██████████| 645/645 [00:15<00:00, 41.92it/s]100%|██████████| 645/645 [00:15<00:00, 40.53it/s]
 96%|█████████▌| 616/645 [00:15<00:00, 39.72it/s] 97%|█████████▋| 625/645 [00:15<00:00, 41.29it/s] 96%|█████████▌| 620/645 [00:15<00:00, 39.73it/s] 98%|█████████▊| 630/645 [00:15<00:00, 41.29it/s] 97%|█████████▋| 624/645 [00:15<00:00, 39.69it/s] 98%|█████████▊| 635/645 [00:15<00:00, 41.40it/s] 97%|█████████▋| 628/645 [00:15<00:00, 39.74it/s] 99%|█████████▉| 640/645 [00:15<00:00, 41.43it/s] 98%|█████████▊| 632/645 [00:16<00:00, 39.72it/s]100%|██████████| 645/645 [00:15<00:00, 42.47it/s]100%|██████████| 645/645 [00:15<00:00, 40.95it/s]
 99%|█████████▊| 636/645 [00:16<00:00, 39.71it/s] 99%|█████████▉| 640/645 [00:16<00:00, 39.70it/s]100%|██████████| 645/645 [00:16<00:00, 41.01it/s]100%|██████████| 645/645 [00:16<00:00, 39.29it/s]
W1112 18:44:59.281000 237127 torch/distributed/elastic/multiprocessing/api.py:908] Sending process 237252 closing signal SIGTERM
W1112 18:44:59.284000 237127 torch/distributed/elastic/multiprocessing/api.py:908] Sending process 237253 closing signal SIGTERM
W1112 18:44:59.287000 237127 torch/distributed/elastic/multiprocessing/api.py:908] Sending process 237255 closing signal SIGTERM
E1112 18:45:00.004000 237127 torch/distributed/elastic/multiprocessing/api.py:882] failed (exitcode: -9) local_rank: 2 (pid: 237254) of binary: /home/aminmohamadi_squareup_com/.cache/hermit/pkg/python3@3.11/install/bin/python3.11
Traceback (most recent call last):
  File "/home/aminmohamadi_squareup_com/projects/.hermit/python/bin/torchrun", line 8, in <module>
    sys.exit(main())
             ^^^^^^
  File "/home/aminmohamadi_squareup_com/projects/.hermit/python/lib/python3.11/site-packages/torch/distributed/elastic/multiprocessing/errors/__init__.py", line 357, in wrapper
    return f(*args, **kwargs)
           ^^^^^^^^^^^^^^^^^^
  File "/home/aminmohamadi_squareup_com/projects/.hermit/python/lib/python3.11/site-packages/torch/distributed/run.py", line 936, in main
    run(args)
  File "/home/aminmohamadi_squareup_com/projects/.hermit/python/lib/python3.11/site-packages/torch/distributed/run.py", line 927, in run
    elastic_launch(
  File "/home/aminmohamadi_squareup_com/projects/.hermit/python/lib/python3.11/site-packages/torch/distributed/launcher/api.py", line 156, in __call__
    return launch_agent(self._config, self._entrypoint, list(args))
           ^^^^^^^^^^^^^^^^^^^^^^^^^^^^^^^^^^^^^^^^^^^^^^^^^^^^^^^^
  File "/home/aminmohamadi_squareup_com/projects/.hermit/python/lib/python3.11/site-packages/torch/distributed/launcher/api.py", line 293, in launch_agent
    raise ChildFailedError(
torch.distributed.elastic.multiprocessing.errors.ChildFailedError: 
============================================================
run.py FAILED
------------------------------------------------------------
Failures:
  <NO_OTHER_FAILURES>
------------------------------------------------------------
Root Cause (first observed failure):
[0]:
  time      : 2025-11-12_18:44:59
  host      : smallslurm-a38msp-4.c.sq-cash-ml-slurm-prod.internal
  rank      : 2 (local_rank: 2)
  exitcode  : -9 (pid: 237254)
  error_file: <N/A>
  traceback : Signal 9 (SIGKILL) received by PID 237254
============================================================
[2025-11-12T18:45:00.486] error: Detected 1 oom_kill event in StepId=14679.0. Some of the step tasks have been OOM Killed.
srun: error: smallslurm-a38msp-4: task 0: Out Of Memory

========================================================================
Training completed with exit code: 1
========================================================================
✗ FAILED: Training exited with error code 1

Checking for common issues...
Last 50 lines of output:
  4%|▍         | 25/645 [00:00<00:16, 37.80it/s]  2%|▏         | 13/645 [00:00<00:19, 31.88it/s]  4%|▎         | 24/645 [00:00<00:16, 37.84it/s]  5%|▍         | 30/645 [00:00<00:15, 38.92it/s]  0%|          | 1/645 [00:00<01:47,  5.97it/s]  3%|▎         | 18/645 [00:00<00:17, 35.02it/s]  4%|▍         | 29/645 [00:00<00:15, 39.12it/s]  1%|          | 5/645 [00:00<00:29, 21.45it/s]  5%|▌         | 35/645 [00:01<00:15, 39.66it/s]  4%|▎         | 23/645 [00:00<00:16, 36.82it/s]  5%|▌         | 34/645 [00:00<00:15, 39.94it/s]  2%|▏         | 10/645 [00:00<00:21, 29.89it/s]  4%|▍         | 27/645 [00:00<00:16, 37.70it/s]  6%|▌         | 40/645 [00:01<00:15, 40.10it/s]  6%|▌         | 39/645 [00:01<00:14, 40.45it/s]  2%|▏         | 15/645 [00:00<00:18, 33.96it/s]  5%|▍         | 32/645 [00:00<00:15, 38.48it/s]  7%|▋         | 45/645 [00:01<00:14, 40.46it/s]  7%|▋         | 44/645 [00:01<00:14, 40.86it/s]  6%|▌         | 36/645 [00:01<00:15, 38.84it/s]  3%|▎         | 20/645 [00:00<00:17, 36.21it/s]  8%|▊         | 50/645 [00:01<00:14, 40.67it/s]  8%|▊         | 49/645 [00:01<00:14, 41.20it/s]  4%|▎         | 24/645 [00:00<00:16, 37.29it/s]  6%|▋         | 41/645 [00:01<00:15, 39.26it/s]  9%|▊         | 55/645 [00:01<00:14, 40.64it/s]  8%|▊         | 54/645 [00:01<00:14, 41.35it/s]  4%|▍         | 28/645 [00:00<00:16, 37.99it/s]  7%|▋         | 45/645 [00:01<00:15, 39.36it/s]  9%|▉         | 59/645 [00:01<00:14, 41.34it/s]  9%|▉         | 60/645 [00:01<00:14, 40.48it/s]  5%|▍         | 32/645 [00:00<00:15, 38.44it/s]  8%|▊         | 49/645 [00:01<00:15, 39.43it/s] 10%|▉         | 64/645 [00:01<00:14, 41.42it/s] 10%|█         | 65/645 [00:01<00:14, 40.49it/s]  6%|▌         | 36/645 [00:01<00:15, 38.79it/s]  8%|▊         | 54/645 [00:01<00:14, 39.60it/s] 11%|█         | 69/645 [00:01<00:13, 41.33it/s]  6%|▌         | 40/645 [00:01<00:15, 39.02it/s] 11%|█         | 70/645 [00:01<00:14, 40.51it/s]  9%|▉         | 58/645 [00:01<00:14, 39.59it/s] 11%|█▏        | 74/645 [00:01<00:13, 41.44it/s] 12%|█▏        | 75/645 [00:01<00:14, 40.66it/s]  7%|▋         | 45/645 [00:01<00:15, 39.46it/s] 10%|▉         | 62/645 [00:01<00:14, 39.66it/s] 10%|█         | 66/645 [00:01<00:14, 39.66it/s] 12%|█▏        | 79/645 [00:02<00:13, 41.46it/s] 12%|█▏        | 80/645 [00:02<00:13, 40.65it/s]  8%|▊         | 50/645 [00:01<00:14, 39.92it/s] 11%|█         | 70/645 [00:01<00:14, 39.67it/s] 13%|█▎        | 84/645 [00:02<00:13, 41.29it/s]  9%|▊         | 55/645 [00:01<00:14, 40.12it/s] 13%|█▎        | 85/645 [00:02<00:13, 40.49it/s] 11%|█▏        | 74/645 [00:02<00:14, 39.67it/s] 14%|█▍        | 89/645 [00:02<00:13, 41.38it/s]  9%|▉         | 60/645 [00:01<00:14, 40.34it/s] 14%|█▍        | 90/645 [00:02<00:13, 40.40it/s] 12%|█▏        | 78/645 [00:02<00:14, 39.74it/s] 15%|█▍        | 94/645 [00:02<00:13, 41.32it/s] 10%|█         | 65/645 [00:01<00:14, 40.63it/s] 15%|█▍        | 95/645 [00:02<00:13, 40.49it/s] 13%|█▎        | 82/645 [00:02<00:14, 39.69it/s] 15%|█▌        | 99/645 [00:02<00:13, 41.44it/s] 11%|█         | 70/645 [00:01<00:14, 40.90it/s] 16%|█▌        | 100/645 [00:02<00:13, 40.69it/s] 13%|█▎        | 87/645 [00:02<00:14, 39.80it/s] 16%|█▌        | 104/645 [00:02<00:13, 41.52it/s] 12%|█▏        | 75/645 [00:01<00:13, 41.20it/s] 14%|█▍        | 91/645 [00:02<00:13, 39.79it/s] 16%|█▋        | 105/645 [00:02<00:13, 40.80it/s] 17%|█▋        | 109/645 [00:02<00:12, 41.52it/s] 15%|█▍        | 95/645 [00:02<00:13, 39.81it/s] 12%|█▏        | 80/645 [00:02<00:13, 41.33it/s] 17%|█▋        | 110/645 [00:02<00:13, 40.85it/s] 18%|█▊        | 114/645 [00:02<00:12, 41.64it/s] 16%|█▌        | 100/645 [00:02<00:13, 39.93it/s] 13%|█▎        | 85/645 [00:02<00:13, 41.44it/s] 18%|█▊        | 115/645 [00:02<00:12, 40.97it/s] 16%|█▌        | 104/645 [00:02<00:13, 39.89it/s] 18%|█▊        | 119/645 [00:03<00:12, 41.65it/s] 14%|█▍        | 90/645 [00:02<00:13, 41.54it/s] 19%|█▊        | 120/645 [00:03<00:12, 41.00it/s] 17%|█▋        | 108/645 [00:02<00:13, 39.87it/s] 19%|█▉        | 124/645 [00:03<00:12, 41.65it/s] 15%|█▍        | 95/645 [00:02<00:13, 41.41it/s] 19%|█▉        | 125/645 [00:03<00:12, 40.88it/s] 17%|█▋        | 112/645 [00:02<00:13, 39.82it/s] 20%|██        | 129/645 [00:03<00:12, 41.69it/s] 16%|█▌        | 100/645 [00:02<00:13, 41.47it/s] 20%|██        | 130/645 [00:03<00:12, 40.99it/s] 18%|█▊        | 117/645 [00:03<00:13, 39.88it/s] 21%|██        | 134/645 [00:03<00:12, 41.64it/s] 16%|█▋        | 105/645 [00:02<00:12, 41.58it/s] 21%|██        | 135/645 [00:03<00:12, 41.01it/s] 19%|█▉        | 121/645 [00:03<00:13, 39.85it/s] 22%|██▏       | 139/645 [00:03<00:12, 41.63it/s] 17%|█▋        | 110/645 [00:02<00:12, 41.57it/s] 19%|█▉        | 125/645 [00:03<00:13, 39.85it/s] 22%|██▏       | 140/645 [00:03<00:12, 41.00it/s] 22%|██▏       | 144/645 [00:03<00:12, 41.71it/s] 18%|█▊        | 115/645 [00:02<00:12, 41.63it/s] 20%|██        | 129/645 [00:03<00:12, 39.80it/s] 22%|██▏       | 145/645 [00:03<00:12, 41.07it/s] 23%|██▎       | 149/645 [00:03<00:11, 41.69it/s] 19%|█▊        | 120/645 [00:03<00:12, 41.62it/s] 21%|██        | 134/645 [00:03<00:12, 39.88it/s] 23%|██▎       | 150/645 [00:03<00:12, 41.02it/s] 24%|██▍       | 154/645 [00:03<00:11, 41.66it/s] 21%|██▏       | 138/645 [00:03<00:12, 39.88it/s] 19%|█▉        | 125/645 [00:03<00:12, 41.51it/s] 24%|██▍       | 155/645 [00:03<00:11, 40.89it/s] 22%|██▏       | 142/645 [00:03<00:12, 39.70it/s] 25%|██▍       | 159/645 [00:04<00:11, 41.46it/s] 20%|██        | 130/645 [00:03<00:12, 41.16it/s] 25%|██▍       | 160/645 [00:04<00:11, 40.65it/s] 23%|██▎       | 146/645 [00:03<00:12, 39.75it/s] 25%|██▌       | 164/645 [00:04<00:11, 41.44it/s] 21%|██        | 135/645 [00:03<00:12, 41.28it/s] 26%|██▌       | 165/645 [00:04<00:11, 40.69it/s] 23%|██▎       | 150/645 [00:03<00:12, 39.76it/s] 26%|██▌       | 169/645 [00:04<00:11, 41.50it/s] 22%|██▏       | 140/645 [00:03<00:12, 41.36it/s] 24%|██▍       | 154/645 [00:04<00:12, 39.77it/s] 26%|██▋       | 170/645 [00:04<00:11, 40.75it/s] 27%|██▋       | 174/645 [00:04<00:11, 41.55it/s] 22%|██▏       | 145/645 [00:03<00:12, 41.40it/s] 24%|██▍       | 158/645 [00:04<00:12, 39.76it/s] 27%|██▋       | 175/645 [00:04<00:11, 40.67it/s] 28%|██▊       | 179/645 [00:04<00:11, 41.14it/s] 25%|██▌       | 162/645 [00:04<00:12, 39.43it/s] 23%|██▎       | 150/645 [00:03<00:12, 40.98it/s] 28%|██▊       | 180/645 [00:04<00:11, 40.43it/s] 26%|██▌       | 166/645 [00:04<00:12, 39.52it/s] 29%|██▊       | 184/645 [00:04<00:11, 41.27it/s] 24%|██▍       | 155/645 [00:03<00:11, 41.06it/s] 29%|██▊       | 185/645 [00:04<00:11, 40.54it/s] 26%|██▋       | 170/645 [00:04<00:11, 39.64it/s] 29%|██▉       | 189/645 [00:04<00:11, 41.41it/s] 25%|██▍       | 160/645 [00:04<00:11, 41.14it/s] 29%|██▉       | 190/645 [00:04<00:11, 40.56it/s] 27%|██▋       | 174/645 [00:04<00:11, 39.64it/s] 30%|███       | 194/645 [00:04<00:10, 41.39it/s] 26%|██▌       | 165/645 [00:04<00:11, 41.19it/s] 28%|██▊       | 178/645 [00:04<00:11, 39.56it/s] 30%|███       | 195/645 [00:04<00:11, 40.42it/s] 31%|███       | 199/645 [00:04<00:10, 41.19it/s] 26%|██▋       | 170/645 [00:04<00:11, 41.13it/s] 28%|██▊       | 182/645 [00:04<00:11, 39.40it/s] 31%|███       | 200/645 [00:05<00:10, 40.49it/s] 32%|███▏      | 204/645 [00:05<00:10, 41.12it/s] 29%|██▉       | 186/645 [00:04<00:11, 39.31it/s] 27%|██▋       | 175/645 [00:04<00:11, 41.22it/s] 32%|███▏      | 205/645 [00:05<00:10, 40.73it/s] 29%|██▉       | 190/645 [00:04<00:11, 39.25it/s] 32%|███▏      | 209/645 [00:05<00:10, 41.05it/s] 28%|██▊       | 180/645 [00:04<00:11, 41.29it/s] 33%|███▎      | 210/645 [00:05<00:10, 40.82it/s] 30%|███       | 194/645 [00:05<00:11, 39.15it/s] 33%|███▎      | 214/645 [00:05<00:10, 40.80it/s] 29%|██▊       | 185/645 [00:04<00:11, 41.44it/s] 33%|███▎      | 215/645 [00:05<00:10, 40.90it/s] 31%|███       | 198/645 [00:05<00:11, 39.08it/s] 34%|███▍      | 219/645 [00:05<00:10, 40.94it/s] 29%|██▉       | 190/645 [00:04<00:10, 41.48it/s] 31%|███▏      | 202/645 [00:05<00:11, 39.32it/s] 34%|███▍      | 220/645 [00:05<00:10, 41.00it/s] 35%|███▍      | 224/645 [00:05<00:10, 41.03it/s] 30%|███       | 195/645 [00:04<00:10, 41.48it/s] 32%|███▏      | 206/645 [00:05<00:11, 39.39it/s] 35%|███▍      | 225/645 [00:05<00:10, 41.04it/s] 36%|███▌      | 229/645 [00:05<00:10, 41.09it/s] 33%|███▎      | 210/645 [00:05<00:11, 39.52it/s] 31%|███       | 200/645 [00:05<00:10, 41.59it/s] 36%|███▌      | 230/645 [00:05<00:10, 41.05it/s] 33%|███▎      | 214/645 [00:05<00:10, 39.46it/s] 36%|███▋      | 234/645 [00:05<00:09, 41.17it/s] 32%|███▏      | 205/645 [00:05<00:10, 41.55it/s] 36%|███▋      | 235/645 [00:05<00:09, 41.06it/s] 34%|███▍      | 218/645 [00:05<00:10, 39.46it/s] 37%|███▋      | 239/645 [00:05<00:09, 41.17it/s] 33%|███▎      | 210/645 [00:05<00:10, 41.46it/s] 37%|███▋      | 240/645 [00:06<00:09, 40.84it/s] 34%|███▍      | 222/645 [00:05<00:10, 39.39it/s] 38%|███▊      | 244/645 [00:06<00:09, 41.13it/s] 33%|███▎      | 215/645 [00:05<00:10, 41.26it/s] 35%|███▌      | 226/645 [00:05<00:10, 39.41it/s] 38%|███▊      | 245/645 [00:06<00:09, 40.63it/s] 39%|███▊      | 249/645 [00:06<00:09, 41.07it/s] 34%|███▍      | 220/645 [00:05<00:10, 41.17it/s] 36%|███▌      | 230/645 [00:05<00:10, 39.27it/s] 39%|███▉      | 250/645 [00:06<00:09, 40.53it/s] 39%|███▉      | 254/645 [00:06<00:09, 40.97it/s] 36%|███▋      | 234/645 [00:06<00:10, 39.17it/s] 35%|███▍      | 225/645 [00:05<00:10, 41.04it/s] 40%|███▉      | 255/645 [00:06<00:09, 40.62it/s] 37%|███▋      | 238/645 [00:06<00:10, 39.17it/s] 40%|████      | 259/645 [00:06<00:09, 40.98it/s] 36%|███▌      | 230/645 [00:05<00:10, 41.25it/s] 40%|████      | 260/645 [00:06<00:09, 40.74it/s] 38%|███▊      | 242/645 [00:06<00:10, 39.32it/s] 41%|████      | 264/645 [00:06<00:09, 41.01it/s] 36%|███▋      | 235/645 [00:05<00:09, 41.29it/s] 38%|███▊      | 246/645 [00:06<00:10, 39.29it/s] 41%|████      | 265/645 [00:06<00:09, 40.81it/s] 42%|████▏     | 269/645 [00:06<00:09, 41.12it/s] 37%|███▋      | 240/645 [00:05<00:09, 41.35it/s] 39%|███▉      | 250/645 [00:06<00:10, 39.31it/s] 42%|████▏     | 270/645 [00:06<00:09, 40.93it/s] 42%|████▏     | 274/645 [00:06<00:09, 41.12it/s] 38%|███▊      | 245/645 [00:06<00:09, 41.44it/s] 39%|███▉      | 254/645 [00:06<00:09, 39.28it/s] 43%|████▎     | 275/645 [00:06<00:09, 40.96it/s] 43%|████▎     | 279/645 [00:06<00:08, 41.10it/s] 39%|███▉      | 250/645 [00:06<00:09, 41.44it/s] 40%|████      | 258/645 [00:06<00:09, 39.40it/s] 43%|████▎     | 280/645 [00:07<00:08, 40.98it/s] 41%|████      | 262/645 [00:06<00:09, 39.42it/s] 44%|████▍     | 284/645 [00:07<00:08, 41.21it/s] 40%|███▉      | 255/645 [00:06<00:09, 41.45it/s] 44%|████▍     | 285/645 [00:07<00:08, 41.04it/s] 41%|████      | 266/645 [00:06<00:09, 39.39it/s] 45%|████▍     | 289/645 [00:07<00:08, 41.19it/s] 40%|████      | 260/645 [00:06<00:09, 41.51it/s] 42%|████▏     | 270/645 [00:06<00:09, 39.48it/s] 45%|████▍     | 290/645 [00:07<00:08, 41.01it/s] 46%|████▌     | 294/645 [00:07<00:08, 41.18it/s] 41%|████      | 265/645 [00:06<00:09, 41.45it/s] 42%|████▏     | 274/645 [00:07<00:09, 39.46it/s] 46%|████▌     | 295/645 [00:07<00:08, 40.97it/s] 46%|████▋     | 299/645 [00:07<00:08, 41.22it/s] 42%|████▏     | 270/645 [00:06<00:09, 41.47it/s] 43%|████▎     | 278/645 [00:07<00:09, 39.44it/s] 47%|████▋     | 300/645 [00:07<00:08, 41.05it/s] 43%|████▎     | 275/645 [00:06<00:08, 41.48it/s] 47%|████▋     | 304/645 [00:07<00:08, 41.19it/s] 44%|████▎     | 282/645 [00:07<00:09, 39.37it/s] 47%|████▋     | 305/645 [00:07<00:08, 41.03it/s] 44%|████▍     | 286/645 [00:07<00:09, 39.46it/s] 43%|████▎     | 280/645 [00:06<00:08, 41.42it/s] 48%|████▊     | 309/645 [00:07<00:08, 41.23it/s] 48%|████▊     | 310/645 [00:07<00:08, 40.96it/s] 45%|████▍     | 290/645 [00:07<00:08, 39.56it/s] 49%|████▊     | 314/645 [00:07<00:07, 41.38it/s] 44%|████▍     | 285/645 [00:07<00:08, 41.37it/s] 46%|████▌     | 294/645 [00:07<00:08, 39.65it/s] 49%|████▉     | 315/645 [00:07<00:08, 40.99it/s] 49%|████▉     | 319/645 [00:07<00:07, 41.40it/s] 45%|████▍     | 290/645 [00:07<00:08, 41.39it/s] 46%|████▌     | 298/645 [00:07<00:08, 39.68it/s] 50%|████▉     | 320/645 [00:07<00:07, 40.92it/s] 50%|█████     | 324/645 [00:08<00:07, 41.47it/s] 46%|████▌     | 295/645 [00:07<00:08, 41.37it/s] 47%|████▋     | 302/645 [00:07<00:08, 39.76it/s] 50%|█████     | 325/645 [00:08<00:07, 40.93it/s] 51%|█████     | 329/645 [00:08<00:07, 41.55it/s] 47%|████▋     | 300/645 [00:07<00:08, 41.41it/s] 47%|████▋     | 306/645 [00:07<00:08, 39.73it/s] 51%|█████     | 330/645 [00:08<00:07, 41.01it/s] 48%|████▊     | 310/645 [00:07<00:08, 39.75it/s] 52%|█████▏    | 334/645 [00:08<00:07, 41.53it/s] 47%|████▋     | 305/645 [00:07<00:08, 41.46it/s] 52%|█████▏    | 335/645 [00:08<00:07, 40.98it/s] 49%|████▊     | 314/645 [00:08<00:08, 39.73it/s] 53%|█████▎    | 339/645 [00:08<00:07, 41.56it/s] 48%|████▊     | 310/645 [00:07<00:08, 41.44it/s] 49%|████▉     | 318/645 [00:08<00:08, 39.77it/s] 53%|█████▎    | 340/645 [00:08<00:07, 40.88it/s] 53%|█████▎    | 344/645 [00:08<00:07, 41.47it/s] 49%|████▉     | 315/645 [00:07<00:07, 41.32it/s] 50%|████▉     | 322/645 [00:08<00:08, 39.67it/s] 53%|█████▎    | 345/645 [00:08<00:07, 40.98it/s] 54%|█████▍    | 349/645 [00:08<00:07, 41.48it/s] 50%|████▉     | 320/645 [00:07<00:07, 41.40it/s] 51%|█████     | 326/645 [00:08<00:08, 39.72it/s] 54%|█████▍    | 350/645 [00:08<00:07, 40.97it/s] 55%|█████▍    | 354/645 [00:08<00:07, 41.53it/s] 50%|█████     | 325/645 [00:08<00:07, 41.43it/s] 51%|█████     | 330/645 [00:08<00:07, 39.72it/s] 55%|█████▌    | 355/645 [00:08<00:07, 40.97it/s] 56%|█████▌    | 359/645 [00:08<00:06, 41.60it/s] 51%|█████     | 330/645 [00:08<00:07, 41.46it/s] 52%|█████▏    | 335/645 [00:08<00:07, 39.80it/s] 56%|█████▌    | 360/645 [00:08<00:06, 41.03it/s] 53%|█████▎    | 339/645 [00:08<00:07, 39.75it/s] 56%|█████▋    | 364/645 [00:08<00:06, 41.55it/s] 52%|█████▏    | 335/645 [00:08<00:07, 41.41it/s] 57%|█████▋    | 365/645 [00:09<00:06, 40.96it/s] 53%|█████▎    | 343/645 [00:08<00:07, 39.70it/s] 57%|█████▋    | 369/645 [00:09<00:06, 41.47it/s] 53%|█████▎    | 340/645 [00:08<00:07, 41.47it/s] 54%|█████▍    | 347/645 [00:08<00:07, 39.68it/s] 57%|█████▋    | 370/645 [00:09<00:06, 41.05it/s] 58%|█████▊    | 374/645 [00:09<00:06, 41.52it/s] 53%|█████▎    | 345/645 [00:08<00:07, 41.43it/s] 54%|█████▍    | 351/645 [00:09<00:07, 39.70it/s] 58%|█████▊    | 375/645 [00:09<00:06, 41.04it/s] 59%|█████▉    | 379/645 [00:09<00:06, 41.37it/s] 54%|█████▍    | 350/645 [00:08<00:07, 41.43it/s] 55%|█████▌    | 355/645 [00:09<00:07, 39.51it/s] 59%|█████▉    | 380/645 [00:09<00:06, 40.99it/s] 60%|█████▉    | 384/645 [00:09<00:06, 41.33it/s] 55%|█████▌    | 355/645 [00:08<00:06, 41.49it/s] 56%|█████▌    | 359/645 [00:09<00:07, 39.54it/s] 60%|█████▉    | 385/645 [00:09<00:06, 40.99it/s] 60%|██████    | 389/645 [00:09<00:06, 41.44it/s] 56%|█████▋    | 363/645 [00:09<00:07, 39.62it/s] 56%|█████▌    | 360/645 [00:08<00:06, 41.47it/s] 60%|██████    | 390/645 [00:09<00:06, 40.98it/s] 57%|█████▋    | 367/645 [00:09<00:07, 39.61it/s] 61%|██████    | 394/645 [00:09<00:06, 41.46it/s] 57%|█████▋    | 365/645 [00:09<00:06, 41.38it/s] 58%|█████▊    | 371/645 [00:09<00:06, 39.65it/s] 61%|██████    | 395/645 [00:09<00:06, 40.99it/s] 62%|██████▏   | 399/645 [00:09<00:05, 41.51it/s] 57%|█████▋    | 370/645 [00:09<00:06, 41.46it/s] 58%|█████▊    | 375/645 [00:09<00:06, 39.71it/s] 62%|██████▏   | 400/645 [00:09<00:05, 41.00it/s] 63%|██████▎   | 404/645 [00:09<00:05, 41.50it/s] 58%|█████▊    | 375/645 [00:09<00:06, 41.43it/s] 59%|█████▉    | 379/645 [00:09<00:06, 39.77it/s] 63%|██████▎   | 405/645 [00:10<00:05, 40.92it/s] 63%|██████▎   | 409/645 [00:10<00:05, 41.60it/s] 59%|█████▉    | 380/645 [00:09<00:06, 41.43it/s] 59%|█████▉    | 383/645 [00:09<00:06, 39.76it/s] 64%|██████▎   | 410/645 [00:10<00:05, 41.04it/s] 64%|██████▍   | 414/645 [00:10<00:05, 41.57it/s] 60%|██████    | 387/645 [00:09<00:06, 39.75it/s] 60%|█████▉    | 385/645 [00:09<00:06, 41.48it/s] 61%|██████    | 391/645 [00:10<00:06, 39.72it/s] 64%|██████▍   | 415/645 [00:10<00:05, 41.03it/s] 65%|██████▍   | 419/645 [00:10<00:05, 41.56it/s] 60%|██████    | 390/645 [00:09<00:06, 41.45it/s] 65%|██████▌   | 420/645 [00:10<00:05, 41.02it/s] 61%|██████▏   | 396/645 [00:10<00:06, 39.81it/s] 66%|██████▌   | 424/645 [00:10<00:05, 41.53it/s] 61%|██████    | 395/645 [00:09<00:06, 41.44it/s] 62%|██████▏   | 400/645 [00:10<00:06, 39.80it/s] 66%|██████▌   | 425/645 [00:10<00:05, 41.15it/s] 67%|██████▋   | 429/645 [00:10<00:05, 41.57it/s] 62%|██████▏   | 400/645 [00:09<00:05, 41.52it/s] 63%|██████▎   | 404/645 [00:10<00:06, 39.83it/s] 67%|██████▋   | 430/645 [00:10<00:05, 41.09it/s] 67%|██████▋   | 434/645 [00:10<00:05, 41.54it/s] 63%|██████▎   | 405/645 [00:09<00:05, 41.47it/s] 63%|██████▎   | 408/645 [00:10<00:05, 39.80it/s] 67%|██████▋   | 435/645 [00:10<00:05, 41.09it/s] 68%|██████▊   | 439/645 [00:10<00:04, 41.61it/s] 64%|██████▎   | 410/645 [00:10<00:05, 41.52it/s] 64%|██████▍   | 413/645 [00:10<00:05, 39.87it/s] 68%|██████▊   | 440/645 [00:10<00:04, 41.21it/s] 69%|██████▉   | 444/645 [00:10<00:04, 41.61it/s] 64%|██████▍   | 415/645 [00:10<00:05, 41.71it/s] 65%|██████▍   | 417/645 [00:10<00:05, 39.79it/s] 69%|██████▉   | 445/645 [00:11<00:04, 41.15it/s] 70%|██████▉   | 449/645 [00:11<00:04, 41.62it/s] 65%|██████▌   | 420/645 [00:10<00:05, 41.64it/s] 65%|██████▌   | 421/645 [00:10<00:05, 39.77it/s] 70%|██████▉   | 450/645 [00:11<00:04, 41.10it/s] 66%|██████▌   | 425/645 [00:10<00:05, 39.79it/s] 70%|███████   | 454/645 [00:11<00:04, 41.69it/s] 66%|██████▌   | 425/645 [00:10<00:05, 41.68it/s] 67%|██████▋   | 429/645 [00:10<00:05, 39.77it/s] 71%|███████   | 455/645 [00:11<00:04, 41.12it/s] 71%|███████   | 459/645 [00:11<00:04, 41.61it/s] 67%|██████▋   | 430/645 [00:10<00:05, 41.69it/s] 67%|██████▋   | 433/645 [00:11<00:05, 39.74it/s] 71%|███████▏  | 460/645 [00:11<00:04, 41.10it/s] 72%|███████▏  | 464/645 [00:11<00:04, 41.61it/s] 67%|██████▋   | 435/645 [00:10<00:05, 41.60it/s] 68%|██████▊   | 437/645 [00:11<00:05, 39.74it/s] 73%|███████▎  | 469/645 [00:11<00:04, 41.68it/s] 72%|███████▏  | 465/645 [00:11<00:04, 41.08it/s] 68%|██████▊   | 440/645 [00:10<00:04, 41.57it/s] 68%|██████▊   | 441/645 [00:11<00:05, 39.81it/s] 73%|███████▎  | 474/645 [00:11<00:04, 41.56it/s] 73%|███████▎  | 470/645 [00:11<00:04, 41.08it/s] 69%|██████▉   | 445/645 [00:10<00:04, 41.53it/s] 69%|██████▉   | 445/645 [00:11<00:05, 39.71it/s] 70%|██████▉   | 449/645 [00:11<00:04, 39.68it/s] 74%|███████▍  | 479/645 [00:11<00:03, 41.52it/s] 74%|███████▎  | 475/645 [00:11<00:04, 41.00it/s] 70%|██████▉   | 450/645 [00:11<00:04, 41.48it/s] 70%|███████   | 453/645 [00:11<00:04, 39.66it/s] 75%|███████▌  | 484/645 [00:11<00:03, 41.58it/s] 74%|███████▍  | 480/645 [00:11<00:04, 40.95it/s] 71%|███████   | 455/645 [00:11<00:04, 41.43it/s] 71%|███████   | 457/645 [00:11<00:04, 39.74it/s] 76%|███████▌  | 489/645 [00:11<00:03, 41.54it/s] 75%|███████▌  | 485/645 [00:12<00:03, 40.99it/s] 71%|███████▏  | 460/645 [00:11<00:04, 41.45it/s] 71%|███████▏  | 461/645 [00:11<00:04, 39.70it/s] 77%|███████▋  | 494/645 [00:12<00:03, 41.60it/s] 72%|███████▏  | 465/645 [00:11<00:04, 41.37it/s] 76%|███████▌  | 490/645 [00:12<00:03, 40.90it/s] 72%|███████▏  | 465/645 [00:11<00:04, 39.72it/s] 77%|███████▋  | 499/645 [00:12<00:03, 41.65it/s] 73%|███████▎  | 470/645 [00:11<00:04, 41.34it/s] 77%|███████▋  | 495/645 [00:12<00:03, 40.93it/s] 73%|███████▎  | 469/645 [00:11<00:04, 39.72it/s] 78%|███████▊  | 504/645 [00:12<00:03, 41.57it/s] 73%|███████▎  | 473/645 [00:12<00:04, 39.79it/s] 74%|███████▎  | 475/645 [00:11<00:04, 41.39it/s] 78%|███████▊  | 500/645 [00:12<00:03, 41.02it/s] 74%|███████▍  | 477/645 [00:12<00:04, 39.71it/s] 79%|███████▉  | 509/645 [00:12<00:03, 41.53it/s] 74%|███████▍  | 480/645 [00:11<00:04, 41.23it/s] 78%|███████▊  | 505/645 [00:12<00:03, 40.84it/s] 75%|███████▍  | 481/645 [00:12<00:04, 39.66it/s] 80%|███████▉  | 514/645 [00:12<00:03, 41.70it/s] 75%|███████▌  | 485/645 [00:11<00:03, 41.25it/s] 79%|███████▉  | 510/645 [00:12<00:03, 40.86it/s] 75%|███████▌  | 485/645 [00:12<00:04, 39.66it/s] 80%|████████  | 519/645 [00:12<00:03, 41.66it/s] 76%|███████▌  | 490/645 [00:12<00:03, 41.23it/s] 80%|███████▉  | 515/645 [00:12<00:03, 40.93it/s] 76%|███████▌  | 490/645 [00:12<00:03, 39.79it/s] 81%|████████  | 524/645 [00:12<00:02, 41.66it/s] 77%|███████▋  | 495/645 [00:12<00:03, 41.41it/s] 81%|████████  | 520/645 [00:12<00:03, 40.93it/s] 77%|███████▋  | 494/645 [00:12<00:03, 39.74it/s] 82%|████████▏ | 529/645 [00:12<00:02, 41.69it/s] 78%|███████▊  | 500/645 [00:12<00:03, 41.44it/s] 81%|████████▏ | 525/645 [00:12<00:02, 40.97it/s] 77%|███████▋  | 498/645 [00:12<00:03, 39.77it/s] 83%|████████▎ | 534/645 [00:13<00:02, 41.67it/s] 78%|███████▊  | 502/645 [00:12<00:03, 39.72it/s] 78%|███████▊  | 505/645 [00:12<00:03, 41.42it/s] 82%|████████▏ | 530/645 [00:13<00:02, 41.04it/s] 84%|████████▎ | 539/645 [00:13<00:02, 41.65it/s] 79%|███████▉  | 510/645 [00:12<00:03, 41.56it/s] 79%|███████▊  | 507/645 [00:12<00:03, 39.83it/s] 83%|████████▎ | 535/645 [00:13<00:02, 41.04it/s] 79%|███████▉  | 511/645 [00:13<00:03, 39.79it/s] 84%|████████▍ | 544/645 [00:13<00:02, 41.61it/s] 80%|███████▉  | 515/645 [00:12<00:03, 41.55it/s] 84%|████████▎ | 540/645 [00:13<00:02, 41.06it/s] 80%|███████▉  | 515/645 [00:13<00:03, 39.76it/s] 85%|████████▌ | 549/645 [00:13<00:02, 41.67it/s] 81%|████████  | 520/645 [00:12<00:03, 41.59it/s] 84%|████████▍ | 545/645 [00:13<00:02, 41.04it/s] 80%|████████  | 519/645 [00:13<00:03, 39.82it/s] 86%|████████▌ | 554/645 [00:13<00:02, 41.66it/s] 81%|████████▏ | 525/645 [00:12<00:02, 41.67it/s] 85%|████████▌ | 550/645 [00:13<00:02, 41.09it/s] 81%|████████  | 523/645 [00:13<00:03, 39.78it/s] 87%|████████▋ | 559/645 [00:13<00:02, 41.65it/s] 82%|████████▏ | 530/645 [00:12<00:02, 41.60it/s] 86%|████████▌ | 555/645 [00:13<00:02, 41.09it/s] 82%|████████▏ | 527/645 [00:13<00:02, 39.78it/s] 87%|████████▋ | 564/645 [00:13<00:01, 41.70it/s] 83%|████████▎ | 535/645 [00:13<00:02, 41.54it/s] 82%|████████▏ | 531/645 [00:13<00:02, 39.77it/s] 87%|████████▋ | 560/645 [00:13<00:02, 41.05it/s] 88%|████████▊ | 569/645 [00:13<00:01, 41.58it/s] 83%|████████▎ | 535/645 [00:13<00:02, 39.78it/s] 84%|████████▎ | 540/645 [00:13<00:02, 41.58it/s] 88%|████████▊ | 565/645 [00:13<00:01, 41.10it/s] 84%|████████▎ | 539/645 [00:13<00:02, 39.66it/s] 89%|████████▉ | 574/645 [00:14<00:01, 41.39it/s] 84%|████████▍ | 545/645 [00:13<00:02, 41.46it/s] 88%|████████▊ | 570/645 [00:14<00:01, 41.01it/s] 84%|████████▍ | 543/645 [00:13<00:02, 39.51it/s] 90%|████████▉ | 579/645 [00:14<00:01, 41.29it/s] 85%|████████▌ | 550/645 [00:13<00:02, 41.36it/s] 89%|████████▉ | 575/645 [00:14<00:01, 40.86it/s] 85%|████████▍ | 547/645 [00:13<00:02, 39.47it/s] 91%|█████████ | 584/645 [00:14<00:01, 41.30it/s] 86%|████████▌ | 555/645 [00:13<00:02, 41.37it/s] 90%|████████▉ | 580/645 [00:14<00:01, 40.89it/s] 85%|████████▌ | 551/645 [00:14<00:02, 39.58it/s] 91%|█████████▏| 589/645 [00:14<00:01, 41.30it/s] 87%|████████▋ | 560/645 [00:13<00:02, 41.29it/s] 86%|████████▌ | 555/645 [00:14<00:02, 39.55it/s] 91%|█████████ | 585/645 [00:14<00:01, 40.87it/s] 92%|█████████▏| 594/645 [00:14<00:01, 41.36it/s] 87%|████████▋ | 559/645 [00:14<00:02, 39.56it/s] 88%|████████▊ | 565/645 [00:13<00:01, 41.32it/s] 91%|█████████▏| 590/645 [00:14<00:01, 40.85it/s] 87%|████████▋ | 563/645 [00:14<00:02, 39.54it/s] 93%|█████████▎| 599/645 [00:14<00:01, 41.35it/s] 88%|████████▊ | 570/645 [00:13<00:01, 41.37it/s] 92%|█████████▏| 595/645 [00:14<00:01, 40.95it/s] 88%|████████▊ | 567/645 [00:14<00:01, 39.60it/s] 94%|█████████▎| 604/645 [00:14<00:00, 41.34it/s] 89%|████████▉ | 575/645 [00:14<00:01, 41.32it/s] 93%|█████████▎| 600/645 [00:14<00:01, 40.94it/s] 89%|████████▊ | 571/645 [00:14<00:01, 39.58it/s] 94%|█████████▍| 609/645 [00:14<00:00, 41.42it/s] 90%|████████▉ | 580/645 [00:14<00:01, 41.38it/s] 89%|████████▉ | 575/645 [00:14<00:01, 39.61it/s] 94%|█████████▍| 605/645 [00:14<00:00, 40.93it/s] 95%|█████████▌| 614/645 [00:14<00:00, 41.40it/s] 91%|█████████ | 585/645 [00:14<00:01, 41.46it/s] 90%|████████▉ | 579/645 [00:14<00:01, 39.56it/s] 95%|█████████▍| 610/645 [00:15<00:00, 41.02it/s] 96%|█████████▌| 619/645 [00:15<00:00, 41.39it/s] 90%|█████████ | 583/645 [00:14<00:01, 39.67it/s] 91%|█████████▏| 590/645 [00:14<00:01, 41.48it/s] 95%|█████████▌| 615/645 [00:15<00:00, 41.03it/s] 91%|█████████ | 587/645 [00:14<00:01, 39.57it/s] 97%|█████████▋| 624/645 [00:15<00:00, 41.45it/s] 92%|█████████▏| 595/645 [00:14<00:01, 41.50it/s] 96%|█████████▌| 620/645 [00:15<00:00, 41.02it/s] 92%|█████████▏| 591/645 [00:15<00:01, 39.61it/s] 98%|█████████▊| 629/645 [00:15<00:00, 41.39it/s] 93%|█████████▎| 600/645 [00:14<00:01, 41.55it/s] 97%|█████████▋| 625/645 [00:15<00:00, 41.14it/s] 92%|█████████▏| 595/645 [00:15<00:01, 39.58it/s] 98%|█████████▊| 634/645 [00:15<00:00, 41.42it/s] 94%|█████████▍| 605/645 [00:14<00:00, 41.53it/s] 93%|█████████▎| 599/645 [00:15<00:01, 39.59it/s] 98%|█████████▊| 630/645 [00:15<00:00, 41.10it/s] 99%|█████████▉| 639/645 [00:15<00:00, 41.23it/s] 95%|█████████▍| 610/645 [00:14<00:00, 41.34it/s] 93%|█████████▎| 603/645 [00:15<00:01, 39.46it/s] 98%|█████████▊| 635/645 [00:15<00:00, 40.97it/s]100%|█████████▉| 644/645 [00:15<00:00, 41.19it/s] 94%|█████████▍| 607/645 [00:15<00:00, 39.41it/s] 95%|█████████▌| 615/645 [00:15<00:00, 41.23it/s]100%|██████████| 645/645 [00:15<00:00, 41.00it/s]
 99%|█████████▉| 640/645 [00:15<00:00, 40.87it/s] 95%|█████████▍| 611/645 [00:15<00:00, 39.57it/s] 96%|█████████▌| 620/645 [00:15<00:00, 41.21it/s]100%|██████████| 645/645 [00:15<00:00, 41.92it/s]100%|██████████| 645/645 [00:15<00:00, 40.53it/s]
 96%|█████████▌| 616/645 [00:15<00:00, 39.72it/s] 97%|█████████▋| 625/645 [00:15<00:00, 41.29it/s] 96%|█████████▌| 620/645 [00:15<00:00, 39.73it/s] 98%|█████████▊| 630/645 [00:15<00:00, 41.29it/s] 97%|█████████▋| 624/645 [00:15<00:00, 39.69it/s] 98%|█████████▊| 635/645 [00:15<00:00, 41.40it/s] 97%|█████████▋| 628/645 [00:15<00:00, 39.74it/s] 99%|█████████▉| 640/645 [00:15<00:00, 41.43it/s] 98%|█████████▊| 632/645 [00:16<00:00, 39.72it/s]100%|██████████| 645/645 [00:15<00:00, 42.47it/s]100%|██████████| 645/645 [00:15<00:00, 40.95it/s]
 99%|█████████▊| 636/645 [00:16<00:00, 39.71it/s] 99%|█████████▉| 640/645 [00:16<00:00, 39.70it/s]100%|██████████| 645/645 [00:16<00:00, 41.01it/s]100%|██████████| 645/645 [00:16<00:00, 39.29it/s]
W1112 18:44:59.281000 237127 torch/distributed/elastic/multiprocessing/api.py:908] Sending process 237252 closing signal SIGTERM
W1112 18:44:59.284000 237127 torch/distributed/elastic/multiprocessing/api.py:908] Sending process 237253 closing signal SIGTERM
W1112 18:44:59.287000 237127 torch/distributed/elastic/multiprocessing/api.py:908] Sending process 237255 closing signal SIGTERM
E1112 18:45:00.004000 237127 torch/distributed/elastic/multiprocessing/api.py:882] failed (exitcode: -9) local_rank: 2 (pid: 237254) of binary: /home/aminmohamadi_squareup_com/.cache/hermit/pkg/python3@3.11/install/bin/python3.11
Traceback (most recent call last):
  File "/home/aminmohamadi_squareup_com/projects/.hermit/python/bin/torchrun", line 8, in <module>
    sys.exit(main())
             ^^^^^^
  File "/home/aminmohamadi_squareup_com/projects/.hermit/python/lib/python3.11/site-packages/torch/distributed/elastic/multiprocessing/errors/__init__.py", line 357, in wrapper
    return f(*args, **kwargs)
           ^^^^^^^^^^^^^^^^^^
  File "/home/aminmohamadi_squareup_com/projects/.hermit/python/lib/python3.11/site-packages/torch/distributed/run.py", line 936, in main
    run(args)
  File "/home/aminmohamadi_squareup_com/projects/.hermit/python/lib/python3.11/site-packages/torch/distributed/run.py", line 927, in run
    elastic_launch(
  File "/home/aminmohamadi_squareup_com/projects/.hermit/python/lib/python3.11/site-packages/torch/distributed/launcher/api.py", line 156, in __call__
    return launch_agent(self._config, self._entrypoint, list(args))
           ^^^^^^^^^^^^^^^^^^^^^^^^^^^^^^^^^^^^^^^^^^^^^^^^^^^^^^^^
  File "/home/aminmohamadi_squareup_com/projects/.hermit/python/lib/python3.11/site-packages/torch/distributed/launcher/api.py", line 293, in launch_agent
    raise ChildFailedError(
torch.distributed.elastic.multiprocessing.errors.ChildFailedError: 
============================================================
run.py FAILED
------------------------------------------------------------
Failures:
  <NO_OTHER_FAILURES>
------------------------------------------------------------
Root Cause (first observed failure):
[0]:
  time      : 2025-11-12_18:44:59
  host      : smallslurm-a38msp-4.c.sq-cash-ml-slurm-prod.internal
  rank      : 2 (local_rank: 2)
  exitcode  : -9 (pid: 237254)
  error_file: <N/A>
  traceback : Signal 9 (SIGKILL) received by PID 237254
============================================================
[2025-11-12T18:45:00.486] error: Detected 1 oom_kill event in StepId=14679.0. Some of the step tasks have been OOM Killed.
srun: error: smallslurm-a38msp-4: task 0: Out Of Memory

========================================================================
Training completed with exit code: 1
========================================================================
✗ FAILED: Training exited with error code 1

Checking for common issues...
Last 50 lines of output:
