========================================================================
Scaled Configuration Test - 4 GPUs with Linear Probe
========================================================================
Job ID: 14678
Node: smallslurm-a38msp-4
Date: Wed Nov 12 18:17:12 UTC 2025
GPUs Requested: 4
========================================================================
Configuration:
  - Data: chunk_10 to chunk_20 (11 files, 3.3M samples)
  - Features: 128 → 256 (after categorize_nan)
  - Batch size: 4096 per GPU (16384 total effective)
  - Learning rate: 2.828e-4 (scaled by sqrt(8))
  - Scaling: IQR + asinh transform
  - Linear probe: Every 5 epochs, trains for 20 epochs
========================================================================
Hermit environment /home/aminmohamadi_squareup_com/projects activated
Available GPUs:
GPU 0: NVIDIA H100 80GB HBM3 (UUID: GPU-991ce41b-b851-1ae0-0227-d179f6eb9c9b)
GPU 1: NVIDIA H100 80GB HBM3 (UUID: GPU-f301c6e7-8177-97ff-29da-36bc21077184)
GPU 2: NVIDIA H100 80GB HBM3 (UUID: GPU-f2c06ebe-618b-11b0-dc1f-e022cce52697)
GPU 3: NVIDIA H100 80GB HBM3 (UUID: GPU-f8f3d437-38c2-c06e-ce70-04df6524d42f)

Wed Nov 12 18:17:13 2025       
+-----------------------------------------------------------------------------------------+
| NVIDIA-SMI 550.90.12              Driver Version: 550.90.12      CUDA Version: 12.4     |
|-----------------------------------------+------------------------+----------------------+
| GPU  Name                 Persistence-M | Bus-Id          Disp.A | Volatile Uncorr. ECC |
| Fan  Temp   Perf          Pwr:Usage/Cap |           Memory-Usage | GPU-Util  Compute M. |
|                                         |                        |               MIG M. |
|=========================================+========================+======================|
|   0  NVIDIA H100 80GB HBM3          On  |   00000000:04:00.0 Off |                    0 |
| N/A   30C    P0             66W /  700W |       1MiB /  81559MiB |      0%      Default |
|                                         |                        |             Disabled |
+-----------------------------------------+------------------------+----------------------+
|   1  NVIDIA H100 80GB HBM3          On  |   00000000:0C:00.0 Off |                    0 |
| N/A   27C    P0             65W /  700W |       1MiB /  81559MiB |      0%      Default |
|                                         |                        |             Disabled |
+-----------------------------------------+------------------------+----------------------+
|   2  NVIDIA H100 80GB HBM3          On  |   00000000:84:00.0 Off |                    0 |
| N/A   30C    P0             68W /  700W |       1MiB /  81559MiB |      0%      Default |
|                                         |                        |             Disabled |
+-----------------------------------------+------------------------+----------------------+
|   3  NVIDIA H100 80GB HBM3          On  |   00000000:8B:00.0 Off |                    0 |
| N/A   28C    P0             65W /  700W |       1MiB /  81559MiB |      0%      Default |
|                                         |                        |             Disabled |
+-----------------------------------------+------------------------+----------------------+
                                                                                         
+-----------------------------------------------------------------------------------------+
| Processes:                                                                              |
|  GPU   GI   CI        PID   Type   Process name                              GPU Memory |
|        ID   ID                                                               Usage      |
|=========================================================================================|
|  No running processes found                                                             |
+-----------------------------------------------------------------------------------------+

========================================================================
SLURM Environment:
========================================================================
SLURM_GPUS: 4
SLURM_JOB_GPUS: 0,3,4,6
SLURM_STEP_GPUS: 
SLURM_GPUS_ON_NODE: 4
========================================================================

========================================================================
Starting 4-GPU T-JEPA training with scaled configuration...
========================================================================
/home/aminmohamadi_squareup_com/projects/.hermit/python/lib/python3.11/site-packages/torch/cuda/__init__.py:63: FutureWarning: The pynvml package is deprecated. Please install nvidia-ml-py instead. If you did not install pynvml directly, please report this to the maintainers of the package that installed pynvml for you.
  import pynvml  # type: ignore[import]
W1112 18:17:17.903000 217025 torch/distributed/run.py:803] 
W1112 18:17:17.903000 217025 torch/distributed/run.py:803] *****************************************
W1112 18:17:17.903000 217025 torch/distributed/run.py:803] Setting OMP_NUM_THREADS environment variable for each process to be 1 in default, to avoid your system being overloaded, please further tune the variable for optimal performance in your application as needed. 
W1112 18:17:17.903000 217025 torch/distributed/run.py:803] *****************************************
/home/aminmohamadi_squareup_com/projects/.hermit/python/lib/python3.11/site-packages/torch/cuda/__init__.py:63: FutureWarning: The pynvml package is deprecated. Please install nvidia-ml-py instead. If you did not install pynvml directly, please report this to the maintainers of the package that installed pynvml for you.
  import pynvml  # type: ignore[import]
/home/aminmohamadi_squareup_com/projects/.hermit/python/lib/python3.11/site-packages/torch/cuda/__init__.py:63: FutureWarning: The pynvml package is deprecated. Please install nvidia-ml-py instead. If you did not install pynvml directly, please report this to the maintainers of the package that installed pynvml for you.
  import pynvml  # type: ignore[import]
/home/aminmohamadi_squareup_com/projects/.hermit/python/lib/python3.11/site-packages/torch/cuda/__init__.py:63: FutureWarning: The pynvml package is deprecated. Please install nvidia-ml-py instead. If you did not install pynvml directly, please report this to the maintainers of the package that installed pynvml for you.
  import pynvml  # type: ignore[import]
/home/aminmohamadi_squareup_com/projects/.hermit/python/lib/python3.11/site-packages/torch/cuda/__init__.py:63: FutureWarning: The pynvml package is deprecated. Please install nvidia-ml-py instead. If you did not install pynvml directly, please report this to the maintainers of the package that installed pynvml for you.
  import pynvml  # type: ignore[import]
[idr_torch] rank=3 local_rank=3 size=4 | MASTER_ADDR=smallslurm-a38msp-4.c.sq-cash-ml-slurm-prod.internal MASTER_PORT=42489
[idr_torch] rank=1 local_rank=1 size=4 | MASTER_ADDR=smallslurm-a38msp-4.c.sq-cash-ml-slurm-prod.internal MASTER_PORT=42489
[idr_torch] rank=2 local_rank=2 size=4 | MASTER_ADDR=smallslurm-a38msp-4.c.sq-cash-ml-slurm-prod.internal MASTER_PORT=42489
[idr_torch] rank=0 local_rank=0 size=4 | MASTER_ADDR=smallslurm-a38msp-4.c.sq-cash-ml-slurm-prod.internal MASTER_PORT=42489
✓ MLflow logging configured for project: scaled_config_4gpu_test
[Distributed pre-init] RANK=0 WORLD_SIZE=4 LOCAL_RANK=0 MASTER_ADDR=smallslurm-a38msp-4.c.sq-cash-ml-slurm-prod.internal MASTER_PORT=42489
✓ MLflow logging configured for project: scaled_config_4gpu_test
[Distributed pre-init] RANK=2 WORLD_SIZE=4 LOCAL_RANK=2 MASTER_ADDR=smallslurm-a38msp-4.c.sq-cash-ml-slurm-prod.internal MASTER_PORT=42489
✓ MLflow logging configured for project: scaled_config_4gpu_test
[Distributed pre-init] RANK=1 WORLD_SIZE=4 LOCAL_RANK=1 MASTER_ADDR=smallslurm-a38msp-4.c.sq-cash-ml-slurm-prod.internal MASTER_PORT=42489
✓ MLflow logging configured for project: scaled_config_4gpu_test
[Distributed pre-init] RANK=3 WORLD_SIZE=4 LOCAL_RANK=3 MASTER_ADDR=smallslurm-a38msp-4.c.sq-cash-ml-slurm-prod.internal MASTER_PORT=42489
[Debug] idr_torch.world_size=4
[Debug] idr_torch.rank=0
[Debug] idr_torch.local_rank=0
[Debug] idr_torch.gpu_ids=['0', '3', '4', '6']
[Debug] idr_torch.cpus_per_task=64
[Distributed post-init] rank 0 / 4 | backend=nccl | current_device=0
[Debug] torch.cuda.set_device(0) called on PID 217108
[Debug] distributed_args={'world_size': 4, 'rank': 0, 'gpu': 0}
[Debug] Using parquet dataset from LocalFilesDataset
[Debug] idr_torch.world_size=4
[Debug] idr_torch.rank=2
[Debug] idr_torch.local_rank=2
[Debug] idr_torch.gpu_ids=['0', '3', '4', '6']
[Debug] idr_torch.cpus_per_task=64
[Distributed post-init] rank 2 / 4 | backend=nccl | current_device=2
[Debug] idr_torch.world_size=4
[Debug] idr_torch.rank=1[Debug] torch.cuda.set_device(2) called on PID 217110

[Debug] idr_torch.local_rank=1
[Debug] distributed_args={'world_size': 4, 'rank': 2, 'gpu': 2}
[Debug] idr_torch.gpu_ids=['0', '3', '4', '6']
[Debug] Using parquet dataset from LocalFilesDataset
[Debug] idr_torch.cpus_per_task=64
[Distributed post-init] rank 1 / 4 | backend=nccl | current_device=1
[Debug] torch.cuda.set_device(1) called on PID 217109
[Debug] distributed_args={'world_size': 4, 'rank': 1, 'gpu': 1}
[Debug] Using parquet dataset from LocalFilesDataset
[Debug] idr_torch.world_size=4
[Debug] idr_torch.rank=3
[Debug] idr_torch.local_rank=3
[Debug] idr_torch.gpu_ids=['0', '3', '4', '6']
[Debug] idr_torch.cpus_per_task=64
[Distributed post-init] rank 3 / 4 | backend=nccl | current_device=3
[Debug] torch.cuda.set_device(3) called on PID 217111
[Debug] distributed_args={'world_size': 4, 'rank': 3, 'gpu': 3}
[Debug] Using parquet dataset from LocalFilesDataset
[Debug] Parquet dataset created: N=3300000, D=256
╒═══════════════════════════════╤════════════════════════════════════════════════════════════════════════════════════════════════════════════════════════════════════════════════════════════════════════════════════════════╕
│ mock                          │ False                                                                                                                                                                                      │
├───────────────────────────────┼────────────────────────────────────────────────────────────────────────────────────────────────────────────────────────────────────────────────────────────────────────────────────────────┤
│ res_dir                       │ ./                                                                                                                                                                                         │
├───────────────────────────────┼────────────────────────────────────────────────────────────────────────────────────────────────────────────────────────────────────────────────────────────────────────────────────────────┤
│ data_path                     │ data                                                                                                                                                                                       │
├───────────────────────────────┼────────────────────────────────────────────────────────────────────────────────────────────────────────────────────────────────────────────────────────────────────────────────────────────┤
│ data_set                      │ parquet_dataset                                                                                                                                                                            │
├───────────────────────────────┼────────────────────────────────────────────────────────────────────────────────────────────────────────────────────────────────────────────────────────────────────────────────────────────┤
│ test_size_ratio               │ 0.0                                                                                                                                                                                        │
├───────────────────────────────┼────────────────────────────────────────────────────────────────────────────────────────────────────────────────────────────────────────────────────────────────────────────────────────────┤
│ val_size_ratio                │ 0.0                                                                                                                                                                                        │
├───────────────────────────────┼────────────────────────────────────────────────────────────────────────────────────────────────────────────────────────────────────────────────────────────────────────────────────────────┤
│ random_state                  │ 42                                                                                                                                                                                         │
├───────────────────────────────┼────────────────────────────────────────────────────────────────────────────────────────────────────────────────────────────────────────────────────────────────────────────────────────────┤
│ full_dataset_cuda             │ False                                                                                                                                                                                      │
├───────────────────────────────┼────────────────────────────────────────────────────────────────────────────────────────────────────────────────────────────────────────────────────────────────────────────────────────────┤
│ verbose                       │ False                                                                                                                                                                                      │
├───────────────────────────────┼────────────────────────────────────────────────────────────────────────────────────────────────────────────────────────────────────────────────────────────────────────────────────────────┤
│ use_parquet_dataset           │ True                                                                                                                                                                                       │
├───────────────────────────────┼────────────────────────────────────────────────────────────────────────────────────────────────────────────────────────────────────────────────────────────────────────────────────────────┤
│ parquet_data_dir              │ /projects/risk-tabular/general_chargebacks/202207-202407-all-positives-negative-ratio-1.0-v0/train                                                                                         │
├───────────────────────────────┼────────────────────────────────────────────────────────────────────────────────────────────────────────────────────────────────────────────────────────────────────────────────────────────┤
│ parquet_data_files            │ chunk_10.parquet,chunk_11.parquet,chunk_12.parquet,chunk_13.parquet,chunk_14.parquet,chunk_15.parquet,chunk_16.parquet,chunk_17.parquet,chunk_18.parquet,chunk_19.parquet,chunk_20.parquet │
├───────────────────────────────┼────────────────────────────────────────────────────────────────────────────────────────────────────────────────────────────────────────────────────────────────────────────────────────────┤
│ parquet_scaling_stats_file    │ /projects/risk-tabular/general_chargebacks/202207-202407-all-positives-negative-ratio-1.0-v0/train/stats_bootstrap.pq                                                                      │
├───────────────────────────────┼────────────────────────────────────────────────────────────────────────────────────────────────────────────────────────────────────────────────────────────────────────────────────────────┤
│ parquet_feature_names_file    │ /projects/risk-tabular/general_chargebacks/20240724_feature_selection/xgboost_importances_seed_1_sample_0.5.csv                                                                            │
├───────────────────────────────┼────────────────────────────────────────────────────────────────────────────────────────────────────────────────────────────────────────────────────────────────────────────────────────────┤
│ parquet_num_features          │ 128                                                                                                                                                                                        │
├───────────────────────────────┼────────────────────────────────────────────────────────────────────────────────────────────────────────────────────────────────────────────────────────────────────────────────────────────┤
│ parquet_target_col            │ target                                                                                                                                                                                     │
├───────────────────────────────┼────────────────────────────────────────────────────────────────────────────────────────────────────────────────────────────────────────────────────────────────────────────────────────────┤
│ parquet_task_type             │ binary_class                                                                                                                                                                               │
├───────────────────────────────┼────────────────────────────────────────────────────────────────────────────────────────────────────────────────────────────────────────────────────────────────────────────────────────────┤
│ parquet_id_col                │ ID                                                                                                                                                                                         │
├───────────────────────────────┼────────────────────────────────────────────────────────────────────────────────────────────────────────────────────────────────────────────────────────────────────────────────────────────┤
│ parquet_preload_data          │ True                                                                                                                                                                                       │
├───────────────────────────────┼────────────────────────────────────────────────────────────────────────────────────────────────────────────────────────────────────────────────────────────────────────────────────────────┤
│ parquet_shuffle               │ True                                                                                                                                                                                       │
├───────────────────────────────┼────────────────────────────────────────────────────────────────────────────────────────────────────────────────────────────────────────────────────────────────────────────────────────────┤
│ parquet_scaling_method        │ IQR                                                                                                                                                                                        │
├───────────────────────────────┼────────────────────────────────────────────────────────────────────────────────────────────────────────────────────────────────────────────────────────────────────────────────────────────┤
│ parquet_infill_value          │ zero                                                                                                                                                                                       │
├───────────────────────────────┼────────────────────────────────────────────────────────────────────────────────────────────────────────────────────────────────────────────────────────────────────────────────────────────┤
│ parquet_transform             │ asinh                                                                                                                                                                                      │
├───────────────────────────────┼────────────────────────────────────────────────────────────────────────────────────────────────────────────────────────────────────────────────────────────────────────────────────────────┤
│ parquet_categorize_nan        │ True                                                                                                                                                                                       │
├───────────────────────────────┼────────────────────────────────────────────────────────────────────────────────────────────────────────────────────────────────────────────────────────────────────────────────────────────┤
│ parquet_clip_min              │                                                                                                                                                                                            │
├───────────────────────────────┼────────────────────────────────────────────────────────────────────────────────────────────────────────────────────────────────────────────────────────────────────────────────────────────┤
│ parquet_clip_max              │                                                                                                                                                                                            │
├───────────────────────────────┼────────────────────────────────────────────────────────────────────────────────────────────────────────────────────────────────────────────────────────────────────────────────────────────┤
│ tag                           │                                                                                                                                                                                            │
├───────────────────────────────┼────────────────────────────────────────────────────────────────────────────────────────────────────────────────────────────────────────────────────────────────────────────────────────────┤
│ project_name                  │ scaled_config_4gpu_test                                                                                                                                                                    │
├───────────────────────────────┼────────────────────────────────────────────────────────────────────────────────────────────────────────────────────────────────────────────────────────────────────────────────────────────┤
│ test                          │ False                                                                                                                                                                                      │
├───────────────────────────────┼────────────────────────────────────────────────────────────────────────────────────────────────────────────────────────────────────────────────────────────────────────────────────────────┤
│ exp_n_runs                    │ 1                                                                                                                                                                                          │
├───────────────────────────────┼────────────────────────────────────────────────────────────────────────────────────────────────────────────────────────────────────────────────────────────────────────────────────────────┤
│ exp_device                    │                                                                                                                                                                                            │
├───────────────────────────────┼────────────────────────────────────────────────────────────────────────────────────────────────────────────────────────────────────────────────────────────────────────────────────────────┤
│ np_seed                       │ 42                                                                                                                                                                                         │
├───────────────────────────────┼────────────────────────────────────────────────────────────────────────────────────────────────────────────────────────────────────────────────────────────────────────────────────────────┤
│ torch_seed                    │ 42                                                                                                                                                                                         │
├───────────────────────────────┼────────────────────────────────────────────────────────────────────────────────────────────────────────────────────────────────────────────────────────────────────────────────────────────┤
│ random                        │ False                                                                                                                                                                                      │
├───────────────────────────────┼────────────────────────────────────────────────────────────────────────────────────────────────────────────────────────────────────────────────────────────────────────────────────────────┤
│ batch_size                    │ 4096                                                                                                                                                                                       │
├───────────────────────────────┼────────────────────────────────────────────────────────────────────────────────────────────────────────────────────────────────────────────────────────────────────────────────────────────┤
│ val_batch_size                │ -1                                                                                                                                                                                         │
├───────────────────────────────┼────────────────────────────────────────────────────────────────────────────────────────────────────────────────────────────────────────────────────────────────────────────────────────────┤
│ exp_train_total_epochs        │ 10                                                                                                                                                                                         │
├───────────────────────────────┼────────────────────────────────────────────────────────────────────────────────────────────────────────────────────────────────────────────────────────────────────────────────────────────┤
│ exp_patience                  │ 10                                                                                                                                                                                         │
├───────────────────────────────┼────────────────────────────────────────────────────────────────────────────────────────────────────────────────────────────────────────────────────────────────────────────────────────────┤
│ log_tensorboard               │ False                                                                                                                                                                                      │
├───────────────────────────────┼────────────────────────────────────────────────────────────────────────────────────────────────────────────────────────────────────────────────────────────────────────────────────────────┤
│ exp_cadence_type              │ improvement                                                                                                                                                                                │
├───────────────────────────────┼────────────────────────────────────────────────────────────────────────────────────────────────────────────────────────────────────────────────────────────────────────────────────────────┤
│ exp_cache_cadence             │ 1                                                                                                                                                                                          │
├───────────────────────────────┼────────────────────────────────────────────────────────────────────────────────────────────────────────────────────────────────────────────────────────────────────────────────────────────┤
│ exp_val_cache_cadence         │ 1                                                                                                                                                                                          │
├───────────────────────────────┼────────────────────────────────────────────────────────────────────────────────────────────────────────────────────────────────────────────────────────────────────────────────────────────┤
│ init_type                     │ kaiming                                                                                                                                                                                    │
├───────────────────────────────┼────────────────────────────────────────────────────────────────────────────────────────────────────────────────────────────────────────────────────────────────────────────────────────────┤
│ exp_scheduler                 │ True                                                                                                                                                                                       │
├───────────────────────────────┼────────────────────────────────────────────────────────────────────────────────────────────────────────────────────────────────────────────────────────────────────────────────────────────┤
│ exp_weight_decay_scheduler    │ True                                                                                                                                                                                       │
├───────────────────────────────┼────────────────────────────────────────────────────────────────────────────────────────────────────────────────────────────────────────────────────────────────────────────────────────────┤
│ exp_start_lr                  │ 0.001                                                                                                                                                                                      │
├───────────────────────────────┼────────────────────────────────────────────────────────────────────────────────────────────────────────────────────────────────────────────────────────────────────────────────────────────┤
│ exp_lr                        │ 0.0002828                                                                                                                                                                                  │
├───────────────────────────────┼────────────────────────────────────────────────────────────────────────────────────────────────────────────────────────────────────────────────────────────────────────────────────────────┤
│ exp_final_lr                  │ 0                                                                                                                                                                                          │
├───────────────────────────────┼────────────────────────────────────────────────────────────────────────────────────────────────────────────────────────────────────────────────────────────────────────────────────────────┤
│ exp_warmup                    │ 0.05                                                                                                                                                                                       │
├───────────────────────────────┼────────────────────────────────────────────────────────────────────────────────────────────────────────────────────────────────────────────────────────────────────────────────────────────┤
│ exp_weight_decay              │ 1e-05                                                                                                                                                                                      │
├───────────────────────────────┼────────────────────────────────────────────────────────────────────────────────────────────────────────────────────────────────────────────────────────────────────────────────────────────┤
│ exp_final_weight_decay        │ 0.01                                                                                                                                                                                       │
├───────────────────────────────┼────────────────────────────────────────────────────────────────────────────────────────────────────────────────────────────────────────────────────────────────────────────────────────────┤
│ exp_ipe_scale                 │ 1.0                                                                                                                                                                                        │
├───────────────────────────────┼────────────────────────────────────────────────────────────────────────────────────────────────────────────────────────────────────────────────────────────────────────────────────────────┤
│ exp_gradient_clipping         │ 1.0                                                                                                                                                                                        │
├───────────────────────────────┼────────────────────────────────────────────────────────────────────────────────────────────────────────────────────────────────────────────────────────────────────────────────────────────┤
│ mp_distributed                │ True                                                                                                                                                                                       │
├───────────────────────────────┼────────────────────────────────────────────────────────────────────────────────────────────────────────────────────────────────────────────────────────────────────────────────────────────┤
│ mp_nodes                      │ 1                                                                                                                                                                                          │
├───────────────────────────────┼────────────────────────────────────────────────────────────────────────────────────────────────────────────────────────────────────────────────────────────────────────────────────────────┤
│ mp_gpus                       │ 4                                                                                                                                                                                          │
├───────────────────────────────┼────────────────────────────────────────────────────────────────────────────────────────────────────────────────────────────────────────────────────────────────────────────────────────────┤
│ mp_nr                         │ 0                                                                                                                                                                                          │
├───────────────────────────────┼────────────────────────────────────────────────────────────────────────────────────────────────────────────────────────────────────────────────────────────────────────────────────────────┤
│ pin_memory                    │ True                                                                                                                                                                                       │
├───────────────────────────────┼────────────────────────────────────────────────────────────────────────────────────────────────────────────────────────────────────────────────────────────────────────────────────────────┤
│ using_embedding               │ False                                                                                                                                                                                      │
├───────────────────────────────┼────────────────────────────────────────────────────────────────────────────────────────────────────────────────────────────────────────────────────────────────────────────────────────────┤
│ model_dtype                   │ float32                                                                                                                                                                                    │
├───────────────────────────────┼────────────────────────────────────────────────────────────────────────────────────────────────────────────────────────────────────────────────────────────────────────────────────────────┤
│ data_loader_nprocs            │ 0                                                                                                                                                                                          │
├───────────────────────────────┼────────────────────────────────────────────────────────────────────────────────────────────────────────────────────────────────────────────────────────────────────────────────────────────┤
│ load_from_checkpoint          │ False                                                                                                                                                                                      │
├───────────────────────────────┼────────────────────────────────────────────────────────────────────────────────────────────────────────────────────────────────────────────────────────────────────────────────────────────┤
│ load_path                     │                                                                                                                                                                                            │
├───────────────────────────────┼────────────────────────────────────────────────────────────────────────────────────────────────────────────────────────────────────────────────────────────────────────────────────────────┤
│ model_amp                     │ False                                                                                                                                                                                      │
├───────────────────────────────┼────────────────────────────────────────────────────────────────────────────────────────────────────────────────────────────────────────────────────────────────────────────────────────────┤
│ model_feature_type_embedding  │ True                                                                                                                                                                                       │
├───────────────────────────────┼────────────────────────────────────────────────────────────────────────────────────────────────────────────────────────────────────────────────────────────────────────────────────────────┤
│ model_feature_index_embedding │ True                                                                                                                                                                                       │
├───────────────────────────────┼────────────────────────────────────────────────────────────────────────────────────────────────────────────────────────────────────────────────────────────────────────────────────────────┤
│ model_dropout_prob            │ 0.1                                                                                                                                                                                        │
├───────────────────────────────┼────────────────────────────────────────────────────────────────────────────────────────────────────────────────────────────────────────────────────────────────────────────────────────────┤
│ model_layer_norm_eps          │ 1e-05                                                                                                                                                                                      │
├───────────────────────────────┼────────────────────────────────────────────────────────────────────────────────────────────────────────────────────────────────────────────────────────────────────────────────────────────┤
│ model_dim_hidden              │ 64                                                                                                                                                                                         │
├───────────────────────────────┼────────────────────────────────────────────────────────────────────────────────────────────────────────────────────────────────────────────────────────────────────────────────────────────┤
│ model_dim_feedforward         │ 256                                                                                                                                                                                        │
├───────────────────────────────┼────────────────────────────────────────────────────────────────────────────────────────────────────────────────────────────────────────────────────────────────────────────────────────────┤
│ model_num_heads               │ 4                                                                                                                                                                                          │
├───────────────────────────────┼────────────────────────────────────────────────────────────────────────────────────────────────────────────────────────────────────────────────────────────────────────────────────────────┤
│ model_num_layers              │ 4                                                                                                                                                                                          │
├───────────────────────────────┼────────────────────────────────────────────────────────────────────────────────────────────────────────────────────────────────────────────────────────────────────────────────────────────┤
│ model_ema_end                 │ 1                                                                                                                                                                                          │
├───────────────────────────────┼────────────────────────────────────────────────────────────────────────────────────────────────────────────────────────────────────────────────────────────────────────────────────────────┤
│ model_ema_start               │ 0.996                                                                                                                                                                                      │
├───────────────────────────────┼────────────────────────────────────────────────────────────────────────────────────────────────────────────────────────────────────────────────────────────────────────────────────────────┤
│ model_act_func                │ relu                                                                                                                                                                                       │
├───────────────────────────────┼────────────────────────────────────────────────────────────────────────────────────────────────────────────────────────────────────────────────────────────────────────────────────────────┤
│ probe_cadence                 │ 5                                                                                                                                                                                          │
├───────────────────────────────┼────────────────────────────────────────────────────────────────────────────────────────────────────────────────────────────────────────────────────────────────────────────────────────────┤
│ probe_model                   │ mlp                                                                                                                                                                                        │
├───────────────────────────────┼────────────────────────────────────────────────────────────────────────────────────────────────────────────────────────────────────────────────────────────────────────────────────────────┤
│ n_cls_tokens                  │ 1                                                                                                                                                                                          │
├───────────────────────────────┼────────────────────────────────────────────────────────────────────────────────────────────────────────────────────────────────────────────────────────────────────────────────────────────┤
│ n_reg_tokens                  │ 1                                                                                                                                                                                          │
├───────────────────────────────┼────────────────────────────────────────────────────────────────────────────────────────────────────────────────────────────────────────────────────────────────────────────────────────────┤
│ pred_type                     │ transformer                                                                                                                                                                                │
├───────────────────────────────┼────────────────────────────────────────────────────────────────────────────────────────────────────────────────────────────────────────────────────────────────────────────────────────────┤
│ pred_num_layers               │ 2                                                                                                                                                                                          │
├───────────────────────────────┼────────────────────────────────────────────────────────────────────────────────────────────────────────────────────────────────────────────────────────────────────────────────────────────┤
│ pred_embed_dim                │ 64                                                                                                                                                                                         │
├───────────────────────────────┼────────────────────────────────────────────────────────────────────────────────────────────────────────────────────────────────────────────────────────────────────────────────────────────┤
│ pred_num_heads                │ 4                                                                                                                                                                                          │
├───────────────────────────────┼────────────────────────────────────────────────────────────────────────────────────────────────────────────────────────────────────────────────────────────────────────────────────────────┤
│ pred_p_dropout                │ 0.1                                                                                                                                                                                        │
├───────────────────────────────┼────────────────────────────────────────────────────────────────────────────────────────────────────────────────────────────────────────────────────────────────────────────────────────────┤
│ pred_layer_norm_eps           │ 1e-05                                                                                                                                                                                      │
├───────────────────────────────┼────────────────────────────────────────────────────────────────────────────────────────────────────────────────────────────────────────────────────────────────────────────────────────────┤
│ pred_activation               │ relu                                                                                                                                                                                       │
├───────────────────────────────┼────────────────────────────────────────────────────────────────────────────────────────────────────────────────────────────────────────────────────────────────────────────────────────────┤
│ pred_dim_feedforward          │ 256                                                                                                                                                                                        │
├───────────────────────────────┼────────────────────────────────────────────────────────────────────────────────────────────────────────────────────────────────────────────────────────────────────────────────────────────┤
│ mask_allow_overlap            │ False                                                                                                                                                                                      │
├───────────────────────────────┼────────────────────────────────────────────────────────────────────────────────────────────────────────────────────────────────────────────────────────────────────────────────────────────┤
│ mask_min_ctx_share            │ 0.2                                                                                                                                                                                        │
├───────────────────────────────┼────────────────────────────────────────────────────────────────────────────────────────────────────────────────────────────────────────────────────────────────────────────────────────────┤
│ mask_max_ctx_share            │ 0.4                                                                                                                                                                                        │
├───────────────────────────────┼────────────────────────────────────────────────────────────────────────────────────────────────────────────────────────────────────────────────────────────────────────────────────────────┤
│ mask_min_trgt_share           │ 0.2                                                                                                                                                                                        │
├───────────────────────────────┼────────────────────────────────────────────────────────────────────────────────────────────────────────────────────────────────────────────────────────────────────────────────────────────┤
│ mask_max_trgt_share           │ 0.4                                                                                                                                                                                        │
├───────────────────────────────┼────────────────────────────────────────────────────────────────────────────────────────────────────────────────────────────────────────────────────────────────────────────────────────────┤
│ mask_num_preds                │ 4                                                                                                                                                                                          │
├───────────────────────────────┼────────────────────────────────────────────────────────────────────────────────────────────────────────────────────────────────────────────────────────────────────────────────────────────┤
│ mask_num_encs                 │ 1                                                                                                                                                                                          │
├───────────────────────────────┼────────────────────────────────────────────────────────────────────────────────────────────────────────────────────────────────────────────────────────────────────────────────────────────┤
│ optuna_study_name             │                                                                                                                                                                                            │
├───────────────────────────────┼────────────────────────────────────────────────────────────────────────────────────────────────────────────────────────────────────────────────────────────────────────────────────────────┤
│ optuna_trial_number           │                                                                                                                                                                                            │
├───────────────────────────────┼────────────────────────────────────────────────────────────────────────────────────────────────────────────────────────────────────────────────────────────────────────────────────────────┤
│ optuna_output_dir             │                                                                                                                                                                                            │
├───────────────────────────────┼────────────────────────────────────────────────────────────────────────────────────────────────────────────────────────────────────────────────────────────────────────────────────────────┤
│ is_batchlearning              │ True                                                                                                                                                                                       │
├───────────────────────────────┼────────────────────────────────────────────────────────────────────────────────────────────────────────────────────────────────────────────────────────────────────────────────────────────┤
│ iteration                     │ 0                                                                                                                                                                                          │
╘═══════════════════════════════╧════════════════════════════════════════════════════════════════════════════════════════════════════════════════════════════════════════════════════════════════════════════════════════════╛
[Debug] Loading dataset …
[Debug] Parquet dataset ready (preprocessing handled by LocalFilesDataset)
Encoder Module parameters:
+-------------------+--------------------------------------------------------------------------------------------------------------------------------------------------------------------------------------------------------------------------------------------------------------------------------------------------------------------------------------------------------------------------------------------------------------------------------------------------------------------------------------------------------------------------------------------------------------------------------------------------------------------------------------------------------------------------------------------------------------------------------------------------------------------------------------------------------------------------------------------------------------------------------------------------------------------------------------------------------------------------------------------------------------------------------------------------------------------------------------------------------------------------------------------------------------------------------------------------------------------+
|     Parameter     |                                                                                                                                                                                                                                                                                                                                                                                                                                                                                                                                                                                                       Value                                                                                                                                                                                                                                                                                                                                                                                                                                                                                                                                                                                                        |
+-------------------+--------------------------------------------------------------------------------------------------------------------------------------------------------------------------------------------------------------------------------------------------------------------------------------------------------------------------------------------------------------------------------------------------------------------------------------------------------------------------------------------------------------------------------------------------------------------------------------------------------------------------------------------------------------------------------------------------------------------------------------------------------------------------------------------------------------------------------------------------------------------------------------------------------------------------------------------------------------------------------------------------------------------------------------------------------------------------------------------------------------------------------------------------------------------------------------------------------------------+
|    hidden_dim     |                                                                                                                                                                                                                                                                                                                                                                                                                                                                                                                                                                                                         64                                                                                                                                                                                                                                                                                                                                                                                                                                                                                                                                                                                                         |
| idx_num_features  | [0, 1, 2, 3, 4, 5, 6, 7, 8, 9, 10, 11, 12, 13, 14, 15, 16, 17, 18, 19, 20, 21, 22, 23, 24, 25, 26, 27, 28, 29, 30, 31, 32, 33, 34, 35, 36, 37, 38, 39, 40, 41, 42, 43, 44, 45, 46, 47, 48, 49, 50, 51, 52, 53, 54, 55, 56, 57, 58, 59, 60, 61, 62, 63, 64, 65, 66, 67, 68, 69, 70, 71, 72, 73, 74, 75, 76, 77, 78, 79, 80, 81, 82, 83, 84, 85, 86, 87, 88, 89, 90, 91, 92, 93, 94, 95, 96, 97, 98, 99, 100, 101, 102, 103, 104, 105, 106, 107, 108, 109, 110, 111, 112, 113, 114, 115, 116, 117, 118, 119, 120, 121, 122, 123, 124, 125, 126, 127, 128, 129, 130, 131, 132, 133, 134, 135, 136, 137, 138, 139, 140, 141, 142, 143, 144, 145, 146, 147, 148, 149, 150, 151, 152, 153, 154, 155, 156, 157, 158, 159, 160, 161, 162, 163, 164, 165, 166, 167, 168, 169, 170, 171, 172, 173, 174, 175, 176, 177, 178, 179, 180, 181, 182, 183, 184, 185, 186, 187, 188, 189, 190, 191, 192, 193, 194, 195, 196, 197, 198, 199, 200, 201, 202, 203, 204, 205, 206, 207, 208, 209, 210, 211, 212, 213, 214, 215, 216, 217, 218, 219, 220, 221, 222, 223, 224, 225, 226, 227, 228, 229, 230, 231, 232, 233, 234, 235, 236, 237, 238, 239, 240, 241, 242, 243, 244, 245, 246, 247, 248, 249, 250, 251, 252, 253, 254, 255] |
| idx_cat_features  |                                                                                                                                                                                                                                                                                                                                                                                                                                                                                                                                                                                                         []                                                                                                                                                                                                                                                                                                                                                                                                                                                                                                                                                                                                         |
|   cardinalities   |                                                                                                                                                                                                                                                                                                                                                                                                                                                                                                                                                                                                         []                                                                                                                                                                                                                                                                                                                                                                                                                                                                                                                                                                                                         |
| n_input_features  |                                                                                                                                                                                                                                                                                                                                                                                                                                                                                                                                                                                                        256                                                                                                                                                                                                                                                                                                                                                                                                                                                                                                                                                                                                         |
|      device       |                                                                                                                                                                                                                                                                                                                                                                                                                                                                                                                                                                                                       cuda:0                                                                                                                                                                                                                                                                                                                                                                                                                                                                                                                                                                                                       |
|    num_layers     |                                                                                                                                                                                                                                                                                                                                                                                                                                                                                                                                                                                                         4                                                                                                                                                                                                                                                                                                                                                                                                                                                                                                                                                                                                          |
|     num_heads     |                                                                                                                                                                                                                                                                                                                                                                                                                                                                                                                                                                                                         4                                                                                                                                                                                                                                                                                                                                                                                                                                                                                                                                                                                                          |
|     p_dropout     |                                                                                                                                                                                                                                                                                                                                                                                                                                                                                                                                                                                                        0.1                                                                                                                                                                                                                                                                                                                                                                                                                                                                                                                                                                                                         |
|  layer_norm_eps   |                                                                                                                                                                                                                                                                                                                                                                                                                                                                                                                                                                                                       1e-05                                                                                                                                                                                                                                                                                                                                                                                                                                                                                                                                                                                                        |
| gradient_clipping |                                                                                                                                                                                                                                                                                                                                                                                                                                                                                                                                                                                                        1.0                                                                                                                                                                                                                                                                                                                                                                                                                                                                                                                                                                                                         |
|  dim_feedforward  |                                                                                                                                                                                                                                                                                                                                                                                                                                                                                                                                                                                                        256                                                                                                                                                                                                                                                                                                                                                                                                                                                                                                                                                                                                         |
+-------------------+--------------------------------------------------------------------------------------------------------------------------------------------------------------------------------------------------------------------------------------------------------------------------------------------------------------------------------------------------------------------------------------------------------------------------------------------------------------------------------------------------------------------------------------------------------------------------------------------------------------------------------------------------------------------------------------------------------------------------------------------------------------------------------------------------------------------------------------------------------------------------------------------------------------------------------------------------------------------------------------------------------------------------------------------------------------------------------------------------------------------------------------------------------------------------------------------------------------------+
Using feature index embedding (unique embedding for each column).
/home/aminmohamadi_squareup_com/projects/t-jepa-parquet-scaling/src/tjepa_transformer.py:172: UserWarning: enable_nested_tensor is True, but self.use_nested_tensor is False because encoder_layer was not TransformerEncoderLayer
  warnings.warn(
Clipping gradients to value 1.0.
Predictors Module parameters:
+-----------------+--------+
|    Parameter    | Value  |
+-----------------+--------+
|   hidden_dim    |   64   |
|  num_features   |  256   |
|   num_layers    |   2    |
|    num_heads    |   4    |
|    p_dropout    |  0.1   |
| layer_norm_eps  | 1e-05  |
|   activation    |  relu  |
| pred_embed_dim  |   64   |
|     device      | cuda:0 |
|  cardinalities  |   []   |
| dim_feedforward |  256   |
+-----------------+--------+
[Debug] Parquet dataset created: N=3300000, D=256
╒═══════════════════════════════╤════════════════════════════════════════════════════════════════════════════════════════════════════════════════════════════════════════════════════════════════════════════════════════════╕
│ mock                          │ False                                                                                                                                                                                      │
├───────────────────────────────┼────────────────────────────────────────────────────────────────────────────────────────────────────────────────────────────────────────────────────────────────────────────────────────────┤
│ res_dir                       │ ./                                                                                                                                                                                         │
├───────────────────────────────┼────────────────────────────────────────────────────────────────────────────────────────────────────────────────────────────────────────────────────────────────────────────────────────────┤
│ data_path                     │ data                                                                                                                                                                                       │
├───────────────────────────────┼────────────────────────────────────────────────────────────────────────────────────────────────────────────────────────────────────────────────────────────────────────────────────────────┤
│ data_set                      │ parquet_dataset                                                                                                                                                                            │
├───────────────────────────────┼────────────────────────────────────────────────────────────────────────────────────────────────────────────────────────────────────────────────────────────────────────────────────────────┤
│ test_size_ratio               │ 0.0                                                                                                                                                                                        │
├───────────────────────────────┼────────────────────────────────────────────────────────────────────────────────────────────────────────────────────────────────────────────────────────────────────────────────────────────┤
│ val_size_ratio                │ 0.0                                                                                                                                                                                        │
├───────────────────────────────┼────────────────────────────────────────────────────────────────────────────────────────────────────────────────────────────────────────────────────────────────────────────────────────────┤
│ random_state                  │ 42                                                                                                                                                                                         │
├───────────────────────────────┼────────────────────────────────────────────────────────────────────────────────────────────────────────────────────────────────────────────────────────────────────────────────────────────┤
│ full_dataset_cuda             │ False                                                                                                                                                                                      │
├───────────────────────────────┼────────────────────────────────────────────────────────────────────────────────────────────────────────────────────────────────────────────────────────────────────────────────────────────┤
│ verbose                       │ False                                                                                                                                                                                      │
├───────────────────────────────┼────────────────────────────────────────────────────────────────────────────────────────────────────────────────────────────────────────────────────────────────────────────────────────────┤
│ use_parquet_dataset           │ True                                                                                                                                                                                       │
├───────────────────────────────┼────────────────────────────────────────────────────────────────────────────────────────────────────────────────────────────────────────────────────────────────────────────────────────────┤
│ parquet_data_dir              │ /projects/risk-tabular/general_chargebacks/202207-202407-all-positives-negative-ratio-1.0-v0/train                                                                                         │
├───────────────────────────────┼────────────────────────────────────────────────────────────────────────────────────────────────────────────────────────────────────────────────────────────────────────────────────────────┤
│ parquet_data_files            │ chunk_10.parquet,chunk_11.parquet,chunk_12.parquet,chunk_13.parquet,chunk_14.parquet,chunk_15.parquet,chunk_16.parquet,chunk_17.parquet,chunk_18.parquet,chunk_19.parquet,chunk_20.parquet │
├───────────────────────────────┼────────────────────────────────────────────────────────────────────────────────────────────────────────────────────────────────────────────────────────────────────────────────────────────┤
│ parquet_scaling_stats_file    │ /projects/risk-tabular/general_chargebacks/202207-202407-all-positives-negative-ratio-1.0-v0/train/stats_bootstrap.pq                                                                      │
├───────────────────────────────┼────────────────────────────────────────────────────────────────────────────────────────────────────────────────────────────────────────────────────────────────────────────────────────────┤
│ parquet_feature_names_file    │ /projects/risk-tabular/general_chargebacks/20240724_feature_selection/xgboost_importances_seed_1_sample_0.5.csv                                                                            │
├───────────────────────────────┼────────────────────────────────────────────────────────────────────────────────────────────────────────────────────────────────────────────────────────────────────────────────────────────┤
│ parquet_num_features          │ 128                                                                                                                                                                                        │
├───────────────────────────────┼────────────────────────────────────────────────────────────────────────────────────────────────────────────────────────────────────────────────────────────────────────────────────────────┤
│ parquet_target_col            │ target                                                                                                                                                                                     │
├───────────────────────────────┼────────────────────────────────────────────────────────────────────────────────────────────────────────────────────────────────────────────────────────────────────────────────────────────┤
│ parquet_task_type             │ binary_class                                                                                                                                                                               │
├───────────────────────────────┼────────────────────────────────────────────────────────────────────────────────────────────────────────────────────────────────────────────────────────────────────────────────────────────┤
│ parquet_id_col                │ ID                                                                                                                                                                                         │
├───────────────────────────────┼────────────────────────────────────────────────────────────────────────────────────────────────────────────────────────────────────────────────────────────────────────────────────────────┤
│ parquet_preload_data          │ True                                                                                                                                                                                       │
├───────────────────────────────┼────────────────────────────────────────────────────────────────────────────────────────────────────────────────────────────────────────────────────────────────────────────────────────────┤
│ parquet_shuffle               │ True                                                                                                                                                                                       │
├───────────────────────────────┼────────────────────────────────────────────────────────────────────────────────────────────────────────────────────────────────────────────────────────────────────────────────────────────┤
│ parquet_scaling_method        │ IQR                                                                                                                                                                                        │
├───────────────────────────────┼────────────────────────────────────────────────────────────────────────────────────────────────────────────────────────────────────────────────────────────────────────────────────────────┤
│ parquet_infill_value          │ zero                                                                                                                                                                                       │
├───────────────────────────────┼────────────────────────────────────────────────────────────────────────────────────────────────────────────────────────────────────────────────────────────────────────────────────────────┤
│ parquet_transform             │ asinh                                                                                                                                                                                      │
├───────────────────────────────┼────────────────────────────────────────────────────────────────────────────────────────────────────────────────────────────────────────────────────────────────────────────────────────────┤
│ parquet_categorize_nan        │ True                                                                                                                                                                                       │
├───────────────────────────────┼────────────────────────────────────────────────────────────────────────────────────────────────────────────────────────────────────────────────────────────────────────────────────────────┤
│ parquet_clip_min              │                                                                                                                                                                                            │
├───────────────────────────────┼────────────────────────────────────────────────────────────────────────────────────────────────────────────────────────────────────────────────────────────────────────────────────────────┤
│ parquet_clip_max              │                                                                                                                                                                                            │
├───────────────────────────────┼────────────────────────────────────────────────────────────────────────────────────────────────────────────────────────────────────────────────────────────────────────────────────────────┤
│ tag                           │                                                                                                                                                                                            │
├───────────────────────────────┼────────────────────────────────────────────────────────────────────────────────────────────────────────────────────────────────────────────────────────────────────────────────────────────┤
│ project_name                  │ scaled_config_4gpu_test                                                                                                                                                                    │
├───────────────────────────────┼────────────────────────────────────────────────────────────────────────────────────────────────────────────────────────────────────────────────────────────────────────────────────────────┤
│ test                          │ False                                                                                                                                                                                      │
├───────────────────────────────┼────────────────────────────────────────────────────────────────────────────────────────────────────────────────────────────────────────────────────────────────────────────────────────────┤
│ exp_n_runs                    │ 1                                                                                                                                                                                          │
├───────────────────────────────┼────────────────────────────────────────────────────────────────────────────────────────────────────────────────────────────────────────────────────────────────────────────────────────────┤
│ exp_device                    │                                                                                                                                                                                            │
├───────────────────────────────┼────────────────────────────────────────────────────────────────────────────────────────────────────────────────────────────────────────────────────────────────────────────────────────────┤
│ np_seed                       │ 42                                                                                                                                                                                         │
├───────────────────────────────┼────────────────────────────────────────────────────────────────────────────────────────────────────────────────────────────────────────────────────────────────────────────────────────────┤
│ torch_seed                    │ 42                                                                                                                                                                                         │
├───────────────────────────────┼────────────────────────────────────────────────────────────────────────────────────────────────────────────────────────────────────────────────────────────────────────────────────────────┤
│ random                        │ False                                                                                                                                                                                      │
├───────────────────────────────┼────────────────────────────────────────────────────────────────────────────────────────────────────────────────────────────────────────────────────────────────────────────────────────────┤
│ batch_size                    │ 4096                                                                                                                                                                                       │
├───────────────────────────────┼────────────────────────────────────────────────────────────────────────────────────────────────────────────────────────────────────────────────────────────────────────────────────────────┤
│ val_batch_size                │ -1                                                                                                                                                                                         │
├───────────────────────────────┼────────────────────────────────────────────────────────────────────────────────────────────────────────────────────────────────────────────────────────────────────────────────────────────┤
│ exp_train_total_epochs        │ 10                                                                                                                                                                                         │
├───────────────────────────────┼────────────────────────────────────────────────────────────────────────────────────────────────────────────────────────────────────────────────────────────────────────────────────────────┤
│ exp_patience                  │ 10                                                                                                                                                                                         │
├───────────────────────────────┼────────────────────────────────────────────────────────────────────────────────────────────────────────────────────────────────────────────────────────────────────────────────────────────┤
│ log_tensorboard               │ False                                                                                                                                                                                      │
├───────────────────────────────┼────────────────────────────────────────────────────────────────────────────────────────────────────────────────────────────────────────────────────────────────────────────────────────────┤
│ exp_cadence_type              │ improvement                                                                                                                                                                                │
├───────────────────────────────┼────────────────────────────────────────────────────────────────────────────────────────────────────────────────────────────────────────────────────────────────────────────────────────────┤
│ exp_cache_cadence             │ 1                                                                                                                                                                                          │
├───────────────────────────────┼────────────────────────────────────────────────────────────────────────────────────────────────────────────────────────────────────────────────────────────────────────────────────────────┤
│ exp_val_cache_cadence         │ 1                                                                                                                                                                                          │
├───────────────────────────────┼────────────────────────────────────────────────────────────────────────────────────────────────────────────────────────────────────────────────────────────────────────────────────────────┤
│ init_type                     │ kaiming                                                                                                                                                                                    │
├───────────────────────────────┼────────────────────────────────────────────────────────────────────────────────────────────────────────────────────────────────────────────────────────────────────────────────────────────┤
│ exp_scheduler                 │ True                                                                                                                                                                                       │
├───────────────────────────────┼────────────────────────────────────────────────────────────────────────────────────────────────────────────────────────────────────────────────────────────────────────────────────────────┤
│ exp_weight_decay_scheduler    │ True                                                                                                                                                                                       │
├───────────────────────────────┼────────────────────────────────────────────────────────────────────────────────────────────────────────────────────────────────────────────────────────────────────────────────────────────┤
│ exp_start_lr                  │ 0.001                                                                                                                                                                                      │
├───────────────────────────────┼────────────────────────────────────────────────────────────────────────────────────────────────────────────────────────────────────────────────────────────────────────────────────────────┤
│ exp_lr                        │ 0.0002828                                                                                                                                                                                  │
├───────────────────────────────┼────────────────────────────────────────────────────────────────────────────────────────────────────────────────────────────────────────────────────────────────────────────────────────────┤
│ exp_final_lr                  │ 0                                                                                                                                                                                          │
├───────────────────────────────┼────────────────────────────────────────────────────────────────────────────────────────────────────────────────────────────────────────────────────────────────────────────────────────────┤
│ exp_warmup                    │ 0.05                                                                                                                                                                                       │
├───────────────────────────────┼────────────────────────────────────────────────────────────────────────────────────────────────────────────────────────────────────────────────────────────────────────────────────────────┤
│ exp_weight_decay              │ 1e-05                                                                                                                                                                                      │
├───────────────────────────────┼────────────────────────────────────────────────────────────────────────────────────────────────────────────────────────────────────────────────────────────────────────────────────────────┤
│ exp_final_weight_decay        │ 0.01                                                                                                                                                                                       │
├───────────────────────────────┼────────────────────────────────────────────────────────────────────────────────────────────────────────────────────────────────────────────────────────────────────────────────────────────┤
│ exp_ipe_scale                 │ 1.0                                                                                                                                                                                        │
├───────────────────────────────┼────────────────────────────────────────────────────────────────────────────────────────────────────────────────────────────────────────────────────────────────────────────────────────────┤
│ exp_gradient_clipping         │ 1.0                                                                                                                                                                                        │
├───────────────────────────────┼────────────────────────────────────────────────────────────────────────────────────────────────────────────────────────────────────────────────────────────────────────────────────────────┤
│ mp_distributed                │ True                                                                                                                                                                                       │
├───────────────────────────────┼────────────────────────────────────────────────────────────────────────────────────────────────────────────────────────────────────────────────────────────────────────────────────────────┤
│ mp_nodes                      │ 1                                                                                                                                                                                          │
├───────────────────────────────┼────────────────────────────────────────────────────────────────────────────────────────────────────────────────────────────────────────────────────────────────────────────────────────────┤
│ mp_gpus                       │ 4                                                                                                                                                                                          │
├───────────────────────────────┼────────────────────────────────────────────────────────────────────────────────────────────────────────────────────────────────────────────────────────────────────────────────────────────┤
│ mp_nr                         │ 0                                                                                                                                                                                          │
├───────────────────────────────┼────────────────────────────────────────────────────────────────────────────────────────────────────────────────────────────────────────────────────────────────────────────────────────────┤
│ pin_memory                    │ True                                                                                                                                                                                       │
├───────────────────────────────┼────────────────────────────────────────────────────────────────────────────────────────────────────────────────────────────────────────────────────────────────────────────────────────────┤
│ using_embedding               │ False                                                                                                                                                                                      │
├───────────────────────────────┼────────────────────────────────────────────────────────────────────────────────────────────────────────────────────────────────────────────────────────────────────────────────────────────┤
│ model_dtype                   │ float32                                                                                                                                                                                    │
├───────────────────────────────┼────────────────────────────────────────────────────────────────────────────────────────────────────────────────────────────────────────────────────────────────────────────────────────────┤
│ data_loader_nprocs            │ 0                                                                                                                                                                                          │
├───────────────────────────────┼────────────────────────────────────────────────────────────────────────────────────────────────────────────────────────────────────────────────────────────────────────────────────────────┤
│ load_from_checkpoint          │ False                                                                                                                                                                                      │
├───────────────────────────────┼────────────────────────────────────────────────────────────────────────────────────────────────────────────────────────────────────────────────────────────────────────────────────────────┤
│ load_path                     │                                                                                                                                                                                            │
├───────────────────────────────┼────────────────────────────────────────────────────────────────────────────────────────────────────────────────────────────────────────────────────────────────────────────────────────────┤
│ model_amp                     │ False                                                                                                                                                                                      │
├───────────────────────────────┼────────────────────────────────────────────────────────────────────────────────────────────────────────────────────────────────────────────────────────────────────────────────────────────┤
│ model_feature_type_embedding  │ True                                                                                                                                                                                       │
├───────────────────────────────┼────────────────────────────────────────────────────────────────────────────────────────────────────────────────────────────────────────────────────────────────────────────────────────────┤
│ model_feature_index_embedding │ True                                                                                                                                                                                       │
├───────────────────────────────┼────────────────────────────────────────────────────────────────────────────────────────────────────────────────────────────────────────────────────────────────────────────────────────────┤
│ model_dropout_prob            │ 0.1                                                                                                                                                                                        │
├───────────────────────────────┼────────────────────────────────────────────────────────────────────────────────────────────────────────────────────────────────────────────────────────────────────────────────────────────┤
│ model_layer_norm_eps          │ 1e-05                                                                                                                                                                                      │
├───────────────────────────────┼────────────────────────────────────────────────────────────────────────────────────────────────────────────────────────────────────────────────────────────────────────────────────────────┤
│ model_dim_hidden              │ 64                                                                                                                                                                                         │
├───────────────────────────────┼────────────────────────────────────────────────────────────────────────────────────────────────────────────────────────────────────────────────────────────────────────────────────────────┤
│ model_dim_feedforward         │ 256                                                                                                                                                                                        │
├───────────────────────────────┼────────────────────────────────────────────────────────────────────────────────────────────────────────────────────────────────────────────────────────────────────────────────────────────┤
│ model_num_heads               │ 4                                                                                                                                                                                          │
├───────────────────────────────┼────────────────────────────────────────────────────────────────────────────────────────────────────────────────────────────────────────────────────────────────────────────────────────────┤
│ model_num_layers              │ 4                                                                                                                                                                                          │
├───────────────────────────────┼────────────────────────────────────────────────────────────────────────────────────────────────────────────────────────────────────────────────────────────────────────────────────────────┤
│ model_ema_end                 │ 1                                                                                                                                                                                          │
├───────────────────────────────┼────────────────────────────────────────────────────────────────────────────────────────────────────────────────────────────────────────────────────────────────────────────────────────────┤
│ model_ema_start               │ 0.996                                                                                                                                                                                      │
├───────────────────────────────┼────────────────────────────────────────────────────────────────────────────────────────────────────────────────────────────────────────────────────────────────────────────────────────────┤
│ model_act_func                │ relu                                                                                                                                                                                       │
├───────────────────────────────┼────────────────────────────────────────────────────────────────────────────────────────────────────────────────────────────────────────────────────────────────────────────────────────────┤
│ probe_cadence                 │ 5                                                                                                                                                                                          │
├───────────────────────────────┼────────────────────────────────────────────────────────────────────────────────────────────────────────────────────────────────────────────────────────────────────────────────────────────┤
│ probe_model                   │ mlp                                                                                                                                                                                        │
├───────────────────────────────┼────────────────────────────────────────────────────────────────────────────────────────────────────────────────────────────────────────────────────────────────────────────────────────────┤
│ n_cls_tokens                  │ 1                                                                                                                                                                                          │
├───────────────────────────────┼────────────────────────────────────────────────────────────────────────────────────────────────────────────────────────────────────────────────────────────────────────────────────────────┤
│ n_reg_tokens                  │ 1                                                                                                                                                                                          │
├───────────────────────────────┼────────────────────────────────────────────────────────────────────────────────────────────────────────────────────────────────────────────────────────────────────────────────────────────┤
│ pred_type                     │ transformer                                                                                                                                                                                │
├───────────────────────────────┼────────────────────────────────────────────────────────────────────────────────────────────────────────────────────────────────────────────────────────────────────────────────────────────┤
│ pred_num_layers               │ 2                                                                                                                                                                                          │
├───────────────────────────────┼────────────────────────────────────────────────────────────────────────────────────────────────────────────────────────────────────────────────────────────────────────────────────────────┤
│ pred_embed_dim                │ 64                                                                                                                                                                                         │
├───────────────────────────────┼────────────────────────────────────────────────────────────────────────────────────────────────────────────────────────────────────────────────────────────────────────────────────────────┤
│ pred_num_heads                │ 4                                                                                                                                                                                          │
├───────────────────────────────┼────────────────────────────────────────────────────────────────────────────────────────────────────────────────────────────────────────────────────────────────────────────────────────────┤
│ pred_p_dropout                │ 0.1                                                                                                                                                                                        │
├───────────────────────────────┼────────────────────────────────────────────────────────────────────────────────────────────────────────────────────────────────────────────────────────────────────────────────────────────┤
│ pred_layer_norm_eps           │ 1e-05                                                                                                                                                                                      │
├───────────────────────────────┼────────────────────────────────────────────────────────────────────────────────────────────────────────────────────────────────────────────────────────────────────────────────────────────┤
│ pred_activation               │ relu                                                                                                                                                                                       │
├───────────────────────────────┼────────────────────────────────────────────────────────────────────────────────────────────────────────────────────────────────────────────────────────────────────────────────────────────┤
│ pred_dim_feedforward          │ 256                                                                                                                                                                                        │
├───────────────────────────────┼────────────────────────────────────────────────────────────────────────────────────────────────────────────────────────────────────────────────────────────────────────────────────────────┤
│ mask_allow_overlap            │ False                                                                                                                                                                                      │
├───────────────────────────────┼────────────────────────────────────────────────────────────────────────────────────────────────────────────────────────────────────────────────────────────────────────────────────────────┤
│ mask_min_ctx_share            │ 0.2                                                                                                                                                                                        │
├───────────────────────────────┼────────────────────────────────────────────────────────────────────────────────────────────────────────────────────────────────────────────────────────────────────────────────────────────┤
│ mask_max_ctx_share            │ 0.4                                                                                                                                                                                        │
├───────────────────────────────┼────────────────────────────────────────────────────────────────────────────────────────────────────────────────────────────────────────────────────────────────────────────────────────────┤
│ mask_min_trgt_share           │ 0.2                                                                                                                                                                                        │
├───────────────────────────────┼────────────────────────────────────────────────────────────────────────────────────────────────────────────────────────────────────────────────────────────────────────────────────────────┤
│ mask_max_trgt_share           │ 0.4                                                                                                                                                                                        │
├───────────────────────────────┼────────────────────────────────────────────────────────────────────────────────────────────────────────────────────────────────────────────────────────────────────────────────────────────┤
│ mask_num_preds                │ 4                                                                                                                                                                                          │
├───────────────────────────────┼────────────────────────────────────────────────────────────────────────────────────────────────────────────────────────────────────────────────────────────────────────────────────────────┤
│ mask_num_encs                 │ 1                                                                                                                                                                                          │
├───────────────────────────────┼────────────────────────────────────────────────────────────────────────────────────────────────────────────────────────────────────────────────────────────────────────────────────────────┤
│ optuna_study_name             │                                                                                                                                                                                            │
├───────────────────────────────┼────────────────────────────────────────────────────────────────────────────────────────────────────────────────────────────────────────────────────────────────────────────────────────────┤
│ optuna_trial_number           │                                                                                                                                                                                            │
├───────────────────────────────┼────────────────────────────────────────────────────────────────────────────────────────────────────────────────────────────────────────────────────────────────────────────────────────────┤
│ optuna_output_dir             │                                                                                                                                                                                            │
├───────────────────────────────┼────────────────────────────────────────────────────────────────────────────────────────────────────────────────────────────────────────────────────────────────────────────────────────────┤
│ is_batchlearning              │ True                                                                                                                                                                                       │
├───────────────────────────────┼────────────────────────────────────────────────────────────────────────────────────────────────────────────────────────────────────────────────────────────────────────────────────────────┤
│ iteration                     │ 0                                                                                                                                                                                          │
╘═══════════════════════════════╧════════════════════════════════════════════════════════════════════════════════════════════════════════════════════════════════════════════════════════════════════════════════════════════╛
[Debug] Loading dataset …
[Debug] Parquet dataset ready (preprocessing handled by LocalFilesDataset)
Encoder Module parameters:
+-------------------+--------------------------------------------------------------------------------------------------------------------------------------------------------------------------------------------------------------------------------------------------------------------------------------------------------------------------------------------------------------------------------------------------------------------------------------------------------------------------------------------------------------------------------------------------------------------------------------------------------------------------------------------------------------------------------------------------------------------------------------------------------------------------------------------------------------------------------------------------------------------------------------------------------------------------------------------------------------------------------------------------------------------------------------------------------------------------------------------------------------------------------------------------------------------------------------------------------------------+
|     Parameter     |                                                                                                                                                                                                                                                                                                                                                                                                                                                                                                                                                                                                       Value                                                                                                                                                                                                                                                                                                                                                                                                                                                                                                                                                                                                        |
+-------------------+--------------------------------------------------------------------------------------------------------------------------------------------------------------------------------------------------------------------------------------------------------------------------------------------------------------------------------------------------------------------------------------------------------------------------------------------------------------------------------------------------------------------------------------------------------------------------------------------------------------------------------------------------------------------------------------------------------------------------------------------------------------------------------------------------------------------------------------------------------------------------------------------------------------------------------------------------------------------------------------------------------------------------------------------------------------------------------------------------------------------------------------------------------------------------------------------------------------------+
|    hidden_dim     |                                                                                                                                                                                                                                                                                                                                                                                                                                                                                                                                                                                                         64                                                                                                                                                                                                                                                                                                                                                                                                                                                                                                                                                                                                         |
| idx_num_features  | [0, 1, 2, 3, 4, 5, 6, 7, 8, 9, 10, 11, 12, 13, 14, 15, 16, 17, 18, 19, 20, 21, 22, 23, 24, 25, 26, 27, 28, 29, 30, 31, 32, 33, 34, 35, 36, 37, 38, 39, 40, 41, 42, 43, 44, 45, 46, 47, 48, 49, 50, 51, 52, 53, 54, 55, 56, 57, 58, 59, 60, 61, 62, 63, 64, 65, 66, 67, 68, 69, 70, 71, 72, 73, 74, 75, 76, 77, 78, 79, 80, 81, 82, 83, 84, 85, 86, 87, 88, 89, 90, 91, 92, 93, 94, 95, 96, 97, 98, 99, 100, 101, 102, 103, 104, 105, 106, 107, 108, 109, 110, 111, 112, 113, 114, 115, 116, 117, 118, 119, 120, 121, 122, 123, 124, 125, 126, 127, 128, 129, 130, 131, 132, 133, 134, 135, 136, 137, 138, 139, 140, 141, 142, 143, 144, 145, 146, 147, 148, 149, 150, 151, 152, 153, 154, 155, 156, 157, 158, 159, 160, 161, 162, 163, 164, 165, 166, 167, 168, 169, 170, 171, 172, 173, 174, 175, 176, 177, 178, 179, 180, 181, 182, 183, 184, 185, 186, 187, 188, 189, 190, 191, 192, 193, 194, 195, 196, 197, 198, 199, 200, 201, 202, 203, 204, 205, 206, 207, 208, 209, 210, 211, 212, 213, 214, 215, 216, 217, 218, 219, 220, 221, 222, 223, 224, 225, 226, 227, 228, 229, 230, 231, 232, 233, 234, 235, 236, 237, 238, 239, 240, 241, 242, 243, 244, 245, 246, 247, 248, 249, 250, 251, 252, 253, 254, 255] |
| idx_cat_features  |                                                                                                                                                                                                                                                                                                                                                                                                                                                                                                                                                                                                         []                                                                                                                                                                                                                                                                                                                                                                                                                                                                                                                                                                                                         |
|   cardinalities   |                                                                                                                                                                                                                                                                                                                                                                                                                                                                                                                                                                                                         []                                                                                                                                                                                                                                                                                                                                                                                                                                                                                                                                                                                                         |
| n_input_features  |                                                                                                                                                                                                                                                                                                                                                                                                                                                                                                                                                                                                        256                                                                                                                                                                                                                                                                                                                                                                                                                                                                                                                                                                                                         |
|      device       |                                                                                                                                                                                                                                                                                                                                                                                                                                                                                                                                                                                                       cuda:3                                                                                                                                                                                                                                                                                                                                                                                                                                                                                                                                                                                                       |
|    num_layers     |                                                                                                                                                                                                                                                                                                                                                                                                                                                                                                                                                                                                         4                                                                                                                                                                                                                                                                                                                                                                                                                                                                                                                                                                                                          |
|     num_heads     |                                                                                                                                                                                                                                                                                                                                                                                                                                                                                                                                                                                                         4                                                                                                                                                                                                                                                                                                                                                                                                                                                                                                                                                                                                          |
|     p_dropout     |                                                                                                                                                                                                                                                                                                                                                                                                                                                                                                                                                                                                        0.1                                                                                                                                                                                                                                                                                                                                                                                                                                                                                                                                                                                                         |
|  layer_norm_eps   |                                                                                                                                                                                                                                                                                                                                                                                                                                                                                                                                                                                                       1e-05                                                                                                                                                                                                                                                                                                                                                                                                                                                                                                                                                                                                        |
| gradient_clipping |                                                                                                                                                                                                                                                                                                                                                                                                                                                                                                                                                                                                        1.0                                                                                                                                                                                                                                                                                                                                                                                                                                                                                                                                                                                                         |
|  dim_feedforward  |                                                                                                                                                                                                                                                                                                                                                                                                                                                                                                                                                                                                        256                                                                                                                                                                                                                                                                                                                                                                                                                                                                                                                                                                                                         |
+-------------------+--------------------------------------------------------------------------------------------------------------------------------------------------------------------------------------------------------------------------------------------------------------------------------------------------------------------------------------------------------------------------------------------------------------------------------------------------------------------------------------------------------------------------------------------------------------------------------------------------------------------------------------------------------------------------------------------------------------------------------------------------------------------------------------------------------------------------------------------------------------------------------------------------------------------------------------------------------------------------------------------------------------------------------------------------------------------------------------------------------------------------------------------------------------------------------------------------------------------+
Using feature index embedding (unique embedding for each column).
/home/aminmohamadi_squareup_com/projects/t-jepa-parquet-scaling/src/tjepa_transformer.py:172: UserWarning: enable_nested_tensor is True, but self.use_nested_tensor is False because encoder_layer was not TransformerEncoderLayer
  warnings.warn(
Clipping gradients to value 1.0.
Predictors Module parameters:
+-----------------+--------+
|    Parameter    | Value  |
+-----------------+--------+
|   hidden_dim    |   64   |
|  num_features   |  256   |
|   num_layers    |   2    |
|    num_heads    |   4    |
|    p_dropout    |  0.1   |
| layer_norm_eps  | 1e-05  |
|   activation    |  relu  |
| pred_embed_dim  |   64   |
|     device      | cuda:3 |
|  cardinalities  |   []   |
| dim_feedforward |  256   |
+-----------------+--------+
[Debug] Parquet dataset created: N=3300000, D=256
╒═══════════════════════════════╤════════════════════════════════════════════════════════════════════════════════════════════════════════════════════════════════════════════════════════════════════════════════════════════╕
│ mock                          │ False                                                                                                                                                                                      │
├───────────────────────────────┼────────────────────────────────────────────────────────────────────────────────────────────────────────────────────────────────────────────────────────────────────────────────────────────┤
│ res_dir                       │ ./                                                                                                                                                                                         │
├───────────────────────────────┼────────────────────────────────────────────────────────────────────────────────────────────────────────────────────────────────────────────────────────────────────────────────────────────┤
│ data_path                     │ data                                                                                                                                                                                       │
├───────────────────────────────┼────────────────────────────────────────────────────────────────────────────────────────────────────────────────────────────────────────────────────────────────────────────────────────────┤
│ data_set                      │ parquet_dataset                                                                                                                                                                            │
├───────────────────────────────┼────────────────────────────────────────────────────────────────────────────────────────────────────────────────────────────────────────────────────────────────────────────────────────────┤
│ test_size_ratio               │ 0.0                                                                                                                                                                                        │
├───────────────────────────────┼────────────────────────────────────────────────────────────────────────────────────────────────────────────────────────────────────────────────────────────────────────────────────────────┤
│ val_size_ratio                │ 0.0                                                                                                                                                                                        │
├───────────────────────────────┼────────────────────────────────────────────────────────────────────────────────────────────────────────────────────────────────────────────────────────────────────────────────────────────┤
│ random_state                  │ 42                                                                                                                                                                                         │
├───────────────────────────────┼────────────────────────────────────────────────────────────────────────────────────────────────────────────────────────────────────────────────────────────────────────────────────────────┤
│ full_dataset_cuda             │ False                                                                                                                                                                                      │
├───────────────────────────────┼────────────────────────────────────────────────────────────────────────────────────────────────────────────────────────────────────────────────────────────────────────────────────────────┤
│ verbose                       │ False                                                                                                                                                                                      │
├───────────────────────────────┼────────────────────────────────────────────────────────────────────────────────────────────────────────────────────────────────────────────────────────────────────────────────────────────┤
│ use_parquet_dataset           │ True                                                                                                                                                                                       │
├───────────────────────────────┼────────────────────────────────────────────────────────────────────────────────────────────────────────────────────────────────────────────────────────────────────────────────────────────┤
│ parquet_data_dir              │ /projects/risk-tabular/general_chargebacks/202207-202407-all-positives-negative-ratio-1.0-v0/train                                                                                         │
├───────────────────────────────┼────────────────────────────────────────────────────────────────────────────────────────────────────────────────────────────────────────────────────────────────────────────────────────────┤
│ parquet_data_files            │ chunk_10.parquet,chunk_11.parquet,chunk_12.parquet,chunk_13.parquet,chunk_14.parquet,chunk_15.parquet,chunk_16.parquet,chunk_17.parquet,chunk_18.parquet,chunk_19.parquet,chunk_20.parquet │
├───────────────────────────────┼────────────────────────────────────────────────────────────────────────────────────────────────────────────────────────────────────────────────────────────────────────────────────────────┤
│ parquet_scaling_stats_file    │ /projects/risk-tabular/general_chargebacks/202207-202407-all-positives-negative-ratio-1.0-v0/train/stats_bootstrap.pq                                                                      │
├───────────────────────────────┼────────────────────────────────────────────────────────────────────────────────────────────────────────────────────────────────────────────────────────────────────────────────────────────┤
│ parquet_feature_names_file    │ /projects/risk-tabular/general_chargebacks/20240724_feature_selection/xgboost_importances_seed_1_sample_0.5.csv                                                                            │
├───────────────────────────────┼────────────────────────────────────────────────────────────────────────────────────────────────────────────────────────────────────────────────────────────────────────────────────────────┤
│ parquet_num_features          │ 128                                                                                                                                                                                        │
├───────────────────────────────┼────────────────────────────────────────────────────────────────────────────────────────────────────────────────────────────────────────────────────────────────────────────────────────────┤
│ parquet_target_col            │ target                                                                                                                                                                                     │
├───────────────────────────────┼────────────────────────────────────────────────────────────────────────────────────────────────────────────────────────────────────────────────────────────────────────────────────────────┤
│ parquet_task_type             │ binary_class                                                                                                                                                                               │
├───────────────────────────────┼────────────────────────────────────────────────────────────────────────────────────────────────────────────────────────────────────────────────────────────────────────────────────────────┤
│ parquet_id_col                │ ID                                                                                                                                                                                         │
├───────────────────────────────┼────────────────────────────────────────────────────────────────────────────────────────────────────────────────────────────────────────────────────────────────────────────────────────────┤
│ parquet_preload_data          │ True                                                                                                                                                                                       │
├───────────────────────────────┼────────────────────────────────────────────────────────────────────────────────────────────────────────────────────────────────────────────────────────────────────────────────────────────┤
│ parquet_shuffle               │ True                                                                                                                                                                                       │
├───────────────────────────────┼────────────────────────────────────────────────────────────────────────────────────────────────────────────────────────────────────────────────────────────────────────────────────────────┤
│ parquet_scaling_method        │ IQR                                                                                                                                                                                        │
├───────────────────────────────┼────────────────────────────────────────────────────────────────────────────────────────────────────────────────────────────────────────────────────────────────────────────────────────────┤
│ parquet_infill_value          │ zero                                                                                                                                                                                       │
├───────────────────────────────┼────────────────────────────────────────────────────────────────────────────────────────────────────────────────────────────────────────────────────────────────────────────────────────────┤
│ parquet_transform             │ asinh                                                                                                                                                                                      │
├───────────────────────────────┼────────────────────────────────────────────────────────────────────────────────────────────────────────────────────────────────────────────────────────────────────────────────────────────┤
│ parquet_categorize_nan        │ True                                                                                                                                                                                       │
├───────────────────────────────┼────────────────────────────────────────────────────────────────────────────────────────────────────────────────────────────────────────────────────────────────────────────────────────────┤
│ parquet_clip_min              │                                                                                                                                                                                            │
├───────────────────────────────┼────────────────────────────────────────────────────────────────────────────────────────────────────────────────────────────────────────────────────────────────────────────────────────────┤
│ parquet_clip_max              │                                                                                                                                                                                            │
├───────────────────────────────┼────────────────────────────────────────────────────────────────────────────────────────────────────────────────────────────────────────────────────────────────────────────────────────────┤
│ tag                           │                                                                                                                                                                                            │
├───────────────────────────────┼────────────────────────────────────────────────────────────────────────────────────────────────────────────────────────────────────────────────────────────────────────────────────────────┤
│ project_name                  │ scaled_config_4gpu_test                                                                                                                                                                    │
├───────────────────────────────┼────────────────────────────────────────────────────────────────────────────────────────────────────────────────────────────────────────────────────────────────────────────────────────────┤
│ test                          │ False                                                                                                                                                                                      │
├───────────────────────────────┼────────────────────────────────────────────────────────────────────────────────────────────────────────────────────────────────────────────────────────────────────────────────────────────┤
│ exp_n_runs                    │ 1                                                                                                                                                                                          │
├───────────────────────────────┼────────────────────────────────────────────────────────────────────────────────────────────────────────────────────────────────────────────────────────────────────────────────────────────┤
│ exp_device                    │                                                                                                                                                                                            │
├───────────────────────────────┼────────────────────────────────────────────────────────────────────────────────────────────────────────────────────────────────────────────────────────────────────────────────────────────┤
│ np_seed                       │ 42                                                                                                                                                                                         │
├───────────────────────────────┼────────────────────────────────────────────────────────────────────────────────────────────────────────────────────────────────────────────────────────────────────────────────────────────┤
│ torch_seed                    │ 42                                                                                                                                                                                         │
├───────────────────────────────┼────────────────────────────────────────────────────────────────────────────────────────────────────────────────────────────────────────────────────────────────────────────────────────────┤
│ random                        │ False                                                                                                                                                                                      │
├───────────────────────────────┼────────────────────────────────────────────────────────────────────────────────────────────────────────────────────────────────────────────────────────────────────────────────────────────┤
│ batch_size                    │ 4096                                                                                                                                                                                       │
├───────────────────────────────┼────────────────────────────────────────────────────────────────────────────────────────────────────────────────────────────────────────────────────────────────────────────────────────────┤
│ val_batch_size                │ -1                                                                                                                                                                                         │
├───────────────────────────────┼────────────────────────────────────────────────────────────────────────────────────────────────────────────────────────────────────────────────────────────────────────────────────────────┤
│ exp_train_total_epochs        │ 10                                                                                                                                                                                         │
├───────────────────────────────┼────────────────────────────────────────────────────────────────────────────────────────────────────────────────────────────────────────────────────────────────────────────────────────────┤
│ exp_patience                  │ 10                                                                                                                                                                                         │
├───────────────────────────────┼────────────────────────────────────────────────────────────────────────────────────────────────────────────────────────────────────────────────────────────────────────────────────────────┤
│ log_tensorboard               │ False                                                                                                                                                                                      │
├───────────────────────────────┼────────────────────────────────────────────────────────────────────────────────────────────────────────────────────────────────────────────────────────────────────────────────────────────┤
│ exp_cadence_type              │ improvement                                                                                                                                                                                │
├───────────────────────────────┼────────────────────────────────────────────────────────────────────────────────────────────────────────────────────────────────────────────────────────────────────────────────────────────┤
│ exp_cache_cadence             │ 1                                                                                                                                                                                          │
├───────────────────────────────┼────────────────────────────────────────────────────────────────────────────────────────────────────────────────────────────────────────────────────────────────────────────────────────────┤
│ exp_val_cache_cadence         │ 1                                                                                                                                                                                          │
├───────────────────────────────┼────────────────────────────────────────────────────────────────────────────────────────────────────────────────────────────────────────────────────────────────────────────────────────────┤
│ init_type                     │ kaiming                                                                                                                                                                                    │
├───────────────────────────────┼────────────────────────────────────────────────────────────────────────────────────────────────────────────────────────────────────────────────────────────────────────────────────────────┤
│ exp_scheduler                 │ True                                                                                                                                                                                       │
├───────────────────────────────┼────────────────────────────────────────────────────────────────────────────────────────────────────────────────────────────────────────────────────────────────────────────────────────────┤
│ exp_weight_decay_scheduler    │ True                                                                                                                                                                                       │
├───────────────────────────────┼────────────────────────────────────────────────────────────────────────────────────────────────────────────────────────────────────────────────────────────────────────────────────────────┤
│ exp_start_lr                  │ 0.001                                                                                                                                                                                      │
├───────────────────────────────┼────────────────────────────────────────────────────────────────────────────────────────────────────────────────────────────────────────────────────────────────────────────────────────────┤
│ exp_lr                        │ 0.0002828                                                                                                                                                                                  │
├───────────────────────────────┼────────────────────────────────────────────────────────────────────────────────────────────────────────────────────────────────────────────────────────────────────────────────────────────┤
│ exp_final_lr                  │ 0                                                                                                                                                                                          │
├───────────────────────────────┼────────────────────────────────────────────────────────────────────────────────────────────────────────────────────────────────────────────────────────────────────────────────────────────┤
│ exp_warmup                    │ 0.05                                                                                                                                                                                       │
├───────────────────────────────┼────────────────────────────────────────────────────────────────────────────────────────────────────────────────────────────────────────────────────────────────────────────────────────────┤
│ exp_weight_decay              │ 1e-05                                                                                                                                                                                      │
├───────────────────────────────┼────────────────────────────────────────────────────────────────────────────────────────────────────────────────────────────────────────────────────────────────────────────────────────────┤
│ exp_final_weight_decay        │ 0.01                                                                                                                                                                                       │
├───────────────────────────────┼────────────────────────────────────────────────────────────────────────────────────────────────────────────────────────────────────────────────────────────────────────────────────────────┤
│ exp_ipe_scale                 │ 1.0                                                                                                                                                                                        │
├───────────────────────────────┼────────────────────────────────────────────────────────────────────────────────────────────────────────────────────────────────────────────────────────────────────────────────────────────┤
│ exp_gradient_clipping         │ 1.0                                                                                                                                                                                        │
├───────────────────────────────┼────────────────────────────────────────────────────────────────────────────────────────────────────────────────────────────────────────────────────────────────────────────────────────────┤
│ mp_distributed                │ True                                                                                                                                                                                       │
├───────────────────────────────┼────────────────────────────────────────────────────────────────────────────────────────────────────────────────────────────────────────────────────────────────────────────────────────────┤
│ mp_nodes                      │ 1                                                                                                                                                                                          │
├───────────────────────────────┼────────────────────────────────────────────────────────────────────────────────────────────────────────────────────────────────────────────────────────────────────────────────────────────┤
│ mp_gpus                       │ 4                                                                                                                                                                                          │
├───────────────────────────────┼────────────────────────────────────────────────────────────────────────────────────────────────────────────────────────────────────────────────────────────────────────────────────────────┤
│ mp_nr                         │ 0                                                                                                                                                                                          │
├───────────────────────────────┼────────────────────────────────────────────────────────────────────────────────────────────────────────────────────────────────────────────────────────────────────────────────────────────┤
│ pin_memory                    │ True                                                                                                                                                                                       │
├───────────────────────────────┼────────────────────────────────────────────────────────────────────────────────────────────────────────────────────────────────────────────────────────────────────────────────────────────┤
│ using_embedding               │ False                                                                                                                                                                                      │
├───────────────────────────────┼────────────────────────────────────────────────────────────────────────────────────────────────────────────────────────────────────────────────────────────────────────────────────────────┤
│ model_dtype                   │ float32                                                                                                                                                                                    │
├───────────────────────────────┼────────────────────────────────────────────────────────────────────────────────────────────────────────────────────────────────────────────────────────────────────────────────────────────┤
│ data_loader_nprocs            │ 0                                                                                                                                                                                          │
├───────────────────────────────┼────────────────────────────────────────────────────────────────────────────────────────────────────────────────────────────────────────────────────────────────────────────────────────────┤
│ load_from_checkpoint          │ False                                                                                                                                                                                      │
├───────────────────────────────┼────────────────────────────────────────────────────────────────────────────────────────────────────────────────────────────────────────────────────────────────────────────────────────────┤
│ load_path                     │                                                                                                                                                                                            │
├───────────────────────────────┼────────────────────────────────────────────────────────────────────────────────────────────────────────────────────────────────────────────────────────────────────────────────────────────┤
│ model_amp                     │ False                                                                                                                                                                                      │
├───────────────────────────────┼────────────────────────────────────────────────────────────────────────────────────────────────────────────────────────────────────────────────────────────────────────────────────────────┤
│ model_feature_type_embedding  │ True                                                                                                                                                                                       │
├───────────────────────────────┼────────────────────────────────────────────────────────────────────────────────────────────────────────────────────────────────────────────────────────────────────────────────────────────┤
│ model_feature_index_embedding │ True                                                                                                                                                                                       │
├───────────────────────────────┼────────────────────────────────────────────────────────────────────────────────────────────────────────────────────────────────────────────────────────────────────────────────────────────┤
│ model_dropout_prob            │ 0.1                                                                                                                                                                                        │
├───────────────────────────────┼────────────────────────────────────────────────────────────────────────────────────────────────────────────────────────────────────────────────────────────────────────────────────────────┤
│ model_layer_norm_eps          │ 1e-05                                                                                                                                                                                      │
├───────────────────────────────┼────────────────────────────────────────────────────────────────────────────────────────────────────────────────────────────────────────────────────────────────────────────────────────────┤
│ model_dim_hidden              │ 64                                                                                                                                                                                         │
├───────────────────────────────┼────────────────────────────────────────────────────────────────────────────────────────────────────────────────────────────────────────────────────────────────────────────────────────────┤
│ model_dim_feedforward         │ 256                                                                                                                                                                                        │
├───────────────────────────────┼────────────────────────────────────────────────────────────────────────────────────────────────────────────────────────────────────────────────────────────────────────────────────────────┤
│ model_num_heads               │ 4                                                                                                                                                                                          │
├───────────────────────────────┼────────────────────────────────────────────────────────────────────────────────────────────────────────────────────────────────────────────────────────────────────────────────────────────┤
│ model_num_layers              │ 4                                                                                                                                                                                          │
├───────────────────────────────┼────────────────────────────────────────────────────────────────────────────────────────────────────────────────────────────────────────────────────────────────────────────────────────────┤
│ model_ema_end                 │ 1                                                                                                                                                                                          │
├───────────────────────────────┼────────────────────────────────────────────────────────────────────────────────────────────────────────────────────────────────────────────────────────────────────────────────────────────┤
│ model_ema_start               │ 0.996                                                                                                                                                                                      │
├───────────────────────────────┼────────────────────────────────────────────────────────────────────────────────────────────────────────────────────────────────────────────────────────────────────────────────────────────┤
│ model_act_func                │ relu                                                                                                                                                                                       │
├───────────────────────────────┼────────────────────────────────────────────────────────────────────────────────────────────────────────────────────────────────────────────────────────────────────────────────────────────┤
│ probe_cadence                 │ 5                                                                                                                                                                                          │
├───────────────────────────────┼────────────────────────────────────────────────────────────────────────────────────────────────────────────────────────────────────────────────────────────────────────────────────────────┤
│ probe_model                   │ mlp                                                                                                                                                                                        │
├───────────────────────────────┼────────────────────────────────────────────────────────────────────────────────────────────────────────────────────────────────────────────────────────────────────────────────────────────┤
│ n_cls_tokens                  │ 1                                                                                                                                                                                          │
├───────────────────────────────┼────────────────────────────────────────────────────────────────────────────────────────────────────────────────────────────────────────────────────────────────────────────────────────────┤
│ n_reg_tokens                  │ 1                                                                                                                                                                                          │
├───────────────────────────────┼────────────────────────────────────────────────────────────────────────────────────────────────────────────────────────────────────────────────────────────────────────────────────────────┤
│ pred_type                     │ transformer                                                                                                                                                                                │
├───────────────────────────────┼────────────────────────────────────────────────────────────────────────────────────────────────────────────────────────────────────────────────────────────────────────────────────────────┤
│ pred_num_layers               │ 2                                                                                                                                                                                          │
├───────────────────────────────┼────────────────────────────────────────────────────────────────────────────────────────────────────────────────────────────────────────────────────────────────────────────────────────────┤
│ pred_embed_dim                │ 64                                                                                                                                                                                         │
├───────────────────────────────┼────────────────────────────────────────────────────────────────────────────────────────────────────────────────────────────────────────────────────────────────────────────────────────────┤
│ pred_num_heads                │ 4                                                                                                                                                                                          │
├───────────────────────────────┼────────────────────────────────────────────────────────────────────────────────────────────────────────────────────────────────────────────────────────────────────────────────────────────┤
│ pred_p_dropout                │ 0.1                                                                                                                                                                                        │
├───────────────────────────────┼────────────────────────────────────────────────────────────────────────────────────────────────────────────────────────────────────────────────────────────────────────────────────────────┤
│ pred_layer_norm_eps           │ 1e-05                                                                                                                                                                                      │
├───────────────────────────────┼────────────────────────────────────────────────────────────────────────────────────────────────────────────────────────────────────────────────────────────────────────────────────────────┤
│ pred_activation               │ relu                                                                                                                                                                                       │
├───────────────────────────────┼────────────────────────────────────────────────────────────────────────────────────────────────────────────────────────────────────────────────────────────────────────────────────────────┤
│ pred_dim_feedforward          │ 256                                                                                                                                                                                        │
├───────────────────────────────┼────────────────────────────────────────────────────────────────────────────────────────────────────────────────────────────────────────────────────────────────────────────────────────────┤
│ mask_allow_overlap            │ False                                                                                                                                                                                      │
├───────────────────────────────┼────────────────────────────────────────────────────────────────────────────────────────────────────────────────────────────────────────────────────────────────────────────────────────────┤
│ mask_min_ctx_share            │ 0.2                                                                                                                                                                                        │
├───────────────────────────────┼────────────────────────────────────────────────────────────────────────────────────────────────────────────────────────────────────────────────────────────────────────────────────────────┤
│ mask_max_ctx_share            │ 0.4                                                                                                                                                                                        │
├───────────────────────────────┼────────────────────────────────────────────────────────────────────────────────────────────────────────────────────────────────────────────────────────────────────────────────────────────┤
│ mask_min_trgt_share           │ 0.2                                                                                                                                                                                        │
├───────────────────────────────┼────────────────────────────────────────────────────────────────────────────────────────────────────────────────────────────────────────────────────────────────────────────────────────────┤
│ mask_max_trgt_share           │ 0.4                                                                                                                                                                                        │
├───────────────────────────────┼────────────────────────────────────────────────────────────────────────────────────────────────────────────────────────────────────────────────────────────────────────────────────────────┤
│ mask_num_preds                │ 4                                                                                                                                                                                          │
├───────────────────────────────┼────────────────────────────────────────────────────────────────────────────────────────────────────────────────────────────────────────────────────────────────────────────────────────────┤
│ mask_num_encs                 │ 1                                                                                                                                                                                          │
├───────────────────────────────┼────────────────────────────────────────────────────────────────────────────────────────────────────────────────────────────────────────────────────────────────────────────────────────────┤
│ optuna_study_name             │                                                                                                                                                                                            │
├───────────────────────────────┼────────────────────────────────────────────────────────────────────────────────────────────────────────────────────────────────────────────────────────────────────────────────────────────┤
│ optuna_trial_number           │                                                                                                                                                                                            │
├───────────────────────────────┼────────────────────────────────────────────────────────────────────────────────────────────────────────────────────────────────────────────────────────────────────────────────────────────┤
│ optuna_output_dir             │                                                                                                                                                                                            │
├───────────────────────────────┼────────────────────────────────────────────────────────────────────────────────────────────────────────────────────────────────────────────────────────────────────────────────────────────┤
│ is_batchlearning              │ True                                                                                                                                                                                       │
├───────────────────────────────┼────────────────────────────────────────────────────────────────────────────────────────────────────────────────────────────────────────────────────────────────────────────────────────────┤
│ iteration                     │ 0                                                                                                                                                                                          │
╘═══════════════════════════════╧════════════════════════════════════════════════════════════════════════════════════════════════════════════════════════════════════════════════════════════════════════════════════════════╛
[Debug] Loading dataset …
[Debug] Parquet dataset ready (preprocessing handled by LocalFilesDataset)
Encoder Module parameters:
+-------------------+--------------------------------------------------------------------------------------------------------------------------------------------------------------------------------------------------------------------------------------------------------------------------------------------------------------------------------------------------------------------------------------------------------------------------------------------------------------------------------------------------------------------------------------------------------------------------------------------------------------------------------------------------------------------------------------------------------------------------------------------------------------------------------------------------------------------------------------------------------------------------------------------------------------------------------------------------------------------------------------------------------------------------------------------------------------------------------------------------------------------------------------------------------------------------------------------------------------------+
|     Parameter     |                                                                                                                                                                                                                                                                                                                                                                                                                                                                                                                                                                                                       Value                                                                                                                                                                                                                                                                                                                                                                                                                                                                                                                                                                                                        |
+-------------------+--------------------------------------------------------------------------------------------------------------------------------------------------------------------------------------------------------------------------------------------------------------------------------------------------------------------------------------------------------------------------------------------------------------------------------------------------------------------------------------------------------------------------------------------------------------------------------------------------------------------------------------------------------------------------------------------------------------------------------------------------------------------------------------------------------------------------------------------------------------------------------------------------------------------------------------------------------------------------------------------------------------------------------------------------------------------------------------------------------------------------------------------------------------------------------------------------------------------+
|    hidden_dim     |                                                                                                                                                                                                                                                                                                                                                                                                                                                                                                                                                                                                         64                                                                                                                                                                                                                                                                                                                                                                                                                                                                                                                                                                                                         |
| idx_num_features  | [0, 1, 2, 3, 4, 5, 6, 7, 8, 9, 10, 11, 12, 13, 14, 15, 16, 17, 18, 19, 20, 21, 22, 23, 24, 25, 26, 27, 28, 29, 30, 31, 32, 33, 34, 35, 36, 37, 38, 39, 40, 41, 42, 43, 44, 45, 46, 47, 48, 49, 50, 51, 52, 53, 54, 55, 56, 57, 58, 59, 60, 61, 62, 63, 64, 65, 66, 67, 68, 69, 70, 71, 72, 73, 74, 75, 76, 77, 78, 79, 80, 81, 82, 83, 84, 85, 86, 87, 88, 89, 90, 91, 92, 93, 94, 95, 96, 97, 98, 99, 100, 101, 102, 103, 104, 105, 106, 107, 108, 109, 110, 111, 112, 113, 114, 115, 116, 117, 118, 119, 120, 121, 122, 123, 124, 125, 126, 127, 128, 129, 130, 131, 132, 133, 134, 135, 136, 137, 138, 139, 140, 141, 142, 143, 144, 145, 146, 147, 148, 149, 150, 151, 152, 153, 154, 155, 156, 157, 158, 159, 160, 161, 162, 163, 164, 165, 166, 167, 168, 169, 170, 171, 172, 173, 174, 175, 176, 177, 178, 179, 180, 181, 182, 183, 184, 185, 186, 187, 188, 189, 190, 191, 192, 193, 194, 195, 196, 197, 198, 199, 200, 201, 202, 203, 204, 205, 206, 207, 208, 209, 210, 211, 212, 213, 214, 215, 216, 217, 218, 219, 220, 221, 222, 223, 224, 225, 226, 227, 228, 229, 230, 231, 232, 233, 234, 235, 236, 237, 238, 239, 240, 241, 242, 243, 244, 245, 246, 247, 248, 249, 250, 251, 252, 253, 254, 255] |
| idx_cat_features  |                                                                                                                                                                                                                                                                                                                                                                                                                                                                                                                                                                                                         []                                                                                                                                                                                                                                                                                                                                                                                                                                                                                                                                                                                                         |
|   cardinalities   |                                                                                                                                                                                                                                                                                                                                                                                                                                                                                                                                                                                                         []                                                                                                                                                                                                                                                                                                                                                                                                                                                                                                                                                                                                         |
| n_input_features  |                                                                                                                                                                                                                                                                                                                                                                                                                                                                                                                                                                                                        256                                                                                                                                                                                                                                                                                                                                                                                                                                                                                                                                                                                                         |
|      device       |                                                                                                                                                                                                                                                                                                                                                                                                                                                                                                                                                                                                       cuda:1                                                                                                                                                                                                                                                                                                                                                                                                                                                                                                                                                                                                       |
|    num_layers     |                                                                                                                                                                                                                                                                                                                                                                                                                                                                                                                                                                                                         4                                                                                                                                                                                                                                                                                                                                                                                                                                                                                                                                                                                                          |
|     num_heads     |                                                                                                                                                                                                                                                                                                                                                                                                                                                                                                                                                                                                         4                                                                                                                                                                                                                                                                                                                                                                                                                                                                                                                                                                                                          |
|     p_dropout     |                                                                                                                                                                                                                                                                                                                                                                                                                                                                                                                                                                                                        0.1                                                                                                                                                                                                                                                                                                                                                                                                                                                                                                                                                                                                         |
|  layer_norm_eps   |                                                                                                                                                                                                                                                                                                                                                                                                                                                                                                                                                                                                       1e-05                                                                                                                                                                                                                                                                                                                                                                                                                                                                                                                                                                                                        |
| gradient_clipping |                                                                                                                                                                                                                                                                                                                                                                                                                                                                                                                                                                                                        1.0                                                                                                                                                                                                                                                                                                                                                                                                                                                                                                                                                                                                         |
|  dim_feedforward  |                                                                                                                                                                                                                                                                                                                                                                                                                                                                                                                                                                                                        256                                                                                                                                                                                                                                                                                                                                                                                                                                                                                                                                                                                                         |
+-------------------+--------------------------------------------------------------------------------------------------------------------------------------------------------------------------------------------------------------------------------------------------------------------------------------------------------------------------------------------------------------------------------------------------------------------------------------------------------------------------------------------------------------------------------------------------------------------------------------------------------------------------------------------------------------------------------------------------------------------------------------------------------------------------------------------------------------------------------------------------------------------------------------------------------------------------------------------------------------------------------------------------------------------------------------------------------------------------------------------------------------------------------------------------------------------------------------------------------------------+
Using feature index embedding (unique embedding for each column).
/home/aminmohamadi_squareup_com/projects/t-jepa-parquet-scaling/src/tjepa_transformer.py:172: UserWarning: enable_nested_tensor is True, but self.use_nested_tensor is False because encoder_layer was not TransformerEncoderLayer
  warnings.warn(
Clipping gradients to value 1.0.
Predictors Module parameters:
+-----------------+--------+
|    Parameter    | Value  |
+-----------------+--------+
|   hidden_dim    |   64   |
|  num_features   |  256   |
|   num_layers    |   2    |
|    num_heads    |   4    |
|    p_dropout    |  0.1   |
| layer_norm_eps  | 1e-05  |
|   activation    |  relu  |
| pred_embed_dim  |   64   |
|     device      | cuda:1 |
|  cardinalities  |   []   |
| dim_feedforward |  256   |
+-----------------+--------+
[Debug] Parquet dataset created: N=3300000, D=256
╒═══════════════════════════════╤════════════════════════════════════════════════════════════════════════════════════════════════════════════════════════════════════════════════════════════════════════════════════════════╕
│ mock                          │ False                                                                                                                                                                                      │
├───────────────────────────────┼────────────────────────────────────────────────────────────────────────────────────────────────────────────────────────────────────────────────────────────────────────────────────────────┤
│ res_dir                       │ ./                                                                                                                                                                                         │
├───────────────────────────────┼────────────────────────────────────────────────────────────────────────────────────────────────────────────────────────────────────────────────────────────────────────────────────────────┤
│ data_path                     │ data                                                                                                                                                                                       │
├───────────────────────────────┼────────────────────────────────────────────────────────────────────────────────────────────────────────────────────────────────────────────────────────────────────────────────────────────┤
│ data_set                      │ parquet_dataset                                                                                                                                                                            │
├───────────────────────────────┼────────────────────────────────────────────────────────────────────────────────────────────────────────────────────────────────────────────────────────────────────────────────────────────┤
│ test_size_ratio               │ 0.0                                                                                                                                                                                        │
├───────────────────────────────┼────────────────────────────────────────────────────────────────────────────────────────────────────────────────────────────────────────────────────────────────────────────────────────────┤
│ val_size_ratio                │ 0.0                                                                                                                                                                                        │
├───────────────────────────────┼────────────────────────────────────────────────────────────────────────────────────────────────────────────────────────────────────────────────────────────────────────────────────────────┤
│ random_state                  │ 42                                                                                                                                                                                         │
├───────────────────────────────┼────────────────────────────────────────────────────────────────────────────────────────────────────────────────────────────────────────────────────────────────────────────────────────────┤
│ full_dataset_cuda             │ False                                                                                                                                                                                      │
├───────────────────────────────┼────────────────────────────────────────────────────────────────────────────────────────────────────────────────────────────────────────────────────────────────────────────────────────────┤
│ verbose                       │ False                                                                                                                                                                                      │
├───────────────────────────────┼────────────────────────────────────────────────────────────────────────────────────────────────────────────────────────────────────────────────────────────────────────────────────────────┤
│ use_parquet_dataset           │ True                                                                                                                                                                                       │
├───────────────────────────────┼────────────────────────────────────────────────────────────────────────────────────────────────────────────────────────────────────────────────────────────────────────────────────────────┤
│ parquet_data_dir              │ /projects/risk-tabular/general_chargebacks/202207-202407-all-positives-negative-ratio-1.0-v0/train                                                                                         │
├───────────────────────────────┼────────────────────────────────────────────────────────────────────────────────────────────────────────────────────────────────────────────────────────────────────────────────────────────┤
│ parquet_data_files            │ chunk_10.parquet,chunk_11.parquet,chunk_12.parquet,chunk_13.parquet,chunk_14.parquet,chunk_15.parquet,chunk_16.parquet,chunk_17.parquet,chunk_18.parquet,chunk_19.parquet,chunk_20.parquet │
├───────────────────────────────┼────────────────────────────────────────────────────────────────────────────────────────────────────────────────────────────────────────────────────────────────────────────────────────────┤
│ parquet_scaling_stats_file    │ /projects/risk-tabular/general_chargebacks/202207-202407-all-positives-negative-ratio-1.0-v0/train/stats_bootstrap.pq                                                                      │
├───────────────────────────────┼────────────────────────────────────────────────────────────────────────────────────────────────────────────────────────────────────────────────────────────────────────────────────────────┤
│ parquet_feature_names_file    │ /projects/risk-tabular/general_chargebacks/20240724_feature_selection/xgboost_importances_seed_1_sample_0.5.csv                                                                            │
├───────────────────────────────┼────────────────────────────────────────────────────────────────────────────────────────────────────────────────────────────────────────────────────────────────────────────────────────────┤
│ parquet_num_features          │ 128                                                                                                                                                                                        │
├───────────────────────────────┼────────────────────────────────────────────────────────────────────────────────────────────────────────────────────────────────────────────────────────────────────────────────────────────┤
│ parquet_target_col            │ target                                                                                                                                                                                     │
├───────────────────────────────┼────────────────────────────────────────────────────────────────────────────────────────────────────────────────────────────────────────────────────────────────────────────────────────────┤
│ parquet_task_type             │ binary_class                                                                                                                                                                               │
├───────────────────────────────┼────────────────────────────────────────────────────────────────────────────────────────────────────────────────────────────────────────────────────────────────────────────────────────────┤
│ parquet_id_col                │ ID                                                                                                                                                                                         │
├───────────────────────────────┼────────────────────────────────────────────────────────────────────────────────────────────────────────────────────────────────────────────────────────────────────────────────────────────┤
│ parquet_preload_data          │ True                                                                                                                                                                                       │
├───────────────────────────────┼────────────────────────────────────────────────────────────────────────────────────────────────────────────────────────────────────────────────────────────────────────────────────────────┤
│ parquet_shuffle               │ True                                                                                                                                                                                       │
├───────────────────────────────┼────────────────────────────────────────────────────────────────────────────────────────────────────────────────────────────────────────────────────────────────────────────────────────────┤
│ parquet_scaling_method        │ IQR                                                                                                                                                                                        │
├───────────────────────────────┼────────────────────────────────────────────────────────────────────────────────────────────────────────────────────────────────────────────────────────────────────────────────────────────┤
│ parquet_infill_value          │ zero                                                                                                                                                                                       │
├───────────────────────────────┼────────────────────────────────────────────────────────────────────────────────────────────────────────────────────────────────────────────────────────────────────────────────────────────┤
│ parquet_transform             │ asinh                                                                                                                                                                                      │
├───────────────────────────────┼────────────────────────────────────────────────────────────────────────────────────────────────────────────────────────────────────────────────────────────────────────────────────────────┤
│ parquet_categorize_nan        │ True                                                                                                                                                                                       │
├───────────────────────────────┼────────────────────────────────────────────────────────────────────────────────────────────────────────────────────────────────────────────────────────────────────────────────────────────┤
│ parquet_clip_min              │                                                                                                                                                                                            │
├───────────────────────────────┼────────────────────────────────────────────────────────────────────────────────────────────────────────────────────────────────────────────────────────────────────────────────────────────┤
│ parquet_clip_max              │                                                                                                                                                                                            │
├───────────────────────────────┼────────────────────────────────────────────────────────────────────────────────────────────────────────────────────────────────────────────────────────────────────────────────────────────┤
│ tag                           │                                                                                                                                                                                            │
├───────────────────────────────┼────────────────────────────────────────────────────────────────────────────────────────────────────────────────────────────────────────────────────────────────────────────────────────────┤
│ project_name                  │ scaled_config_4gpu_test                                                                                                                                                                    │
├───────────────────────────────┼────────────────────────────────────────────────────────────────────────────────────────────────────────────────────────────────────────────────────────────────────────────────────────────┤
│ test                          │ False                                                                                                                                                                                      │
├───────────────────────────────┼────────────────────────────────────────────────────────────────────────────────────────────────────────────────────────────────────────────────────────────────────────────────────────────┤
│ exp_n_runs                    │ 1                                                                                                                                                                                          │
├───────────────────────────────┼────────────────────────────────────────────────────────────────────────────────────────────────────────────────────────────────────────────────────────────────────────────────────────────┤
│ exp_device                    │                                                                                                                                                                                            │
├───────────────────────────────┼────────────────────────────────────────────────────────────────────────────────────────────────────────────────────────────────────────────────────────────────────────────────────────────┤
│ np_seed                       │ 42                                                                                                                                                                                         │
├───────────────────────────────┼────────────────────────────────────────────────────────────────────────────────────────────────────────────────────────────────────────────────────────────────────────────────────────────┤
│ torch_seed                    │ 42                                                                                                                                                                                         │
├───────────────────────────────┼────────────────────────────────────────────────────────────────────────────────────────────────────────────────────────────────────────────────────────────────────────────────────────────┤
│ random                        │ False                                                                                                                                                                                      │
├───────────────────────────────┼────────────────────────────────────────────────────────────────────────────────────────────────────────────────────────────────────────────────────────────────────────────────────────────┤
│ batch_size                    │ 4096                                                                                                                                                                                       │
├───────────────────────────────┼────────────────────────────────────────────────────────────────────────────────────────────────────────────────────────────────────────────────────────────────────────────────────────────┤
│ val_batch_size                │ -1                                                                                                                                                                                         │
├───────────────────────────────┼────────────────────────────────────────────────────────────────────────────────────────────────────────────────────────────────────────────────────────────────────────────────────────────┤
│ exp_train_total_epochs        │ 10                                                                                                                                                                                         │
├───────────────────────────────┼────────────────────────────────────────────────────────────────────────────────────────────────────────────────────────────────────────────────────────────────────────────────────────────┤
│ exp_patience                  │ 10                                                                                                                                                                                         │
├───────────────────────────────┼────────────────────────────────────────────────────────────────────────────────────────────────────────────────────────────────────────────────────────────────────────────────────────────┤
│ log_tensorboard               │ False                                                                                                                                                                                      │
├───────────────────────────────┼────────────────────────────────────────────────────────────────────────────────────────────────────────────────────────────────────────────────────────────────────────────────────────────┤
│ exp_cadence_type              │ improvement                                                                                                                                                                                │
├───────────────────────────────┼────────────────────────────────────────────────────────────────────────────────────────────────────────────────────────────────────────────────────────────────────────────────────────────┤
│ exp_cache_cadence             │ 1                                                                                                                                                                                          │
├───────────────────────────────┼────────────────────────────────────────────────────────────────────────────────────────────────────────────────────────────────────────────────────────────────────────────────────────────┤
│ exp_val_cache_cadence         │ 1                                                                                                                                                                                          │
├───────────────────────────────┼────────────────────────────────────────────────────────────────────────────────────────────────────────────────────────────────────────────────────────────────────────────────────────────┤
│ init_type                     │ kaiming                                                                                                                                                                                    │
├───────────────────────────────┼────────────────────────────────────────────────────────────────────────────────────────────────────────────────────────────────────────────────────────────────────────────────────────────┤
│ exp_scheduler                 │ True                                                                                                                                                                                       │
├───────────────────────────────┼────────────────────────────────────────────────────────────────────────────────────────────────────────────────────────────────────────────────────────────────────────────────────────────┤
│ exp_weight_decay_scheduler    │ True                                                                                                                                                                                       │
├───────────────────────────────┼────────────────────────────────────────────────────────────────────────────────────────────────────────────────────────────────────────────────────────────────────────────────────────────┤
│ exp_start_lr                  │ 0.001                                                                                                                                                                                      │
├───────────────────────────────┼────────────────────────────────────────────────────────────────────────────────────────────────────────────────────────────────────────────────────────────────────────────────────────────┤
│ exp_lr                        │ 0.0002828                                                                                                                                                                                  │
├───────────────────────────────┼────────────────────────────────────────────────────────────────────────────────────────────────────────────────────────────────────────────────────────────────────────────────────────────┤
│ exp_final_lr                  │ 0                                                                                                                                                                                          │
├───────────────────────────────┼────────────────────────────────────────────────────────────────────────────────────────────────────────────────────────────────────────────────────────────────────────────────────────────┤
│ exp_warmup                    │ 0.05                                                                                                                                                                                       │
├───────────────────────────────┼────────────────────────────────────────────────────────────────────────────────────────────────────────────────────────────────────────────────────────────────────────────────────────────┤
│ exp_weight_decay              │ 1e-05                                                                                                                                                                                      │
├───────────────────────────────┼────────────────────────────────────────────────────────────────────────────────────────────────────────────────────────────────────────────────────────────────────────────────────────────┤
│ exp_final_weight_decay        │ 0.01                                                                                                                                                                                       │
├───────────────────────────────┼────────────────────────────────────────────────────────────────────────────────────────────────────────────────────────────────────────────────────────────────────────────────────────────┤
│ exp_ipe_scale                 │ 1.0                                                                                                                                                                                        │
├───────────────────────────────┼────────────────────────────────────────────────────────────────────────────────────────────────────────────────────────────────────────────────────────────────────────────────────────────┤
│ exp_gradient_clipping         │ 1.0                                                                                                                                                                                        │
├───────────────────────────────┼────────────────────────────────────────────────────────────────────────────────────────────────────────────────────────────────────────────────────────────────────────────────────────────┤
│ mp_distributed                │ True                                                                                                                                                                                       │
├───────────────────────────────┼────────────────────────────────────────────────────────────────────────────────────────────────────────────────────────────────────────────────────────────────────────────────────────────┤
│ mp_nodes                      │ 1                                                                                                                                                                                          │
├───────────────────────────────┼────────────────────────────────────────────────────────────────────────────────────────────────────────────────────────────────────────────────────────────────────────────────────────────┤
│ mp_gpus                       │ 4                                                                                                                                                                                          │
├───────────────────────────────┼────────────────────────────────────────────────────────────────────────────────────────────────────────────────────────────────────────────────────────────────────────────────────────────┤
│ mp_nr                         │ 0                                                                                                                                                                                          │
├───────────────────────────────┼────────────────────────────────────────────────────────────────────────────────────────────────────────────────────────────────────────────────────────────────────────────────────────────┤
│ pin_memory                    │ True                                                                                                                                                                                       │
├───────────────────────────────┼────────────────────────────────────────────────────────────────────────────────────────────────────────────────────────────────────────────────────────────────────────────────────────────┤
│ using_embedding               │ False                                                                                                                                                                                      │
├───────────────────────────────┼────────────────────────────────────────────────────────────────────────────────────────────────────────────────────────────────────────────────────────────────────────────────────────────┤
│ model_dtype                   │ float32                                                                                                                                                                                    │
├───────────────────────────────┼────────────────────────────────────────────────────────────────────────────────────────────────────────────────────────────────────────────────────────────────────────────────────────────┤
│ data_loader_nprocs            │ 0                                                                                                                                                                                          │
├───────────────────────────────┼────────────────────────────────────────────────────────────────────────────────────────────────────────────────────────────────────────────────────────────────────────────────────────────┤
│ load_from_checkpoint          │ False                                                                                                                                                                                      │
├───────────────────────────────┼────────────────────────────────────────────────────────────────────────────────────────────────────────────────────────────────────────────────────────────────────────────────────────────┤
│ load_path                     │                                                                                                                                                                                            │
├───────────────────────────────┼────────────────────────────────────────────────────────────────────────────────────────────────────────────────────────────────────────────────────────────────────────────────────────────┤
│ model_amp                     │ False                                                                                                                                                                                      │
├───────────────────────────────┼────────────────────────────────────────────────────────────────────────────────────────────────────────────────────────────────────────────────────────────────────────────────────────────┤
│ model_feature_type_embedding  │ True                                                                                                                                                                                       │
├───────────────────────────────┼────────────────────────────────────────────────────────────────────────────────────────────────────────────────────────────────────────────────────────────────────────────────────────────┤
│ model_feature_index_embedding │ True                                                                                                                                                                                       │
├───────────────────────────────┼────────────────────────────────────────────────────────────────────────────────────────────────────────────────────────────────────────────────────────────────────────────────────────────┤
│ model_dropout_prob            │ 0.1                                                                                                                                                                                        │
├───────────────────────────────┼────────────────────────────────────────────────────────────────────────────────────────────────────────────────────────────────────────────────────────────────────────────────────────────┤
│ model_layer_norm_eps          │ 1e-05                                                                                                                                                                                      │
├───────────────────────────────┼────────────────────────────────────────────────────────────────────────────────────────────────────────────────────────────────────────────────────────────────────────────────────────────┤
│ model_dim_hidden              │ 64                                                                                                                                                                                         │
├───────────────────────────────┼────────────────────────────────────────────────────────────────────────────────────────────────────────────────────────────────────────────────────────────────────────────────────────────┤
│ model_dim_feedforward         │ 256                                                                                                                                                                                        │
├───────────────────────────────┼────────────────────────────────────────────────────────────────────────────────────────────────────────────────────────────────────────────────────────────────────────────────────────────┤
│ model_num_heads               │ 4                                                                                                                                                                                          │
├───────────────────────────────┼────────────────────────────────────────────────────────────────────────────────────────────────────────────────────────────────────────────────────────────────────────────────────────────┤
│ model_num_layers              │ 4                                                                                                                                                                                          │
├───────────────────────────────┼────────────────────────────────────────────────────────────────────────────────────────────────────────────────────────────────────────────────────────────────────────────────────────────┤
│ model_ema_end                 │ 1                                                                                                                                                                                          │
├───────────────────────────────┼────────────────────────────────────────────────────────────────────────────────────────────────────────────────────────────────────────────────────────────────────────────────────────────┤
│ model_ema_start               │ 0.996                                                                                                                                                                                      │
├───────────────────────────────┼────────────────────────────────────────────────────────────────────────────────────────────────────────────────────────────────────────────────────────────────────────────────────────────┤
│ model_act_func                │ relu                                                                                                                                                                                       │
├───────────────────────────────┼────────────────────────────────────────────────────────────────────────────────────────────────────────────────────────────────────────────────────────────────────────────────────────────┤
│ probe_cadence                 │ 5                                                                                                                                                                                          │
├───────────────────────────────┼────────────────────────────────────────────────────────────────────────────────────────────────────────────────────────────────────────────────────────────────────────────────────────────┤
│ probe_model                   │ mlp                                                                                                                                                                                        │
├───────────────────────────────┼────────────────────────────────────────────────────────────────────────────────────────────────────────────────────────────────────────────────────────────────────────────────────────────┤
│ n_cls_tokens                  │ 1                                                                                                                                                                                          │
├───────────────────────────────┼────────────────────────────────────────────────────────────────────────────────────────────────────────────────────────────────────────────────────────────────────────────────────────────┤
│ n_reg_tokens                  │ 1                                                                                                                                                                                          │
├───────────────────────────────┼────────────────────────────────────────────────────────────────────────────────────────────────────────────────────────────────────────────────────────────────────────────────────────────┤
│ pred_type                     │ transformer                                                                                                                                                                                │
├───────────────────────────────┼────────────────────────────────────────────────────────────────────────────────────────────────────────────────────────────────────────────────────────────────────────────────────────────┤
│ pred_num_layers               │ 2                                                                                                                                                                                          │
├───────────────────────────────┼────────────────────────────────────────────────────────────────────────────────────────────────────────────────────────────────────────────────────────────────────────────────────────────┤
│ pred_embed_dim                │ 64                                                                                                                                                                                         │
├───────────────────────────────┼────────────────────────────────────────────────────────────────────────────────────────────────────────────────────────────────────────────────────────────────────────────────────────────┤
│ pred_num_heads                │ 4                                                                                                                                                                                          │
├───────────────────────────────┼────────────────────────────────────────────────────────────────────────────────────────────────────────────────────────────────────────────────────────────────────────────────────────────┤
│ pred_p_dropout                │ 0.1                                                                                                                                                                                        │
├───────────────────────────────┼────────────────────────────────────────────────────────────────────────────────────────────────────────────────────────────────────────────────────────────────────────────────────────────┤
│ pred_layer_norm_eps           │ 1e-05                                                                                                                                                                                      │
├───────────────────────────────┼────────────────────────────────────────────────────────────────────────────────────────────────────────────────────────────────────────────────────────────────────────────────────────────┤
│ pred_activation               │ relu                                                                                                                                                                                       │
├───────────────────────────────┼────────────────────────────────────────────────────────────────────────────────────────────────────────────────────────────────────────────────────────────────────────────────────────────┤
│ pred_dim_feedforward          │ 256                                                                                                                                                                                        │
├───────────────────────────────┼────────────────────────────────────────────────────────────────────────────────────────────────────────────────────────────────────────────────────────────────────────────────────────────┤
│ mask_allow_overlap            │ False                                                                                                                                                                                      │
├───────────────────────────────┼────────────────────────────────────────────────────────────────────────────────────────────────────────────────────────────────────────────────────────────────────────────────────────────┤
│ mask_min_ctx_share            │ 0.2                                                                                                                                                                                        │
├───────────────────────────────┼────────────────────────────────────────────────────────────────────────────────────────────────────────────────────────────────────────────────────────────────────────────────────────────┤
│ mask_max_ctx_share            │ 0.4                                                                                                                                                                                        │
├───────────────────────────────┼────────────────────────────────────────────────────────────────────────────────────────────────────────────────────────────────────────────────────────────────────────────────────────────┤
│ mask_min_trgt_share           │ 0.2                                                                                                                                                                                        │
├───────────────────────────────┼────────────────────────────────────────────────────────────────────────────────────────────────────────────────────────────────────────────────────────────────────────────────────────────┤
│ mask_max_trgt_share           │ 0.4                                                                                                                                                                                        │
├───────────────────────────────┼────────────────────────────────────────────────────────────────────────────────────────────────────────────────────────────────────────────────────────────────────────────────────────────┤
│ mask_num_preds                │ 4                                                                                                                                                                                          │
├───────────────────────────────┼────────────────────────────────────────────────────────────────────────────────────────────────────────────────────────────────────────────────────────────────────────────────────────────┤
│ mask_num_encs                 │ 1                                                                                                                                                                                          │
├───────────────────────────────┼────────────────────────────────────────────────────────────────────────────────────────────────────────────────────────────────────────────────────────────────────────────────────────────┤
│ optuna_study_name             │                                                                                                                                                                                            │
├───────────────────────────────┼────────────────────────────────────────────────────────────────────────────────────────────────────────────────────────────────────────────────────────────────────────────────────────────┤
│ optuna_trial_number           │                                                                                                                                                                                            │
├───────────────────────────────┼────────────────────────────────────────────────────────────────────────────────────────────────────────────────────────────────────────────────────────────────────────────────────────────┤
│ optuna_output_dir             │                                                                                                                                                                                            │
├───────────────────────────────┼────────────────────────────────────────────────────────────────────────────────────────────────────────────────────────────────────────────────────────────────────────────────────────────┤
│ is_batchlearning              │ True                                                                                                                                                                                       │
├───────────────────────────────┼────────────────────────────────────────────────────────────────────────────────────────────────────────────────────────────────────────────────────────────────────────────────────────────┤
│ iteration                     │ 0                                                                                                                                                                                          │
╘═══════════════════════════════╧════════════════════════════════════════════════════════════════════════════════════════════════════════════════════════════════════════════════════════════════════════════════════════════╛
[Debug] Loading dataset …
[Debug] Parquet dataset ready (preprocessing handled by LocalFilesDataset)
Encoder Module parameters:
+-------------------+--------------------------------------------------------------------------------------------------------------------------------------------------------------------------------------------------------------------------------------------------------------------------------------------------------------------------------------------------------------------------------------------------------------------------------------------------------------------------------------------------------------------------------------------------------------------------------------------------------------------------------------------------------------------------------------------------------------------------------------------------------------------------------------------------------------------------------------------------------------------------------------------------------------------------------------------------------------------------------------------------------------------------------------------------------------------------------------------------------------------------------------------------------------------------------------------------------------------+
|     Parameter     |                                                                                                                                                                                                                                                                                                                                                                                                                                                                                                                                                                                                       Value                                                                                                                                                                                                                                                                                                                                                                                                                                                                                                                                                                                                        |
+-------------------+--------------------------------------------------------------------------------------------------------------------------------------------------------------------------------------------------------------------------------------------------------------------------------------------------------------------------------------------------------------------------------------------------------------------------------------------------------------------------------------------------------------------------------------------------------------------------------------------------------------------------------------------------------------------------------------------------------------------------------------------------------------------------------------------------------------------------------------------------------------------------------------------------------------------------------------------------------------------------------------------------------------------------------------------------------------------------------------------------------------------------------------------------------------------------------------------------------------------+
|    hidden_dim     |                                                                                                                                                                                                                                                                                                                                                                                                                                                                                                                                                                                                         64                                                                                                                                                                                                                                                                                                                                                                                                                                                                                                                                                                                                         |
| idx_num_features  | [0, 1, 2, 3, 4, 5, 6, 7, 8, 9, 10, 11, 12, 13, 14, 15, 16, 17, 18, 19, 20, 21, 22, 23, 24, 25, 26, 27, 28, 29, 30, 31, 32, 33, 34, 35, 36, 37, 38, 39, 40, 41, 42, 43, 44, 45, 46, 47, 48, 49, 50, 51, 52, 53, 54, 55, 56, 57, 58, 59, 60, 61, 62, 63, 64, 65, 66, 67, 68, 69, 70, 71, 72, 73, 74, 75, 76, 77, 78, 79, 80, 81, 82, 83, 84, 85, 86, 87, 88, 89, 90, 91, 92, 93, 94, 95, 96, 97, 98, 99, 100, 101, 102, 103, 104, 105, 106, 107, 108, 109, 110, 111, 112, 113, 114, 115, 116, 117, 118, 119, 120, 121, 122, 123, 124, 125, 126, 127, 128, 129, 130, 131, 132, 133, 134, 135, 136, 137, 138, 139, 140, 141, 142, 143, 144, 145, 146, 147, 148, 149, 150, 151, 152, 153, 154, 155, 156, 157, 158, 159, 160, 161, 162, 163, 164, 165, 166, 167, 168, 169, 170, 171, 172, 173, 174, 175, 176, 177, 178, 179, 180, 181, 182, 183, 184, 185, 186, 187, 188, 189, 190, 191, 192, 193, 194, 195, 196, 197, 198, 199, 200, 201, 202, 203, 204, 205, 206, 207, 208, 209, 210, 211, 212, 213, 214, 215, 216, 217, 218, 219, 220, 221, 222, 223, 224, 225, 226, 227, 228, 229, 230, 231, 232, 233, 234, 235, 236, 237, 238, 239, 240, 241, 242, 243, 244, 245, 246, 247, 248, 249, 250, 251, 252, 253, 254, 255] |
| idx_cat_features  |                                                                                                                                                                                                                                                                                                                                                                                                                                                                                                                                                                                                         []                                                                                                                                                                                                                                                                                                                                                                                                                                                                                                                                                                                                         |
|   cardinalities   |                                                                                                                                                                                                                                                                                                                                                                                                                                                                                                                                                                                                         []                                                                                                                                                                                                                                                                                                                                                                                                                                                                                                                                                                                                         |
| n_input_features  |                                                                                                                                                                                                                                                                                                                                                                                                                                                                                                                                                                                                        256                                                                                                                                                                                                                                                                                                                                                                                                                                                                                                                                                                                                         |
|      device       |                                                                                                                                                                                                                                                                                                                                                                                                                                                                                                                                                                                                       cuda:2                                                                                                                                                                                                                                                                                                                                                                                                                                                                                                                                                                                                       |
|    num_layers     |                                                                                                                                                                                                                                                                                                                                                                                                                                                                                                                                                                                                         4                                                                                                                                                                                                                                                                                                                                                                                                                                                                                                                                                                                                          |
|     num_heads     |                                                                                                                                                                                                                                                                                                                                                                                                                                                                                                                                                                                                         4                                                                                                                                                                                                                                                                                                                                                                                                                                                                                                                                                                                                          |
|     p_dropout     |                                                                                                                                                                                                                                                                                                                                                                                                                                                                                                                                                                                                        0.1                                                                                                                                                                                                                                                                                                                                                                                                                                                                                                                                                                                                         |
|  layer_norm_eps   |                                                                                                                                                                                                                                                                                                                                                                                                                                                                                                                                                                                                       1e-05                                                                                                                                                                                                                                                                                                                                                                                                                                                                                                                                                                                                        |
| gradient_clipping |                                                                                                                                                                                                                                                                                                                                                                                                                                                                                                                                                                                                        1.0                                                                                                                                                                                                                                                                                                                                                                                                                                                                                                                                                                                                         |
|  dim_feedforward  |                                                                                                                                                                                                                                                                                                                                                                                                                                                                                                                                                                                                        256                                                                                                                                                                                                                                                                                                                                                                                                                                                                                                                                                                                                         |
+-------------------+--------------------------------------------------------------------------------------------------------------------------------------------------------------------------------------------------------------------------------------------------------------------------------------------------------------------------------------------------------------------------------------------------------------------------------------------------------------------------------------------------------------------------------------------------------------------------------------------------------------------------------------------------------------------------------------------------------------------------------------------------------------------------------------------------------------------------------------------------------------------------------------------------------------------------------------------------------------------------------------------------------------------------------------------------------------------------------------------------------------------------------------------------------------------------------------------------------------------+
Using feature index embedding (unique embedding for each column).
/home/aminmohamadi_squareup_com/projects/t-jepa-parquet-scaling/src/tjepa_transformer.py:172: UserWarning: enable_nested_tensor is True, but self.use_nested_tensor is False because encoder_layer was not TransformerEncoderLayer
  warnings.warn(
Clipping gradients to value 1.0.
Predictors Module parameters:
+-----------------+--------+
|    Parameter    | Value  |
+-----------------+--------+
|   hidden_dim    |   64   |
|  num_features   |  256   |
|   num_layers    |   2    |
|    num_heads    |   4    |
|    p_dropout    |  0.1   |
| layer_norm_eps  | 1e-05  |
|   activation    |  relu  |
| pred_embed_dim  |   64   |
|     device      | cuda:2 |
|  cardinalities  |   []   |
| dim_feedforward |  256   |
+-----------------+--------+
[Debug] Wrapped models in DistributedDataParallel
[Debug] Wrapped models in DistributedDataParallel[Debug] Wrapped models in DistributedDataParallel

[Debug] Wrapped models in DistributedDataParallel
/home/aminmohamadi_squareup_com/projects/t-jepa-parquet-scaling/run.py:232: FutureWarning: `torch.cuda.amp.GradScaler(args...)` is deprecated. Please use `torch.amp.GradScaler('cuda', args...)` instead.
  scaler = GradScaler(enabled=args.model_amp)
/home/aminmohamadi_squareup_com/projects/t-jepa-parquet-scaling/run.py:232: FutureWarning: `torch.cuda.amp.GradScaler(args...)` is deprecated. Please use `torch.amp.GradScaler('cuda', args...)` instead.
  scaler = GradScaler(enabled=args.model_amp)
/home/aminmohamadi_squareup_com/projects/t-jepa-parquet-scaling/run.py:232: FutureWarning: `torch.cuda.amp.GradScaler(args...)` is deprecated. Please use `torch.amp.GradScaler('cuda', args...)` instead.
  scaler = GradScaler(enabled=args.model_amp)
/home/aminmohamadi_squareup_com/projects/t-jepa-parquet-scaling/run.py:232: FutureWarning: `torch.cuda.amp.GradScaler(args...)` is deprecated. Please use `torch.amp.GradScaler('cuda', args...)` instead.
  scaler = GradScaler(enabled=args.model_amp)
MaskCollator params:
-----------------  -----
Allow overlap      False
Min context share  0.2
Max context share  0.4
Min target share   0.2
Max target share   0.4
Min context        51
Max context        102
Min target         51
Max target         102
Num preds          4
Num encs           1
Num features       256
Cardinalities      []
-----------------  -----
[Debug] Building DataLoader …
[Debug] Parquet DataLoader created (pre-batched, batch_size=4096)
[Debug] DataLoader built
[Debug] ipe (iterations per epoch) = 805
MaskCollator params:
MaskCollator params:
MaskCollator params:
-----------------  -----
Allow overlap      False
Min context share  0.2
Max context share  0.4
Min target share   0.2
Max target share   0.4
Min context        51
Max context        102
Min target         51
Max target         102
Num preds          4
Num encs           1
Num features       256
Cardinalities      []
-----------------  -----
[Debug] Building DataLoader …-----------------  -----
Allow overlap      False
Min context share  0.2
Max context share  0.4
Min target share   0.2
Max target share   0.4
Min context        51
Max context        102
Min target         51
Max target         102
Num preds          4
Num encs           1
Num features       256
Cardinalities      []
-----------------  -----

[Debug] Building DataLoader …
[Debug] Parquet DataLoader created (pre-batched, batch_size=4096)
[Debug] DataLoader built
[Debug] Parquet DataLoader created (pre-batched, batch_size=4096)
[Debug] DataLoader built
[Debug] ipe (iterations per epoch) = 805[Debug] ipe (iterations per epoch) = 805

-----------------  -----
Allow overlap      False
Min context share  0.2
Max context share  0.4
Min target share   0.2
Max target share   0.4
Min context        51
Max context        102
Min target         51
Max target         102
Num preds          4
Num encs           1
Num features       256
Cardinalities      []
-----------------  -----
[Debug] Building DataLoader …
[Debug] Parquet DataLoader created (pre-batched, batch_size=4096)
[Debug] DataLoader built
[Debug] ipe (iterations per epoch) = 805
[Debug] Instantiating Trainer
[Debug] is_main_process=False
[Debug] Trainer instantiated
Starting training…
[Debug] Instantiating Trainer
[Debug] Instantiating Trainer
[Debug] is_main_process=False
[Debug] is_main_process=False
[Debug] Instantiating Trainer[Debug] Trainer instantiated

Starting training…
[Debug] Trainer instantiated
Starting training…
[Debug] is_main_process=True
Running probe at epoch 0
Running probe at epoch 0
Running probe at epoch 0
[Debug] Trainer instantiated
Starting training…
2025/11/12 18:17:53 INFO mlflow.system_metrics.system_metrics_monitor: Started monitoring system metrics.
Running probe at epoch 0
Generating embedding using: Encoder
  0%|          | 0/6446 [00:00<?, ?it/s]/home/aminmohamadi_squareup_com/projects/t-jepa-parquet-scaling/src/encoder.py:273: UserWarning: The use of `x.T` on tensors of dimension other than 2 to reverse their shape is deprecated and it will throw an error in a future release. Consider `x.mT` to transpose batches of matrices or `x.permute(*torch.arange(x.ndim - 1, -1, -1))` to reverse the dimensions of a tensor. (Triggered internally at /pytorch/aten/src/ATen/native/TensorShape.cpp:4416.)
  _debug_values(x[0].T, title="Before linear embedding")
Generating embedding using: Encoder
  0%|          | 1/6446 [00:00<18:20,  5.86it/s]  0%|          | 5/6446 [00:00<05:01, 21.40it/s]  0%|          | 10/6446 [00:00<03:32, 30.25it/s]  0%|          | 15/6446 [00:00<03:05, 34.69it/s]  0%|          | 20/6446 [00:00<02:53, 37.08it/s]  0%|          | 25/6446 [00:00<02:46, 38.55it/s]  0%|          | 30/6446 [00:00<02:42, 39.55it/s]  1%|          | 35/6446 [00:00<02:39, 40.16it/s]  1%|          | 40/6446 [00:01<02:37, 40.58it/s]  1%|          | 45/6446 [00:01<02:36, 40.92it/s]  1%|          | 50/6446 [00:01<02:35, 41.10it/s]  1%|          | 55/6446 [00:01<02:35, 41.13it/s]  1%|          | 60/6446 [00:01<02:34, 41.29it/s]  1%|          | 65/6446 [00:01<02:34, 41.36it/s]  1%|          | 70/6446 [00:01<02:33, 41.46it/s]  1%|          | 75/6446 [00:01<02:33, 41.49it/s]  1%|          | 80/6446 [00:02<02:33, 41.61it/s]  1%|▏         | 85/6446 [00:02<02:33, 41.55it/s]  1%|▏         | 90/6446 [00:02<02:33, 41.50it/s]  1%|▏         | 95/6446 [00:02<02:32, 41.59it/s]  0%|          | 0/6446 [00:00<?, ?it/s]/home/aminmohamadi_squareup_com/projects/t-jepa-parquet-scaling/src/encoder.py:273: UserWarning: The use of `x.T` on tensors of dimension other than 2 to reverse their shape is deprecated and it will throw an error in a future release. Consider `x.mT` to transpose batches of matrices or `x.permute(*torch.arange(x.ndim - 1, -1, -1))` to reverse the dimensions of a tensor. (Triggered internally at /pytorch/aten/src/ATen/native/TensorShape.cpp:4416.)
  _debug_values(x[0].T, title="Before linear embedding")
  2%|▏         | 100/6446 [00:02<02:32, 41.54it/s]  0%|          | 1/6446 [00:00<18:07,  5.93it/s]  2%|▏         | 105/6446 [00:02<02:34, 41.06it/s]  0%|          | 5/6446 [00:00<05:07, 20.95it/s]  2%|▏         | 110/6446 [00:02<02:35, 40.79it/s]  0%|          | 9/6446 [00:00<03:47, 28.26it/s]  0%|          | 13/6446 [00:00<03:19, 32.17it/s]  2%|▏         | 115/6446 [00:02<02:36, 40.53it/s]  0%|          | 17/6446 [00:00<03:04, 34.75it/s]  2%|▏         | 120/6446 [00:03<02:36, 40.53it/s]  0%|          | 22/6446 [00:00<02:53, 36.92it/s]  2%|▏         | 125/6446 [00:03<02:35, 40.73it/s]  0%|          | 27/6446 [00:00<02:47, 38.26it/s]  2%|▏         | 130/6446 [00:03<02:34, 40.79it/s]  0%|          | 32/6446 [00:00<02:44, 39.09it/s]  2%|▏         | 135/6446 [00:03<02:34, 40.84it/s]  1%|          | 37/6446 [00:01<02:41, 39.61it/s]  2%|▏         | 140/6446 [00:03<02:34, 40.91it/s]  1%|          | 42/6446 [00:01<02:40, 40.01it/s]  2%|▏         | 145/6446 [00:03<02:34, 40.90it/s]  1%|          | 47/6446 [00:01<02:38, 40.26it/s]  2%|▏         | 150/6446 [00:03<02:33, 40.93it/s]  1%|          | 52/6446 [00:01<02:37, 40.56it/s]  2%|▏         | 155/6446 [00:03<02:33, 41.06it/s]  1%|          | 57/6446 [00:01<02:36, 40.95it/s]  2%|▏         | 160/6446 [00:04<02:33, 40.97it/s]  1%|          | 62/6446 [00:01<02:35, 41.11it/s]  3%|▎         | 165/6446 [00:04<02:33, 40.95it/s]  1%|          | 67/6446 [00:01<02:35, 41.13it/s]  3%|▎         | 170/6446 [00:04<02:33, 40.96it/s]  1%|          | 72/6446 [00:01<02:34, 41.19it/s]  3%|▎         | 175/6446 [00:04<02:33, 40.81it/s]  1%|          | 77/6446 [00:02<02:34, 41.11it/s]  3%|▎         | 180/6446 [00:04<02:33, 40.73it/s]  1%|▏         | 82/6446 [00:02<02:34, 41.07it/s]  3%|▎         | 185/6446 [00:04<02:32, 40.93it/s]  1%|▏         | 87/6446 [00:02<02:34, 41.17it/s]  3%|▎         | 190/6446 [00:04<02:32, 41.04it/s]  1%|▏         | 92/6446 [00:02<02:34, 41.24it/s]  3%|▎         | 195/6446 [00:04<02:31, 41.21it/s]  2%|▏         | 97/6446 [00:02<02:33, 41.37it/s]  3%|▎         | 200/6446 [00:05<02:30, 41.37it/s]  2%|▏         | 102/6446 [00:02<02:32, 41.48it/s]  3%|▎         | 205/6446 [00:05<02:30, 41.45it/s]  2%|▏         | 107/6446 [00:02<02:33, 41.33it/s]  3%|▎         | 210/6446 [00:05<02:30, 41.44it/s]  2%|▏         | 112/6446 [00:02<02:34, 41.03it/s]  3%|▎         | 215/6446 [00:05<02:31, 41.26it/s]  2%|▏         | 117/6446 [00:03<02:34, 41.02it/s]  3%|▎         | 220/6446 [00:05<02:30, 41.48it/s]  2%|▏         | 122/6446 [00:03<02:34, 41.06it/s]  3%|▎         | 225/6446 [00:05<02:29, 41.57it/s]  2%|▏         | 127/6446 [00:03<02:33, 41.08it/s]  4%|▎         | 230/6446 [00:05<02:29, 41.53it/s]  2%|▏         | 132/6446 [00:03<02:33, 41.05it/s]  4%|▎         | 235/6446 [00:05<02:30, 41.14it/s]  2%|▏         | 137/6446 [00:03<02:33, 41.14it/s]  4%|▎         | 240/6446 [00:05<02:31, 40.91it/s]  2%|▏         | 142/6446 [00:03<02:32, 41.26it/s]  4%|▍         | 245/6446 [00:06<02:31, 40.99it/s]  2%|▏         | 147/6446 [00:03<02:32, 41.29it/s]  4%|▍         | 250/6446 [00:06<02:32, 40.69it/s]  2%|▏         | 152/6446 [00:03<02:33, 40.95it/s]  4%|▍         | 255/6446 [00:06<02:33, 40.45it/s]  2%|▏         | 157/6446 [00:03<02:33, 40.84it/s]  4%|▍         | 260/6446 [00:06<02:32, 40.60it/s]  3%|▎         | 162/6446 [00:04<02:34, 40.76it/s]  4%|▍         | 265/6446 [00:06<02:31, 40.84it/s]  3%|▎         | 167/6446 [00:04<02:32, 41.07it/s]  4%|▍         | 270/6446 [00:06<02:32, 40.60it/s]  3%|▎         | 172/6446 [00:04<02:32, 41.20it/s]  4%|▍         | 275/6446 [00:06<02:32, 40.48it/s]  3%|▎         | 177/6446 [00:04<02:32, 41.11it/s]  4%|▍         | 280/6446 [00:06<02:31, 40.67it/s]  3%|▎         | 182/6446 [00:04<02:33, 40.93it/s]  4%|▍         | 285/6446 [00:07<02:31, 40.68it/s]  3%|▎         | 187/6446 [00:04<02:32, 40.94it/s]  4%|▍         | 290/6446 [00:07<02:30, 40.90it/s]  3%|▎         | 192/6446 [00:04<02:32, 40.97it/s]  5%|▍         | 295/6446 [00:07<02:29, 41.14it/s]  3%|▎         | 197/6446 [00:04<02:32, 41.05it/s]  5%|▍         | 300/6446 [00:07<02:29, 41.15it/s]  3%|▎         | 202/6446 [00:05<02:32, 41.07it/s]  5%|▍         | 305/6446 [00:07<02:29, 41.01it/s]  3%|▎         | 207/6446 [00:05<02:31, 41.06it/s]  5%|▍         | 310/6446 [00:07<02:30, 40.81it/s]  3%|▎         | 212/6446 [00:05<02:31, 41.12it/s]  5%|▍         | 315/6446 [00:07<02:30, 40.70it/s]  3%|▎         | 217/6446 [00:05<02:32, 40.97it/s]  5%|▍         | 320/6446 [00:07<02:30, 40.63it/s]  3%|▎         | 222/6446 [00:05<02:31, 41.02it/s]  5%|▌         | 325/6446 [00:08<02:30, 40.79it/s]  4%|▎         | 227/6446 [00:05<02:31, 41.03it/s]  5%|▌         | 330/6446 [00:08<02:30, 40.73it/s]  4%|▎         | 232/6446 [00:05<02:31, 40.99it/s]  5%|▌         | 335/6446 [00:08<02:30, 40.70it/s]  4%|▎         | 237/6446 [00:05<02:31, 41.03it/s]  5%|▌         | 340/6446 [00:08<02:30, 40.46it/s]  4%|▍         | 242/6446 [00:06<02:31, 40.89it/s]  5%|▌         | 345/6446 [00:08<02:31, 40.31it/s]  4%|▍         | 247/6446 [00:06<02:31, 40.94it/s]  5%|▌         | 350/6446 [00:08<02:30, 40.51it/s]  4%|▍         | 252/6446 [00:06<02:30, 41.16it/s]  6%|▌         | 355/6446 [00:08<02:29, 40.66it/s]  4%|▍         | 257/6446 [00:06<02:29, 41.27it/s]  6%|▌         | 360/6446 [00:08<02:30, 40.35it/s]  4%|▍         | 262/6446 [00:06<02:30, 41.06it/s]  6%|▌         | 365/6446 [00:09<02:30, 40.41it/s]  4%|▍         | 267/6446 [00:06<02:29, 41.23it/s]  6%|▌         | 370/6446 [00:09<02:29, 40.53it/s]  4%|▍         | 272/6446 [00:06<02:29, 41.38it/s]  6%|▌         | 375/6446 [00:09<02:29, 40.69it/s]  4%|▍         | 277/6446 [00:06<02:29, 41.18it/s]  6%|▌         | 380/6446 [00:09<02:29, 40.51it/s]  4%|▍         | 282/6446 [00:07<02:30, 40.98it/s]  6%|▌         | 385/6446 [00:09<02:29, 40.60it/s]  4%|▍         | 287/6446 [00:07<02:29, 41.14it/s]  6%|▌         | 390/6446 [00:09<02:27, 40.94it/s]  5%|▍         | 292/6446 [00:07<02:29, 41.21it/s]  6%|▌         | 395/6446 [00:09<02:28, 40.85it/s]  5%|▍         | 297/6446 [00:07<02:29, 41.00it/s]  6%|▌         | 400/6446 [00:09<02:27, 40.89it/s]  5%|▍         | 302/6446 [00:07<02:29, 41.15it/s]  6%|▋         | 405/6446 [00:10<02:27, 40.83it/s]  5%|▍         | 307/6446 [00:07<02:29, 41.09it/s]  6%|▋         | 410/6446 [00:10<02:28, 40.74it/s]  5%|▍         | 312/6446 [00:07<02:29, 41.07it/s]  6%|▋         | 415/6446 [00:10<02:28, 40.58it/s]  5%|▍         | 317/6446 [00:07<02:29, 41.02it/s]  7%|▋         | 420/6446 [00:10<02:27, 40.75it/s]  5%|▍         | 322/6446 [00:08<02:28, 41.27it/s]  7%|▋         | 425/6446 [00:10<02:27, 40.80it/s]  5%|▌         | 327/6446 [00:08<02:28, 41.26it/s]  7%|▋         | 430/6446 [00:10<02:27, 40.91it/s]  5%|▌         | 332/6446 [00:08<02:28, 41.28it/s]  7%|▋         | 435/6446 [00:10<02:26, 41.03it/s]  5%|▌         | 337/6446 [00:08<02:27, 41.38it/s]  7%|▋         | 440/6446 [00:10<02:26, 41.08it/s]  5%|▌         | 342/6446 [00:08<02:27, 41.32it/s]  7%|▋         | 445/6446 [00:11<02:26, 41.05it/s]  5%|▌         | 347/6446 [00:08<02:27, 41.27it/s]  7%|▋         | 450/6446 [00:11<02:25, 41.11it/s]  5%|▌         | 352/6446 [00:08<02:27, 41.33it/s]  7%|▋         | 455/6446 [00:11<02:26, 41.02it/s]  6%|▌         | 357/6446 [00:08<02:27, 41.34it/s]  7%|▋         | 460/6446 [00:11<02:26, 40.79it/s]  6%|▌         | 362/6446 [00:08<02:27, 41.37it/s]  7%|▋         | 465/6446 [00:11<02:26, 40.85it/s]  6%|▌         | 367/6446 [00:09<02:26, 41.45it/s]  7%|▋         | 470/6446 [00:11<02:25, 40.95it/s]  6%|▌         | 372/6446 [00:09<02:27, 41.27it/s]  7%|▋         | 475/6446 [00:11<02:25, 41.08it/s]  6%|▌         | 377/6446 [00:09<02:27, 41.22it/s]  7%|▋         | 480/6446 [00:11<02:24, 41.24it/s]  6%|▌         | 382/6446 [00:09<02:27, 41.22it/s]  8%|▊         | 485/6446 [00:11<02:24, 41.26it/s]  6%|▌         | 387/6446 [00:09<02:26, 41.22it/s]  8%|▊         | 490/6446 [00:12<02:24, 41.29it/s]  6%|▌         | 392/6446 [00:09<02:26, 41.29it/s]  8%|▊         | 495/6446 [00:12<02:24, 41.13it/s]  6%|▌         | 397/6446 [00:09<02:26, 41.40it/s]  8%|▊         | 500/6446 [00:12<02:24, 41.20it/s]  6%|▌         | 402/6446 [00:09<02:26, 41.36it/s]  8%|▊         | 505/6446 [00:12<02:24, 41.22it/s]  6%|▋         | 407/6446 [00:10<02:25, 41.41it/s]  8%|▊         | 510/6446 [00:12<02:23, 41.32it/s]  6%|▋         | 412/6446 [00:10<02:25, 41.50it/s]  8%|▊         | 515/6446 [00:12<02:23, 41.35it/s]  6%|▋         | 417/6446 [00:10<02:25, 41.46it/s]  8%|▊         | 520/6446 [00:12<02:23, 41.31it/s]  7%|▋         | 422/6446 [00:10<02:25, 41.43it/s]  8%|▊         | 525/6446 [00:12<02:23, 41.17it/s]  7%|▋         | 427/6446 [00:10<02:25, 41.46it/s]  8%|▊         | 530/6446 [00:13<02:23, 41.19it/s]  7%|▋         | 432/6446 [00:10<02:25, 41.44it/s]  8%|▊         | 535/6446 [00:13<02:23, 41.26it/s]  7%|▋         | 437/6446 [00:10<02:25, 41.42it/s]  8%|▊         | 540/6446 [00:13<02:22, 41.30it/s]  7%|▋         | 442/6446 [00:10<02:24, 41.48it/s]  8%|▊         | 545/6446 [00:13<02:22, 41.45it/s]  7%|▋         | 447/6446 [00:11<02:24, 41.47it/s]  9%|▊         | 550/6446 [00:13<02:22, 41.47it/s]  7%|▋         | 452/6446 [00:11<02:24, 41.56it/s]  9%|▊         | 555/6446 [00:13<02:22, 41.44it/s]  7%|▋         | 457/6446 [00:11<02:24, 41.56it/s]  9%|▊         | 560/6446 [00:13<02:23, 41.13it/s]  7%|▋         | 462/6446 [00:11<02:24, 41.34it/s]  9%|▉         | 565/6446 [00:13<02:23, 41.12it/s]  7%|▋         | 467/6446 [00:11<02:24, 41.33it/s]  9%|▉         | 570/6446 [00:14<02:22, 41.25it/s]  7%|▋         | 472/6446 [00:11<02:24, 41.47it/s]  9%|▉         | 575/6446 [00:14<02:21, 41.40it/s]  7%|▋         | 477/6446 [00:11<02:23, 41.56it/s]  9%|▉         | 580/6446 [00:14<02:22, 41.03it/s]  7%|▋         | 482/6446 [00:11<02:24, 41.21it/s]  9%|▉         | 585/6446 [00:14<02:22, 41.14it/s]  8%|▊         | 487/6446 [00:11<02:24, 41.12it/s]  9%|▉         | 590/6446 [00:14<02:21, 41.26it/s]  8%|▊         | 492/6446 [00:12<02:24, 41.11it/s]  9%|▉         | 595/6446 [00:14<02:21, 41.21it/s]  8%|▊         | 497/6446 [00:12<02:25, 40.91it/s]  9%|▉         | 600/6446 [00:14<02:23, 40.83it/s]  8%|▊         | 502/6446 [00:12<02:26, 40.71it/s]  9%|▉         | 605/6446 [00:14<02:22, 40.88it/s]  8%|▊         | 507/6446 [00:12<02:25, 40.86it/s]  9%|▉         | 610/6446 [00:15<02:23, 40.78it/s]  8%|▊         | 512/6446 [00:12<02:25, 40.82it/s] 10%|▉         | 615/6446 [00:15<02:22, 40.90it/s]  8%|▊         | 517/6446 [00:12<02:24, 40.91it/s] 10%|▉         | 620/6446 [00:15<02:22, 41.00it/s]  8%|▊         | 522/6446 [00:12<02:24, 41.13it/s] 10%|▉         | 625/6446 [00:15<02:22, 40.98it/s]  8%|▊         | 527/6446 [00:12<02:23, 41.21it/s] 10%|▉         | 630/6446 [00:15<02:21, 41.00it/s]  8%|▊         | 532/6446 [00:13<02:23, 41.19it/s] 10%|▉         | 635/6446 [00:15<02:21, 41.10it/s]  8%|▊         | 537/6446 [00:13<02:23, 41.27it/s] 10%|▉         | 640/6446 [00:15<02:21, 41.06it/s]  8%|▊         | 542/6446 [00:13<02:23, 41.24it/s] 10%|█         | 645/6446 [00:15<02:21, 41.06it/s]  8%|▊         | 547/6446 [00:13<02:22, 41.32it/s] 10%|█         | 650/6446 [00:15<02:21, 41.10it/s]  9%|▊         | 552/6446 [00:13<02:22, 41.40it/s] 10%|█         | 655/6446 [00:16<02:21, 41.06it/s]  9%|▊         | 557/6446 [00:13<02:22, 41.32it/s] 10%|█         | 660/6446 [00:16<02:21, 41.00it/s]  9%|▊         | 562/6446 [00:13<02:22, 41.31it/s] 10%|█         | 665/6446 [00:16<02:20, 41.07it/s]  9%|▉         | 567/6446 [00:13<02:22, 41.38it/s] 10%|█         | 670/6446 [00:16<02:20, 41.11it/s]  9%|▉         | 572/6446 [00:14<02:22, 41.29it/s] 10%|█         | 675/6446 [00:16<02:20, 41.11it/s]  9%|▉         | 577/6446 [00:14<02:22, 41.29it/s] 11%|█         | 680/6446 [00:16<02:20, 41.06it/s]  9%|▉         | 582/6446 [00:14<02:21, 41.36it/s] 11%|█         | 685/6446 [00:16<02:20, 41.09it/s]  9%|▉         | 587/6446 [00:14<02:22, 41.25it/s] 11%|█         | 690/6446 [00:16<02:20, 41.07it/s]  9%|▉         | 592/6446 [00:14<02:21, 41.30it/s] 11%|█         | 695/6446 [00:17<02:20, 41.04it/s]  9%|▉         | 597/6446 [00:14<02:21, 41.38it/s] 11%|█         | 700/6446 [00:17<02:19, 41.07it/s]  9%|▉         | 602/6446 [00:14<02:21, 41.39it/s] 11%|█         | 705/6446 [00:17<02:20, 40.98it/s]  9%|▉         | 607/6446 [00:14<02:21, 41.38it/s] 11%|█         | 710/6446 [00:17<02:20, 40.96it/s]  9%|▉         | 612/6446 [00:15<02:21, 41.31it/s] 11%|█         | 715/6446 [00:17<02:19, 41.00it/s] 10%|▉         | 617/6446 [00:15<02:20, 41.38it/s] 11%|█         | 720/6446 [00:17<02:19, 40.99it/s] 10%|▉         | 622/6446 [00:15<02:20, 41.35it/s] 11%|█         | 725/6446 [00:17<02:20, 40.80it/s] 10%|▉         | 627/6446 [00:15<02:21, 41.09it/s] 11%|█▏        | 730/6446 [00:17<02:20, 40.81it/s] 10%|▉         | 632/6446 [00:15<02:21, 41.21it/s] 11%|█▏        | 735/6446 [00:18<02:19, 40.86it/s] 10%|▉         | 637/6446 [00:15<02:20, 41.28it/s] 11%|█▏        | 740/6446 [00:18<02:19, 40.93it/s] 10%|▉         | 642/6446 [00:15<02:20, 41.27it/s] 12%|█▏        | 745/6446 [00:18<02:19, 40.95it/s] 10%|█         | 647/6446 [00:15<02:19, 41.45it/s] 10%|█         | 652/6446 [00:15<02:19, 41.42it/s] 12%|█▏        | 750/6446 [00:18<02:19, 40.94it/s] 10%|█         | 657/6446 [00:16<02:19, 41.39it/s] 12%|█▏        | 755/6446 [00:18<02:18, 41.00it/s] 10%|█         | 662/6446 [00:16<02:19, 41.40it/s] 12%|█▏        | 760/6446 [00:18<02:18, 41.03it/s] 10%|█         | 667/6446 [00:16<02:19, 41.32it/s] 12%|█▏        | 765/6446 [00:18<02:18, 40.97it/s] 10%|█         | 672/6446 [00:16<02:19, 41.28it/s] 12%|█▏        | 770/6446 [00:18<02:20, 40.53it/s] 11%|█         | 677/6446 [00:16<02:20, 41.15it/s] 12%|█▏        | 775/6446 [00:19<02:19, 40.62it/s] 11%|█         | 682/6446 [00:16<02:20, 41.09it/s] 12%|█▏        | 780/6446 [00:19<02:19, 40.76it/s] 11%|█         | 687/6446 [00:16<02:20, 40.92it/s] 12%|█▏        | 785/6446 [00:19<02:18, 40.88it/s] 11%|█         | 692/6446 [00:16<02:20, 40.89it/s] 12%|█▏        | 790/6446 [00:19<02:17, 40.99it/s] 11%|█         | 697/6446 [00:17<02:20, 40.84it/s] 12%|█▏        | 795/6446 [00:19<02:17, 41.02it/s] 11%|█         | 702/6446 [00:17<02:20, 40.86it/s] 12%|█▏        | 800/6446 [00:19<02:17, 41.07it/s] 11%|█         | 707/6446 [00:17<02:20, 40.90it/s] 12%|█▏        | 805/6446 [00:19<02:17, 41.12it/s] 11%|█         | 712/6446 [00:17<02:20, 40.86it/s] 13%|█▎        | 810/6446 [00:19<02:17, 41.10it/s] 11%|█         | 717/6446 [00:17<02:20, 40.84it/s] 13%|█▎        | 815/6446 [00:20<02:18, 40.76it/s] 11%|█         | 722/6446 [00:17<02:20, 40.87it/s] 13%|█▎        | 820/6446 [00:20<02:18, 40.72it/s] 11%|█▏        | 727/6446 [00:17<02:20, 40.81it/s] 13%|█▎        | 825/6446 [00:20<02:17, 40.92it/s] 11%|█▏        | 732/6446 [00:17<02:19, 40.89it/s] 13%|█▎        | 830/6446 [00:20<02:16, 41.07it/s] 11%|█▏        | 737/6446 [00:18<02:19, 40.92it/s] 13%|█▎        | 835/6446 [00:20<02:17, 40.82it/s] 12%|█▏        | 742/6446 [00:18<02:20, 40.50it/s] 13%|█▎        | 840/6446 [00:20<02:18, 40.48it/s] 12%|█▏        | 747/6446 [00:18<02:20, 40.59it/s] 13%|█▎        | 845/6446 [00:20<02:18, 40.47it/s] 12%|█▏        | 752/6446 [00:18<02:19, 40.73it/s] 13%|█▎        | 850/6446 [00:20<02:17, 40.68it/s] 12%|█▏        | 757/6446 [00:18<02:19, 40.79it/s] 13%|█▎        | 855/6446 [00:21<02:16, 40.85it/s] 12%|█▏        | 762/6446 [00:18<02:19, 40.80it/s] 13%|█▎        | 860/6446 [00:21<02:16, 40.97it/s] 12%|█▏        | 767/6446 [00:18<02:19, 40.80it/s] 13%|█▎        | 865/6446 [00:21<02:15, 41.08it/s] 13%|█▎        | 870/6446 [00:21<02:15, 41.27it/s] 12%|█▏        | 772/6446 [00:18<02:18, 40.91it/s] 14%|█▎        | 875/6446 [00:21<02:14, 41.28it/s] 12%|█▏        | 777/6446 [00:19<02:18, 40.92it/s] 14%|█▎        | 880/6446 [00:21<02:14, 41.29it/s] 12%|█▏        | 782/6446 [00:19<02:18, 40.90it/s] 14%|█▎        | 885/6446 [00:21<02:14, 41.36it/s] 12%|█▏        | 787/6446 [00:19<02:18, 40.95it/s] 14%|█▍        | 890/6446 [00:21<02:14, 41.40it/s] 12%|█▏        | 792/6446 [00:19<02:18, 40.91it/s] 14%|█▍        | 895/6446 [00:21<02:14, 41.39it/s] 12%|█▏        | 797/6446 [00:19<02:17, 41.01it/s] 14%|█▍        | 900/6446 [00:22<02:14, 41.36it/s] 12%|█▏        | 802/6446 [00:19<02:17, 40.97it/s] 14%|█▍        | 905/6446 [00:22<02:14, 41.29it/s] 13%|█▎        | 807/6446 [00:19<02:17, 40.88it/s] 14%|█▍        | 910/6446 [00:22<02:14, 41.23it/s] 13%|█▎        | 812/6446 [00:19<02:17, 40.87it/s] 14%|█▍        | 915/6446 [00:22<02:14, 41.27it/s] 13%|█▎        | 817/6446 [00:20<02:17, 40.96it/s] 14%|█▍        | 920/6446 [00:22<02:14, 41.17it/s] 13%|█▎        | 822/6446 [00:20<02:17, 40.94it/s] 14%|█▍        | 925/6446 [00:22<02:14, 41.08it/s] 13%|█▎        | 827/6446 [00:20<02:17, 40.93it/s] 14%|█▍        | 930/6446 [00:22<02:14, 41.09it/s] 13%|█▎        | 832/6446 [00:20<02:17, 40.96it/s] 15%|█▍        | 935/6446 [00:22<02:14, 40.98it/s] 13%|█▎        | 837/6446 [00:20<02:17, 40.84it/s] 15%|█▍        | 940/6446 [00:23<02:14, 40.84it/s] 13%|█▎        | 842/6446 [00:20<02:17, 40.74it/s] 15%|█▍        | 945/6446 [00:23<02:14, 40.91it/s] 13%|█▎        | 847/6446 [00:20<02:17, 40.80it/s] 15%|█▍        | 950/6446 [00:23<02:14, 40.91it/s] 13%|█▎        | 852/6446 [00:20<02:17, 40.77it/s] 15%|█▍        | 955/6446 [00:23<02:14, 40.94it/s] 13%|█▎        | 857/6446 [00:21<02:17, 40.78it/s] 15%|█▍        | 960/6446 [00:23<02:13, 40.99it/s] 13Generating embedding using: Encoder
%|█▎        | 862/6446 [00:21<02:17, 40.64it/s] 15%|█▍        | 965/6446 [00:23<02:13, 40.97it/s] 13%|█▎        | 867/6446 [00:21<02:18, 40.39it/s] 15%|█▌        | 970/6446 [00:23<02:13, 40.96it/s] 14%|█▎        | 872/6446 [00:21<02:18, 40.25it/s] 15%|█▌        | 975/6446 [00:23<02:13, 40.91it/s] 14%|█▎        | 877/6446 [00:21<02:18, 40.32it/s]  0%|          | 0/6446 [00:00<?, ?it/s]/home/aminmohamadi_squareup_com/projects/t-jepa-parquet-scaling/src/encoder.py:273: UserWarning: The use of `x.T` on tensors of dimension other than 2 to reverse their shape is deprecated and it will throw an error in a future release. Consider `x.mT` to transpose batches of matrices or `x.permute(*torch.arange(x.ndim - 1, -1, -1))` to reverse the dimensions of a tensor. (Triggered internally at /pytorch/aten/src/ATen/native/TensorShape.cpp:4416.)
  _debug_values(x[0].T, title="Before linear embedding")
 15%|█▌        | 980/6446 [00:24<02:13, 41.02it/s] 14%|█▎        | 882/6446 [00:21<02:17, 40.32it/s] 15%|█▌        | 985/6446 [00:24<02:12, 41.19it/s] 14%|█▍        | 887/6446 [00:21<02:17, 40.38it/s]  0%|          | 1/6446 [00:00<20:05,  5.35it/s] 15%|█▌        | 990/6446 [00:24<02:12, 41.32it/s]  0%|          | 5/6446 [00:00<05:25, 19.77it/s] 14%|█▍        | 892/6446 [00:21<02:17, 40.43it/s] 15%|█▌        | 995/6446 [00:24<02:11, 41.47it/s]  0%|          | 9/6446 [00:00<03:58, 26.93it/s] 14%|█▍        | 897/6446 [00:21<02:17, 40.43it/s]  0%|          | 13/6446 [00:00<03:28, 30.81it/s] 16%|█▌        | 1000/6446 [00:24<02:12, 41.19it/s] 14%|█▍        | 902/6446 [00:22<02:17, 40.37it/s]  0%|          | 17/6446 [00:00<03:13, 33.14it/s] 16%|█▌        | 1005/6446 [00:24<02:12, 41.03it/s] 14%|█▍        | 907/6446 [00:22<02:16, 40.44it/s]  0%|          | 21/6446 [00:00<03:04, 34.74it/s] 16%|█▌        | 1010/6446 [00:24<02:12, 40.94it/s] 14%|█▍        | 912/6446 [00:22<02:16, 40.44it/s]  0%|          | 25/6446 [00:00<03:00, 35.67it/s] 16%|█▌        | 1015/6446 [00:24<02:13, 40.77it/s] 14%|█▍        | 917/6446 [00:22<02:16, 40.38it/s]  0%|          | 29/6446 [00:00<02:55, 36.46it/s] 16%|█▌        | 1020/6446 [00:25<02:13, 40.73it/s]  1%|          | 33/6446 [00:01<02:51, 37.30it/s] 14%|█▍        | 922/6446 [00:22<02:17, 40.32it/s] 16%|█▌        | 1025/6446 [00:25<02:12, 40.87it/s]  1%|          | 37/6446 [00:01<02:48, 38.04it/s] 14%|█▍        | 927/6446 [00:22<02:16, 40.46it/s]  1%|          | 41/6446 [00:01<02:46, 38.55it/s] 16%|█▌        | 1030/6446 [00:25<02:11, 41.04it/s] 14%|█▍        | 932/6446 [00:22<02:16, 40.51it/s]  1%|          | 46/6446 [00:01<02:43, 39.06it/s] 16%|█▌        | 1035/6446 [00:25<02:11, 41.17it/s] 15%|█▍        | 937/6446 [00:22<02:15, 40.55it/s]  1%|          | 51/6446 [00:01<02:42, 39.44it/s] 16%|█▌        | 1040/6446 [00:25<02:10, 41.36it/s] 15%|█▍     Generating embedding using: Encoder
   | 942/6446 [00:23<02:15, 40.69it/s]  1%|          | 55/6446 [00:01<02:41, 39.55it/s] 16%|█▌        | 1045/6446 [00:25<02:10, 41.34it/s] 15%|█▍        | 947/6446 [00:23<02:15, 40.66it/s]  1%|          | 59/6446 [00:01<02:41, 39.49it/s] 16%|█▋        | 1050/6446 [00:25<02:10, 41.32it/s]  1%|          | 63/6446 [00:01<02:41, 39.60it/s] 15%|█▍        | 952/6446 [00:23<02:14, 40.74it/s] 16%|█▋        | 1055/6446 [00:25<02:09, 41.47it/s] 15%|█▍        | 957/6446 [00:23<02:14, 40.85it/s]  1%|          | 68/6446 [00:01<02:40, 39.78it/s] 16%|█▋        | 1060/6446 [00:25<02:10, 41.43it/s]  1%|          | 72/6446 [00:02<02:40, 39.74it/s] 15%|█▍        | 962/6446 [00:23<02:14, 40.83it/s]  0%|          | 0/6446 [00:00<?, ?it/s]/home/aminmohamadi_squareup_com/projects/t-jepa-parquet-scaling/src/encoder.py:273: UserWarning: The use of `x.T` on tensors of dimension other than 2 to reverse their shape is deprecated and it will throw an error in a future release. Consider `x.mT` to transpose batches of matrices or `x.permute(*torch.arange(x.ndim - 1, -1, -1))` to reverse the dimensions of a tensor. (Triggered internally at /pytorch/aten/src/ATen/native/TensorShape.cpp:4416.)
  _debug_values(x[0].T, title="Before linear embedding")
 17%|█▋        | 1065/6446 [00:26<02:09, 41.44it/s]  1%|          | 76/6446 [00:02<02:40, 39.81it/s] 15%|█▌        | 967/6446 [00:23<02:13, 40.96it/s]  1%|          | 80/6446 [00:02<02:40, 39.56it/s] 17%|█▋        | 1070/6446 [00:26<02:09, 41.42it/s]  0%|          | 1/6446 [00:00<19:27,  5.52it/s] 15%|█▌        | 972/6446 [00:23<02:13, 41.15it/s]  1%|▏         | 84/6446 [00:02<02:41, 39.45it/s] 17%|█▋        | 1075/6446 [00:26<02:10, 41.21it/s]  0%|          | 5/6446 [00:00<05:14, 20.50it/s] 15%|█▌        | 977/6446 [00:23<02:12, 41.24it/s]  1%|▏         | 88/6446 [00:02<02:42, 39.25it/s] 17%|█▋        | 1080/6446 [00:26<02:10, 41.10it/s]  0%|          | 10/6446 [00:00<03:41, 29.08it/s] 15%|█▌        | 982/6446 [00:24<02:12, 41.31it/s]  1%|▏         | 92/6446 [00:02<02:42, 39.22it/s] 17%|█▋        | 1085/6446 [00:26<02:10, 41.14it/s]  0%|          | 15/6446 [00:00<03:12, 33.38it/s]  1%|▏         | 96/6446 [00:02<02:41, 39.28it/s] 15%|█▌        | 987/6446 [00:24<02:11, 41.40it/s] 17%|█▋        | 1090/6446 [00:26<02:10, 41.15it/s]  0%|          | 20/6446 [00:00<02:59, 35.77it/s]  2%|▏         | 100/6446 [00:02<02:41, 39.27it/s] 15%|█▌        | 992/6446 [00:24<02:11, 41.39it/s] 17%|█▋        | 1095/6446 [00:26<02:09, 41.22it/s]  2%|▏         | 104/6446 [00:02<02:41, 39.31it/s]  0%|          | 25/6446 [00:00<02:52, 37.31it/s] 15%|█▌        | 997/6446 [00:24<02:11, 41.45it/s]  2%|▏         | 108/6446 [00:02<02:40, 39.39it/s] 17%|█▋        | 1100/6446 [00:26<02:09, 41.31it/s]  0%|          | 30/6446 [00:00<02:47, 38.32it/s] 16%|█▌        | 1002/6446 [00:24<02:11, 41.39it/s]  2%|▏         | 112/6446 [00:03<02:40, 39.40it/s]  1%|          | 34/6446 [00:01<02:45, 38.76it/s] 17%|█▋        | 1105/6446 [00:27<02:09, 41.29it/s] 16%|█▌        | 1007/6446 [00:24<02:11, 41.35it/s]  2%|▏         | 116/6446 [00:03<02:40, 39.45it/s] 17%|█▋        | 1110/6446 [00:27<02:09, 41.30it/s]  1%|          | 39/6446 [00:01<02:43, 39.26it/s]  2%|▏         | 120/6446 [00:03<02:40, 39.40it/s] 16%|█▌        | 1012/6446 [00:24<02:11, 41.35it/s]  1%|          | 43/6446 [00:01<02:42, 39.40it/s] 17%|█▋        | 1115/6446 [00:27<02:08, 41.34it/s]  2%|▏         | 124/6446 [00:03<02:40, 39.41it/s] 16%|█▌        | 1017/6446 [00:24<02:11, 41.27it/s]  1%|          | 48/6446 [00:01<02:41, 39.67it/s] 17%|█▋        | 1120/6446 [00:27<02:08, 41.39it/s]  2%|▏         | 128/6446 [00:03<02:39, 39.58it/s] 16%|█▌        | 1022/6446 [00:25<02:11, 41.14it/s]  1%|          | 52/6446 [00:01<02:40, 39.72it/s]  2%|▏         | 132/6446 [00:03<02:39, 39.53it/s] 17%|█▋        | 1125/6446 [00:27<02:08, 41.39it/s] 16%|█▌        | 1027/6446 [00:25<02:11, 41.11it/s]  1%|          | 56/6446 [00:01<02:40, 39.76it/s]  2%|▏         | 136/6446 [00:03<02:39, 39.44it/s] 18%|█▊        | 1130/6446 [00:27<02:08, 41.23it/s] 16%|█▌        | 1032/6446 [00:25<02:11, 41.17it/s]  1%|          | 61/6446 [00:01<02:39, 39.97it/s]  2%|▏         | 140/6446 [00:03<02:40, 39.26it/s] 18%|█▊        | 1135/6446 [00:27<02:09, 41.16it/s]  2%|▏         | 144/6446 [00:03<02:41, 39.04it/s] 16%|█▌        | 1037/6446 [00:25<02:11, 41.08it/s]  1%|          | 66/6446 [00:01<02:40, 39.86it/s] 18%|█▊        | 1140/6446 [00:27<02:09, 40.92it/s]  2%|▏         | 148/6446 [00:03<02:41, 38.90it/s] 16%|█▌        | 1042/6446 [00:25<02:11, 41.05it/s]  1%|          | 71/6446 [00:01<02:39, 39.88it/s] 18%|█▊        | 1145/6446 [00:28<02:09, 40.83it/s]  2%|▏         | 152/6446 [00:04<02:41, 38.86it/s]  1%|          | 75/6446 [00:02<02:39, 39.89it/s] 16%|█▌        | 1047/6446 [00:25<02:11, 41.03it/s]  2%|▏         | 156/6446 [00:04<02:42, 38.79it/s] 18%|█▊        | 1150/6446 [00:28<02:09, 40.84it/s]  1%|          | 79/6446 [00:02<02:39, 39.85it/s] 16%|█▋        | 1052/6446 [00:25<02:11, 40.95it/s]  2%|▏         | 160/6446 [00:04<02:42, 38.79it/s] 18%|█▊        | 1155/6446 [00:28<02:09, 40.75it/s]  1%|▏         | 83/6446 [00:02<02:40, 39.77it/s] 16%|█▋        | 1057/6446 [00:25<02:11, 40.87it/s]  3%|▎         | 164/6446 [00:04<02:42, 38.72it/s]  1%|▏         | 87/6446 [00:02<02:39, 39.77it/s] 18%|█▊        | 1160/6446 [00:28<02:09, 40.72it/s] 16%|█▋        | 1062/6446 [00:26<02:11, 40.98it/s]  3%|▎         | 168/6446 [00:04<02:42, 38.73it/s]  1%|▏         | 92/6446 [00:02<02:39, 39.87it/s] 18%|█▊        | 1165/6446 [00:28<02:09, 40.75it/s]  3%|▎         | 172/6446 [00:04<02:42, 38.70it/s] 17%|█▋        | 1067/6446 [00:26<02:11, 40.93it/s]  1%|▏         | 96/6446 [00:02<02:39, 39.86it/s] 18%|█▊        | 1170/6446 [00:28<02:09, 40.68it/s]  3%|▎         | 176/6446 [00:04<02:41, 38.78it/s] 17%|█▋        | 1072/6446 [00:26<02:11, 40.99it/s]  2%|▏         | 101/6446 [00:02<02:39, 39.90it/s]  3%|▎         | 180/6446 [00:04<02:42, 38.65it/s] 18%|█▊        | 1175/6446 [00:28<02:09, 40.65it/s] 17%|█▋        | 1077/6446 [00:26<02:10, 41.02it/s]  2%|▏         | 105/6446 [00:02<02:38, 39.89it/s]  3%|▎         | 184/6446 [00:04<02:41, 38.77it/s] 18%|█▊        | 1180/6446 [00:28<02:08, 40.94it/s] 17%|█▋        | 1082/6446 [00:26<02:10, 41.15it/s]  2%|▏         | 110/6446 [00:02<02:38, 40.01it/s]  3%|▎         | 188/6446 [00:04<02:40, 38.90it/s] 18%|█▊        | 1185/6446 [00:29<02:08, 41.04it/s] 17%|█▋        | 1087/6446 [00:26<02:10, 41.01it/s]  2%|▏         | 114/6446 [00:03<02:38, 39.86it/s]  3%|▎         | 192/6446 [00:05<02:39, 39.09it/s] 18%|█▊        | 1190/6446 [00:29<02:08, 41.06it/s]  2%|▏         | 118/6446 [00:03<02:38, 39.86it/s]  3%|▎         | 196/6446 [00:05<02:39, 39.12it/s] 17%|█▋        | 1092/6446 [00:26<02:10, 40.98it/s]  3%|▎         | 200/6446 [00:05<02:39, 39.13it/s]  2%|▏         | 123/6446 [00:03<02:38, 39.96it/s] 17%|█▋        | 1097/6446 [00:26<02:10, 41.14it/s]  3%|▎         | 204/6446 [00:05<02:39, 39.10it/s]  2%|▏         | 127/6446 [00:03<02:38, 39.96it/s] 17%|█▋        | 1102/6446 [00:26<02:09, 41.18it/s]  3%|▎         | 208/6446 [00:05<02:39, 39.20it/s]  2%|▏         | 132/6446 [00:03<02:37, 40.02it/s] 19%|█▊        | 1195/6446 [00:29<03:38, 23.99it/s] 17%|█▋        | 1107/6446 [00:27<02:09, 41.19it/s]  3%|▎         | 212/6446 [00:05<02:39, 39.13it/s]  2%|▏         | 137/6446 [00:03<02:37, 40.03it/s] 17%|█▋        | 1112/6446 [00:27<02:09, 41.27it/s] 19%|█▊        | 1200/6446 [00:29<03:12, 27.28it/s]  3%|▎         | 216/6446 [00:05<02:39, 39.06it/s]  2%|▏         | 142/6446 [00:03<02:37, 39.97it/s] 17%|█▋        | 1117/6446 [00:27<02:09, 41.23it/s]  3%|▎         | 220/6446 [00:05<02:39, 38.95it/s] 19%|█▊        | 1205/6446 [00:29<02:53, 30.26it/s]  2%|▏         | 146/6446 [00:03<02:37, 39.96it/s]  3%|▎         | 224/6446 [00:05<02:39, 39.02it/s] 17%|█▋        | 1122/6446 [00:27<02:09, 41.25it/s] 19%|█▉        | 1210/6446 [00:29<02:39, 32.81it/s]  2%|▏         | 150/6446 [00:03<02:37, 39.93it/s]  4%|▎         | 228/6446 [00:05<02:39, 39.09it/s] 17%|█▋        | 1127/6446 [00:27<02:08, 41.33it/s] 19%|█▉        | 1215/6446 [00:30<02:30, 34.87it/s]  2%|▏         | 155/6446 [00:04<02:37, 40.00it/s]  4%|▎         | 232/6446 [00:06<02:38, 39.19it/s] 18%|█▊        | 1132/6446 [00:27<02:08, 41.30it/s] 19%|█▉        | 1220/6446 [00:30<02:23, 36.53it/s]  2%|▏         | 159/6446 [00:04<02:37, 39.98it/s]  4%|▎         | 236/6446 [00:06<02:38, 39.26it/s] 18%|█▊        | 1137/6446 [00:27<02:08, 41.27it/s] 19%|█▉        | 1225/6446 [00:30<02:18, 37.67it/s]  4%|▎         | 240/6446 [00:06<02:38, 39.20it/s]  3%|▎         | 164/6446 [00:04<02:37, 40.00it/s] 18%|█▊        | 1142/6446 [00:27<02:08, 41.30it/s]  4%|▍         | 244/6446 [00:06<02:37, 39.26it/s] 19%|█▉        | 1230/6446 [00:30<02:14, 38.65it/s]  3%|▎         | 169/6446 [00:04<02:36, 40.07it/s]  4%|▍         | 248/6446 [00:06<02:37, 39.31it/s] 18%|█▊        | 1147/6446 [00:28<02:08, 41.24it/s] 19%|█▉        | 1235/6446 [00:30<02:12, 39.44it/s]  3%|▎         | 174/6446 [00:04<02:36, 39.97it/s]  4%|▍         | 252/6446 [00:06<02:37, 39.43it/s] 18%|█▊        | 1152/6446 [00:28<02:08, 41.15it/s] 19%|█▉        | 1240/6446 [00:30<02:10, 40.02it/s]  3%|▎         | 178/6446 [00:04<02:37, 39.92it/s]  4%|▍         | 256/6446 [00:06<02:37, 39.38it/s] 18%|█▊        | 1157/6446 [00:28<02:08, 41.17it/s]  3%|▎         | 182/6446 [00:04<02:37, 39.80it/s] 19%|█▉        | 1245/6446 [00:30<02:08, 40.38it/s]  4%|▍         | 260/6446 [00:06<02:36, 39.41it/s]  3%|▎         | 186/6446 [00:04<02:37, 39.82it/s] 18%|█▊        | 1162/6446 [00:28<02:08, 41.01it/s] 19%|█▉        | 1250/6446 [00:30<02:07, 40.64it/s]  4%|▍         | 264/6446 [00:06<02:36, 39.38it/s]  3%|▎         | 190/6446 [00:04<02:37, 39.68it/s] 18%|█▊        | 1167/6446 [00:28<02:09, 40.86it/s] 19%|█▉        | 1255/6446 [00:31<02:07, 40.80it/s]  4%|▍         | 268/6446 [00:07<02:36, 39.40it/s]  3%|▎         | 194/6446 [00:05<02:37, 39.65it/s]  4%|▍         | 272/6446 [00:07<02:37, 39.29it/s] 18%|█▊        | 1172/6446 [00:28<02:08, 40.89it/s] 20%|█▉        | 1260/6446 [00:31<02:07, 40.80it/s]  3%|▎         | 198/6446 [00:05<02:37, 39.60it/s]  4%|▍         | 276/6446 [00:07<02:37, 39.14it/s] 18%|█▊        | 1177/6446 [00:28<02:08, 40.86it/s] 20%|█▉        | 1265/6446 [00:31<02:07, 40.73it/s]  3%|▎         | 202/6446 [00:05<02:37, 39.69it/s]  4%|▍         | 280/6446 [00:07<02:38, 39.02it/s]  3%|▎         | 206/6446 [00:05<02:37, 39.61it/s] 18%|█▊        | 1182/6446 [00:28<02:08, 40.85it/s] 20%|█▉        | 1270/6446 [00:31<02:07, 40.69it/s]  4%|▍         | 284/6446 [00:07<02:37, 39.00it/s]  3%|▎         | 210/6446 [00:05<02:37, 39.64it/s] 18%|█▊        | 1187/6446 [00:29<02:08, 40.89it/s] 20%|█▉        | 1275/6446 [00:31<02:06, 40.75it/s]  4%|▍         | 288/6446 [00:07<02:38, 38.92it/s]  3%|▎         | 214/6446 [00:05<02:37, 39.58it/s] 18%|█▊        | 1192/6446 [00:29<02:08, 40.85it/s] 20%|█▉        | 1280/6446 [00:31<02:06, 40.68it/s]  5%|▍         | 292/6446 [00:07<02:38, 38.92it/s]  3%|▎         | 218/6446 [00:05<02:37, 39.63it/s]  5%|▍         | 296/6446 [00:07<02:38, 38.84it/s] 19%|█▊        | 1197/6446 [00:29<02:08, 40.86it/s] 20%|█▉        | 1285/6446 [00:31<02:07, 40.60it/s]  3%|▎         | 222/6446 [00:05<02:37, 39.59it/s]  5%|▍         | 300/6446 [00:07<02:37, 38.90it/s] 19%|█▊        | 1202/6446 [00:29<02:08, 40.87it/s] 20%|██        | 1290/6446 [00:31<02:07, 40.57it/s]  4%|▎         | 226/6446 [00:05<02:37, 39.59it/s]  5%|▍         | 304/6446 [00:07<02:38, 38.84it/s]  4%|▎         | 230/6446 [00:05<02:36, 39.65it/s] 20%|██        | 1295/6446 [00:32<02:07, 40.53it/s]  5%|▍         | 308/6446 [00:08<02:37, 38.88it/s]  4%|▎         | 234/6446 [00:06<02:36, 39.63it/s] 20%|██        | 1300/6446 [00:32<02:06, 40.55it/s]  5%|▍         | 312/6446 [00:08<02:37, 38.86it/s]  4%|▎         | 238/6446 [00:06<02:36, 39.58it/s] 19%|█▊        | 1207/6446 [00:29<03:10, 27.57it/s] 20%|██        | 1305/6446 [00:32<02:06, 40.64it/s]  5%|▍         | 316/6446 [00:08<02:37, 38.95it/s]  4%|▍         | 242/6446 [00:06<02:36, 39.58it/s] 19%|█▉        | 1212/6446 [00:29<02:51, 30.52it/s]  5%|▍         | 320/6446 [00:08<02:37, 38.86it/s] 20%|██        | 1310/6446 [00:32<02:07, 40.13it/s]  4%|▍         | 246/6446 [00:06<02:36, 39.63it/s] 19%|█▉        | 1217/6446 [00:29<02:38, 33.00it/s]  5%|▌         | 324/6446 [00:08<02:37, 38.92it/s]  4%|▍         | 250/6446 [00:06<02:36, 39.60it/s] 20%|██        | 1315/6446 [00:32<02:08, 39.85it/s] 19%|█▉        | 1222/6446 [00:30<02:29, 35.04it/s]  5%|▌         | 328/6446 [00:08<02:37, 38.87it/s]  4%|▍         | 254/6446 [00:06<02:36, 39.61it/s] 20%|██        | 1319/6446 [00:32<02:09, 39.70it/s]  5%|▌         | 332/6446 [00:08<02:36, 38.99it/s] 19%|█▉        | 1227/6446 [00:30<02:22, 36.57it/s]  4%|▍         | 258/6446 [00:06<02:36, 39.56it/s] 21%|██        | 1323/6446 [00:32<02:09, 39.66it/s]  5%|▌         | 336/6446 [00:08<02:36, 38.94it/s]  4%|▍         | 262/6446 [00:06<02:36, 39.62it/s] 19%|█▉        | 1232/6446 [00:30<02:18, 37.70it/s] 21%|██        | 1328/6446 [00:32<02:07, 40.10it/s]  5%|▌         | 340/6446 [00:08<02:36, 38.95it/s]  4%|▍         | 266/6446 [00:06<02:36, 39.56it/s] 19%|█▉        | 1237/6446 [00:30<02:14, 38.64it/s] 21%|██        | 1333/6446 [00:32<02:06, 40.43it/s]  5%|▌         | 344/6446 [00:08<02:36, 38.89it/s]  4%|▍         | 270/6446 [00:06<02:36, 39.55it/s] 19%|█▉        | 1242/6446 [00:30<02:12, 39.24it/s] 21%|██        | 1338/6446 [00:33<02:05, 40.61it/s]  5%|▌         | 348/6446 [00:09<02:36, 38.99it/s]  4%|▍         | 274/6446 [00:07<02:36, 39.54it/s] 19%|█▉        | 1247/6446 [00:30<02:10, 39.75it/s]  5%|▌         | 352/6446 [00:09<02:35, 39.16it/s] 21%|██        | 1343/6446 [00:33<02:04, 40.94it/s]  4%|▍         | 279/6446 [00:07<02:35, 39.73it/s]  6%|▌         | 356/6446 [00:09<02:34, 39.31it/s] 19%|█▉        | 1252/6446 [00:30<02:09, 40.22it/s] 21%|██        | 1348/6446 [00:33<02:03, 41.18it/s]  4%|▍         | 283/6446 [00:07<02:35, 39.71it/s]  6%|▌         | 360/6446 [00:09<02:34, 39.38it/s] 20%|█▉        | 1257/6446 [00:30<02:08, 40.47it/s]  4%|▍         | 287/6446 [00:07<02:34, 39.76it/s] 21%|██        | 1353/6446 [00:33<02:03, 41.29it/s]  6%|▌         | 364/6446 [00:09<02:34, 39.41it/s]  5%|▍         | 291/6446 [00:07<02:34, 39.76it/s] 20%|█▉        | 1262/6446 [00:31<02:07, 40.67it/s] 21%|██        | 1358/6446 [00:33<02:03, 41.36it/s]  6%|▌         | 368/6446 [00:09<02:34, 39.42it/s]  5%|▍         | 296/6446 [00:07<02:33, 39.96it/s] 20%|█▉        | 1267/6446 [00:31<02:06, 40.78it/s] 21%|██        | 1363/6446 [00:33<02:02, 41.39it/s]  6%|▌         | 372/6446 [00:09<02:33, 39.45it/s]  5%|▍         | 300/6446 [00:07<02:33, 39.92it/s] 20%|█▉        | 1272/6446 [00:31<02:06, 40.77it/s]  6%|▌         | 376/6446 [00:09<02:33, 39.52it/s] 21%|██        | 1368/6446 [00:33<02:02, 41.51it/s]  5%|▍         | 304/6446 [00:07<02:34, 39.82it/s]  6%|▌         | 380/6446 [00:09<02:33, 39.49it/s] 20%|█▉        | 1277/6446 [00:31<02:06, 40.78it/s] 21%|██▏       | 1373/6446 [00:33<02:02, 41.55it/s]  5%|▍         | 308/6446 [00:07<02:34, 39.81it/s]  6%|▌         | 384/6446 [00:09<02:33, 39.49it/s] 20%|█▉        | 1282/6446 [00:31<02:06, 40.82it/s] 21%|██▏       | 1378/6446 [00:34<02:02, 41.46it/s]  5%|▍         | 312/6446 [00:07<02:34, 39.72it/s]  6%|▌         | 388/6446 [00:10<02:33, 39.44it/s] 20%|█▉        | 1287/6446 [00:31<02:06, 40.84it/s]  5%|▍         | 316/6446 [00:08<02:34, 39.66it/s] 21%|██▏       | 1383/6446 [00:34<02:02, 41.49it/s]  6%|▌         | 392/6446 [00:10<02:33, 39.43it/s]  5%|▍         | 320/6446 [00:08<02:34, 39.71it/s] 20%|██        | 1292/6446 [00:31<02:05, 40.93it/s] 22%|██▏       | 1388/6446 [00:34<02:01, 41.47it/s]  6%|▌         | 396/6446 [00:10<02:33, 39.44it/s]  5%|▌         | 325/6446 [00:08<02:33, 39.89it/s] 20%|██        | 1297/6446 [00:31<02:05, 41.11it/s]  6%|▌         | 400/6446 [00:10<02:33, 39.46it/s] 22%|██▏       | 1393/6446 [00:34<02:01, 41.44it/s]  5%|▌         | 329/6446 [00:08<02:33, 39.89it/s]  6%|▋         | 404/6446 [00:10<02:33, 39.35it/s] 20%|██        | 1302/6446 [00:32<02:05, 41.09it/s] 22%|██▏       | 1398/6446 [00:34<02:01, 41.42it/s]  6%|▋         | 408/6446 [00:10<02:33, 39.41it/s]  5%|▌         | 334/6446 [00:08<02:33, 39.93it/s] 20%|██        | 1307/6446 [00:32<02:04, 41.13it/s] 22%|██▏       | 1403/6446 [00:34<02:01, 41.43it/s]  6%|▋         | 412/6446 [00:10<02:33, 39.35it/s]  5%|▌         | 338/6446 [00:08<02:33, 39.92it/s] 20%|██        | 1312/6446 [00:32<02:04, 41.25it/s] 22%|██▏       | 1408/6446 [00:34<02:01, 41.37it/s]  6%|▋         | 416/6446 [00:10<02:33, 39.35it/s]  5%|▌         | 343/6446 [00:08<02:32, 40.03it/s] 20%|██        | 1317/6446 [00:32<02:04, 41.26it/s] 22%|██▏       | 1413/6446 [00:34<02:01, 41.53it/s]  7%|▋         | 420/6446 [00:10<02:33, 39.33it/s]  5%|▌         | 348/6446 [00:08<02:32, 40.05it/s] 21%|██        | 1322/6446 [00:32<02:04, 41.28it/s] 22%|██▏       | 1418/6446 [00:35<02:01, 41.43it/s]  7%|▋         | 424/6446 [00:10<02:32, 39.36it/s]  5%|▌         | 353/6446 [00:09<02:32, 39.87it/s]  7%|▋         | 428/6446 [00:11<02:32, 39.37it/s] 21%|██        | 1327/6446 [00:32<02:03, 41.32it/s] 22%|██▏       | 1423/6446 [00:35<02:01, 41.44it/s]  6%|▌         | 358/6446 [00:09<02:32, 39.94it/s]  7%|▋         | 432/6446 [00:11<02:32, 39.40it/s] 21%|██        | 1332/6446 [00:32<02:04, 41.22it/s] 22%|██▏       | 1428/6446 [00:35<02:00, 41.50it/s]  6%|▌         | 362/6446 [00:09<02:32, 39.94it/s]  7%|▋         | 436/6446 [00:11<02:32, 39.35it/s] 21%|██        | 1337/6446 [00:32<02:03, 41.23it/s] 22%|██▏       | 1433/6446 [00:35<02:00, 41.48it/s]  6%|▌         | 366/6446 [00:09<02:32, 39.96it/s]  7%|▋         | 440/6446 [00:11<02:32, 39.46it/s] 21%|██        | 1342/6446 [00:33<02:03, 41.30it/s] 22%|██▏       | 1438/6446 [00:35<02:00, 41.51it/s]  7%|▋         | 444/6446 [00:11<02:32, 39.43it/s]  6%|▌         | 371/6446 [00:09<02:31, 40.03it/s] 21%|██        | 1347/6446 [00:33<02:03, 41.32it/s] 22%|██▏       | 1443/6446 [00:35<02:00, 41.57it/s]  7%|▋         | 448/6446 [00:11<02:32, 39.43it/s]  6%|▌         | 376/6446 [00:09<02:31, 40.03it/s]  7%|▋         | 452/6446 [00:11<02:31, 39.44it/s] 21%|██        | 1352/6446 [00:33<02:03, 41.27it/s] 22%|██▏       | 1448/6446 [00:35<02:00, 41.45it/s]  6%|▌         | 381/6446 [00:09<02:31, 39.94it/s]  7%|▋         | 456/6446 [00:11<02:31, 39.56it/s] 21%|██        | 1357/6446 [00:33<02:03, 41.32it/s] 23%|██▎       | 1453/6446 [00:35<02:00, 41.45it/s]  6%|▌         | 386/6446 [00:09<02:31, 40.01it/s]  7%|▋         | 460/6446 [00:11<02:31, 39.52it/s] 21%|██        | 1362/6446 [00:33<02:03, 41.31it/s] 23%|██▎       | 1458/6446 [00:35<02:00, 41.39it/s]  7%|▋         | 464/6446 [00:12<02:31, 39.47it/s]  6%|▌         | 391/6446 [00:09<02:31, 39.95it/s] 21%|██        | 1367/6446 [00:33<02:03, 41.23it/s] 23%|██▎       | 1463/6446 [00:36<02:00, 41.37it/s]  7%|▋         | 468/6446 [00:12<02:31, 39.41it/s]  6%|▌         | 395/6446 [00:10<02:31, 39.90it/s] 21%|██▏       | 1372/6446 [00:33<02:03, 41.09it/s] 23%|██▎       | 1468/6446 [00:36<02:00, 41.37it/s]  7%|▋         | 472/6446 [00:12<02:31, 39.40it/s]  6%|▌         | 399/6446 [00:10<02:31, 39.79it/s]  7%|▋         | 476/6446 [00:12<02:31, 39.36it/s] 23%|██▎       | 1473/6446 [00:36<01:59, 41.45it/s] 21%|██▏       | 1377/6446 [00:33<02:03, 41.09it/s]  6%|▋         | 403/6446 [00:10<02:31, 39.81it/s]  7%|▋         | 480/6446 [00:12<02:31, 39.35it/s]  6%|▋         | 407/6446 [00:10<02:32, 39.73it/s] 23%|██▎       | 1478/6446 [00:36<01:59, 41.42it/s] 21%|██▏       | 1382/6446 [00:34<02:03, 41.04it/s]  8%|▊         | 484/6446 [00:12<02:31, 39.39it/s]  6%|▋         | 411/6446 [00:10<02:31, 39.71it/s] 23%|██▎       | 1483/6446 [00:36<01:59, 41.43it/s] 22%|██▏       | 1387/6446 [00:34<02:03, 40.96it/s]  8%|▊         | 488/6446 [00:12<02:31, 39.37it/s]  6%|▋         | 415/6446 [00:10<02:32, 39.64it/s] 23%|██▎       | 1488/6446 [00:36<01:59, 41.44it/s] 22%|██▏       | 1392/6446 [00:34<02:03, 40.99it/s]  8%|▊         | 492/6446 [00:12<02:31, 39.30it/s]  7%|▋         | 419/6446 [00:10<02:31, 39.70it/s] 23%|██▎       | 1493/6446 [00:36<01:59, 41.40it/s] 22%|██▏       | 1397/6446 [00:34<02:03, 40.88it/s]  8%|▊         | 496/6446 [00:12<02:31, 39.30it/s]  7%|▋         | 423/6446 [00:10<02:32, 39.61it/s]  8%|▊         | 500/6446 [00:12<02:31, 39.36it/s] 23%|██▎       | 1498/6446 [00:36<01:59, 41.41it/s]  7%|▋         | 427/6446 [00:10<02:31, 39.64it/s] 22%|██▏       | 1402/6446 [00:34<02:03, 40.85it/s]  8%|▊         | 504/6446 [00:13<02:31, 39.22it/s]  7%|▋         | 431/6446 [00:10<02:32, 39.57it/s] 23%|██▎       | 1503/6446 [00:37<01:59, 41.31it/s] 22%|██▏       | 1407/6446 [00:34<02:03, 40.91it/s]  8%|▊         | 508/6446 [00:13<02:32, 39.05it/s]  7%|▋         | 435/6446 [00:11<02:31, 39.64it/s] 23%|██▎       | 1508/6446 [00:37<02:00, 41.14it/s] 22%|██▏       | 1412/6446 [00:34<02:03, 40.81it/s]  8%|▊         | 512/6446 [00:13<02:32, 38.98it/s]  7%|▋         | 439/6446 [00:11<02:31, 39.54it/s] 23%|██▎       | 1513/6446 [00:37<02:00, 41.07it/s] 22%|██▏       | 1417/6446 [00:34<02:03, 40.78it/s]  7%|▋         | 443/6446 [00:11<02:31, 39.54it/s]  8%|▊         | 516/6446 [00:13<02:32, 38.98it/s] 24%|██▎       | 1518/6446 [00:37<02:00, 40.97it/s] 22%|██▏       | 1422/6446 [00:34<02:03, 40.83it/s]  7%|▋         | 447/6446 [00:11<02:31, 39.59it/s]  8%|▊         | 520/6446 [00:13<02:32, 38.92it/s] 24%|██▎       | 1523/6446 [00:37<02:00, 40.99it/s]  7%|▋         | 451/6446 [00:11<02:31, 39.67it/s]  8%|▊         | 524/6446 [00:13<02:32, 38.93it/s] 22%|██▏       | 1427/6446 [00:35<02:02, 40.92it/s]  7%|▋         | 455/6446 [00:11<02:30, 39.68it/s]  8%|▊         | 528/6446 [00:13<02:32, 38.91it/s] 24%|██▎       | 1528/6446 [00:37<02:00, 40.93it/s] 22%|██▏       | 1432/6446 [00:35<02:02, 40.93it/s]  7%|▋         | 459/6446 [00:11<02:30, 39.66it/s]  8%|▊         | 532/6446 [00:13<02:31, 38.99it/s] 24%|██▍       | 1533/6446 [00:37<02:00, 40.87it/s] 22%|██▏       | 1437/6446 [00:35<02:02, 40.94it/s]  7%|▋         | 463/6446 [00:11<02:30, 39.76it/s]  8%|▊         | 536/6446 [00:13<02:31, 38.94it/s] 24%|██▍       | 1538/6446 [00:37<01:59, 40.93it/s] 22%|██▏       | 1442/6446 [00:35<02:02, 40.91it/s]  7%|▋         | 467/6446 [00:11<02:30, 39.79it/s]  8%|▊         | 540/6446 [00:13<02:31, 38.97it/s] 24%|██▍       | 1543/6446 [00:38<01:59, 40.91it/s] 22%|██▏       | 1447/6446 [00:35<02:02, 40.97it/s]  7%|▋         | 471/6446 [00:11<02:30, 39.77it/s]  8%|▊         | 544/6446 [00:14<02:31, 38.92it/s]  7%|▋         | 475/6446 [00:12<02:30, 39.73it/s] 24%|██▍       | 1548/6446 [00:38<01:59, 40.90it/s] 23%|██▎       | 1452/6446 [00:35<02:01, 41.04it/s]  9%|▊         | 548/6446 [00:14<02:31, 38.98it/s]  7%|▋         | 479/6446 [00:12<02:29, 39.80it/s]  9%|▊         | 552/6446 [00:14<02:31, 38.95it/s] 24%|██▍       | 1553/6446 [00:38<01:59, 40.95it/s] 23%|██▎       | 1457/6446 [00:35<02:01, 40.97it/s]  7%|▋         | 483/6446 [00:12<02:29, 39.75it/s]  9%|▊         | 556/6446 [00:14<02:30, 39.08it/s] 24%|██▍       | 1558/6446 [00:38<01:59, 41.03it/s] 23%|██▎       | 1462/6446 [00:35<02:01, 40.98it/s]  8%|▊         | 487/6446 [00:12<02:29, 39.75it/s]  9%|▊         | 560/6446 [00:14<02:30, 39.14it/s] 24%|██▍       | 1563/6446 [00:38<01:58, 41.11it/s] 23%|██▎       | 1467/6446 [00:36<02:01, 41.05it/s]  8%|▊         | 491/6446 [00:12<02:29, 39.75it/s]  9%|▊         | 564/6446 [00:14<02:29, 39.27it/s] 24%|██▍       | 1568/6446 [00:38<01:58, 41.26it/s] 23%|██▎       | 1472/6446 [00:36<02:01, 41.05it/s]  8%|▊         | 495/6446 [00:12<02:29, 39.80it/s]  9%|▉         | 568/6446 [00:14<02:29, 39.26it/s]  8%|▊         | 499/6446 [00:12<02:29, 39.76it/s] 24%|██▍       | 1573/6446 [00:38<01:58, 41.26it/s] 23%|██▎       | 1477/6446 [00:36<02:01, 41.03it/s]  9%|▉         | 572/6446 [00:14<02:29, 39.27it/s]  8%|▊         | 503/6446 [00:12<02:29, 39.77it/s]  9%|▉         | 576/6446 [00:14<02:29, 39.18it/s] 24%|██▍       | 1578/6446 [00:38<01:57, 41.28it/s] 23%|██▎       | 1482/6446 [00:36<02:00, 41.16it/s]  8%|▊         | 507/6446 [00:12<02:29, 39.80it/s]  9%|▉         | 580/6446 [00:14<02:29, 39.13it/s] 25%|██▍       | 1583/6446 [00:39<01:57, 41.23it/s] 23%|██▎       | 1487/6446 [00:36<02:00, 41.09it/s]  8%|▊         | 512/6446 [00:13<02:28, 39.90it/s]  9%|▉         | 584/6446 [00:15<02:29, 39.11it/s] 25%|██▍       | 1588/6446 [00:39<01:57, 41.20it/s] 23%|██▎       | 1492/6446 [00:36<02:00, 41.16it/s]  8%|▊         | 516/6446 [00:13<02:28, 39.89it/s]  9%|▉         | 588/6446 [00:15<02:29, 39.18it/s] 25%|██▍       | 1593/6446 [00:39<01:57, 41.21it/s] 23%|██▎       | 1497/6446 [00:36<02:00, 41.24it/s]  9%|▉         | 592/6446 [00:15<02:29, 39.19it/s]  8%|▊         | 521/6446 [00:13<02:28, 39.98it/s] 25%|██▍       | 1598/6446 [00:39<01:57, 41.31it/s] 23%|██▎       | 1502/6446 [00:36<01:59, 41.26it/s]  9%|▉         | 596/6446 [00:15<02:28, 39.42it/s]  8%|▊         | 526/6446 [00:13<02:27, 40.04it/s] 25%|██▍       | 1603/6446 [00:39<01:57, 41.32it/s]  9%|▉         | 600/6446 [00:15<02:28, 39.42it/s] 23%|██▎       | 1507/6446 [00:37<01:59, 41.24it/s]  8%|▊         | 531/6446 [00:13<02:28, 39.97it/s]  9%|▉         | 604/6446 [00:15<02:27, 39.51it/s] 25%|██▍       | 1608/6446 [00:39<01:56, 41.43it/s] 23%|██▎       | 1512/6446 [00:37<01:59, 41.28it/s]  8%|▊         | 536/6446 [00:13<02:27, 39.99it/s]  9%|▉         | 608/6446 [00:15<02:27, 39.62it/s] 25%|██▌       | 1613/6446 [00:39<01:56, 41.52it/s] 24%|██▎       | 1517/6446 [00:37<01:59, 41.31it/s]  9%|▉         | 612/6446 [00:15<02:27, 39.65it/s]  8%|▊         | 541/6446 [00:13<02:27, 40.05it/s] 25%|██▌       | 1618/6446 [00:39<01:56, 41.39it/s] 24%|██▎       | 1522/6446 [00:37<01:59, 41.26it/s] 10%|▉         | 616/6446 [00:15<02:27, 39.63it/s]  8%|▊         | 546/6446 [00:13<02:27, 39.98it/s] 25%|██▌       | 1623/6446 [00:39<01:56, 41.34it/s] 24%|██▎       | 1527/6446 [00:37<01:59, 41.15it/s] 10%|▉         | 620/6446 [00:15<02:27, 39.50it/s]  9%|▊         | 550/6446 [00:13<02:27, 39.94it/s] 25%|██▌       | 1628/6446 [00:40<01:57, 41.07it/s] 10%|▉         | 624/6446 [00:16<02:27, 39.53it/s] 24%|██▍       | 1532/6446 [00:37<01:59, 41.25it/s]  9%|▊         | 554/6446 [00:14<02:27, 39.85it/s] 10%|▉         | 628/6446 [00:16<02:27, 39.49it/s] 25%|██▌       | 1633/6446 [00:40<01:56, 41.17it/s] 24%|██▍       | 1537/6446 [00:37<01:59, 41.23it/s]  9%|▊         | 559/6446 [00:14<02:27, 39.97it/s] 10%|▉         | 632/6446 [00:16<02:27, 39.49it/s] 25%|██▌       | 1638/6446 [00:40<01:56, 41.34it/s] 24%|██▍       | 1542/6446 [00:37<01:58, 41.27it/s]  9%|▊         | 563/6446 [00:14<02:27, 39.96it/s] 10%|▉         | 636/6446 [00:16<02:27, 39.49it/s]  9%|▉         | 567/6446 [00:14<02:27, 39.82it/s] 25%|██▌       | 1643/6446 [00:40<01:55, 41.48it/s] 24%|██▍       | 1547/6446 [00:38<01:59, 41.13it/s] 10%|▉         | 640/6446 [00:16<02:26, 39.55it/s]  9%|▉         | 571/6446 [00:14<02:27, 39.77it/s] 26%|██▌       | 1648/6446 [00:40<01:55, 41.46it/s] 24%|██▍       | 1552/6446 [00:38<01:59, 41.03it/s] 10%|▉         | 644/6446 [00:16<02:27, 39.46it/s]  9%|▉         | 575/6446 [00:14<02:27, 39.80it/s] 26%|██▌       | 1653/6446 [00:40<01:55, 41.50it/s] 10%|█         | 648/6446 [00:16<02:26, 39.46it/s] 24%|██▍       | 1557/6446 [00:38<01:59, 40.99it/s]  9%|▉         | 579/6446 [00:14<02:27, 39.74it/s] 10%|█         | 652/6446 [00:16<02:26, 39.43it/s] 26%|██▌       | 1658/6446 [00:40<01:55, 41.59it/s] 24%|██▍       | 1562/6446 [00:38<01:59, 41.00it/s]  9%|▉         | 583/6446 [00:14<02:27, 39.65it/s] 10%|█         | 656/6446 [00:16<02:26, 39.52it/s] 26%|██▌       | 1663/6446 [00:40<01:54, 41.60it/s]  9%|▉         | 587/6446 [00:14<02:27, 39.64it/s] 24%|██▍       | 1567/6446 [00:38<01:59, 40.90it/s] 10%|█         | 660/6446 [00:16<02:26, 39.46it/s] 26%|██▌       | 1668/6446 [00:41<01:54, 41.58it/s]  9%|▉         | 591/6446 [00:14<02:27, 39.59it/s] 24%|██▍       | 1572/6446 [00:38<01:59, 40.81it/s] 10%|█         | 664/6446 [00:17<02:26, 39.45it/s]  9%|▉         | 595/6446 [00:15<02:27, 39.54it/s] 26%|██▌       | 1673/6446 [00:41<01:54, 41.55it/s] 24%|██▍       | 1577/6446 [00:38<01:59, 40.82it/s] 10%|█         | 668/6446 [00:17<02:26, 39.42it/s]  9%|▉         | 599/6446 [00:15<02:28, 39.51it/s] 26%|██▌       | 1678/6446 [00:41<01:54, 41.67it/s] 10%|█         | 672/6446 [00:17<02:26, 39.52it/s] 25%|██▍       | 1582/6446 [00:38<01:59, 40.76it/s]  9%|▉         | 603/6446 [00:15<02:27, 39.54it/s] 10%|█         | 676/6446 [00:17<02:26, 39.50it/s] 26%|██▌       | 1683/6446 [00:41<01:54, 41.66it/s] 25%|██▍       | 1587/6446 [00:39<01:59, 40.76it/s]  9%|▉         | 607/6446 [00:15<02:27, 39.54it/s] 11%|█         | 680/6446 [00:17<02:25, 39.53it/s] 26%|██▌       | 1688/6446 [00:41<01:54, 41.61it/s]  9%|▉         | 611/6446 [00:15<02:27, 39.52it/s] 25%|██▍       | 1592/6446 [00:39<01:58, 40.82it/s] 11%|█         | 684/6446 [00:17<02:26, 39.45it/s] 26%|██▋       | 1693/6446 [00:41<01:53, 41.73it/s] 10%|▉         | 615/6446 [00:15<02:27, 39.49it/s] 25%|██▍       | 1597/6446 [00:39<01:58, 40.77it/s] 11%|█         | 688/6446 [00:17<02:25, 39.54it/s] 10%|▉         | 619/6446 [00:15<02:27, 39.55it/s] 26%|██▋       | 1698/6446 [00:41<01:53, 41.71it/s] 11%|█         | 692/6446 [00:17<02:25, 39.49it/s] 25%|██▍       | 1602/6446 [00:39<01:58, 40.78it/s] 10%|▉         | 623/6446 [00:15<02:27, 39.51it/s] 26%|██▋       | 1703/6446 [00:41<01:53, 41.69it/s] 11%|█         | 696/6446 [00:17<02:25, 39.51it/s] 25%|██▍       | 1607/6446 [00:39<01:58, 40.84it/s] 10%|▉         | 627/6446 [00:15<02:27, 39.53it/s] 26%|██▋       | 1708/6446 [00:42<01:53, 41.73it/s] 11%|█         | 700/6446 [00:18<02:25, 39.44it/s] 25%|██▌       | 1612/6446 [00:39<01:58, 40.77it/s] 10%|▉         | 631/6446 [00:16<02:27, 39.51it/s] 11%|█         | 704/6446 [00:18<02:25, 39.52it/s] 27%|██▋       | 1713/6446 [00:42<01:53, 41.65it/s] 10%|▉         | 635/6446 [00:16<02:26, 39.59it/s] 25%|██▌       | 1617/6446 [00:39<01:58, 40.82it/s] 11%|█         | 708/6446 [00:18<02:25, 39.42it/s] 27%|██▋       | 1718/6446 [00:42<01:53, 41.58it/s] 10%|▉         | 639/6446 [00:16<02:26, 39.55it/s] 25%|██▌       | 1622/6446 [00:39<01:58, 40.86it/s] 11%|█         | 712/6446 [00:18<02:25, 39.40it/s] 10%|▉         | 643/6446 [00:16<02:26, 39.57it/s] 27%|██▋       | 1723/6446 [00:42<01:53, 41.51it/s] 11%|█         | 716/6446 [00:18<02:25, 39.33it/s] 25%|██▌       | 1627/6446 [00:39<01:58, 40.84it/s] 10%|█         | 647/6446 [00:16<02:26, 39.55it/s] 27%|██▋       | 1728/6446 [00:42<01:53, 41.50it/s] 11%|█         | 720/6446 [00:18<02:25, 39.40it/s] 25%|██▌       | 1632/6446 [00:40<01:57, 40.84it/s] 10%|█         | 651/6446 [00:16<02:26, 39.63it/s] 27%|██▋       | 1733/6446 [00:42<01:53, 41.53it/s] 11%|█         | 724/6446 [00:18<02:25, 39.37it/s] 25%|██▌       | 1637/6446 [00:40<01:57, 40.86it/s] 10%|█         | 655/6446 [00:16<02:26, 39.56it/s] 11%|█▏        | 728/6446 [00:18<02:25, 39.38it/s] 27%|██▋       | 1738/6446 [00:42<01:53, 41.61it/s] 10%|█         | 659/6446 [00:16<02:26, 39.56it/s] 25%|██▌       | 1642/6446 [00:40<01:57, 40.84it/s] 11%|█▏        | 732/6446 [00:18<02:25, 39.30it/s] 27%|██▋       | 1743/6446 [00:42<01:53, 41.51it/s] 10%|█         | 663/6446 [00:16<02:26, 39.51it/s] 26%|██▌       | 1647/6446 [00:40<01:57, 40.88it/s] 11%|█▏        | 736/6446 [00:18<02:24, 39.40it/s] 27%|██▋       | 1748/6446 [00:42<01:53, 41.36it/s] 10%|█         | 668/6446 [00:16<02:25, 39.71it/s] 11%|█▏        | 740/6446 [00:19<02:25, 39.30it/s] 26%|██▌       | 1652/6446 [00:40<01:56, 41.06it/s] 27%|██▋       | 1753/6446 [00:43<01:53, 41.40it/s] 10%|█         | 673/6446 [00:17<02:24, 39.82it/s] 12%|█▏        | 744/6446 [00:19<02:24, 39.34it/s] 26%|██▌       | 1657/6446 [00:40<01:56, 41.09it/s] 27%|██▋       | 1758/6446 [00:43<01:53, 41.37it/s] 11%|█         | 677/6446 [00:17<02:25, 39.71it/s] 12%|█▏        | 748/6446 [00:19<02:24, 39.43it/s] 26%|██▌       | 1662/6446 [00:40<01:56, 41.05it/s] 12%|█▏        | 752/6446 [00:19<02:24, 39.48it/s] 27%|██▋       | 1763/6446 [00:43<01:52, 41.45it/s] 11%|█         | 682/6446 [00:17<02:24, 39.87it/s] 26%|██▌       | 1667/6446 [00:40<01:56, 41.15it/s] 12%|█▏        | 756/6446 [00:19<02:23, 39.52it/s] 11%|█         | 686/6446 [00:17<02:24, 39.87it/s] 27%|██▋       | 1768/6446 [00:43<01:52, 41.57it/s] 26%|██▌       | 1672/6446 [00:41<01:55, 41.27it/s] 12%|█▏        | 760/6446 [00:19<02:23, 39.54it/s] 28%|██▊       | 1773/6446 [00:43<01:52, 41.54it/s] 11%|█         | 691/6446 [00:17<02:24, 39.94it/s] 12%|█▏        | 764/6446 [00:19<02:23, 39.62it/s] 26%|██▌       | 1677/6446 [00:41<01:55, 41.29it/s] 11%|█         | 695/6446 [00:17<02:23, 39.95it/s] 28%|██▊       | 1778/6446 [00:43<01:52, 41.55it/s] 12%|█▏        | 768/6446 [00:19<02:23, 39.63it/s] 26%|██▌       | 1682/6446 [00:41<01:55, 41.28it/s] 11%|█         | 700/6446 [00:17<02:23, 40.04it/s] 28%|██▊       | 1783/6446 [00:43<01:52, 41.59it/s] 12%|█▏        | 772/6446 [00:19<02:23, 39.62it/s] 26%|██▌       | 1687/6446 [00:41<01:55, 41.38it/s] 11%|█         | 705/6446 [00:17<02:23, 40.10it/s] 28%|██▊       | 1788/6446 [00:43<01:52, 41.58it/s] 12%|█▏        | 776/6446 [00:19<02:23, 39.61it/s] 26%|██▌       | 1692/6446 [00:41<01:54, 41.36it/s] 12%|█▏        | 780/6446 [00:20<02:22, 39.67it/s] 11%|█         | 710/6446 [00:17<02:23, 40.07it/s] 28%|██▊       | 1793/6446 [00:44<01:51, 41.59it/s] 26%|██▋       | 1697/6446 [00:41<01:54, 41.36it/s] 12%|█▏        | 784/6446 [00:20<02:23, 39.56it/s] 11%|█         | 715/6446 [00:18<02:22, 40.14it/s] 28%|██▊       | 1798/6446 [00:44<01:51, 41.58it/s] 12%|█▏        | 788/6446 [00:20<02:22, 39.58it/s] 26%|██▋       | 1702/6446 [00:41<01:54, 41.41it/s] 28%|██▊       | 1803/6446 [00:44<01:51, 41.56it/s] 11%|█         | 720/6446 [00:18<02:22, 40.11it/s] 12%|█▏        | 792/6446 [00:20<02:23, 39.52it/s] 26%|██▋       | 1707/6446 [00:41<01:54, 41.43it/s] 28%|██▊       | 1808/6446 [00:44<01:51, 41.52it/s] 11%|█         | 725/6446 [00:18<02:22, 40.06it/s] 12%|█▏        | 796/6446 [00:20<02:22, 39.55it/s] 27%|██▋       | 1712/6446 [00:42<01:54, 41.42it/s] 28%|██▊       | 1813/6446 [00:44<01:51, 41.41it/s] 12%|█▏        | 800/6446 [00:20<02:23, 39.48it/s] 11%|█▏        | 730/6446 [00:18<02:22, 40.09it/s] 27%|██▋       | 1717/6446 [00:42<01:53, 41.50it/s] 12%|█▏        | 804/6446 [00:20<02:22, 39.50it/s] 28%|██▊       | 1818/6446 [00:44<01:51, 41.47it/s] 11%|█▏        | 735/6446 [00:18<02:22, 40.09it/s] 27%|██▋       | 1722/6446 [00:42<01:54, 41.43it/s] 13%|█▎        | 808/6446 [00:20<02:23, 39.42it/s] 28%|██▊       | 1823/6446 [00:44<01:51, 41.48it/s] 11%|█▏        | 740/6446 [00:18<02:22, 40.05it/s] 27%|██▋       | 1727/6446 [00:42<01:53, 41.40it/s] 13%|█▎        | 812/6446 [00:20<02:22, 39.49it/s] 28%|██▊       | 1828/6446 [00:44<01:51, 41.42it/s] 12%|█▏        | 745/6446 [00:18<02:22, 40.07it/s] 13%|█▎        | 816/6446 [00:20<02:22, 39.41it/s] 27%|██▋       | 1732/6446 [00:42<01:53, 41.40it/s] 28%|██▊       | 1833/6446 [00:45<01:51, 41.55it/s] 12%|█▏        | 750/6446 [00:18<02:22, 40.08it/s] 13%|█▎        | 820/6446 [00:21<02:22, 39.46it/s] 27%|██▋       | 1737/6446 [00:42<01:53, 41.42it/s] 29%|██▊       | 1838/6446 [00:45<01:51, 41.47it/s] 13%|█▎        | 824/6446 [00:21<02:22, 39.43it/s] 12%|█▏        | 755/6446 [00:19<02:22, 40.07it/s] 27%|██▋       | 1742/6446 [00:42<01:53, 41.41it/s] 13%|█▎        | 828/6446 [00:21<02:22, 39.51it/s] 29%|██▊       | 1843/6446 [00:45<01:51, 41.45it/s] 12%|█▏        | 760/6446 [00:19<02:21, 40.11it/s] 27%|██▋       | 1747/6446 [00:42<01:53, 41.44it/s] 13%|█▎        | 832/6446 [00:21<02:22, 39.51it/s] 29%|██▊       | 1848/6446 [00:45<01:50, 41.51it/s] 12%|█▏        | 765/6446 [00:19<02:21, 40.11it/s] 27%|██▋       | 1752/6446 [00:43<01:53, 41.33it/s] 13%|█▎        | 836/6446 [00:21<02:21, 39.54it/s] 29%|██▊       | 1853/6446 [00:45<01:50, 41.56it/s] 12%|█▏        | 770/6446 [00:19<02:21, 40.13it/s] 13%|█▎        | 840/6446 [00:21<02:21, 39.54it/s] 27%|██▋       | 1757/6446 [00:43<01:53, 41.40it/s] 29%|██▉       | 1858/6446 [00:45<01:50, 41.55it/s] 13%|█▎        | 844/6446 [00:21<02:21, 39.65it/s] 12%|█▏        | 775/6446 [00:19<02:21, 40.18it/s] 27%|██▋       | 1762/6446 [00:43<01:53, 41.44it/s] 29%|██▉       | 1863/6446 [00:45<01:50, 41.62it/s] 13%|█▎        | 848/6446 [00:21<02:21, 39.58it/s] 12%|█▏        | 780/6446 [00:19<02:21, 40.10it/s] 27%|██▋       | 1767/6446 [00:43<01:53, 41.38it/s] 29%|██▉       | 1868/6446 [00:45<01:50, 41.58it/s] 13%|█▎        | 852/6446 [00:21<02:21, 39.59it/s] 12%|█▏        | 785/6446 [00:19<02:21, 40.07it/s] 27%|██▋       | 1772/6446 [00:43<01:53, 41.36it/s] 13%|█▎        | 856/6446 [00:21<02:21, 39.53it/s] 29%|██▉       | 1873/6446 [00:45<01:50, 41.54it/s] 12%|█▏        | 790/6446 [00:19<02:20, 40.13it/s] 28%|██▊       | 1777/6446 [00:43<01:52, 41.43it/s] 13%|█▎        | 860/6446 [00:22<02:21, 39.62it/s] 29%|██▉       | 1878/6446 [00:46<01:49, 41.66it/s] 13%|█▎        | 864/6446 [00:22<02:20, 39.60it/s] 12%|█▏        | 795/6446 [00:20<02:20, 40.09it/s] 28%|██▊       | 1782/6446 [00:43<01:52, 41.38it/s] 29%|██▉       | 1883/6446 [00:46<01:49, 41.62it/s] 13%|█▎        | 868/6446 [00:22<02:20, 39.56it/s] 12%|█▏        | 800/6446 [00:20<02:20, 40.11it/s] 28%|██▊       | 1787/6446 [00:43<01:52, 41.36it/s] 29%|██▉       | 1888/6446 [00:46<01:49, 41.59it/s] 14%|█▎        | 872/6446 [00:22<02:20, 39.58it/s] 28%|██▊       | 1792/6446 [00:43<01:52, 41.40it/s] 12%|█▏        | 805/6446 [00:20<02:20, 40.15it/s] 29%|██▉       | 1893/6446 [00:46<01:49, 41.62it/s] 14%|█▎        | 876/6446 [00:22<02:20, 39.55it/s] 28%|██▊       | 1797/6446 [00:44<01:52, 41.38it/s] 13%|█▎        | 810/6446 [00:20<02:20, 40.09it/s] 14%|█▎        | 880/6446 [00:22<02:20, 39.55it/s] 29%|██▉       | 1898/6446 [00:46<01:49, 41.53it/s] 28%|██▊       | 1802/6446 [00:44<01:52, 41.39it/s] 13%|█▎        | 815/6446 [00:20<02:20, 40.10it/s] 14%|█▎        | 884/6446 [00:22<02:20, 39.60it/s] 30%|██▉       | 1903/6446 [00:46<01:49, 41.59it/s] 14%|█▍        | 888/6446 [00:22<02:20, 39.65it/s] 28%|██▊       | 1807/6446 [00:44<01:51, 41.47it/s] 13%|█▎        | 820/6446 [00:20<02:20, 40.16it/s] 30%|██▉       | 1908/6446 [00:46<01:48, 41.64it/s] 14%|█▍        | 892/6446 [00:22<02:20, 39.61it/s] 28%|██▊       | 1812/6446 [00:44<01:51, 41.50it/s] 13%|█▎        | 825/6446 [00:20<02:19, 40.15it/s] 30%|██▉       | 1913/6446 [00:46<01:48, 41.59it/s] 14%|█▍        | 896/6446 [00:22<02:20, 39.52it/s] 28%|██▊       | 1817/6446 [00:44<01:51, 41.37it/s] 13%|█▎        | 830/6446 [00:20<02:20, 40.08it/s] 30%|██▉       | 1918/6446 [00:47<01:48, 41.56it/s] 14%|█▍        | 900/6446 [00:23<02:20, 39.56it/s] 28%|██▊       | 1822/6446 [00:44<01:51, 41.36it/s] 13%|█▎        | 835/6446 [00:21<02:19, 40.16it/s] 14%|█▍        | 904/6446 [00:23<02:20, 39.58it/s] 30%|██▉       | 1923/6446 [00:47<01:48, 41.55it/s] 28%|██▊       | 1827/6446 [00:44<01:51, 41.50it/s] 14%|█▍        | 908/6446 [00:23<02:19, 39.59it/s] 13%|█▎        | 840/6446 [00:21<02:19, 40.19it/s] 30%|██▉       | 1928/6446 [00:47<01:48, 41.57it/s] 14%|█▍        | 912/6446 [00:23<02:19, 39.61it/s] 28%|██▊       | 1832/6446 [00:44<01:51, 41.51it/s] 13%|█▎        | 845/6446 [00:21<02:19, 40.21it/s] 30%|██▉       | 1933/6446 [00:47<01:48, 41.58it/s] 14%|█▍        | 916/6446 [00:23<02:19, 39.58it/s] 28%|██▊       | 1837/6446 [00:45<01:51, 41.48it/s] 13%|█▎        | 850/6446 [00:21<02:19, 40.18it/s] 30%|███       | 1938/6446 [00:47<01:48, 41.62it/s] 14%|█▍        | 920/6446 [00:23<02:19, 39.61it/s] 29%|██▊       | 1842/6446 [00:45<01:50, 41.54it/s] 13%|█▎        | 855/6446 [00:21<02:18, 40.24it/s] 30%|███       | 1943/6446 [00:47<01:48, 41.57it/s] 14%|█▍        | 924/6446 [00:23<02:19, 39.56it/s] 29%|██▊       | 1847/6446 [00:45<01:50, 41.48it/s] 14%|█▍        | 928/6446 [00:23<02:19, 39.52it/s] 13%|█▎        | 860/6446 [00:21<02:19, 40.19it/s] 30%|███       | 1948/6446 [00:47<01:48, 41.50it/s] 29%|██▊       | 1852/6446 [00:45<01:50, 41.44it/s] 14%|█▍        | 932/6446 [00:23<02:19, 39.46it/s] 30%|███       | 1953/6446 [00:47<01:48, 41.54it/s] 13%|█▎        | 865/6446 [00:21<02:19, 40.12it/s] 29%|██▉       | 1857/6446 [00:45<01:50, 41.47it/s] 15%|█▍        | 936/6446 [00:23<02:19, 39.56it/s] 30%|███       | 1958/6446 [00:48<01:48, 41.48it/s] 13%|█▎        | 870/6446 [00:21<02:18, 40.19it/s] 15%|█▍        | 940/6446 [00:24<02:19, 39.50it/s] 29%|██▉       | 1862/6446 [00:45<01:50, 41.43it/s] 30%|███       | 1963/6446 [00:48<01:48, 41.43it/s] 14%|█▎        | 875/6446 [00:22<02:18, 40.16it/s] 15%|█▍        | 944/6446 [00:24<02:19, 39.48it/s] 29%|██▉       | 1867/6446 [00:45<01:50, 41.43it/s] 31%|███       | 1968/6446 [00:48<01:48, 41.35it/s] 14%|█▎        | 880/6446 [00:22<02:18, 40.11it/s] 15%|█▍        | 948/6446 [00:24<02:19, 39.36it/s] 29%|██▉       | 1872/6446 [00:45<01:50, 41.44it/s] 31%|███       | 1973/6446 [00:48<01:48, 41.36it/s] 15%|█▍        | 952/6446 [00:24<02:19, 39.33it/s] 14%|█▎        | 885/6446 [00:22<02:18, 40.12it/s] 29%|██▉       | 1877/6446 [00:46<01:50, 41.35it/s] 15%|█▍        | 956/6446 [00:24<02:19, 39.25it/s] 31%|███       | 1978/6446 [00:48<01:47, 41.39it/s] 14%|█▍        | 890/6446 [00:22<02:18, 40.08it/s] 29%|██▉       | 1882/6446 [00:46<01:50, 41.28it/s] 15%|█▍        | 960/6446 [00:24<02:19, 39.31it/s] 31%|███       | 1983/6446 [00:48<01:47, 41.38it/s] 14%|█▍        | 895/6446 [00:22<02:18, 40.04it/s] 15%|█▍        | 964/6446 [00:24<02:19, 39.18it/s] 29%|██▉       | 1887/6446 [00:46<01:50, 41.33it/s] 31%|███       | 1988/6446 [00:48<01:47, 41.38it/s] 14%|█▍        | 900/6446 [00:22<02:18, 40.11it/s] 15%|█▌        | 968/6446 [00:24<02:19, 39.25it/s] 29%|██▉       | 1892/6446 [00:46<01:50, 41.31it/s] 31%|███       | 1993/6446 [00:48<01:47, 41.34it/s] 15%|█▌        | 972/6446 [00:24<02:19, 39.17it/s] 14%|█▍        | 905/6446 [00:22<02:18, 40.08it/s] 29%|██▉       | 1897/6446 [00:46<01:50, 41.34it/s] 31%|███       | 1998/6446 [00:49<01:48, 41.16it/s] 15%|█▌        | 976/6446 [00:25<02:19, 39.09it/s] 14%|█▍        | 910/6446 [00:22<02:18, 40.07it/s] 30%|██▉       | 1902/6446 [00:46<01:49, 41.39it/s] 15%|█▌        | 980/6446 [00:25<02:19, 39.06it/s] 31%|███       | 2003/6446 [00:49<01:47, 41.33it/s] 14%|█▍        | 915/6446 [00:23<02:17, 40.12it/s] 30%|██▉       | 1907/6446 [00:46<01:49, 41.36it/s] 15%|█▌        | 984/6446 [00:25<02:19, 39.14it/s] 31%|███       | 2008/6446 [00:49<01:47, 41.36it/s] 14%|█▍        | 920/6446 [00:23<02:17, 40.05it/s] 15%|█▌        | 988/6446 [00:25<02:19, 39.15it/s] 30%|██▉       | 1912/6446 [00:46<01:49, 41.38it/s] 31%|███       | 2013/6446 [00:49<01:47, 41.39it/s] 14%|█▍        | 925/6446 [00:23<02:17, 40.07it/s] 15%|█▌        | 992/6446 [00:25<02:18, 39.25it/s] 30%|██▉       | 1917/6446 [00:47<01:49, 41.43it/s] 31%|███▏      | 2018/6446 [00:49<01:46, 41.49it/s] 15%|█▌        | 996/6446 [00:25<02:18, 39.38it/s] 14%|█▍        | 930/6446 [00:23<02:17, 40.14it/s] 30%|██▉       | 1922/6446 [00:47<01:49, 41.38it/s] 31%|███▏      | 2023/6446 [00:49<01:46, 41.50it/s] 16%|█▌        | 1000/6446 [00:25<02:18, 39.43it/s] 15%|█▍        | 935/6446 [00:23<02:17, 40.11it/s] 30%|██▉       | 1927/6446 [00:47<01:49, 41.39it/s] 16%|█▌        | 1004/6446 [00:25<02:17, 39.44it/s] 31%|███▏      | 2028/6446 [00:49<01:46, 41.51it/s] 15%|█▍        | 940/6446 [00:23<02:17, 40.15it/s] 30%|██▉       | 1932/6446 [00:47<01:48, 41.45it/s] 16%|█▌        | 1008/6446 [00:25<02:17, 39.45it/s] 32%|███▏      | 2033/6446 [00:49<01:46, 41.61it/s] 15%|█▍        | 945/6446 [00:23<02:16, 40.21it/s] 30%|███       | 1937/6446 [00:47<01:48, 41.42it/s] 16%|█▌        | 1012/6446 [00:25<02:17, 39.53it/s] 32%|███▏      | 2038/6446 [00:49<01:46, 41.58it/s] 16%|█▌        | 1016/6446 [00:26<02:17, 39.50it/s] 15%|█▍        | 950/6446 [00:23<02:16, 40.18it/s] 30%|███       | 1942/6446 [00:47<01:48, 41.45it/s] 32%|███▏      | 2043/6446 [00:50<01:45, 41.60it/s] 16%|█▌        | 1020/6446 [00:26<02:17, 39.49it/s] 15%|█▍        | 955/6446 [00:24<02:16, 40.19it/s] 30%|███       | 1947/6446 [00:47<01:48, 41.47it/s] 32%|███▏      | 2048/6446 [00:50<01:45, 41.65it/s] 16%|█▌        | 1024/6446 [00:26<02:17, 39.43it/s] 15%|█▍        | 960/6446 [00:24<02:16, 40.23it/s] 30%|███       | 1952/6446 [00:47<01:48, 41.44it/s] 32%|███▏      | 2053/6446 [00:50<01:45, 41.59it/s] 16%|█▌        | 1028/6446 [00:26<02:17, 39.50it/s] 30%|███       | 1957/6446 [00:47<01:48, 41.42it/s] 15%|█▍        | 965/6446 [00:24<02:16, 40.18it/s] 16%|█▌        | 1032/6446 [00:26<02:17, 39.47it/s] 32%|███▏      | 2058/6446 [00:50<01:45, 41.65it/s] 30%|███       | 1962/6446 [00:48<01:48, 41.44it/s] 16%|█▌        | 1036/6446 [00:26<02:16, 39.50it/s] 15%|█▌        | 970/6446 [00:24<02:16, 40.14it/s] 32%|███▏      | 2063/6446 [00:50<01:45, 41.71it/s] 16%|█▌        | 1040/6446 [00:26<02:16, 39.49it/s] 31%|███       | 1967/6446 [00:48<01:48, 41.38it/s] 15%|█▌        | 975/6446 [00:24<02:16, 40.16it/s] 32%|███▏      | 2068/6446 [00:50<01:45, 41.66it/s] 16%|█▌        | 1044/6446 [00:26<02:16, 39.55it/s] 31%|███       | 1972/6446 [00:48<01:48, 41.39it/s] 15%|█▌        | 980/6446 [00:24<02:16, 40.12it/s] 32%|███▏      | 2073/6446 [00:50<01:45, 41.64it/s] 16%|█▋        | 1048/6446 [00:26<02:16, 39.51it/s] 31%|███       | 1977/6446 [00:48<01:48, 41.36it/s] 15%|█▌        | 985/6446 [00:24<02:16, 40.13it/s] 32%|███▏      | 2078/6446 [00:50<01:44, 41.65it/s] 16%|█▋        | 1052/6446 [00:26<02:16, 39.51it/s] 31%|███       | 1982/6446 [00:48<01:47, 41.37it/s] 15%|█▌        | 990/6446 [00:24<02:16, 40.08it/s] 16%|█▋        | 1056/6446 [00:27<02:17, 39.34it/s] 32%|███▏      | 2083/6446 [00:51<01:45, 41.46it/s] 31%|███       | 1987/6446 [00:48<01:47, 41.29it/s] 16%|█▋        | 1060/6446 [00:27<02:16, 39.42it/s] 15%|█▌        | 995/6446 [00:25<02:15, 40.09it/s] 32%|███▏      | 2088/6446 [00:51<01:45, 41.50it/s] 17%|█▋        | 1064/6446 [00:27<02:16, 39.39it/s] 31%|███       | 1992/6446 [00:48<01:47, 41.30it/s] 16%|█▌        | 1000/6446 [00:25<02:16, 40.04it/s] 32%|███▏      | 2093/6446 [00:51<01:44, 41.56it/s] 17%|█▋        | 1068/6446 [00:27<02:16, 39.47it/s] 31%|███       | 1997/6446 [00:48<01:47, 41.42it/s] 16%|█▌        | 1005/6446 [00:25<02:15, 40.05it/s] 33%|███▎      | 2098/6446 [00:51<01:44, 41.53it/s] 17%|█▋        | 1072/6446 [00:27<02:16, 39.45it/s] 31%|███       | 2002/6446 [00:49<01:47, 41.42it/s] 33%|███▎      | 2103/6446 [00:51<01:44, 41.52it/s] 16%|█▌        | 1010/6446 [00:25<02:15, 40.13it/s] 17%|█▋        | 1076/6446 [00:27<02:15, 39.55it/s] 31%|███       | 2007/6446 [00:49<01:47, 41.41it/s] 33%|███▎      | 2108/6446 [00:51<01:44, 41.57it/s] 17%|█▋        | 1080/6446 [00:27<02:15, 39.50it/s] 16%|█▌        | 1015/6446 [00:25<02:15, 40.11it/s] 31%|███       | 2012/6446 [00:49<01:46, 41.47it/s] 17%|█▋        | 1084/6446 [00:27<02:15, 39.54it/s] 33%|███▎      | 2113/6446 [00:51<01:44, 41.59it/s] 16%|█▌        | 1020/6446 [00:25<02:15, 40.09it/s] 17%|█▋        | 1088/6446 [00:27<02:36, 34.26it/s] 31%|███▏      | 2017/6446 [00:49<01:59, 37.10it/s] 33%|███▎      | 2118/6446 [00:51<02:02, 35.21it/s] 16%|█▌        | 1025/6446 [00:25<02:46, 32.55it/s] 17%|█▋        | 1092/6446 [00:28<03:06, 28.69it/s] 31%|███▏      | 2021/6446 [00:49<02:24, 30.69it/s] 33%|███▎      | 2122/6446 [00:52<02:22, 30.29it/s] 16%|█▌        | 1029/6446 [00:26<03:10, 28.46it/s] 17%|█▋        | 1096/6446 [00:28<03:25, 26.10it/s] 31%|███▏      | 2025/6446 [00:49<02:43, 27.11it/s] 33%|███▎      | 2126/6446 [00:52<02:40, 26.86it/s] 16%|█▌        | 1033/6446 [00:26<03:29, 25.88it/s] 17%|█▋        | 1099/6446 [00:28<03:31, 25.25it/s] 31%|███▏      | 2028/6446 [00:49<02:53, 25.53it/s] 33%|███▎      | 2129/6446 [00:52<02:50, 25.28it/s] 16%|█▌        | 1036/6446 [00:26<03:35, 25.11it/s] 17%|█▋        | 1102/6446 [00:28<03:36, 24.63it/s] 32%|███▏      | 2031/6446 [00:50<03:02, 24.18it/s] 33%|███▎      | 2132/6446 [00:52<02:57, 24.29it/s] 16%|█▌        | 1039/6446 [00:26<03:40, 24.57it/s] 17%|█▋        | 1105/6446 [00:28<03:45, 23.70it/s] 32%|███▏      | 2034/6446 [00:50<03:11, 23.04it/s] 33%|███▎      | 2135/6446 [00:52<03:00, 23.92it/s] 16%|█▌        | 1042/6446 [00:26<03:45, 24.02it/s] 17%|█▋        | 1108/6446 [00:28<03:53, 22.86it/s] 32%|███▏      | 2037/6446 [00:50<03:19, 22.09it/s] 33%|███▎      | 2138/6446 [00:52<03:02, 23.62it/s] 16%|█▌        | 1045/6446 [00:26<03:53, 23.10it/s] 17%|█▋        | 1111/6446 [00:28<04:01, 22.12it/s] 32%|███▏      | 2040/6446 [00:50<03:23, 21.67it/s] 33%|███▎      | 2141/6446 [00:53<03:07, 22.98it/s] 16%|█▋        | 1048/6446 [00:27<04:02, 22.28it/s] 17%|█▋        | 1114/6446 [00:29<04:08, 21.42it/s] 33%|███▎      | 2144/6446 [00:53<03:12, 22.39it/s] 32%|███▏      | 2043/6446 [00:50<03:26, 21.29it/s] 16%|█▋        | 1051/6446 [00:27<04:02, 22.25it/s] 17%|█▋        | 1117/6446 [00:29<04:11, 21.23it/s] 33%|███▎      | 2147/6446 [00:53<03:14, 22.08it/s] 32%|███▏      | 2046/6446 [00:50<03:26, 21.30it/s] 16%|█▋        | 1054/6446 [00:27<04:03, 22.14it/s] 17%|█▋        | 1120/6446 [00:29<04:12, 21.10it/s] 33%|███▎      | 2150/6446 [00:53<03:15, 21.98it/s] 32%|███▏      | 2049/6446 [00:51<03:26, 21.34it/s] 16%|█▋        | 1057/6446 [00:27<03:59, 22.53it/s] 17%|█▋        | 1123/6446 [00:29<04:11, 21.19it/s] 33%|███▎      | 2153/6446 [00:53<03:13, 22.22it/s] 32%|███▏      | 2052/6446 [00:51<03:23, 21.61it/s] 16%|█▋        | 1060/6446 [00:27<03:58, 22.62it/s] 17%|█▋        | 1126/6446 [00:29<04:10, 21.25it/s] 33%|███▎      | 2156/6446 [00:53<03:11, 22.41it/s] 32%|███▏      | 2055/6446 [00:51<03:25, 21.39it/s] 16%|█▋        | 1063/6446 [00:27<04:00, 22.43it/s] 18%|█▊        | 1129/6446 [00:29<04:08, 21.37it/s] 33%|███▎      | 2159/6446 [00:53<03:08, 22.71it/s] 32%|███▏      | 2058/6446 [00:51<03:21, 21.73it/s] 17%|█▋        | 1066/6446 [00:27<04:00, 22.40it/s] 18%|█▊        | 1132/6446 [00:29<04:08, 21.41it/s] 34%|███▎      | 2162/6446 [00:53<03:09, 22.55it/s] 32%|███▏      | 2061/6446 [00:51<03:15, 22.47it/s] 17%|█▋        | 1069/6446 [00:27<04:04, 22.02it/s] 34%|███▎      | 2165/6446 [00:54<03:12, 22.20it/s] 32%|███▏      | 2064/6446 [00:51<03:13, 22.70it/s] 18%|█▊        | 1135/6446 [00:30<04:11, 21.11it/s] 17%|█▋        | 1072/6446 [00:28<03:59, 22.45it/s] 34%|███▎      | 2168/6446 [00:54<03:10, 22.40it/s] 32%|███▏      | 2067/6446 [00:51<03:14, 22.56it/s] 18%|█▊        | 1138/6446 [00:30<04:07, 21.49it/s] 17%|█▋        | 1075/6446 [00:28<03:56, 22.75it/s] 34%|███▎      | 2171/6446 [00:54<03:07, 22.79it/s] 32%|███▏      | 2070/6446 [00:51<03:13, 22.62it/s] 18%|█▊        | 1141/6446 [00:30<04:08, 21.37it/s] 17%|█▋        | 1078/6446 [00:28<03:55, 22.80it/s] 34%|███▎      | 2174/6446 [00:54<03:09, 22.50it/s] 32%|███▏      | 2073/6446 [00:52<03:13, 22.60it/s] 18%|█▊        | 1144/6446 [00:30<04:05, 21.56it/s] 17%|█▋        | 1081/6446 [00:28<03:55, 22.74it/s] 34%|███▍      | 2177/6446 [00:54<03:08, 22.61it/s] 32%|███▏      | 2076/6446 [00:52<03:11, 22.82it/s] 18%|█▊        | 1147/6446 [00:30<04:03, 21.74it/s] 17%|█▋        | 1084/6446 [00:28<03:54, 22.86it/s] 34%|███▍      | 2180/6446 [00:54<03:07, 22.81it/s] 32%|███▏      | 2079/6446 [00:52<03:09, 23.01it/s] 17%|█▋        | 1087/6446 [00:28<03:59, 22.34it/s] 18%|█▊        | 1150/6446 [00:30<04:07, 21.41it/s] 34%|███▍      | 2183/6446 [00:54<03:08, 22.66it/s] 32%|███▏      | 2082/6446 [00:52<03:11, 22.77it/s] 17%|█▋        | 1090/6446 [00:28<04:03, 21.99it/s] 18%|█▊        | 1153/6446 [00:30<04:09, 21.20it/s] 34%|███▍      | 2186/6446 [00:55<03:06, 22.83it/s] 32%|███▏      | 2085/6446 [00:52<03:15, 22.30it/s] 17%|█▋        | 1093/6446 [00:29<04:04, 21.91it/s] 18%|█▊        | 1156/6446 [00:31<04:05, 21.52it/s] 34%|███▍      | 2189/6446 [00:55<03:03, 23.14it/s] 32%|███▏      | 2088/6446 [00:52<03:14, 22.36it/s] 17%|█▋        | 1096/6446 [00:29<04:01, 22.15it/s] 18%|█▊        | 1159/6446 [00:31<04:05, 21.52it/s] 34%|███▍      | 2192/6446 [00:55<03:01, 23.43it/s] 32%|███▏      | 2091/6446 [00:52<03:16, 22.14it/s] 17%|█▋        | 1099/6446 [00:29<04:01, 22.11it/s] 18%|█▊        | 1162/6446 [00:31<04:09, 21.21it/s] 34%|███▍      | 2195/6446 [00:55<03:01, 23.45it/s] 32%|███▏      | 2094/6446 [00:53<03:15, 22.27it/s] 17%|█▋        | 1102/6446 [00:29<04:01, 22.17it/s] 18%|█▊        | 1165/6446 [00:31<04:05, 21.48it/s] 34%|███▍      | 2198/6446 [00:55<03:03, 23.13it/s] 33%|███▎      | 2097/6446 [00:53<03:13, 22.49it/s] 17%|█▋        | 1105/6446 [00:29<04:00, 22.23it/s] 18%|█▊        | 1168/6446 [00:31<04:00, 21.94it/s] 34%|███▍      | 2201/6446 [00:55<03:05, 22.91it/s] 33%|███▎      | 2100/6446 [00:53<03:11, 22.69it/s] 17%|█▋        | 1108/6446 [00:29<03:58, 22.41it/s] 18%|█▊        | 1171/6446 [00:31<04:00, 21.96it/s] 34%|███▍      | 2204/6446 [00:55<03:08, 22.52it/s] 33%|███▎      | 2103/6446 [00:53<03:12, 22.56it/s] 17%|█▋        | 1111/6446 [00:29<04:01, 22.05it/s] 18%|█▊        | 1174/6446 [00:31<04:04, 21.59it/s] 34%|███▍      | 2207/6446 [00:55<03:08, 22.44it/s] 33%|███▎      | 2106/6446 [00:53<03:17, 21.92it/s] 17%|█▋        | 1114/6446 [00:29<04:06, 21.66it/s] 18%|█▊        | 1177/6446 [00:32<04:00, 21.91it/s] 34%|███▍      | 2210/6446 [00:56<03:12, 22.01it/s] 33%|███▎      | 2109/6446 [00:53<03:23, 21.27it/s] 18%|█▊        | 1180/6446 [00:32<04:09, 21.12it/s] 17%|█▋        | 1117/6446 [00:30<04:21, 20.37it/s] 33%|███▎      | 2112/6446 [00:53<03:30, 20.62it/s] 18%|█▊        | 1183/6446 [00:32<03:58, 22.09it/s] 17%|█▋        | 1120/6446 [00:30<04:09, 21.39it/s] 33%|███▎      | 2117/6446 [00:53<02:46, 25.94it/s] 18%|█▊        | 1187/6446 [00:32<03:21, 26.11it/s] 17%|█▋        | 1124/6446 [00:30<03:27, 25.68it/s] 17%|█▋        | 1128/6446 [00:30<03:01, 29.24it/s] 18%|█▊        | 1191/6446 [00:32<02:59, 29.34it/s] 33%|███▎      | 2122/6446 [00:54<02:23, 30.14it/s] 18%|█▊        | 1133/6446 [00:30<02:42, 32.63it/s] 33%|███▎      | 2127/6446 [00:54<02:09, 33.28it/s] 18%|█▊        | 1137/6446 [00:30<02:33, 34.54it/s] 33%|███▎      | 2132/6446 [00:54<02:01, 35.60it/s] 18%|█▊        | 1142/6446 [00:30<02:26, 36.30it/s] 33%|███▎      | 2137/6446 [00:54<01:55, 37.35it/s] 19%|█▊        | 1195/6446 [00:32<04:58, 17.59it/s] 18%|█▊        | 1147/6446 [00:30<02:21, 37.49it/s] 33%|███▎      | 2142/6446 [00:54<01:51, 38.49it/s] 19%|█▊        | 1199/6446 [00:33<04:06, 21.32it/s] 18%|█▊        | 1151/6446 [00:31<02:19, 38.00it/s] 33%|███▎      | 2147/6446 [00:54<01:49, 39.20it/s] 19%|█▊        | 1203/6446 [00:33<03:31, 24.78it/s]W1112 18:20:22.977000 217025 torch/distributed/elastic/multiprocessing/api.py:908] Sending process 217109 closing signal SIGTERM
W1112 18:20:22.981000 217025 torch/distributed/elastic/multiprocessing/api.py:908] Sending process 217110 closing signal SIGTERM
W1112 18:20:22.982000 217025 torch/distributed/elastic/multiprocessing/api.py:908] Sending process 217111 closing signal SIGTERM
E1112 18:20:23.915000 217025 torch/distributed/elastic/multiprocessing/api.py:882] failed (exitcode: -9) local_rank: 0 (pid: 217108) of binary: /home/aminmohamadi_squareup_com/.cache/hermit/pkg/python3@3.11/install/bin/python3.11
Traceback (most recent call last):
  File "/home/aminmohamadi_squareup_com/projects/.hermit/python/bin/torchrun", line 8, in <module>
    sys.exit(main())
             ^^^^^^
  File "/home/aminmohamadi_squareup_com/projects/.hermit/python/lib/python3.11/site-packages/torch/distributed/elastic/multiprocessing/errors/__init__.py", line 357, in wrapper
    return f(*args, **kwargs)
           ^^^^^^^^^^^^^^^^^^
  File "/home/aminmohamadi_squareup_com/projects/.hermit/python/lib/python3.11/site-packages/torch/distributed/run.py", line 936, in main
    run(args)
  File "/home/aminmohamadi_squareup_com/projects/.hermit/python/lib/python3.11/site-packages/torch/distributed/run.py", line 927, in run
    elastic_launch(
  File "/home/aminmohamadi_squareup_com/projects/.hermit/python/lib/python3.11/site-packages/torch/distributed/launcher/api.py", line 156, in __call__
    return launch_agent(self._config, self._entrypoint, list(args))
           ^^^^^^^^^^^^^^^^^^^^^^^^^^^^^^^^^^^^^^^^^^^^^^^^^^^^^^^^
  File "/home/aminmohamadi_squareup_com/projects/.hermit/python/lib/python3.11/site-packages/torch/distributed/launcher/api.py", line 293, in launch_agent
    raise ChildFailedError(
torch.distributed.elastic.multiprocessing.errors.ChildFailedError: 
============================================================
run.py FAILED
------------------------------------------------------------
Failures:
  <NO_OTHER_FAILURES>
------------------------------------------------------------
Root Cause (first observed failure):
[0]:
  time      : 2025-11-12_18:20:22
  host      : smallslurm-a38msp-4.c.sq-cash-ml-slurm-prod.internal
  rank      : 0 (local_rank: 0)
  exitcode  : -9 (pid: 217108)
  error_file: <N/A>
  traceback : Signal 9 (SIGKILL) received by PID 217108
============================================================
[2025-11-12T18:20:24.365] error: Detected 1 oom_kill event in StepId=14678.0. Some of the step tasks have been OOM Killed.
srun: error: smallslurm-a38msp-4: task 0: Out Of Memory

========================================================================
Training completed with exit code: 1
========================================================================
✗ FAILED: Training exited with error code 1

Checking for common issues...
Last 50 lines of output:
  _debug_values(x[0].T, title="Before linear embedding")
 15%|█▌        | 980/6446 [00:24<02:13, 41.02it/s] 14%|█▎        | 882/6446 [00:21<02:17, 40.32it/s] 15%|█▌        | 985/6446 [00:24<02:12, 41.19it/s] 14%|█▍        | 887/6446 [00:21<02:17, 40.38it/s]  0%|          | 1/6446 [00:00<20:05,  5.35it/s] 15%|█▌        | 990/6446 [00:24<02:12, 41.32it/s]  0%|          | 5/6446 [00:00<05:25, 19.77it/s] 14%|█▍        | 892/6446 [00:21<02:17, 40.43it/s] 15%|█▌        | 995/6446 [00:24<02:11, 41.47it/s]  0%|          | 9/6446 [00:00<03:58, 26.93it/s] 14%|█▍        | 897/6446 [00:21<02:17, 40.43it/s]  0%|          | 13/6446 [00:00<03:28, 30.81it/s] 16%|█▌        | 1000/6446 [00:24<02:12, 41.19it/s] 14%|█▍        | 902/6446 [00:22<02:17, 40.37it/s]  0%|          | 17/6446 [00:00<03:13, 33.14it/s] 16%|█▌        | 1005/6446 [00:24<02:12, 41.03it/s] 14%|█▍        | 907/6446 [00:22<02:16, 40.44it/s]  0%|          | 21/6446 [00:00<03:04, 34.74it/s] 16%|█▌        | 1010/6446 [00:24<02:12, 40.94it/s] 14%|█▍        | 912/6446 [00:22<02:16, 40.44it/s]  0%|          | 25/6446 [00:00<03:00, 35.67it/s] 16%|█▌        | 1015/6446 [00:24<02:13, 40.77it/s] 14%|█▍        | 917/6446 [00:22<02:16, 40.38it/s]  0%|          | 29/6446 [00:00<02:55, 36.46it/s] 16%|█▌        | 1020/6446 [00:25<02:13, 40.73it/s]  1%|          | 33/6446 [00:01<02:51, 37.30it/s] 14%|█▍        | 922/6446 [00:22<02:17, 40.32it/s] 16%|█▌        | 1025/6446 [00:25<02:12, 40.87it/s]  1%|          | 37/6446 [00:01<02:48, 38.04it/s] 14%|█▍        | 927/6446 [00:22<02:16, 40.46it/s]  1%|          | 41/6446 [00:01<02:46, 38.55it/s] 16%|█▌        | 1030/6446 [00:25<02:11, 41.04it/s] 14%|█▍        | 932/6446 [00:22<02:16, 40.51it/s]  1%|          | 46/6446 [00:01<02:43, 39.06it/s] 16%|█▌        | 1035/6446 [00:25<02:11, 41.17it/s] 15%|█▍        | 937/6446 [00:22<02:15, 40.55it/s]  1%|          | 51/6446 [00:01<02:42, 39.44it/s] 16%|█▌        | 1040/6446 [00:25<02:10, 41.36it/s] 15%|█▍     Generating embedding using: Encoder
   | 942/6446 [00:23<02:15, 40.69it/s]  1%|          | 55/6446 [00:01<02:41, 39.55it/s] 16%|█▌        | 1045/6446 [00:25<02:10, 41.34it/s] 15%|█▍        | 947/6446 [00:23<02:15, 40.66it/s]  1%|          | 59/6446 [00:01<02:41, 39.49it/s] 16%|█▋        | 1050/6446 [00:25<02:10, 41.32it/s]  1%|          | 63/6446 [00:01<02:41, 39.60it/s] 15%|█▍        | 952/6446 [00:23<02:14, 40.74it/s] 16%|█▋        | 1055/6446 [00:25<02:09, 41.47it/s] 15%|█▍        | 957/6446 [00:23<02:14, 40.85it/s]  1%|          | 68/6446 [00:01<02:40, 39.78it/s] 16%|█▋        | 1060/6446 [00:25<02:10, 41.43it/s]  1%|          | 72/6446 [00:02<02:40, 39.74it/s] 15%|█▍        | 962/6446 [00:23<02:14, 40.83it/s]  0%|          | 0/6446 [00:00<?, ?it/s]/home/aminmohamadi_squareup_com/projects/t-jepa-parquet-scaling/src/encoder.py:273: UserWarning: The use of `x.T` on tensors of dimension other than 2 to reverse their shape is deprecated and it will throw an error in a future release. Consider `x.mT` to transpose batches of matrices or `x.permute(*torch.arange(x.ndim - 1, -1, -1))` to reverse the dimensions of a tensor. (Triggered internally at /pytorch/aten/src/ATen/native/TensorShape.cpp:4416.)
  _debug_values(x[0].T, title="Before linear embedding")
 17%|█▋        | 1065/6446 [00:26<02:09, 41.44it/s]  1%|          | 76/6446 [00:02<02:40, 39.81it/s] 15%|█▌        | 967/6446 [00:23<02:13, 40.96it/s]  1%|          | 80/6446 [00:02<02:40, 39.56it/s] 17%|█▋        | 1070/6446 [00:26<02:09, 41.42it/s]  0%|          | 1/6446 [00:00<19:27,  5.52it/s] 15%|█▌        | 972/6446 [00:23<02:13, 41.15it/s]  1%|▏         | 84/6446 [00:02<02:41, 39.45it/s] 17%|█▋        | 1075/6446 [00:26<02:10, 41.21it/s]  0%|          | 5/6446 [00:00<05:14, 20.50it/s] 15%|█▌        | 977/6446 [00:23<02:12, 41.24it/s]  1%|▏         | 88/6446 [00:02<02:42, 39.25it/s] 17%|█▋        | 1080/6446 [00:26<02:10, 41.10it/s]  0%|          | 10/6446 [00:00<03:41, 29.08it/s] 15%|█▌        | 982/6446 [00:24<02:12, 41.31it/s]  1%|▏         | 92/6446 [00:02<02:42, 39.22it/s] 17%|█▋        | 1085/6446 [00:26<02:10, 41.14it/s]  0%|          | 15/6446 [00:00<03:12, 33.38it/s]  1%|▏         | 96/6446 [00:02<02:41, 39.28it/s] 15%|█▌        | 987/6446 [00:24<02:11, 41.40it/s] 17%|█▋        | 1090/6446 [00:26<02:10, 41.15it/s]  0%|          | 20/6446 [00:00<02:59, 35.77it/s]  2%|▏         | 100/6446 [00:02<02:41, 39.27it/s] 15%|█▌        | 992/6446 [00:24<02:11, 41.39it/s] 17%|█▋        | 1095/6446 [00:26<02:09, 41.22it/s]  2%|▏         | 104/6446 [00:02<02:41, 39.31it/s]  0%|          | 25/6446 [00:00<02:52, 37.31it/s] 15%|█▌        | 997/6446 [00:24<02:11, 41.45it/s]  2%|▏         | 108/6446 [00:02<02:40, 39.39it/s] 17%|█▋        | 1100/6446 [00:26<02:09, 41.31it/s]  0%|          | 30/6446 [00:00<02:47, 38.32it/s] 16%|█▌        | 1002/6446 [00:24<02:11, 41.39it/s]  2%|▏         | 112/6446 [00:03<02:40, 39.40it/s]  1%|          | 34/6446 [00:01<02:45, 38.76it/s] 17%|█▋        | 1105/6446 [00:27<02:09, 41.29it/s] 16%|█▌        | 1007/6446 [00:24<02:11, 41.35it/s]  2%|▏         | 116/6446 [00:03<02:40, 39.45it/s] 17%|█▋        | 1110/6446 [00:27<02:09, 41.30it/s]  1%|          | 39/6446 [00:01<02:43, 39.26it/s]  2%|▏         | 120/6446 [00:03<02:40, 39.40it/s] 16%|█▌        | 1012/6446 [00:24<02:11, 41.35it/s]  1%|          | 43/6446 [00:01<02:42, 39.40it/s] 17%|█▋        | 1115/6446 [00:27<02:08, 41.34it/s]  2%|▏         | 124/6446 [00:03<02:40, 39.41it/s] 16%|█▌        | 1017/6446 [00:24<02:11, 41.27it/s]  1%|          | 48/6446 [00:01<02:41, 39.67it/s] 17%|█▋        | 1120/6446 [00:27<02:08, 41.39it/s]  2%|▏         | 128/6446 [00:03<02:39, 39.58it/s] 16%|█▌        | 1022/6446 [00:25<02:11, 41.14it/s]  1%|          | 52/6446 [00:01<02:40, 39.72it/s]  2%|▏         | 132/6446 [00:03<02:39, 39.53it/s] 17%|█▋        | 1125/6446 [00:27<02:08, 41.39it/s] 16%|█▌        | 1027/6446 [00:25<02:11, 41.11it/s]  1%|          | 56/6446 [00:01<02:40, 39.76it/s]  2%|▏         | 136/6446 [00:03<02:39, 39.44it/s] 18%|█▊        | 1130/6446 [00:27<02:08, 41.23it/s] 16%|█▌        | 1032/6446 [00:25<02:11, 41.17it/s]  1%|          | 61/6446 [00:01<02:39, 39.97it/s]  2%|▏         | 140/6446 [00:03<02:40, 39.26it/s] 18%|█▊        | 1135/6446 [00:27<02:09, 41.16it/s]  2%|▏         | 144/6446 [00:03<02:41, 39.04it/s] 16%|█▌        | 1037/6446 [00:25<02:11, 41.08it/s]  1%|          | 66/6446 [00:01<02:40, 39.86it/s] 18%|█▊        | 1140/6446 [00:27<02:09, 40.92it/s]  2%|▏         | 148/6446 [00:03<02:41, 38.90it/s] 16%|█▌        | 1042/6446 [00:25<02:11, 41.05it/s]  1%|          | 71/6446 [00:01<02:39, 39.88it/s] 18%|█▊        | 1145/6446 [00:28<02:09, 40.83it/s]  2%|▏         | 152/6446 [00:04<02:41, 38.86it/s]  1%|          | 75/6446 [00:02<02:39, 39.89it/s] 16%|█▌        | 1047/6446 [00:25<02:11, 41.03it/s]  2%|▏         | 156/6446 [00:04<02:42, 38.79it/s] 18%|█▊        | 1150/6446 [00:28<02:09, 40.84it/s]  1%|          | 79/6446 [00:02<02:39, 39.85it/s] 16%|█▋        | 1052/6446 [00:25<02:11, 40.95it/s]  2%|▏         | 160/6446 [00:04<02:42, 38.79it/s] 18%|█▊        | 1155/6446 [00:28<02:09, 40.75it/s]  1%|▏         | 83/6446 [00:02<02:40, 39.77it/s] 16%|█▋        | 1057/6446 [00:25<02:11, 40.87it/s]  3%|▎         | 164/6446 [00:04<02:42, 38.72it/s]  1%|▏         | 87/6446 [00:02<02:39, 39.77it/s] 18%|█▊        | 1160/6446 [00:28<02:09, 40.72it/s] 16%|█▋        | 1062/6446 [00:26<02:11, 40.98it/s]  3%|▎         | 168/6446 [00:04<02:42, 38.73it/s]  1%|▏         | 92/6446 [00:02<02:39, 39.87it/s] 18%|█▊        | 1165/6446 [00:28<02:09, 40.75it/s]  3%|▎         | 172/6446 [00:04<02:42, 38.70it/s] 17%|█▋        | 1067/6446 [00:26<02:11, 40.93it/s]  1%|▏         | 96/6446 [00:02<02:39, 39.86it/s] 18%|█▊        | 1170/6446 [00:28<02:09, 40.68it/s]  3%|▎         | 176/6446 [00:04<02:41, 38.78it/s] 17%|█▋        | 1072/6446 [00:26<02:11, 40.99it/s]  2%|▏         | 101/6446 [00:02<02:39, 39.90it/s]  3%|▎         | 180/6446 [00:04<02:42, 38.65it/s] 18%|█▊        | 1175/6446 [00:28<02:09, 40.65it/s] 17%|█▋        | 1077/6446 [00:26<02:10, 41.02it/s]  2%|▏         | 105/6446 [00:02<02:38, 39.89it/s]  3%|▎         | 184/6446 [00:04<02:41, 38.77it/s] 18%|█▊        | 1180/6446 [00:28<02:08, 40.94it/s] 17%|█▋        | 1082/6446 [00:26<02:10, 41.15it/s]  2%|▏         | 110/6446 [00:02<02:38, 40.01it/s]  3%|▎         | 188/6446 [00:04<02:40, 38.90it/s] 18%|█▊        | 1185/6446 [00:29<02:08, 41.04it/s] 17%|█▋        | 1087/6446 [00:26<02:10, 41.01it/s]  2%|▏         | 114/6446 [00:03<02:38, 39.86it/s]  3%|▎         | 192/6446 [00:05<02:39, 39.09it/s] 18%|█▊        | 1190/6446 [00:29<02:08, 41.06it/s]  2%|▏         | 118/6446 [00:03<02:38, 39.86it/s]  3%|▎         | 196/6446 [00:05<02:39, 39.12it/s] 17%|█▋        | 1092/6446 [00:26<02:10, 40.98it/s]  3%|▎         | 200/6446 [00:05<02:39, 39.13it/s]  2%|▏         | 123/6446 [00:03<02:38, 39.96it/s] 17%|█▋        | 1097/6446 [00:26<02:10, 41.14it/s]  3%|▎         | 204/6446 [00:05<02:39, 39.10it/s]  2%|▏         | 127/6446 [00:03<02:38, 39.96it/s] 17%|█▋        | 1102/6446 [00:26<02:09, 41.18it/s]  3%|▎         | 208/6446 [00:05<02:39, 39.20it/s]  2%|▏         | 132/6446 [00:03<02:37, 40.02it/s] 19%|█▊        | 1195/6446 [00:29<03:38, 23.99it/s] 17%|█▋        | 1107/6446 [00:27<02:09, 41.19it/s]  3%|▎         | 212/6446 [00:05<02:39, 39.13it/s]  2%|▏         | 137/6446 [00:03<02:37, 40.03it/s] 17%|█▋        | 1112/6446 [00:27<02:09, 41.27it/s] 19%|█▊        | 1200/6446 [00:29<03:12, 27.28it/s]  3%|▎         | 216/6446 [00:05<02:39, 39.06it/s]  2%|▏         | 142/6446 [00:03<02:37, 39.97it/s] 17%|█▋        | 1117/6446 [00:27<02:09, 41.23it/s]  3%|▎         | 220/6446 [00:05<02:39, 38.95it/s] 19%|█▊        | 1205/6446 [00:29<02:53, 30.26it/s]  2%|▏         | 146/6446 [00:03<02:37, 39.96it/s]  3%|▎         | 224/6446 [00:05<02:39, 39.02it/s] 17%|█▋        | 1122/6446 [00:27<02:09, 41.25it/s] 19%|█▉        | 1210/6446 [00:29<02:39, 32.81it/s]  2%|▏         | 150/6446 [00:03<02:37, 39.93it/s]  4%|▎         | 228/6446 [00:05<02:39, 39.09it/s] 17%|█▋        | 1127/6446 [00:27<02:08, 41.33it/s] 19%|█▉        | 1215/6446 [00:30<02:30, 34.87it/s]  2%|▏         | 155/6446 [00:04<02:37, 40.00it/s]  4%|▎         | 232/6446 [00:06<02:38, 39.19it/s] 18%|█▊        | 1132/6446 [00:27<02:08, 41.30it/s] 19%|█▉        | 1220/6446 [00:30<02:23, 36.53it/s]  2%|▏         | 159/6446 [00:04<02:37, 39.98it/s]  4%|▎         | 236/6446 [00:06<02:38, 39.26it/s] 18%|█▊        | 1137/6446 [00:27<02:08, 41.27it/s] 19%|█▉        | 1225/6446 [00:30<02:18, 37.67it/s]  4%|▎         | 240/6446 [00:06<02:38, 39.20it/s]  3%|▎         | 164/6446 [00:04<02:37, 40.00it/s] 18%|█▊        | 1142/6446 [00:27<02:08, 41.30it/s]  4%|▍         | 244/6446 [00:06<02:37, 39.26it/s] 19%|█▉        | 1230/6446 [00:30<02:14, 38.65it/s]  3%|▎         | 169/6446 [00:04<02:36, 40.07it/s]  4%|▍         | 248/6446 [00:06<02:37, 39.31it/s] 18%|█▊        | 1147/6446 [00:28<02:08, 41.24it/s] 19%|█▉        | 1235/6446 [00:30<02:12, 39.44it/s]  3%|▎         | 174/6446 [00:04<02:36, 39.97it/s]  4%|▍         | 252/6446 [00:06<02:37, 39.43it/s] 18%|█▊        | 1152/6446 [00:28<02:08, 41.15it/s] 19%|█▉        | 1240/6446 [00:30<02:10, 40.02it/s]  3%|▎         | 178/6446 [00:04<02:37, 39.92it/s]  4%|▍         | 256/6446 [00:06<02:37, 39.38it/s] 18%|█▊        | 1157/6446 [00:28<02:08, 41.17it/s]  3%|▎         | 182/6446 [00:04<02:37, 39.80it/s] 19%|█▉        | 1245/6446 [00:30<02:08, 40.38it/s]  4%|▍         | 260/6446 [00:06<02:36, 39.41it/s]  3%|▎         | 186/6446 [00:04<02:37, 39.82it/s] 18%|█▊        | 1162/6446 [00:28<02:08, 41.01it/s] 19%|█▉        | 1250/6446 [00:30<02:07, 40.64it/s]  4%|▍         | 264/6446 [00:06<02:36, 39.38it/s]  3%|▎         | 190/6446 [00:04<02:37, 39.68it/s] 18%|█▊        | 1167/6446 [00:28<02:09, 40.86it/s] 19%|█▉        | 1255/6446 [00:31<02:07, 40.80it/s]  4%|▍         | 268/6446 [00:07<02:36, 39.40it/s]  3%|▎         | 194/6446 [00:05<02:37, 39.65it/s]  4%|▍         | 272/6446 [00:07<02:37, 39.29it/s] 18%|█▊        | 1172/6446 [00:28<02:08, 40.89it/s] 20%|█▉        | 1260/6446 [00:31<02:07, 40.80it/s]  3%|▎         | 198/6446 [00:05<02:37, 39.60it/s]  4%|▍         | 276/6446 [00:07<02:37, 39.14it/s] 18%|█▊        | 1177/6446 [00:28<02:08, 40.86it/s] 20%|█▉        | 1265/6446 [00:31<02:07, 40.73it/s]  3%|▎         | 202/6446 [00:05<02:37, 39.69it/s]  4%|▍         | 280/6446 [00:07<02:38, 39.02it/s]  3%|▎         | 206/6446 [00:05<02:37, 39.61it/s] 18%|█▊        | 1182/6446 [00:28<02:08, 40.85it/s] 20%|█▉        | 1270/6446 [00:31<02:07, 40.69it/s]  4%|▍         | 284/6446 [00:07<02:37, 39.00it/s]  3%|▎         | 210/6446 [00:05<02:37, 39.64it/s] 18%|█▊        | 1187/6446 [00:29<02:08, 40.89it/s] 20%|█▉        | 1275/6446 [00:31<02:06, 40.75it/s]  4%|▍         | 288/6446 [00:07<02:38, 38.92it/s]  3%|▎         | 214/6446 [00:05<02:37, 39.58it/s] 18%|█▊        | 1192/6446 [00:29<02:08, 40.85it/s] 20%|█▉        | 1280/6446 [00:31<02:06, 40.68it/s]  5%|▍         | 292/6446 [00:07<02:38, 38.92it/s]  3%|▎         | 218/6446 [00:05<02:37, 39.63it/s]  5%|▍         | 296/6446 [00:07<02:38, 38.84it/s] 19%|█▊        | 1197/6446 [00:29<02:08, 40.86it/s] 20%|█▉        | 1285/6446 [00:31<02:07, 40.60it/s]  3%|▎         | 222/6446 [00:05<02:37, 39.59it/s]  5%|▍         | 300/6446 [00:07<02:37, 38.90it/s] 19%|█▊        | 1202/6446 [00:29<02:08, 40.87it/s] 20%|██        | 1290/6446 [00:31<02:07, 40.57it/s]  4%|▎         | 226/6446 [00:05<02:37, 39.59it/s]  5%|▍         | 304/6446 [00:07<02:38, 38.84it/s]  4%|▎         | 230/6446 [00:05<02:36, 39.65it/s] 20%|██        | 1295/6446 [00:32<02:07, 40.53it/s]  5%|▍         | 308/6446 [00:08<02:37, 38.88it/s]  4%|▎         | 234/6446 [00:06<02:36, 39.63it/s] 20%|██        | 1300/6446 [00:32<02:06, 40.55it/s]  5%|▍         | 312/6446 [00:08<02:37, 38.86it/s]  4%|▎         | 238/6446 [00:06<02:36, 39.58it/s] 19%|█▊        | 1207/6446 [00:29<03:10, 27.57it/s] 20%|██        | 1305/6446 [00:32<02:06, 40.64it/s]  5%|▍         | 316/6446 [00:08<02:37, 38.95it/s]  4%|▍         | 242/6446 [00:06<02:36, 39.58it/s] 19%|█▉        | 1212/6446 [00:29<02:51, 30.52it/s]  5%|▍         | 320/6446 [00:08<02:37, 38.86it/s] 20%|██        | 1310/6446 [00:32<02:07, 40.13it/s]  4%|▍         | 246/6446 [00:06<02:36, 39.63it/s] 19%|█▉        | 1217/6446 [00:29<02:38, 33.00it/s]  5%|▌         | 324/6446 [00:08<02:37, 38.92it/s]  4%|▍         | 250/6446 [00:06<02:36, 39.60it/s] 20%|██        | 1315/6446 [00:32<02:08, 39.85it/s] 19%|█▉        | 1222/6446 [00:30<02:29, 35.04it/s]  5%|▌         | 328/6446 [00:08<02:37, 38.87it/s]  4%|▍         | 254/6446 [00:06<02:36, 39.61it/s] 20%|██        | 1319/6446 [00:32<02:09, 39.70it/s]  5%|▌         | 332/6446 [00:08<02:36, 38.99it/s] 19%|█▉        | 1227/6446 [00:30<02:22, 36.57it/s]  4%|▍         | 258/6446 [00:06<02:36, 39.56it/s] 21%|██        | 1323/6446 [00:32<02:09, 39.66it/s]  5%|▌         | 336/6446 [00:08<02:36, 38.94it/s]  4%|▍         | 262/6446 [00:06<02:36, 39.62it/s] 19%|█▉        | 1232/6446 [00:30<02:18, 37.70it/s] 21%|██        | 1328/6446 [00:32<02:07, 40.10it/s]  5%|▌         | 340/6446 [00:08<02:36, 38.95it/s]  4%|▍         | 266/6446 [00:06<02:36, 39.56it/s] 19%|█▉        | 1237/6446 [00:30<02:14, 38.64it/s] 21%|██        | 1333/6446 [00:32<02:06, 40.43it/s]  5%|▌         | 344/6446 [00:08<02:36, 38.89it/s]  4%|▍         | 270/6446 [00:06<02:36, 39.55it/s] 19%|█▉        | 1242/6446 [00:30<02:12, 39.24it/s] 21%|██        | 1338/6446 [00:33<02:05, 40.61it/s]  5%|▌         | 348/6446 [00:09<02:36, 38.99it/s]  4%|▍         | 274/6446 [00:07<02:36, 39.54it/s] 19%|█▉        | 1247/6446 [00:30<02:10, 39.75it/s]  5%|▌         | 352/6446 [00:09<02:35, 39.16it/s] 21%|██        | 1343/6446 [00:33<02:04, 40.94it/s]  4%|▍         | 279/6446 [00:07<02:35, 39.73it/s]  6%|▌         | 356/6446 [00:09<02:34, 39.31it/s] 19%|█▉        | 1252/6446 [00:30<02:09, 40.22it/s] 21%|██        | 1348/6446 [00:33<02:03, 41.18it/s]  4%|▍         | 283/6446 [00:07<02:35, 39.71it/s]  6%|▌         | 360/6446 [00:09<02:34, 39.38it/s] 20%|█▉        | 1257/6446 [00:30<02:08, 40.47it/s]  4%|▍         | 287/6446 [00:07<02:34, 39.76it/s] 21%|██        | 1353/6446 [00:33<02:03, 41.29it/s]  6%|▌         | 364/6446 [00:09<02:34, 39.41it/s]  5%|▍         | 291/6446 [00:07<02:34, 39.76it/s] 20%|█▉        | 1262/6446 [00:31<02:07, 40.67it/s] 21%|██        | 1358/6446 [00:33<02:03, 41.36it/s]  6%|▌         | 368/6446 [00:09<02:34, 39.42it/s]  5%|▍         | 296/6446 [00:07<02:33, 39.96it/s] 20%|█▉        | 1267/6446 [00:31<02:06, 40.78it/s] 21%|██        | 1363/6446 [00:33<02:02, 41.39it/s]  6%|▌         | 372/6446 [00:09<02:33, 39.45it/s]  5%|▍         | 300/6446 [00:07<02:33, 39.92it/s] 20%|█▉        | 1272/6446 [00:31<02:06, 40.77it/s]  6%|▌         | 376/6446 [00:09<02:33, 39.52it/s] 21%|██        | 1368/6446 [00:33<02:02, 41.51it/s]  5%|▍         | 304/6446 [00:07<02:34, 39.82it/s]  6%|▌         | 380/6446 [00:09<02:33, 39.49it/s] 20%|█▉        | 1277/6446 [00:31<02:06, 40.78it/s] 21%|██▏       | 1373/6446 [00:33<02:02, 41.55it/s]  5%|▍         | 308/6446 [00:07<02:34, 39.81it/s]  6%|▌         | 384/6446 [00:09<02:33, 39.49it/s] 20%|█▉        | 1282/6446 [00:31<02:06, 40.82it/s] 21%|██▏       | 1378/6446 [00:34<02:02, 41.46it/s]  5%|▍         | 312/6446 [00:07<02:34, 39.72it/s]  6%|▌         | 388/6446 [00:10<02:33, 39.44it/s] 20%|█▉        | 1287/6446 [00:31<02:06, 40.84it/s]  5%|▍         | 316/6446 [00:08<02:34, 39.66it/s] 21%|██▏       | 1383/6446 [00:34<02:02, 41.49it/s]  6%|▌         | 392/6446 [00:10<02:33, 39.43it/s]  5%|▍         | 320/6446 [00:08<02:34, 39.71it/s] 20%|██        | 1292/6446 [00:31<02:05, 40.93it/s] 22%|██▏       | 1388/6446 [00:34<02:01, 41.47it/s]  6%|▌         | 396/6446 [00:10<02:33, 39.44it/s]  5%|▌         | 325/6446 [00:08<02:33, 39.89it/s] 20%|██        | 1297/6446 [00:31<02:05, 41.11it/s]  6%|▌         | 400/6446 [00:10<02:33, 39.46it/s] 22%|██▏       | 1393/6446 [00:34<02:01, 41.44it/s]  5%|▌         | 329/6446 [00:08<02:33, 39.89it/s]  6%|▋         | 404/6446 [00:10<02:33, 39.35it/s] 20%|██        | 1302/6446 [00:32<02:05, 41.09it/s] 22%|██▏       | 1398/6446 [00:34<02:01, 41.42it/s]  6%|▋         | 408/6446 [00:10<02:33, 39.41it/s]  5%|▌         | 334/6446 [00:08<02:33, 39.93it/s] 20%|██        | 1307/6446 [00:32<02:04, 41.13it/s] 22%|██▏       | 1403/6446 [00:34<02:01, 41.43it/s]  6%|▋         | 412/6446 [00:10<02:33, 39.35it/s]  5%|▌         | 338/6446 [00:08<02:33, 39.92it/s] 20%|██        | 1312/6446 [00:32<02:04, 41.25it/s] 22%|██▏       | 1408/6446 [00:34<02:01, 41.37it/s]  6%|▋         | 416/6446 [00:10<02:33, 39.35it/s]  5%|▌         | 343/6446 [00:08<02:32, 40.03it/s] 20%|██        | 1317/6446 [00:32<02:04, 41.26it/s] 22%|██▏       | 1413/6446 [00:34<02:01, 41.53it/s]  7%|▋         | 420/6446 [00:10<02:33, 39.33it/s]  5%|▌         | 348/6446 [00:08<02:32, 40.05it/s] 21%|██        | 1322/6446 [00:32<02:04, 41.28it/s] 22%|██▏       | 1418/6446 [00:35<02:01, 41.43it/s]  7%|▋         | 424/6446 [00:10<02:32, 39.36it/s]  5%|▌         | 353/6446 [00:09<02:32, 39.87it/s]  7%|▋         | 428/6446 [00:11<02:32, 39.37it/s] 21%|██        | 1327/6446 [00:32<02:03, 41.32it/s] 22%|██▏       | 1423/6446 [00:35<02:01, 41.44it/s]  6%|▌         | 358/6446 [00:09<02:32, 39.94it/s]  7%|▋         | 432/6446 [00:11<02:32, 39.40it/s] 21%|██        | 1332/6446 [00:32<02:04, 41.22it/s] 22%|██▏       | 1428/6446 [00:35<02:00, 41.50it/s]  6%|▌         | 362/6446 [00:09<02:32, 39.94it/s]  7%|▋         | 436/6446 [00:11<02:32, 39.35it/s] 21%|██        | 1337/6446 [00:32<02:03, 41.23it/s] 22%|██▏       | 1433/6446 [00:35<02:00, 41.48it/s]  6%|▌         | 366/6446 [00:09<02:32, 39.96it/s]  7%|▋         | 440/6446 [00:11<02:32, 39.46it/s] 21%|██        | 1342/6446 [00:33<02:03, 41.30it/s] 22%|██▏       | 1438/6446 [00:35<02:00, 41.51it/s]  7%|▋         | 444/6446 [00:11<02:32, 39.43it/s]  6%|▌         | 371/6446 [00:09<02:31, 40.03it/s] 21%|██        | 1347/6446 [00:33<02:03, 41.32it/s] 22%|██▏       | 1443/6446 [00:35<02:00, 41.57it/s]  7%|▋         | 448/6446 [00:11<02:32, 39.43it/s]  6%|▌         | 376/6446 [00:09<02:31, 40.03it/s]  7%|▋         | 452/6446 [00:11<02:31, 39.44it/s] 21%|██        | 1352/6446 [00:33<02:03, 41.27it/s] 22%|██▏       | 1448/6446 [00:35<02:00, 41.45it/s]  6%|▌         | 381/6446 [00:09<02:31, 39.94it/s]  7%|▋         | 456/6446 [00:11<02:31, 39.56it/s] 21%|██        | 1357/6446 [00:33<02:03, 41.32it/s] 23%|██▎       | 1453/6446 [00:35<02:00, 41.45it/s]  6%|▌         | 386/6446 [00:09<02:31, 40.01it/s]  7%|▋         | 460/6446 [00:11<02:31, 39.52it/s] 21%|██        | 1362/6446 [00:33<02:03, 41.31it/s] 23%|██▎       | 1458/6446 [00:35<02:00, 41.39it/s]  7%|▋         | 464/6446 [00:12<02:31, 39.47it/s]  6%|▌         | 391/6446 [00:09<02:31, 39.95it/s] 21%|██        | 1367/6446 [00:33<02:03, 41.23it/s] 23%|██▎       | 1463/6446 [00:36<02:00, 41.37it/s]  7%|▋         | 468/6446 [00:12<02:31, 39.41it/s]  6%|▌         | 395/6446 [00:10<02:31, 39.90it/s] 21%|██▏       | 1372/6446 [00:33<02:03, 41.09it/s] 23%|██▎       | 1468/6446 [00:36<02:00, 41.37it/s]  7%|▋         | 472/6446 [00:12<02:31, 39.40it/s]  6%|▌         | 399/6446 [00:10<02:31, 39.79it/s]  7%|▋         | 476/6446 [00:12<02:31, 39.36it/s] 23%|██▎       | 1473/6446 [00:36<01:59, 41.45it/s] 21%|██▏       | 1377/6446 [00:33<02:03, 41.09it/s]  6%|▋         | 403/6446 [00:10<02:31, 39.81it/s]  7%|▋         | 480/6446 [00:12<02:31, 39.35it/s]  6%|▋         | 407/6446 [00:10<02:32, 39.73it/s] 23%|██▎       | 1478/6446 [00:36<01:59, 41.42it/s] 21%|██▏       | 1382/6446 [00:34<02:03, 41.04it/s]  8%|▊         | 484/6446 [00:12<02:31, 39.39it/s]  6%|▋         | 411/6446 [00:10<02:31, 39.71it/s] 23%|██▎       | 1483/6446 [00:36<01:59, 41.43it/s] 22%|██▏       | 1387/6446 [00:34<02:03, 40.96it/s]  8%|▊         | 488/6446 [00:12<02:31, 39.37it/s]  6%|▋         | 415/6446 [00:10<02:32, 39.64it/s] 23%|██▎       | 1488/6446 [00:36<01:59, 41.44it/s] 22%|██▏       | 1392/6446 [00:34<02:03, 40.99it/s]  8%|▊         | 492/6446 [00:12<02:31, 39.30it/s]  7%|▋         | 419/6446 [00:10<02:31, 39.70it/s] 23%|██▎       | 1493/6446 [00:36<01:59, 41.40it/s] 22%|██▏       | 1397/6446 [00:34<02:03, 40.88it/s]  8%|▊         | 496/6446 [00:12<02:31, 39.30it/s]  7%|▋         | 423/6446 [00:10<02:32, 39.61it/s]  8%|▊         | 500/6446 [00:12<02:31, 39.36it/s] 23%|██▎       | 1498/6446 [00:36<01:59, 41.41it/s]  7%|▋         | 427/6446 [00:10<02:31, 39.64it/s] 22%|██▏       | 1402/6446 [00:34<02:03, 40.85it/s]  8%|▊         | 504/6446 [00:13<02:31, 39.22it/s]  7%|▋         | 431/6446 [00:10<02:32, 39.57it/s] 23%|██▎       | 1503/6446 [00:37<01:59, 41.31it/s] 22%|██▏       | 1407/6446 [00:34<02:03, 40.91it/s]  8%|▊         | 508/6446 [00:13<02:32, 39.05it/s]  7%|▋         | 435/6446 [00:11<02:31, 39.64it/s] 23%|██▎       | 1508/6446 [00:37<02:00, 41.14it/s] 22%|██▏       | 1412/6446 [00:34<02:03, 40.81it/s]  8%|▊         | 512/6446 [00:13<02:32, 38.98it/s]  7%|▋         | 439/6446 [00:11<02:31, 39.54it/s] 23%|██▎       | 1513/6446 [00:37<02:00, 41.07it/s] 22%|██▏       | 1417/6446 [00:34<02:03, 40.78it/s]  7%|▋         | 443/6446 [00:11<02:31, 39.54it/s]  8%|▊         | 516/6446 [00:13<02:32, 38.98it/s] 24%|██▎       | 1518/6446 [00:37<02:00, 40.97it/s] 22%|██▏       | 1422/6446 [00:34<02:03, 40.83it/s]  7%|▋         | 447/6446 [00:11<02:31, 39.59it/s]  8%|▊         | 520/6446 [00:13<02:32, 38.92it/s] 24%|██▎       | 1523/6446 [00:37<02:00, 40.99it/s]  7%|▋         | 451/6446 [00:11<02:31, 39.67it/s]  8%|▊         | 524/6446 [00:13<02:32, 38.93it/s] 22%|██▏       | 1427/6446 [00:35<02:02, 40.92it/s]  7%|▋         | 455/6446 [00:11<02:30, 39.68it/s]  8%|▊         | 528/6446 [00:13<02:32, 38.91it/s] 24%|██▎       | 1528/6446 [00:37<02:00, 40.93it/s] 22%|██▏       | 1432/6446 [00:35<02:02, 40.93it/s]  7%|▋         | 459/6446 [00:11<02:30, 39.66it/s]  8%|▊         | 532/6446 [00:13<02:31, 38.99it/s] 24%|██▍       | 1533/6446 [00:37<02:00, 40.87it/s] 22%|██▏       | 1437/6446 [00:35<02:02, 40.94it/s]  7%|▋         | 463/6446 [00:11<02:30, 39.76it/s]  8%|▊         | 536/6446 [00:13<02:31, 38.94it/s] 24%|██▍       | 1538/6446 [00:37<01:59, 40.93it/s] 22%|██▏       | 1442/6446 [00:35<02:02, 40.91it/s]  7%|▋         | 467/6446 [00:11<02:30, 39.79it/s]  8%|▊         | 540/6446 [00:13<02:31, 38.97it/s] 24%|██▍       | 1543/6446 [00:38<01:59, 40.91it/s] 22%|██▏       | 1447/6446 [00:35<02:02, 40.97it/s]  7%|▋         | 471/6446 [00:11<02:30, 39.77it/s]  8%|▊         | 544/6446 [00:14<02:31, 38.92it/s]  7%|▋         | 475/6446 [00:12<02:30, 39.73it/s] 24%|██▍       | 1548/6446 [00:38<01:59, 40.90it/s] 23%|██▎       | 1452/6446 [00:35<02:01, 41.04it/s]  9%|▊         | 548/6446 [00:14<02:31, 38.98it/s]  7%|▋         | 479/6446 [00:12<02:29, 39.80it/s]  9%|▊         | 552/6446 [00:14<02:31, 38.95it/s] 24%|██▍       | 1553/6446 [00:38<01:59, 40.95it/s] 23%|██▎       | 1457/6446 [00:35<02:01, 40.97it/s]  7%|▋         | 483/6446 [00:12<02:29, 39.75it/s]  9%|▊         | 556/6446 [00:14<02:30, 39.08it/s] 24%|██▍       | 1558/6446 [00:38<01:59, 41.03it/s] 23%|██▎       | 1462/6446 [00:35<02:01, 40.98it/s]  8%|▊         | 487/6446 [00:12<02:29, 39.75it/s]  9%|▊         | 560/6446 [00:14<02:30, 39.14it/s] 24%|██▍       | 1563/6446 [00:38<01:58, 41.11it/s] 23%|██▎       | 1467/6446 [00:36<02:01, 41.05it/s]  8%|▊         | 491/6446 [00:12<02:29, 39.75it/s]  9%|▊         | 564/6446 [00:14<02:29, 39.27it/s] 24%|██▍       | 1568/6446 [00:38<01:58, 41.26it/s] 23%|██▎       | 1472/6446 [00:36<02:01, 41.05it/s]  8%|▊         | 495/6446 [00:12<02:29, 39.80it/s]  9%|▉         | 568/6446 [00:14<02:29, 39.26it/s]  8%|▊         | 499/6446 [00:12<02:29, 39.76it/s] 24%|██▍       | 1573/6446 [00:38<01:58, 41.26it/s] 23%|██▎       | 1477/6446 [00:36<02:01, 41.03it/s]  9%|▉         | 572/6446 [00:14<02:29, 39.27it/s]  8%|▊         | 503/6446 [00:12<02:29, 39.77it/s]  9%|▉         | 576/6446 [00:14<02:29, 39.18it/s] 24%|██▍       | 1578/6446 [00:38<01:57, 41.28it/s] 23%|██▎       | 1482/6446 [00:36<02:00, 41.16it/s]  8%|▊         | 507/6446 [00:12<02:29, 39.80it/s]  9%|▉         | 580/6446 [00:14<02:29, 39.13it/s] 25%|██▍       | 1583/6446 [00:39<01:57, 41.23it/s] 23%|██▎       | 1487/6446 [00:36<02:00, 41.09it/s]  8%|▊         | 512/6446 [00:13<02:28, 39.90it/s]  9%|▉         | 584/6446 [00:15<02:29, 39.11it/s] 25%|██▍       | 1588/6446 [00:39<01:57, 41.20it/s] 23%|██▎       | 1492/6446 [00:36<02:00, 41.16it/s]  8%|▊         | 516/6446 [00:13<02:28, 39.89it/s]  9%|▉         | 588/6446 [00:15<02:29, 39.18it/s] 25%|██▍       | 1593/6446 [00:39<01:57, 41.21it/s] 23%|██▎       | 1497/6446 [00:36<02:00, 41.24it/s]  9%|▉         | 592/6446 [00:15<02:29, 39.19it/s]  8%|▊         | 521/6446 [00:13<02:28, 39.98it/s] 25%|██▍       | 1598/6446 [00:39<01:57, 41.31it/s] 23%|██▎       | 1502/6446 [00:36<01:59, 41.26it/s]  9%|▉         | 596/6446 [00:15<02:28, 39.42it/s]  8%|▊         | 526/6446 [00:13<02:27, 40.04it/s] 25%|██▍       | 1603/6446 [00:39<01:57, 41.32it/s]  9%|▉         | 600/6446 [00:15<02:28, 39.42it/s] 23%|██▎       | 1507/6446 [00:37<01:59, 41.24it/s]  8%|▊         | 531/6446 [00:13<02:28, 39.97it/s]  9%|▉         | 604/6446 [00:15<02:27, 39.51it/s] 25%|██▍       | 1608/6446 [00:39<01:56, 41.43it/s] 23%|██▎       | 1512/6446 [00:37<01:59, 41.28it/s]  8%|▊         | 536/6446 [00:13<02:27, 39.99it/s]  9%|▉         | 608/6446 [00:15<02:27, 39.62it/s] 25%|██▌       | 1613/6446 [00:39<01:56, 41.52it/s] 24%|██▎       | 1517/6446 [00:37<01:59, 41.31it/s]  9%|▉         | 612/6446 [00:15<02:27, 39.65it/s]  8%|▊         | 541/6446 [00:13<02:27, 40.05it/s] 25%|██▌       | 1618/6446 [00:39<01:56, 41.39it/s] 24%|██▎       | 1522/6446 [00:37<01:59, 41.26it/s] 10%|▉         | 616/6446 [00:15<02:27, 39.63it/s]  8%|▊         | 546/6446 [00:13<02:27, 39.98it/s] 25%|██▌       | 1623/6446 [00:39<01:56, 41.34it/s] 24%|██▎       | 1527/6446 [00:37<01:59, 41.15it/s] 10%|▉         | 620/6446 [00:15<02:27, 39.50it/s]  9%|▊         | 550/6446 [00:13<02:27, 39.94it/s] 25%|██▌       | 1628/6446 [00:40<01:57, 41.07it/s] 10%|▉         | 624/6446 [00:16<02:27, 39.53it/s] 24%|██▍       | 1532/6446 [00:37<01:59, 41.25it/s]  9%|▊         | 554/6446 [00:14<02:27, 39.85it/s] 10%|▉         | 628/6446 [00:16<02:27, 39.49it/s] 25%|██▌       | 1633/6446 [00:40<01:56, 41.17it/s] 24%|██▍       | 1537/6446 [00:37<01:59, 41.23it/s]  9%|▊         | 559/6446 [00:14<02:27, 39.97it/s] 10%|▉         | 632/6446 [00:16<02:27, 39.49it/s] 25%|██▌       | 1638/6446 [00:40<01:56, 41.34it/s] 24%|██▍       | 1542/6446 [00:37<01:58, 41.27it/s]  9%|▊         | 563/6446 [00:14<02:27, 39.96it/s] 10%|▉         | 636/6446 [00:16<02:27, 39.49it/s]  9%|▉         | 567/6446 [00:14<02:27, 39.82it/s] 25%|██▌       | 1643/6446 [00:40<01:55, 41.48it/s] 24%|██▍       | 1547/6446 [00:38<01:59, 41.13it/s] 10%|▉         | 640/6446 [00:16<02:26, 39.55it/s]  9%|▉         | 571/6446 [00:14<02:27, 39.77it/s] 26%|██▌       | 1648/6446 [00:40<01:55, 41.46it/s] 24%|██▍       | 1552/6446 [00:38<01:59, 41.03it/s] 10%|▉         | 644/6446 [00:16<02:27, 39.46it/s]  9%|▉         | 575/6446 [00:14<02:27, 39.80it/s] 26%|██▌       | 1653/6446 [00:40<01:55, 41.50it/s] 10%|█         | 648/6446 [00:16<02:26, 39.46it/s] 24%|██▍       | 1557/6446 [00:38<01:59, 40.99it/s]  9%|▉         | 579/6446 [00:14<02:27, 39.74it/s] 10%|█         | 652/6446 [00:16<02:26, 39.43it/s] 26%|██▌       | 1658/6446 [00:40<01:55, 41.59it/s] 24%|██▍       | 1562/6446 [00:38<01:59, 41.00it/s]  9%|▉         | 583/6446 [00:14<02:27, 39.65it/s] 10%|█         | 656/6446 [00:16<02:26, 39.52it/s] 26%|██▌       | 1663/6446 [00:40<01:54, 41.60it/s]  9%|▉         | 587/6446 [00:14<02:27, 39.64it/s] 24%|██▍       | 1567/6446 [00:38<01:59, 40.90it/s] 10%|█         | 660/6446 [00:16<02:26, 39.46it/s] 26%|██▌       | 1668/6446 [00:41<01:54, 41.58it/s]  9%|▉         | 591/6446 [00:14<02:27, 39.59it/s] 24%|██▍       | 1572/6446 [00:38<01:59, 40.81it/s] 10%|█         | 664/6446 [00:17<02:26, 39.45it/s]  9%|▉         | 595/6446 [00:15<02:27, 39.54it/s] 26%|██▌       | 1673/6446 [00:41<01:54, 41.55it/s] 24%|██▍       | 1577/6446 [00:38<01:59, 40.82it/s] 10%|█         | 668/6446 [00:17<02:26, 39.42it/s]  9%|▉         | 599/6446 [00:15<02:28, 39.51it/s] 26%|██▌       | 1678/6446 [00:41<01:54, 41.67it/s] 10%|█         | 672/6446 [00:17<02:26, 39.52it/s] 25%|██▍       | 1582/6446 [00:38<01:59, 40.76it/s]  9%|▉         | 603/6446 [00:15<02:27, 39.54it/s] 10%|█         | 676/6446 [00:17<02:26, 39.50it/s] 26%|██▌       | 1683/6446 [00:41<01:54, 41.66it/s] 25%|██▍       | 1587/6446 [00:39<01:59, 40.76it/s]  9%|▉         | 607/6446 [00:15<02:27, 39.54it/s] 11%|█         | 680/6446 [00:17<02:25, 39.53it/s] 26%|██▌       | 1688/6446 [00:41<01:54, 41.61it/s]  9%|▉         | 611/6446 [00:15<02:27, 39.52it/s] 25%|██▍       | 1592/6446 [00:39<01:58, 40.82it/s] 11%|█         | 684/6446 [00:17<02:26, 39.45it/s] 26%|██▋       | 1693/6446 [00:41<01:53, 41.73it/s] 10%|▉         | 615/6446 [00:15<02:27, 39.49it/s] 25%|██▍       | 1597/6446 [00:39<01:58, 40.77it/s] 11%|█         | 688/6446 [00:17<02:25, 39.54it/s] 10%|▉         | 619/6446 [00:15<02:27, 39.55it/s] 26%|██▋       | 1698/6446 [00:41<01:53, 41.71it/s] 11%|█         | 692/6446 [00:17<02:25, 39.49it/s] 25%|██▍       | 1602/6446 [00:39<01:58, 40.78it/s] 10%|▉         | 623/6446 [00:15<02:27, 39.51it/s] 26%|██▋       | 1703/6446 [00:41<01:53, 41.69it/s] 11%|█         | 696/6446 [00:17<02:25, 39.51it/s] 25%|██▍       | 1607/6446 [00:39<01:58, 40.84it/s] 10%|▉         | 627/6446 [00:15<02:27, 39.53it/s] 26%|██▋       | 1708/6446 [00:42<01:53, 41.73it/s] 11%|█         | 700/6446 [00:18<02:25, 39.44it/s] 25%|██▌       | 1612/6446 [00:39<01:58, 40.77it/s] 10%|▉         | 631/6446 [00:16<02:27, 39.51it/s] 11%|█         | 704/6446 [00:18<02:25, 39.52it/s] 27%|██▋       | 1713/6446 [00:42<01:53, 41.65it/s] 10%|▉         | 635/6446 [00:16<02:26, 39.59it/s] 25%|██▌       | 1617/6446 [00:39<01:58, 40.82it/s] 11%|█         | 708/6446 [00:18<02:25, 39.42it/s] 27%|██▋       | 1718/6446 [00:42<01:53, 41.58it/s] 10%|▉         | 639/6446 [00:16<02:26, 39.55it/s] 25%|██▌       | 1622/6446 [00:39<01:58, 40.86it/s] 11%|█         | 712/6446 [00:18<02:25, 39.40it/s] 10%|▉         | 643/6446 [00:16<02:26, 39.57it/s] 27%|██▋       | 1723/6446 [00:42<01:53, 41.51it/s] 11%|█         | 716/6446 [00:18<02:25, 39.33it/s] 25%|██▌       | 1627/6446 [00:39<01:58, 40.84it/s] 10%|█         | 647/6446 [00:16<02:26, 39.55it/s] 27%|██▋       | 1728/6446 [00:42<01:53, 41.50it/s] 11%|█         | 720/6446 [00:18<02:25, 39.40it/s] 25%|██▌       | 1632/6446 [00:40<01:57, 40.84it/s] 10%|█         | 651/6446 [00:16<02:26, 39.63it/s] 27%|██▋       | 1733/6446 [00:42<01:53, 41.53it/s] 11%|█         | 724/6446 [00:18<02:25, 39.37it/s] 25%|██▌       | 1637/6446 [00:40<01:57, 40.86it/s] 10%|█         | 655/6446 [00:16<02:26, 39.56it/s] 11%|█▏        | 728/6446 [00:18<02:25, 39.38it/s] 27%|██▋       | 1738/6446 [00:42<01:53, 41.61it/s] 10%|█         | 659/6446 [00:16<02:26, 39.56it/s] 25%|██▌       | 1642/6446 [00:40<01:57, 40.84it/s] 11%|█▏        | 732/6446 [00:18<02:25, 39.30it/s] 27%|██▋       | 1743/6446 [00:42<01:53, 41.51it/s] 10%|█         | 663/6446 [00:16<02:26, 39.51it/s] 26%|██▌       | 1647/6446 [00:40<01:57, 40.88it/s] 11%|█▏        | 736/6446 [00:18<02:24, 39.40it/s] 27%|██▋       | 1748/6446 [00:42<01:53, 41.36it/s] 10%|█         | 668/6446 [00:16<02:25, 39.71it/s] 11%|█▏        | 740/6446 [00:19<02:25, 39.30it/s] 26%|██▌       | 1652/6446 [00:40<01:56, 41.06it/s] 27%|██▋       | 1753/6446 [00:43<01:53, 41.40it/s] 10%|█         | 673/6446 [00:17<02:24, 39.82it/s] 12%|█▏        | 744/6446 [00:19<02:24, 39.34it/s] 26%|██▌       | 1657/6446 [00:40<01:56, 41.09it/s] 27%|██▋       | 1758/6446 [00:43<01:53, 41.37it/s] 11%|█         | 677/6446 [00:17<02:25, 39.71it/s] 12%|█▏        | 748/6446 [00:19<02:24, 39.43it/s] 26%|██▌       | 1662/6446 [00:40<01:56, 41.05it/s] 12%|█▏        | 752/6446 [00:19<02:24, 39.48it/s] 27%|██▋       | 1763/6446 [00:43<01:52, 41.45it/s] 11%|█         | 682/6446 [00:17<02:24, 39.87it/s] 26%|██▌       | 1667/6446 [00:40<01:56, 41.15it/s] 12%|█▏        | 756/6446 [00:19<02:23, 39.52it/s] 11%|█         | 686/6446 [00:17<02:24, 39.87it/s] 27%|██▋       | 1768/6446 [00:43<01:52, 41.57it/s] 26%|██▌       | 1672/6446 [00:41<01:55, 41.27it/s] 12%|█▏        | 760/6446 [00:19<02:23, 39.54it/s] 28%|██▊       | 1773/6446 [00:43<01:52, 41.54it/s] 11%|█         | 691/6446 [00:17<02:24, 39.94it/s] 12%|█▏        | 764/6446 [00:19<02:23, 39.62it/s] 26%|██▌       | 1677/6446 [00:41<01:55, 41.29it/s] 11%|█         | 695/6446 [00:17<02:23, 39.95it/s] 28%|██▊       | 1778/6446 [00:43<01:52, 41.55it/s] 12%|█▏        | 768/6446 [00:19<02:23, 39.63it/s] 26%|██▌       | 1682/6446 [00:41<01:55, 41.28it/s] 11%|█         | 700/6446 [00:17<02:23, 40.04it/s] 28%|██▊       | 1783/6446 [00:43<01:52, 41.59it/s] 12%|█▏        | 772/6446 [00:19<02:23, 39.62it/s] 26%|██▌       | 1687/6446 [00:41<01:55, 41.38it/s] 11%|█         | 705/6446 [00:17<02:23, 40.10it/s] 28%|██▊       | 1788/6446 [00:43<01:52, 41.58it/s] 12%|█▏        | 776/6446 [00:19<02:23, 39.61it/s] 26%|██▌       | 1692/6446 [00:41<01:54, 41.36it/s] 12%|█▏        | 780/6446 [00:20<02:22, 39.67it/s] 11%|█         | 710/6446 [00:17<02:23, 40.07it/s] 28%|██▊       | 1793/6446 [00:44<01:51, 41.59it/s] 26%|██▋       | 1697/6446 [00:41<01:54, 41.36it/s] 12%|█▏        | 784/6446 [00:20<02:23, 39.56it/s] 11%|█         | 715/6446 [00:18<02:22, 40.14it/s] 28%|██▊       | 1798/6446 [00:44<01:51, 41.58it/s] 12%|█▏        | 788/6446 [00:20<02:22, 39.58it/s] 26%|██▋       | 1702/6446 [00:41<01:54, 41.41it/s] 28%|██▊       | 1803/6446 [00:44<01:51, 41.56it/s] 11%|█         | 720/6446 [00:18<02:22, 40.11it/s] 12%|█▏        | 792/6446 [00:20<02:23, 39.52it/s] 26%|██▋       | 1707/6446 [00:41<01:54, 41.43it/s] 28%|██▊       | 1808/6446 [00:44<01:51, 41.52it/s] 11%|█         | 725/6446 [00:18<02:22, 40.06it/s] 12%|█▏        | 796/6446 [00:20<02:22, 39.55it/s] 27%|██▋       | 1712/6446 [00:42<01:54, 41.42it/s] 28%|██▊       | 1813/6446 [00:44<01:51, 41.41it/s] 12%|█▏        | 800/6446 [00:20<02:23, 39.48it/s] 11%|█▏        | 730/6446 [00:18<02:22, 40.09it/s] 27%|██▋       | 1717/6446 [00:42<01:53, 41.50it/s] 12%|█▏        | 804/6446 [00:20<02:22, 39.50it/s] 28%|██▊       | 1818/6446 [00:44<01:51, 41.47it/s] 11%|█▏        | 735/6446 [00:18<02:22, 40.09it/s] 27%|██▋       | 1722/6446 [00:42<01:54, 41.43it/s] 13%|█▎        | 808/6446 [00:20<02:23, 39.42it/s] 28%|██▊       | 1823/6446 [00:44<01:51, 41.48it/s] 11%|█▏        | 740/6446 [00:18<02:22, 40.05it/s] 27%|██▋       | 1727/6446 [00:42<01:53, 41.40it/s] 13%|█▎        | 812/6446 [00:20<02:22, 39.49it/s] 28%|██▊       | 1828/6446 [00:44<01:51, 41.42it/s] 12%|█▏        | 745/6446 [00:18<02:22, 40.07it/s] 13%|█▎        | 816/6446 [00:20<02:22, 39.41it/s] 27%|██▋       | 1732/6446 [00:42<01:53, 41.40it/s] 28%|██▊       | 1833/6446 [00:45<01:51, 41.55it/s] 12%|█▏        | 750/6446 [00:18<02:22, 40.08it/s] 13%|█▎        | 820/6446 [00:21<02:22, 39.46it/s] 27%|██▋       | 1737/6446 [00:42<01:53, 41.42it/s] 29%|██▊       | 1838/6446 [00:45<01:51, 41.47it/s] 13%|█▎        | 824/6446 [00:21<02:22, 39.43it/s] 12%|█▏        | 755/6446 [00:19<02:22, 40.07it/s] 27%|██▋       | 1742/6446 [00:42<01:53, 41.41it/s] 13%|█▎        | 828/6446 [00:21<02:22, 39.51it/s] 29%|██▊       | 1843/6446 [00:45<01:51, 41.45it/s] 12%|█▏        | 760/6446 [00:19<02:21, 40.11it/s] 27%|██▋       | 1747/6446 [00:42<01:53, 41.44it/s] 13%|█▎        | 832/6446 [00:21<02:22, 39.51it/s] 29%|██▊       | 1848/6446 [00:45<01:50, 41.51it/s] 12%|█▏        | 765/6446 [00:19<02:21, 40.11it/s] 27%|██▋       | 1752/6446 [00:43<01:53, 41.33it/s] 13%|█▎        | 836/6446 [00:21<02:21, 39.54it/s] 29%|██▊       | 1853/6446 [00:45<01:50, 41.56it/s] 12%|█▏        | 770/6446 [00:19<02:21, 40.13it/s] 13%|█▎        | 840/6446 [00:21<02:21, 39.54it/s] 27%|██▋       | 1757/6446 [00:43<01:53, 41.40it/s] 29%|██▉       | 1858/6446 [00:45<01:50, 41.55it/s] 13%|█▎        | 844/6446 [00:21<02:21, 39.65it/s] 12%|█▏        | 775/6446 [00:19<02:21, 40.18it/s] 27%|██▋       | 1762/6446 [00:43<01:53, 41.44it/s] 29%|██▉       | 1863/6446 [00:45<01:50, 41.62it/s] 13%|█▎        | 848/6446 [00:21<02:21, 39.58it/s] 12%|█▏        | 780/6446 [00:19<02:21, 40.10it/s] 27%|██▋       | 1767/6446 [00:43<01:53, 41.38it/s] 29%|██▉       | 1868/6446 [00:45<01:50, 41.58it/s] 13%|█▎        | 852/6446 [00:21<02:21, 39.59it/s] 12%|█▏        | 785/6446 [00:19<02:21, 40.07it/s] 27%|██▋       | 1772/6446 [00:43<01:53, 41.36it/s] 13%|█▎        | 856/6446 [00:21<02:21, 39.53it/s] 29%|██▉       | 1873/6446 [00:45<01:50, 41.54it/s] 12%|█▏        | 790/6446 [00:19<02:20, 40.13it/s] 28%|██▊       | 1777/6446 [00:43<01:52, 41.43it/s] 13%|█▎        | 860/6446 [00:22<02:21, 39.62it/s] 29%|██▉       | 1878/6446 [00:46<01:49, 41.66it/s] 13%|█▎        | 864/6446 [00:22<02:20, 39.60it/s] 12%|█▏        | 795/6446 [00:20<02:20, 40.09it/s] 28%|██▊       | 1782/6446 [00:43<01:52, 41.38it/s] 29%|██▉       | 1883/6446 [00:46<01:49, 41.62it/s] 13%|█▎        | 868/6446 [00:22<02:20, 39.56it/s] 12%|█▏        | 800/6446 [00:20<02:20, 40.11it/s] 28%|██▊       | 1787/6446 [00:43<01:52, 41.36it/s] 29%|██▉       | 1888/6446 [00:46<01:49, 41.59it/s] 14%|█▎        | 872/6446 [00:22<02:20, 39.58it/s] 28%|██▊       | 1792/6446 [00:43<01:52, 41.40it/s] 12%|█▏        | 805/6446 [00:20<02:20, 40.15it/s] 29%|██▉       | 1893/6446 [00:46<01:49, 41.62it/s] 14%|█▎        | 876/6446 [00:22<02:20, 39.55it/s] 28%|██▊       | 1797/6446 [00:44<01:52, 41.38it/s] 13%|█▎        | 810/6446 [00:20<02:20, 40.09it/s] 14%|█▎        | 880/6446 [00:22<02:20, 39.55it/s] 29%|██▉       | 1898/6446 [00:46<01:49, 41.53it/s] 28%|██▊       | 1802/6446 [00:44<01:52, 41.39it/s] 13%|█▎        | 815/6446 [00:20<02:20, 40.10it/s] 14%|█▎        | 884/6446 [00:22<02:20, 39.60it/s] 30%|██▉       | 1903/6446 [00:46<01:49, 41.59it/s] 14%|█▍        | 888/6446 [00:22<02:20, 39.65it/s] 28%|██▊       | 1807/6446 [00:44<01:51, 41.47it/s] 13%|█▎        | 820/6446 [00:20<02:20, 40.16it/s] 30%|██▉       | 1908/6446 [00:46<01:48, 41.64it/s] 14%|█▍        | 892/6446 [00:22<02:20, 39.61it/s] 28%|██▊       | 1812/6446 [00:44<01:51, 41.50it/s] 13%|█▎        | 825/6446 [00:20<02:19, 40.15it/s] 30%|██▉       | 1913/6446 [00:46<01:48, 41.59it/s] 14%|█▍        | 896/6446 [00:22<02:20, 39.52it/s] 28%|██▊       | 1817/6446 [00:44<01:51, 41.37it/s] 13%|█▎        | 830/6446 [00:20<02:20, 40.08it/s] 30%|██▉       | 1918/6446 [00:47<01:48, 41.56it/s] 14%|█▍        | 900/6446 [00:23<02:20, 39.56it/s] 28%|██▊       | 1822/6446 [00:44<01:51, 41.36it/s] 13%|█▎        | 835/6446 [00:21<02:19, 40.16it/s] 14%|█▍        | 904/6446 [00:23<02:20, 39.58it/s] 30%|██▉       | 1923/6446 [00:47<01:48, 41.55it/s] 28%|██▊       | 1827/6446 [00:44<01:51, 41.50it/s] 14%|█▍        | 908/6446 [00:23<02:19, 39.59it/s] 13%|█▎        | 840/6446 [00:21<02:19, 40.19it/s] 30%|██▉       | 1928/6446 [00:47<01:48, 41.57it/s] 14%|█▍        | 912/6446 [00:23<02:19, 39.61it/s] 28%|██▊       | 1832/6446 [00:44<01:51, 41.51it/s] 13%|█▎        | 845/6446 [00:21<02:19, 40.21it/s] 30%|██▉       | 1933/6446 [00:47<01:48, 41.58it/s] 14%|█▍        | 916/6446 [00:23<02:19, 39.58it/s] 28%|██▊       | 1837/6446 [00:45<01:51, 41.48it/s] 13%|█▎        | 850/6446 [00:21<02:19, 40.18it/s] 30%|███       | 1938/6446 [00:47<01:48, 41.62it/s] 14%|█▍        | 920/6446 [00:23<02:19, 39.61it/s] 29%|██▊       | 1842/6446 [00:45<01:50, 41.54it/s] 13%|█▎        | 855/6446 [00:21<02:18, 40.24it/s] 30%|███       | 1943/6446 [00:47<01:48, 41.57it/s] 14%|█▍        | 924/6446 [00:23<02:19, 39.56it/s] 29%|██▊       | 1847/6446 [00:45<01:50, 41.48it/s] 14%|█▍        | 928/6446 [00:23<02:19, 39.52it/s] 13%|█▎        | 860/6446 [00:21<02:19, 40.19it/s] 30%|███       | 1948/6446 [00:47<01:48, 41.50it/s] 29%|██▊       | 1852/6446 [00:45<01:50, 41.44it/s] 14%|█▍        | 932/6446 [00:23<02:19, 39.46it/s] 30%|███       | 1953/6446 [00:47<01:48, 41.54it/s] 13%|█▎        | 865/6446 [00:21<02:19, 40.12it/s] 29%|██▉       | 1857/6446 [00:45<01:50, 41.47it/s] 15%|█▍        | 936/6446 [00:23<02:19, 39.56it/s] 30%|███       | 1958/6446 [00:48<01:48, 41.48it/s] 13%|█▎        | 870/6446 [00:21<02:18, 40.19it/s] 15%|█▍        | 940/6446 [00:24<02:19, 39.50it/s] 29%|██▉       | 1862/6446 [00:45<01:50, 41.43it/s] 30%|███       | 1963/6446 [00:48<01:48, 41.43it/s] 14%|█▎        | 875/6446 [00:22<02:18, 40.16it/s] 15%|█▍        | 944/6446 [00:24<02:19, 39.48it/s] 29%|██▉       | 1867/6446 [00:45<01:50, 41.43it/s] 31%|███       | 1968/6446 [00:48<01:48, 41.35it/s] 14%|█▎        | 880/6446 [00:22<02:18, 40.11it/s] 15%|█▍        | 948/6446 [00:24<02:19, 39.36it/s] 29%|██▉       | 1872/6446 [00:45<01:50, 41.44it/s] 31%|███       | 1973/6446 [00:48<01:48, 41.36it/s] 15%|█▍        | 952/6446 [00:24<02:19, 39.33it/s] 14%|█▎        | 885/6446 [00:22<02:18, 40.12it/s] 29%|██▉       | 1877/6446 [00:46<01:50, 41.35it/s] 15%|█▍        | 956/6446 [00:24<02:19, 39.25it/s] 31%|███       | 1978/6446 [00:48<01:47, 41.39it/s] 14%|█▍        | 890/6446 [00:22<02:18, 40.08it/s] 29%|██▉       | 1882/6446 [00:46<01:50, 41.28it/s] 15%|█▍        | 960/6446 [00:24<02:19, 39.31it/s] 31%|███       | 1983/6446 [00:48<01:47, 41.38it/s] 14%|█▍        | 895/6446 [00:22<02:18, 40.04it/s] 15%|█▍        | 964/6446 [00:24<02:19, 39.18it/s] 29%|██▉       | 1887/6446 [00:46<01:50, 41.33it/s] 31%|███       | 1988/6446 [00:48<01:47, 41.38it/s] 14%|█▍        | 900/6446 [00:22<02:18, 40.11it/s] 15%|█▌        | 968/6446 [00:24<02:19, 39.25it/s] 29%|██▉       | 1892/6446 [00:46<01:50, 41.31it/s] 31%|███       | 1993/6446 [00:48<01:47, 41.34it/s] 15%|█▌        | 972/6446 [00:24<02:19, 39.17it/s] 14%|█▍        | 905/6446 [00:22<02:18, 40.08it/s] 29%|██▉       | 1897/6446 [00:46<01:50, 41.34it/s] 31%|███       | 1998/6446 [00:49<01:48, 41.16it/s] 15%|█▌        | 976/6446 [00:25<02:19, 39.09it/s] 14%|█▍        | 910/6446 [00:22<02:18, 40.07it/s] 30%|██▉       | 1902/6446 [00:46<01:49, 41.39it/s] 15%|█▌        | 980/6446 [00:25<02:19, 39.06it/s] 31%|███       | 2003/6446 [00:49<01:47, 41.33it/s] 14%|█▍        | 915/6446 [00:23<02:17, 40.12it/s] 30%|██▉       | 1907/6446 [00:46<01:49, 41.36it/s] 15%|█▌        | 984/6446 [00:25<02:19, 39.14it/s] 31%|███       | 2008/6446 [00:49<01:47, 41.36it/s] 14%|█▍        | 920/6446 [00:23<02:17, 40.05it/s] 15%|█▌        | 988/6446 [00:25<02:19, 39.15it/s] 30%|██▉       | 1912/6446 [00:46<01:49, 41.38it/s] 31%|███       | 2013/6446 [00:49<01:47, 41.39it/s] 14%|█▍        | 925/6446 [00:23<02:17, 40.07it/s] 15%|█▌        | 992/6446 [00:25<02:18, 39.25it/s] 30%|██▉       | 1917/6446 [00:47<01:49, 41.43it/s] 31%|███▏      | 2018/6446 [00:49<01:46, 41.49it/s] 15%|█▌        | 996/6446 [00:25<02:18, 39.38it/s] 14%|█▍        | 930/6446 [00:23<02:17, 40.14it/s] 30%|██▉       | 1922/6446 [00:47<01:49, 41.38it/s] 31%|███▏      | 2023/6446 [00:49<01:46, 41.50it/s] 16%|█▌        | 1000/6446 [00:25<02:18, 39.43it/s] 15%|█▍        | 935/6446 [00:23<02:17, 40.11it/s] 30%|██▉       | 1927/6446 [00:47<01:49, 41.39it/s] 16%|█▌        | 1004/6446 [00:25<02:17, 39.44it/s] 31%|███▏      | 2028/6446 [00:49<01:46, 41.51it/s] 15%|█▍        | 940/6446 [00:23<02:17, 40.15it/s] 30%|██▉       | 1932/6446 [00:47<01:48, 41.45it/s] 16%|█▌        | 1008/6446 [00:25<02:17, 39.45it/s] 32%|███▏      | 2033/6446 [00:49<01:46, 41.61it/s] 15%|█▍        | 945/6446 [00:23<02:16, 40.21it/s] 30%|███       | 1937/6446 [00:47<01:48, 41.42it/s] 16%|█▌        | 1012/6446 [00:25<02:17, 39.53it/s] 32%|███▏      | 2038/6446 [00:49<01:46, 41.58it/s] 16%|█▌        | 1016/6446 [00:26<02:17, 39.50it/s] 15%|█▍        | 950/6446 [00:23<02:16, 40.18it/s] 30%|███       | 1942/6446 [00:47<01:48, 41.45it/s] 32%|███▏      | 2043/6446 [00:50<01:45, 41.60it/s] 16%|█▌        | 1020/6446 [00:26<02:17, 39.49it/s] 15%|█▍        | 955/6446 [00:24<02:16, 40.19it/s] 30%|███       | 1947/6446 [00:47<01:48, 41.47it/s] 32%|███▏      | 2048/6446 [00:50<01:45, 41.65it/s] 16%|█▌        | 1024/6446 [00:26<02:17, 39.43it/s] 15%|█▍        | 960/6446 [00:24<02:16, 40.23it/s] 30%|███       | 1952/6446 [00:47<01:48, 41.44it/s] 32%|███▏      | 2053/6446 [00:50<01:45, 41.59it/s] 16%|█▌        | 1028/6446 [00:26<02:17, 39.50it/s] 30%|███       | 1957/6446 [00:47<01:48, 41.42it/s] 15%|█▍        | 965/6446 [00:24<02:16, 40.18it/s] 16%|█▌        | 1032/6446 [00:26<02:17, 39.47it/s] 32%|███▏      | 2058/6446 [00:50<01:45, 41.65it/s] 30%|███       | 1962/6446 [00:48<01:48, 41.44it/s] 16%|█▌        | 1036/6446 [00:26<02:16, 39.50it/s] 15%|█▌        | 970/6446 [00:24<02:16, 40.14it/s] 32%|███▏      | 2063/6446 [00:50<01:45, 41.71it/s] 16%|█▌        | 1040/6446 [00:26<02:16, 39.49it/s] 31%|███       | 1967/6446 [00:48<01:48, 41.38it/s] 15%|█▌        | 975/6446 [00:24<02:16, 40.16it/s] 32%|███▏      | 2068/6446 [00:50<01:45, 41.66it/s] 16%|█▌        | 1044/6446 [00:26<02:16, 39.55it/s] 31%|███       | 1972/6446 [00:48<01:48, 41.39it/s] 15%|█▌        | 980/6446 [00:24<02:16, 40.12it/s] 32%|███▏      | 2073/6446 [00:50<01:45, 41.64it/s] 16%|█▋        | 1048/6446 [00:26<02:16, 39.51it/s] 31%|███       | 1977/6446 [00:48<01:48, 41.36it/s] 15%|█▌        | 985/6446 [00:24<02:16, 40.13it/s] 32%|███▏      | 2078/6446 [00:50<01:44, 41.65it/s] 16%|█▋        | 1052/6446 [00:26<02:16, 39.51it/s] 31%|███       | 1982/6446 [00:48<01:47, 41.37it/s] 15%|█▌        | 990/6446 [00:24<02:16, 40.08it/s] 16%|█▋        | 1056/6446 [00:27<02:17, 39.34it/s] 32%|███▏      | 2083/6446 [00:51<01:45, 41.46it/s] 31%|███       | 1987/6446 [00:48<01:47, 41.29it/s] 16%|█▋        | 1060/6446 [00:27<02:16, 39.42it/s] 15%|█▌        | 995/6446 [00:25<02:15, 40.09it/s] 32%|███▏      | 2088/6446 [00:51<01:45, 41.50it/s] 17%|█▋        | 1064/6446 [00:27<02:16, 39.39it/s] 31%|███       | 1992/6446 [00:48<01:47, 41.30it/s] 16%|█▌        | 1000/6446 [00:25<02:16, 40.04it/s] 32%|███▏      | 2093/6446 [00:51<01:44, 41.56it/s] 17%|█▋        | 1068/6446 [00:27<02:16, 39.47it/s] 31%|███       | 1997/6446 [00:48<01:47, 41.42it/s] 16%|█▌        | 1005/6446 [00:25<02:15, 40.05it/s] 33%|███▎      | 2098/6446 [00:51<01:44, 41.53it/s] 17%|█▋        | 1072/6446 [00:27<02:16, 39.45it/s] 31%|███       | 2002/6446 [00:49<01:47, 41.42it/s] 33%|███▎      | 2103/6446 [00:51<01:44, 41.52it/s] 16%|█▌        | 1010/6446 [00:25<02:15, 40.13it/s] 17%|█▋        | 1076/6446 [00:27<02:15, 39.55it/s] 31%|███       | 2007/6446 [00:49<01:47, 41.41it/s] 33%|███▎      | 2108/6446 [00:51<01:44, 41.57it/s] 17%|█▋        | 1080/6446 [00:27<02:15, 39.50it/s] 16%|█▌        | 1015/6446 [00:25<02:15, 40.11it/s] 31%|███       | 2012/6446 [00:49<01:46, 41.47it/s] 17%|█▋        | 1084/6446 [00:27<02:15, 39.54it/s] 33%|███▎      | 2113/6446 [00:51<01:44, 41.59it/s] 16%|█▌        | 1020/6446 [00:25<02:15, 40.09it/s] 17%|█▋        | 1088/6446 [00:27<02:36, 34.26it/s] 31%|███▏      | 2017/6446 [00:49<01:59, 37.10it/s] 33%|███▎      | 2118/6446 [00:51<02:02, 35.21it/s] 16%|█▌        | 1025/6446 [00:25<02:46, 32.55it/s] 17%|█▋        | 1092/6446 [00:28<03:06, 28.69it/s] 31%|███▏      | 2021/6446 [00:49<02:24, 30.69it/s] 33%|███▎      | 2122/6446 [00:52<02:22, 30.29it/s] 16%|█▌        | 1029/6446 [00:26<03:10, 28.46it/s] 17%|█▋        | 1096/6446 [00:28<03:25, 26.10it/s] 31%|███▏      | 2025/6446 [00:49<02:43, 27.11it/s] 33%|███▎      | 2126/6446 [00:52<02:40, 26.86it/s] 16%|█▌        | 1033/6446 [00:26<03:29, 25.88it/s] 17%|█▋        | 1099/6446 [00:28<03:31, 25.25it/s] 31%|███▏      | 2028/6446 [00:49<02:53, 25.53it/s] 33%|███▎      | 2129/6446 [00:52<02:50, 25.28it/s] 16%|█▌        | 1036/6446 [00:26<03:35, 25.11it/s] 17%|█▋        | 1102/6446 [00:28<03:36, 24.63it/s] 32%|███▏      | 2031/6446 [00:50<03:02, 24.18it/s] 33%|███▎      | 2132/6446 [00:52<02:57, 24.29it/s] 16%|█▌        | 1039/6446 [00:26<03:40, 24.57it/s] 17%|█▋        | 1105/6446 [00:28<03:45, 23.70it/s] 32%|███▏      | 2034/6446 [00:50<03:11, 23.04it/s] 33%|███▎      | 2135/6446 [00:52<03:00, 23.92it/s] 16%|█▌        | 1042/6446 [00:26<03:45, 24.02it/s] 17%|█▋        | 1108/6446 [00:28<03:53, 22.86it/s] 32%|███▏      | 2037/6446 [00:50<03:19, 22.09it/s] 33%|███▎      | 2138/6446 [00:52<03:02, 23.62it/s] 16%|█▌        | 1045/6446 [00:26<03:53, 23.10it/s] 17%|█▋        | 1111/6446 [00:28<04:01, 22.12it/s] 32%|███▏      | 2040/6446 [00:50<03:23, 21.67it/s] 33%|███▎      | 2141/6446 [00:53<03:07, 22.98it/s] 16%|█▋        | 1048/6446 [00:27<04:02, 22.28it/s] 17%|█▋        | 1114/6446 [00:29<04:08, 21.42it/s] 33%|███▎      | 2144/6446 [00:53<03:12, 22.39it/s] 32%|███▏      | 2043/6446 [00:50<03:26, 21.29it/s] 16%|█▋        | 1051/6446 [00:27<04:02, 22.25it/s] 17%|█▋        | 1117/6446 [00:29<04:11, 21.23it/s] 33%|███▎      | 2147/6446 [00:53<03:14, 22.08it/s] 32%|███▏      | 2046/6446 [00:50<03:26, 21.30it/s] 16%|█▋        | 1054/6446 [00:27<04:03, 22.14it/s] 17%|█▋        | 1120/6446 [00:29<04:12, 21.10it/s] 33%|███▎      | 2150/6446 [00:53<03:15, 21.98it/s] 32%|███▏      | 2049/6446 [00:51<03:26, 21.34it/s] 16%|█▋        | 1057/6446 [00:27<03:59, 22.53it/s] 17%|█▋        | 1123/6446 [00:29<04:11, 21.19it/s] 33%|███▎      | 2153/6446 [00:53<03:13, 22.22it/s] 32%|███▏      | 2052/6446 [00:51<03:23, 21.61it/s] 16%|█▋        | 1060/6446 [00:27<03:58, 22.62it/s] 17%|█▋        | 1126/6446 [00:29<04:10, 21.25it/s] 33%|███▎      | 2156/6446 [00:53<03:11, 22.41it/s] 32%|███▏      | 2055/6446 [00:51<03:25, 21.39it/s] 16%|█▋        | 1063/6446 [00:27<04:00, 22.43it/s] 18%|█▊        | 1129/6446 [00:29<04:08, 21.37it/s] 33%|███▎      | 2159/6446 [00:53<03:08, 22.71it/s] 32%|███▏      | 2058/6446 [00:51<03:21, 21.73it/s] 17%|█▋        | 1066/6446 [00:27<04:00, 22.40it/s] 18%|█▊        | 1132/6446 [00:29<04:08, 21.41it/s] 34%|███▎      | 2162/6446 [00:53<03:09, 22.55it/s] 32%|███▏      | 2061/6446 [00:51<03:15, 22.47it/s] 17%|█▋        | 1069/6446 [00:27<04:04, 22.02it/s] 34%|███▎      | 2165/6446 [00:54<03:12, 22.20it/s] 32%|███▏      | 2064/6446 [00:51<03:13, 22.70it/s] 18%|█▊        | 1135/6446 [00:30<04:11, 21.11it/s] 17%|█▋        | 1072/6446 [00:28<03:59, 22.45it/s] 34%|███▎      | 2168/6446 [00:54<03:10, 22.40it/s] 32%|███▏      | 2067/6446 [00:51<03:14, 22.56it/s] 18%|█▊        | 1138/6446 [00:30<04:07, 21.49it/s] 17%|█▋        | 1075/6446 [00:28<03:56, 22.75it/s] 34%|███▎      | 2171/6446 [00:54<03:07, 22.79it/s] 32%|███▏      | 2070/6446 [00:51<03:13, 22.62it/s] 18%|█▊        | 1141/6446 [00:30<04:08, 21.37it/s] 17%|█▋        | 1078/6446 [00:28<03:55, 22.80it/s] 34%|███▎      | 2174/6446 [00:54<03:09, 22.50it/s] 32%|███▏      | 2073/6446 [00:52<03:13, 22.60it/s] 18%|█▊        | 1144/6446 [00:30<04:05, 21.56it/s] 17%|█▋        | 1081/6446 [00:28<03:55, 22.74it/s] 34%|███▍      | 2177/6446 [00:54<03:08, 22.61it/s] 32%|███▏      | 2076/6446 [00:52<03:11, 22.82it/s] 18%|█▊        | 1147/6446 [00:30<04:03, 21.74it/s] 17%|█▋        | 1084/6446 [00:28<03:54, 22.86it/s] 34%|███▍      | 2180/6446 [00:54<03:07, 22.81it/s] 32%|███▏      | 2079/6446 [00:52<03:09, 23.01it/s] 17%|█▋        | 1087/6446 [00:28<03:59, 22.34it/s] 18%|█▊        | 1150/6446 [00:30<04:07, 21.41it/s] 34%|███▍      | 2183/6446 [00:54<03:08, 22.66it/s] 32%|███▏      | 2082/6446 [00:52<03:11, 22.77it/s] 17%|█▋        | 1090/6446 [00:28<04:03, 21.99it/s] 18%|█▊        | 1153/6446 [00:30<04:09, 21.20it/s] 34%|███▍      | 2186/6446 [00:55<03:06, 22.83it/s] 32%|███▏      | 2085/6446 [00:52<03:15, 22.30it/s] 17%|█▋        | 1093/6446 [00:29<04:04, 21.91it/s] 18%|█▊        | 1156/6446 [00:31<04:05, 21.52it/s] 34%|███▍      | 2189/6446 [00:55<03:03, 23.14it/s] 32%|███▏      | 2088/6446 [00:52<03:14, 22.36it/s] 17%|█▋        | 1096/6446 [00:29<04:01, 22.15it/s] 18%|█▊        | 1159/6446 [00:31<04:05, 21.52it/s] 34%|███▍      | 2192/6446 [00:55<03:01, 23.43it/s] 32%|███▏      | 2091/6446 [00:52<03:16, 22.14it/s] 17%|█▋        | 1099/6446 [00:29<04:01, 22.11it/s] 18%|█▊        | 1162/6446 [00:31<04:09, 21.21it/s] 34%|███▍      | 2195/6446 [00:55<03:01, 23.45it/s] 32%|███▏      | 2094/6446 [00:53<03:15, 22.27it/s] 17%|█▋        | 1102/6446 [00:29<04:01, 22.17it/s] 18%|█▊        | 1165/6446 [00:31<04:05, 21.48it/s] 34%|███▍      | 2198/6446 [00:55<03:03, 23.13it/s] 33%|███▎      | 2097/6446 [00:53<03:13, 22.49it/s] 17%|█▋        | 1105/6446 [00:29<04:00, 22.23it/s] 18%|█▊        | 1168/6446 [00:31<04:00, 21.94it/s] 34%|███▍      | 2201/6446 [00:55<03:05, 22.91it/s] 33%|███▎      | 2100/6446 [00:53<03:11, 22.69it/s] 17%|█▋        | 1108/6446 [00:29<03:58, 22.41it/s] 18%|█▊        | 1171/6446 [00:31<04:00, 21.96it/s] 34%|███▍      | 2204/6446 [00:55<03:08, 22.52it/s] 33%|███▎      | 2103/6446 [00:53<03:12, 22.56it/s] 17%|█▋        | 1111/6446 [00:29<04:01, 22.05it/s] 18%|█▊        | 1174/6446 [00:31<04:04, 21.59it/s] 34%|███▍      | 2207/6446 [00:55<03:08, 22.44it/s] 33%|███▎      | 2106/6446 [00:53<03:17, 21.92it/s] 17%|█▋        | 1114/6446 [00:29<04:06, 21.66it/s] 18%|█▊        | 1177/6446 [00:32<04:00, 21.91it/s] 34%|███▍      | 2210/6446 [00:56<03:12, 22.01it/s] 33%|███▎      | 2109/6446 [00:53<03:23, 21.27it/s] 18%|█▊        | 1180/6446 [00:32<04:09, 21.12it/s] 17%|█▋        | 1117/6446 [00:30<04:21, 20.37it/s] 33%|███▎      | 2112/6446 [00:53<03:30, 20.62it/s] 18%|█▊        | 1183/6446 [00:32<03:58, 22.09it/s] 17%|█▋        | 1120/6446 [00:30<04:09, 21.39it/s] 33%|███▎      | 2117/6446 [00:53<02:46, 25.94it/s] 18%|█▊        | 1187/6446 [00:32<03:21, 26.11it/s] 17%|█▋        | 1124/6446 [00:30<03:27, 25.68it/s] 17%|█▋        | 1128/6446 [00:30<03:01, 29.24it/s] 18%|█▊        | 1191/6446 [00:32<02:59, 29.34it/s] 33%|███▎      | 2122/6446 [00:54<02:23, 30.14it/s] 18%|█▊        | 1133/6446 [00:30<02:42, 32.63it/s] 33%|███▎      | 2127/6446 [00:54<02:09, 33.28it/s] 18%|█▊        | 1137/6446 [00:30<02:33, 34.54it/s] 33%|███▎      | 2132/6446 [00:54<02:01, 35.60it/s] 18%|█▊        | 1142/6446 [00:30<02:26, 36.30it/s] 33%|███▎      | 2137/6446 [00:54<01:55, 37.35it/s] 19%|█▊        | 1195/6446 [00:32<04:58, 17.59it/s] 18%|█▊        | 1147/6446 [00:30<02:21, 37.49it/s] 33%|███▎      | 2142/6446 [00:54<01:51, 38.49it/s] 19%|█▊        | 1199/6446 [00:33<04:06, 21.32it/s] 18%|█▊        | 1151/6446 [00:31<02:19, 38.00it/s] 33%|███▎      | 2147/6446 [00:54<01:49, 39.20it/s] 19%|█▊        | 1203/6446 [00:33<03:31, 24.78it/s]W1112 18:20:22.977000 217025 torch/distributed/elastic/multiprocessing/api.py:908] Sending process 217109 closing signal SIGTERM
W1112 18:20:22.981000 217025 torch/distributed/elastic/multiprocessing/api.py:908] Sending process 217110 closing signal SIGTERM
W1112 18:20:22.982000 217025 torch/distributed/elastic/multiprocessing/api.py:908] Sending process 217111 closing signal SIGTERM
E1112 18:20:23.915000 217025 torch/distributed/elastic/multiprocessing/api.py:882] failed (exitcode: -9) local_rank: 0 (pid: 217108) of binary: /home/aminmohamadi_squareup_com/.cache/hermit/pkg/python3@3.11/install/bin/python3.11
Traceback (most recent call last):
  File "/home/aminmohamadi_squareup_com/projects/.hermit/python/bin/torchrun", line 8, in <module>
    sys.exit(main())
             ^^^^^^
  File "/home/aminmohamadi_squareup_com/projects/.hermit/python/lib/python3.11/site-packages/torch/distributed/elastic/multiprocessing/errors/__init__.py", line 357, in wrapper
    return f(*args, **kwargs)
           ^^^^^^^^^^^^^^^^^^
  File "/home/aminmohamadi_squareup_com/projects/.hermit/python/lib/python3.11/site-packages/torch/distributed/run.py", line 936, in main
    run(args)
  File "/home/aminmohamadi_squareup_com/projects/.hermit/python/lib/python3.11/site-packages/torch/distributed/run.py", line 927, in run
    elastic_launch(
  File "/home/aminmohamadi_squareup_com/projects/.hermit/python/lib/python3.11/site-packages/torch/distributed/launcher/api.py", line 156, in __call__
    return launch_agent(self._config, self._entrypoint, list(args))
           ^^^^^^^^^^^^^^^^^^^^^^^^^^^^^^^^^^^^^^^^^^^^^^^^^^^^^^^^
  File "/home/aminmohamadi_squareup_com/projects/.hermit/python/lib/python3.11/site-packages/torch/distributed/launcher/api.py", line 293, in launch_agent
    raise ChildFailedError(
torch.distributed.elastic.multiprocessing.errors.ChildFailedError: 
============================================================
run.py FAILED
------------------------------------------------------------
Failures:
  <NO_OTHER_FAILURES>
------------------------------------------------------------
Root Cause (first observed failure):
[0]:
  time      : 2025-11-12_18:20:22
  host      : smallslurm-a38msp-4.c.sq-cash-ml-slurm-prod.internal
  rank      : 0 (local_rank: 0)
  exitcode  : -9 (pid: 217108)
  error_file: <N/A>
  traceback : Signal 9 (SIGKILL) received by PID 217108
============================================================
[2025-11-12T18:20:24.365] error: Detected 1 oom_kill event in StepId=14678.0. Some of the step tasks have been OOM Killed.
srun: error: smallslurm-a38msp-4: task 0: Out Of Memory

========================================================================
Training completed with exit code: 1
========================================================================
✗ FAILED: Training exited with error code 1

Checking for common issues...
Last 50 lines of output:
